month,region,district,industry,age_group,payment_amount,transaction_count,avg_ticket,event_participation,revisit_rate,merchant_count
2025-01,수원시 팔달구,행궁동,한식/분식,20대,695077,44,15797,미참여,0.409,22
2025-01,수원시 팔달구,행궁동,한식/분식,30대,610316,34,17950,미참여,0.388,29
2025-01,수원시 팔달구,행궁동,한식/분식,40대,537900,35,15368,미참여,0.275,18
2025-01,수원시 팔달구,행궁동,한식/분식,50대,606895,42,14449,미참여,0.562,22
2025-01,수원시 팔달구,행궁동,한식/분식,60대 이상,453398,36,12594,미참여,0.326,27
2025-01,수원시 팔달구,행궁동,카페/디저트,20대,302893,36,8413,미참여,0.349,10
2025-01,수원시 팔달구,행궁동,카페/디저트,30대,190868,22,8675,미참여,0.23,19
2025-01,수원시 팔달구,행궁동,카페/디저트,40대,152256,20,7612,미참여,0.34,15
2025-01,수원시 팔달구,행궁동,카페/디저트,50대,211643,26,8140,미참여,0.381,5
2025-01,수원시 팔달구,행궁동,카페/디저트,60대 이상,142897,14,10206,미참여,0.289,22
2025-01,수원시 팔달구,행궁동,신선식품,20대,1034430,42,24629,미참여,0.354,17
2025-01,수원시 팔달구,행궁동,신선식품,30대,906938,37,24511,미참여,0.33,10
2025-01,수원시 팔달구,행궁동,신선식품,40대,1658062,57,29088,미참여,0.463,14
2025-01,수원시 팔달구,행궁동,신선식품,50대,1847822,63,29330,미참여,0.194,26
2025-01,수원시 팔달구,행궁동,신선식품,60대 이상,1276419,48,26592,미참여,0.563,15
2025-01,수원시 팔달구,행궁동,생활용품,20대,482849,24,20118,미참여,0.432,24
2025-01,수원시 팔달구,행궁동,생활용품,30대,1219203,52,23446,미참여,0.287,18
2025-01,수원시 팔달구,행궁동,생활용품,40대,814507,31,26274,미참여,0.35,19
2025-01,수원시 팔달구,행궁동,생활용품,50대,650130,30,21671,미참여,0.335,24
2025-01,수원시 팔달구,행궁동,생활용품,60대 이상,1008312,37,27251,미참여,0.177,21
2025-01,수원시 팔달구,행궁동,의류/잡화,20대,772537,21,36787,미참여,0.333,20
2025-01,수원시 팔달구,행궁동,의류/잡화,30대,563359,17,33138,미참여,0.453,23
2025-01,수원시 팔달구,행궁동,의류/잡화,40대,540431,14,38602,미참여,0.403,33
2025-01,수원시 팔달구,행궁동,의류/잡화,50대,456270,12,38022,미참여,0.21,18
2025-01,수원시 팔달구,행궁동,의류/잡화,60대 이상,773614,22,35164,미참여,0.28,15
2025-01,수원시 팔달구,행궁동,미용/생활서비스,20대,707573,22,32162,미참여,0.205,19
2025-01,수원시 팔달구,행궁동,미용/생활서비스,30대,801643,27,29690,미참여,0.397,20
2025-01,수원시 팔달구,행궁동,미용/생활서비스,40대,821800,31,26509,미참여,0.376,12
2025-01,수원시 팔달구,행궁동,미용/생활서비스,50대,704780,25,28191,미참여,0.262,23
2025-01,수원시 팔달구,행궁동,미용/생활서비스,60대 이상,749504,21,35690,미참여,0.424,31
2025-01,수원시 팔달구,행궁동,교육/학원,20대,805456,10,80545,미참여,0.343,20
2025-01,수원시 팔달구,행궁동,교육/학원,30대,3037548,34,89339,미참여,0.326,37
2025-01,수원시 팔달구,행궁동,교육/학원,40대,1096151,15,73076,미참여,0.254,21
2025-01,수원시 팔달구,행궁동,교육/학원,50대,1868630,18,103812,미참여,0.393,17
2025-01,수원시 팔달구,행궁동,교육/학원,60대 이상,1494456,18,83025,미참여,0.369,9
2025-01,수원시 팔달구,행궁동,병원/약국,20대,789317,37,21332,미참여,0.355,9
2025-01,수원시 팔달구,행궁동,병원/약국,30대,626899,27,23218,미참여,0.396,21
2025-01,수원시 팔달구,행궁동,병원/약국,40대,799189,30,26639,미참여,0.436,22
2025-01,수원시 팔달구,행궁동,병원/약국,50대,830786,39,21302,미참여,0.306,18
2025-01,수원시 팔달구,행궁동,병원/약국,60대 이상,938591,36,26071,미참여,0.308,25
2025-01,수원시 팔달구,행궁동,편의점/마트,20대,337078,30,11235,미참여,0.364,19
2025-01,수원시 팔달구,행궁동,편의점/마트,30대,491174,33,14884,미참여,0.248,19
2025-01,수원시 팔달구,행궁동,편의점/마트,40대,349027,33,10576,미참여,0.475,24
2025-01,수원시 팔달구,행궁동,편의점/마트,50대,250825,22,11401,미참여,0.589,20
2025-01,수원시 팔달구,행궁동,편의점/마트,60대 이상,522192,38,13741,미참여,0.621,25
2025-01,수원시 팔달구,매산동,한식/분식,20대,635379,38,16720,미참여,0.47,31
2025-01,수원시 팔달구,매산동,한식/분식,30대,648058,43,15071,미참여,0.407,12
2025-01,수원시 팔달구,매산동,한식/분식,40대,616800,49,12587,미참여,0.56,10
2025-01,수원시 팔달구,매산동,한식/분식,50대,623690,47,13270,미참여,0.448,18
2025-01,수원시 팔달구,매산동,한식/분식,60대 이상,931252,58,16056,미참여,0.622,5
2025-01,수원시 팔달구,매산동,카페/디저트,20대,646070,65,9939,미참여,0.375,13
2025-01,수원시 팔달구,매산동,카페/디저트,30대,155019,22,7046,미참여,0.297,23
2025-01,수원시 팔달구,매산동,카페/디저트,40대,187114,19,9848,미참여,0.423,22
2025-01,수원시 팔달구,매산동,카페/디저트,50대,230794,24,9616,미참여,0.348,18
2025-01,수원시 팔달구,매산동,카페/디저트,60대 이상,210480,21,10022,미참여,0.33,25
2025-01,수원시 팔달구,매산동,신선식품,20대,1017257,30,33908,미참여,0.547,19
2025-01,수원시 팔달구,매산동,신선식품,30대,645877,27,23921,미참여,0.459,18
2025-01,수원시 팔달구,매산동,신선식품,40대,1902290,66,28822,미참여,0.339,10
2025-01,수원시 팔달구,매산동,신선식품,50대,1991267,61,32643,미참여,0.429,12
2025-01,수원시 팔달구,매산동,신선식품,60대 이상,877299,26,33742,미참여,0.356,17
2025-01,수원시 팔달구,매산동,생활용품,20대,509336,26,19589,미참여,0.372,17
2025-01,수원시 팔달구,매산동,생활용품,30대,876237,32,27382,미참여,0.22,9
2025-01,수원시 팔달구,매산동,생활용품,40대,802874,34,23613,미참여,0.427,20
2025-01,수원시 팔달구,매산동,생활용품,50대,479308,21,22824,미참여,0.379,14
2025-01,수원시 팔달구,매산동,생활용품,60대 이상,1253935,57,21998,미참여,0.412,18
2025-01,수원시 팔달구,매산동,의류/잡화,20대,630247,17,37073,미참여,0.481,24
2025-01,수원시 팔달구,매산동,의류/잡화,30대,804958,19,42366,미참여,0.547,12
2025-01,수원시 팔달구,매산동,의류/잡화,40대,555150,16,34696,미참여,0.282,19
2025-01,수원시 팔달구,매산동,의류/잡화,50대,781719,19,41143,미참여,0.269,21
2025-01,수원시 팔달구,매산동,의류/잡화,60대 이상,1032556,29,35605,미참여,0.456,14
2025-01,수원시 팔달구,매산동,미용/생활서비스,20대,1032557,29,35605,미참여,0.34,26
2025-01,수원시 팔달구,매산동,미용/생활서비스,30대,609903,17,35876,미참여,0.35,18
2025-01,수원시 팔달구,매산동,미용/생활서비스,40대,730347,27,27049,미참여,0.361,21
2025-01,수원시 팔달구,매산동,미용/생활서비스,50대,595959,20,29797,미참여,0.38,12
2025-01,수원시 팔달구,매산동,미용/생활서비스,60대 이상,821702,23,35726,미참여,0.535,30
2025-01,수원시 팔달구,매산동,교육/학원,20대,1318114,18,73228,미참여,0.408,27
2025-01,수원시 팔달구,매산동,교육/학원,30대,1527634,21,72744,미참여,0.445,5
2025-01,수원시 팔달구,매산동,교육/학원,40대,2018176,24,84090,미참여,0.485,18
2025-01,수원시 팔달구,매산동,교육/학원,50대,1986140,19,104533,미참여,0.197,17
2025-01,수원시 팔달구,매산동,교육/학원,60대 이상,1527884,19,80414,미참여,0.383,11
2025-01,수원시 팔달구,매산동,병원/약국,20대,623750,25,24950,미참여,0.261,21
2025-01,수원시 팔달구,매산동,병원/약국,30대,392265,17,23074,미참여,0.34,10
2025-01,수원시 팔달구,매산동,병원/약국,40대,540555,20,27027,미참여,0.287,19
2025-01,수원시 팔달구,매산동,병원/약국,50대,606832,22,27583,미참여,0.302,13
2025-01,수원시 팔달구,매산동,병원/약국,60대 이상,981604,41,23941,미참여,0.498,16
2025-01,수원시 팔달구,매산동,편의점/마트,20대,370427,30,12347,미참여,0.285,19
2025-01,수원시 팔달구,매산동,편의점/마트,30대,211427,18,11745,미참여,0.372,10
2025-01,수원시 팔달구,매산동,편의점/마트,40대,428145,34,12592,미참여,0.437,11
2025-01,수원시 팔달구,매산동,편의점/마트,50대,302746,28,10812,미참여,0.351,8
2025-01,수원시 팔달구,매산동,편의점/마트,60대 이상,418187,28,14935,미참여,0.304,21
2025-01,수원시 팔달구,고등동,한식/분식,20대,331423,25,13256,미참여,0.377,16
2025-01,수원시 팔달구,고등동,한식/분식,30대,414913,27,15367,미참여,0.454,23
2025-01,수원시 팔달구,고등동,한식/분식,40대,745832,43,17344,미참여,0.378,31
2025-01,수원시 팔달구,고등동,한식/분식,50대,606614,39,15554,미참여,0.28,29
2025-01,수원시 팔달구,고등동,한식/분식,60대 이상,680456,46,14792,미참여,0.284,24
2025-01,수원시 팔달구,고등동,카페/디저트,20대,204158,23,8876,미참여,0.344,9
2025-01,수원시 팔달구,고등동,카페/디저트,30대,200093,27,7410,미참여,0.441,13
2025-01,수원시 팔달구,고등동,카페/디저트,40대,205244,23,8923,미참여,0.128,12
2025-01,수원시 팔달구,고등동,카페/디저트,50대,263517,26,10135,미참여,0.383,13
2025-01,수원시 팔달구,고등동,카페/디저트,60대 이상,253823,27,9400,미참여,0.455,19
2025-01,수원시 팔달구,고등동,신선식품,20대,538291,21,25632,미참여,0.466,16
2025-01,수원시 팔달구,고등동,신선식품,30대,1109613,33,33624,미참여,0.538,16
2025-01,수원시 팔달구,고등동,신선식품,40대,1087017,40,27175,미참여,0.432,32
2025-01,수원시 팔달구,고등동,신선식품,50대,1105848,37,29887,미참여,0.451,25
2025-01,수원시 팔달구,고등동,신선식품,60대 이상,1340416,41,32693,미참여,0.487,37
2025-01,수원시 팔달구,고등동,생활용품,20대,750510,35,21443,미참여,0.425,14
2025-01,수원시 팔달구,고등동,생활용품,30대,679868,26,26148,미참여,0.326,13
2025-01,수원시 팔달구,고등동,생활용품,40대,851897,34,25055,미참여,0.428,32
2025-01,수원시 팔달구,고등동,생활용품,50대,847942,39,21742,미참여,0.19,34
2025-01,수원시 팔달구,고등동,생활용품,60대 이상,739623,31,23858,미참여,0.57,22
2025-01,수원시 팔달구,고등동,의류/잡화,20대,1450609,34,42664,미참여,0.279,21
2025-01,수원시 팔달구,고등동,의류/잡화,30대,761144,19,40060,미참여,0.261,17
2025-01,수원시 팔달구,고등동,의류/잡화,40대,883400,25,35336,미참여,0.336,15
2025-01,수원시 팔달구,고등동,의류/잡화,50대,741811,21,35324,미참여,0.424,18
2025-01,수원시 팔달구,고등동,의류/잡화,60대 이상,685539,19,36081,미참여,0.327,7
2025-01,수원시 팔달구,고등동,미용/생활서비스,20대,518960,17,30527,미참여,0.329,22
2025-01,수원시 팔달구,고등동,미용/생활서비스,30대,568861,17,33462,미참여,0.326,10
2025-01,수원시 팔달구,고등동,미용/생활서비스,40대,586491,17,34499,미참여,0.368,16
2025-01,수원시 팔달구,고등동,미용/생활서비스,50대,405142,13,31164,미참여,0.286,18
2025-01,수원시 팔달구,고등동,미용/생활서비스,60대 이상,800517,26,30789,미참여,0.462,3
2025-01,수원시 팔달구,고등동,교육/학원,20대,1566268,15,104417,미참여,0.223,12
2025-01,수원시 팔달구,고등동,교육/학원,30대,1473624,19,77559,미참여,0.434,26
2025-01,수원시 팔달구,고등동,교육/학원,40대,1061055,14,75789,미참여,0.303,21
2025-01,수원시 팔달구,고등동,교육/학원,50대,1207767,15,80517,미참여,0.414,21
2025-01,수원시 팔달구,고등동,교육/학원,60대 이상,1822047,23,79219,미참여,0.403,15
2025-01,수원시 팔달구,고등동,병원/약국,20대,441952,17,25997,미참여,0.433,16
2025-01,수원시 팔달구,고등동,병원/약국,30대,673261,28,24045,미참여,0.21,22
2025-01,수원시 팔달구,고등동,병원/약국,40대,713017,29,24586,미참여,0.369,17
2025-01,수원시 팔달구,고등동,병원/약국,50대,1128570,45,25079,미참여,0.36,19
2025-01,수원시 팔달구,고등동,병원/약국,60대 이상,895989,35,25599,미참여,0.229,23
2025-01,수원시 팔달구,고등동,편의점/마트,20대,432592,34,12723,미참여,0.381,12
2025-01,수원시 팔달구,고등동,편의점/마트,30대,231480,18,12860,미참여,0.523,21
2025-01,수원시 팔달구,고등동,편의점/마트,40대,261361,18,14520,미참여,0.453,24
2025-01,수원시 팔달구,고등동,편의점/마트,50대,364729,25,14589,미참여,0.264,9
2025-01,수원시 팔달구,고등동,편의점/마트,60대 이상,316078,23,13742,미참여,0.447,12
2025-01,수원시 팔달구,인계동,한식/분식,20대,460412,32,14387,미참여,0.342,34
2025-01,수원시 팔달구,인계동,한식/분식,30대,870172,49,17758,미참여,0.353,30
2025-01,수원시 팔달구,인계동,한식/분식,40대,820907,52,15786,미참여,0.533,17
2025-01,수원시 팔달구,인계동,한식/분식,50대,516760,34,15198,미참여,0.374,41
2025-01,수원시 팔달구,인계동,한식/분식,60대 이상,670523,41,16354,미참여,0.486,9
2025-01,수원시 팔달구,인계동,카페/디저트,20대,304169,41,7418,미참여,0.343,22
2025-01,수원시 팔달구,인계동,카페/디저트,30대,262407,28,9371,미참여,0.4,25
2025-01,수원시 팔달구,인계동,카페/디저트,40대,183771,18,10209,미참여,0.389,19
2025-01,수원시 팔달구,인계동,카페/디저트,50대,169952,24,7081,미참여,0.253,25
2025-01,수원시 팔달구,인계동,카페/디저트,60대 이상,409085,42,9740,미참여,0.434,14
2025-01,수원시 팔달구,인계동,신선식품,20대,663567,21,31598,미참여,0.543,12
2025-01,수원시 팔달구,인계동,신선식품,30대,685778,21,32656,미참여,0.523,8
2025-01,수원시 팔달구,인계동,신선식품,40대,1155517,48,24073,미참여,0.437,28
2025-01,수원시 팔달구,인계동,신선식품,50대,1695543,55,30828,미참여,0.39,30
2025-01,수원시 팔달구,인계동,신선식품,60대 이상,951417,38,25037,미참여,0.309,12
2025-01,수원시 팔달구,인계동,생활용품,20대,414860,22,18857,미참여,0.347,23
2025-01,수원시 팔달구,인계동,생활용품,30대,757670,28,27059,미참여,0.439,19
2025-01,수원시 팔달구,인계동,생활용품,40대,988325,49,20169,미참여,0.365,25
2025-01,수원시 팔달구,인계동,생활용품,50대,749377,37,20253,미참여,0.294,16
2025-01,수원시 팔달구,인계동,생활용품,60대 이상,980211,36,27228,미참여,0.478,16
2025-01,수원시 팔달구,인계동,의류/잡화,20대,986765,30,32892,미참여,0.368,7
2025-01,수원시 팔달구,인계동,의류/잡화,30대,630516,15,42034,미참여,0.295,15
2025-01,수원시 팔달구,인계동,의류/잡화,40대,567493,16,35468,미참여,0.226,12
2025-01,수원시 팔달구,인계동,의류/잡화,50대,558153,17,32832,미참여,0.303,19
2025-01,수원시 팔달구,인계동,의류/잡화,60대 이상,875005,23,38043,미참여,0.306,25
2025-01,수원시 팔달구,인계동,미용/생활서비스,20대,792958,22,36043,미참여,0.403,25
2025-01,수원시 팔달구,인계동,미용/생활서비스,30대,942527,28,33661,미참여,0.474,22
2025-01,수원시 팔달구,인계동,미용/생활서비스,40대,892532,33,27046,미참여,0.459,12
2025-01,수원시 팔달구,인계동,미용/생활서비스,50대,578889,20,28944,미참여,0.367,18
2025-01,수원시 팔달구,인계동,미용/생활서비스,60대 이상,831475,26,31979,미참여,0.322,19
2025-01,수원시 팔달구,인계동,교육/학원,20대,2096841,25,83873,미참여,0.405,19
2025-01,수원시 팔달구,인계동,교육/학원,30대,1342016,18,74556,미참여,0.447,10
2025-01,수원시 팔달구,인계동,교육/학원,40대,1120333,12,93361,미참여,0.3,20
2025-01,수원시 팔달구,인계동,교육/학원,50대,1248791,15,83252,미참여,0.491,17
2025-01,수원시 팔달구,인계동,교육/학원,60대 이상,1804587,17,106152,미참여,0.22,2
2025-01,수원시 팔달구,인계동,병원/약국,20대,619454,23,26932,미참여,0.235,24
2025-01,수원시 팔달구,인계동,병원/약국,30대,1089972,37,29458,미참여,0.516,10
2025-01,수원시 팔달구,인계동,병원/약국,40대,729888,30,24329,미참여,0.328,20
2025-01,수원시 팔달구,인계동,병원/약국,50대,670259,28,23937,미참여,0.343,25
2025-01,수원시 팔달구,인계동,병원/약국,60대 이상,2200571,79,27855,미참여,0.401,21
2025-01,수원시 팔달구,인계동,편의점/마트,20대,362464,35,10356,미참여,0.448,22
2025-01,수원시 팔달구,인계동,편의점/마트,30대,302424,28,10800,미참여,0.369,30
2025-01,수원시 팔달구,인계동,편의점/마트,40대,220888,17,12993,미참여,0.506,13
2025-01,수원시 팔달구,인계동,편의점/마트,50대,200407,19,10547,미참여,0.389,1
2025-01,수원시 팔달구,인계동,편의점/마트,60대 이상,458514,32,14328,미참여,0.343,17
2025-01,수원시 영통구,영통동,한식/분식,20대,409982,25,16399,미참여,0.41,18
2025-01,수원시 영통구,영통동,한식/분식,30대,315889,22,14358,미참여,0.34,16
2025-01,수원시 영통구,영통동,한식/분식,40대,593378,44,13485,미참여,0.556,24
2025-01,수원시 영통구,영통동,한식/분식,50대,562682,33,17050,미참여,0.549,19
2025-01,수원시 영통구,영통동,한식/분식,60대 이상,513614,31,16568,미참여,0.371,14
2025-01,수원시 영통구,영통동,카페/디저트,20대,613701,76,8075,미참여,0.397,18
2025-01,수원시 영통구,영통동,카페/디저트,30대,401146,43,9328,미참여,0.353,24
2025-01,수원시 영통구,영통동,카페/디저트,40대,141410,20,7070,미참여,0.327,8
2025-01,수원시 영통구,영통동,카페/디저트,50대,376452,45,8365,미참여,0.24,10
2025-01,수원시 영통구,영통동,카페/디저트,60대 이상,364604,39,9348,미참여,0.447,23
2025-01,수원시 영통구,영통동,신선식품,20대,1034767,34,30434,미참여,0.563,27
2025-01,수원시 영통구,영통동,신선식품,30대,1291284,38,33981,미참여,0.38,13
2025-01,수원시 영통구,영통동,신선식품,40대,2169199,74,29313,미참여,0.479,15
2025-01,수원시 영통구,영통동,신선식품,50대,1156759,38,30441,미참여,0.397,10
2025-01,수원시 영통구,영통동,신선식품,60대 이상,2003275,73,27442,미참여,0.388,20
2025-01,수원시 영통구,영통동,생활용품,20대,442206,19,23274,미참여,0.44,14
2025-01,수원시 영통구,영통동,생활용품,30대,747589,30,24919,미참여,0.319,15
2025-01,수원시 영통구,영통동,생활용품,40대,902646,35,25789,미참여,0.443,19
2025-01,수원시 영통구,영통동,생활용품,50대,441654,23,19202,미참여,0.415,18
2025-01,수원시 영통구,영통동,생활용품,60대 이상,376853,14,26918,미참여,0.357,4
2025-01,수원시 영통구,영통동,의류/잡화,20대,605663,14,43261,미참여,0.432,20
2025-01,수원시 영통구,영통동,의류/잡화,30대,703549,18,39086,미참여,0.45,10
2025-01,수원시 영통구,영통동,의류/잡화,40대,559162,18,31064,미참여,0.294,31
2025-01,수원시 영통구,영통동,의류/잡화,50대,1078573,26,41483,미참여,0.364,20
2025-01,수원시 영통구,영통동,의류/잡화,60대 이상,830247,22,37738,미참여,0.449,26
2025-01,수원시 영통구,영통동,미용/생활서비스,20대,566351,17,33314,미참여,0.377,12
2025-01,수원시 영통구,영통동,미용/생활서비스,30대,996480,29,34361,미참여,0.328,24
2025-01,수원시 영통구,영통동,미용/생활서비스,40대,796890,23,34647,미참여,0.323,27
2025-01,수원시 영통구,영통동,미용/생활서비스,50대,715934,28,25569,미참여,0.251,7
2025-01,수원시 영통구,영통동,미용/생활서비스,60대 이상,586802,19,30884,미참여,0.292,8
2025-01,수원시 영통구,영통동,교육/학원,20대,1994353,21,94969,미참여,0.288,45
2025-01,수원시 영통구,영통동,교육/학원,30대,2567723,29,88542,미참여,0.225,8
2025-01,수원시 영통구,영통동,교육/학원,40대,3242449,33,98256,미참여,0.404,32
2025-01,수원시 영통구,영통동,교육/학원,50대,2175214,30,72507,미참여,0.418,26
2025-01,수원시 영통구,영통동,교육/학원,60대 이상,1781568,22,80980,미참여,0.261,13
2025-01,수원시 영통구,영통동,병원/약국,20대,735257,28,26259,미참여,0.261,24
2025-01,수원시 영통구,영통동,병원/약국,30대,565713,21,26938,미참여,0.359,8
2025-01,수원시 영통구,영통동,병원/약국,40대,685890,30,22863,미참여,0.348,21
2025-01,수원시 영통구,영통동,병원/약국,50대,794347,30,26478,미참여,0.361,21
2025-01,수원시 영통구,영통동,병원/약국,60대 이상,900797,37,24345,미참여,0.238,13
2025-01,수원시 영통구,영통동,편의점/마트,20대,709568,58,12233,미참여,0.369,22
2025-01,수원시 영통구,영통동,편의점/마트,30대,407239,37,11006,미참여,0.487,24
2025-01,수원시 영통구,영통동,편의점/마트,40대,252347,19,13281,미참여,0.517,38
2025-01,수원시 영통구,영통동,편의점/마트,50대,352365,28,12584,미참여,0.358,33
2025-01,수원시 영통구,영통동,편의점/마트,60대 이상,508572,34,14958,미참여,0.481,33
2025-01,수원시 영통구,광교동,한식/분식,20대,367737,21,17511,미참여,0.378,10
2025-01,수원시 영통구,광교동,한식/분식,30대,322046,21,15335,미참여,0.451,7
2025-01,수원시 영통구,광교동,한식/분식,40대,681894,48,14206,미참여,0.54,9
2025-01,수원시 영통구,광교동,한식/분식,50대,418236,33,12673,미참여,0.48,18
2025-01,수원시 영통구,광교동,한식/분식,60대 이상,324088,21,15432,미참여,0.42,11
2025-01,수원시 영통구,광교동,카페/디저트,20대,593902,62,9579,미참여,0.252,20
2025-01,수원시 영통구,광교동,카페/디저트,30대,369629,41,9015,미참여,0.367,20
2025-01,수원시 영통구,광교동,카페/디저트,40대,230963,29,7964,미참여,0.279,11
2025-01,수원시 영통구,광교동,카페/디저트,50대,269978,32,8436,미참여,0.385,46
2025-01,수원시 영통구,광교동,카페/디저트,60대 이상,527184,54,9762,미참여,0.357,22
2025-01,수원시 영통구,광교동,신선식품,20대,1050443,32,32826,미참여,0.37,24
2025-01,수원시 영통구,광교동,신선식품,30대,505335,16,31583,미참여,0.433,17
2025-01,수원시 영통구,광교동,신선식품,40대,1137455,34,33454,미참여,0.428,23
2025-01,수원시 영통구,광교동,신선식품,50대,1088863,37,29428,미참여,0.334,15
2025-01,수원시 영통구,광교동,신선식품,60대 이상,734102,29,25313,미참여,0.435,21
2025-01,수원시 영통구,광교동,생활용품,20대,451486,23,19629,미참여,0.241,22
2025-01,수원시 영통구,광교동,생활용품,30대,519476,27,19239,미참여,0.331,28
2025-01,수원시 영통구,광교동,생활용품,40대,395290,19,20804,미참여,0.295,15
2025-01,수원시 영통구,광교동,생활용품,50대,1016424,37,27470,미참여,0.389,26
2025-01,수원시 영통구,광교동,생활용품,60대 이상,651036,29,22449,미참여,0.227,16
2025-01,수원시 영통구,광교동,의류/잡화,20대,960494,24,40020,미참여,0.298,1
2025-01,수원시 영통구,광교동,의류/잡화,30대,720782,22,32762,미참여,0.349,22
2025-01,수원시 영통구,광교동,의류/잡화,40대,540422,13,41570,미참여,0.348,11
2025-01,수원시 영통구,광교동,의류/잡화,50대,582628,16,36414,미참여,0.227,6
2025-01,수원시 영통구,광교동,의류/잡화,60대 이상,948743,22,43124,미참여,0.29,25
2025-01,수원시 영통구,광교동,미용/생활서비스,20대,782990,22,35590,미참여,0.544,13
2025-01,수원시 영통구,광교동,미용/생활서비스,30대,854547,26,32867,미참여,0.353,12
2025-01,수원시 영통구,광교동,미용/생활서비스,40대,572266,17,33662,미참여,0.317,19
2025-01,수원시 영통구,광교동,미용/생활서비스,50대,583951,17,34350,미참여,0.229,11
2025-01,수원시 영통구,광교동,미용/생활서비스,60대 이상,609891,22,27722,미참여,0.457,23
2025-01,수원시 영통구,광교동,교육/학원,20대,1682515,16,105157,미참여,0.44,17
2025-01,수원시 영통구,광교동,교육/학원,30대,2214937,29,76377,미참여,0.47,29
2025-01,수원시 영통구,광교동,교육/학원,40대,2629465,25,105178,미참여,0.292,33
2025-01,수원시 영통구,광교동,교육/학원,50대,2742537,29,94570,미참여,0.317,16
2025-01,수원시 영통구,광교동,교육/학원,60대 이상,2695159,31,86940,미참여,0.535,13
2025-01,수원시 영통구,광교동,병원/약국,20대,668871,30,22295,미참여,0.378,23
2025-01,수원시 영통구,광교동,병원/약국,30대,770216,27,28526,미참여,0.335,19
2025-01,수원시 영통구,광교동,병원/약국,40대,986166,36,27393,미참여,0.41,26
2025-01,수원시 영통구,광교동,병원/약국,50대,940765,32,29398,미참여,0.386,13
2025-01,수원시 영통구,광교동,병원/약국,60대 이상,1452008,51,28470,미참여,0.378,29
2025-01,수원시 영통구,광교동,편의점/마트,20대,516484,40,12912,미참여,0.498,23
2025-01,수원시 영통구,광교동,편의점/마트,30대,360048,29,12415,미참여,0.411,13
2025-01,수원시 영통구,광교동,편의점/마트,40대,562468,41,13718,미참여,0.322,24
2025-01,수원시 영통구,광교동,편의점/마트,50대,316978,31,10225,미참여,0.359,25
2025-01,수원시 영통구,광교동,편의점/마트,60대 이상,491159,45,10914,미참여,0.495,17
2025-01,수원시 영통구,매탄동,한식/분식,20대,583292,37,15764,미참여,0.302,5
2025-01,수원시 영통구,매탄동,한식/분식,30대,546700,38,14386,미참여,0.38,35
2025-01,수원시 영통구,매탄동,한식/분식,40대,638846,41,15581,미참여,0.616,26
2025-01,수원시 영통구,매탄동,한식/분식,50대,547529,32,17110,미참여,0.356,17
2025-01,수원시 영통구,매탄동,한식/분식,60대 이상,345020,21,16429,미참여,0.438,28
2025-01,수원시 영통구,매탄동,카페/디저트,20대,360924,43,8393,미참여,0.343,22
2025-01,수원시 영통구,매탄동,카페/디저트,30대,511561,51,10030,미참여,0.258,40
2025-01,수원시 영통구,매탄동,카페/디저트,40대,232805,28,8314,미참여,0.317,33
2025-01,수원시 영통구,매탄동,카페/디저트,50대,228427,28,8158,미참여,0.363,7
2025-01,수원시 영통구,매탄동,카페/디저트,60대 이상,209481,25,8379,미참여,0.396,18
2025-01,수원시 영통구,매탄동,신선식품,20대,568162,23,24702,미참여,0.428,30
2025-01,수원시 영통구,매탄동,신선식품,30대,818552,32,25579,미참여,0.34,20
2025-01,수원시 영통구,매탄동,신선식품,40대,1351478,55,24572,미참여,0.421,16
2025-01,수원시 영통구,매탄동,신선식품,50대,1143581,43,26594,미참여,0.512,12
2025-01,수원시 영통구,매탄동,신선식품,60대 이상,907084,31,29260,미참여,0.212,24
2025-01,수원시 영통구,매탄동,생활용품,20대,466285,19,24541,미참여,0.356,21
2025-01,수원시 영통구,매탄동,생활용품,30대,860564,41,20989,미참여,0.421,9
2025-01,수원시 영통구,매탄동,생활용품,40대,572326,21,27253,미참여,0.205,26
2025-01,수원시 영통구,매탄동,생활용품,50대,418170,20,20908,미참여,0.368,26
2025-01,수원시 영통구,매탄동,생활용품,60대 이상,977369,39,25060,미참여,0.366,15
2025-01,수원시 영통구,매탄동,의류/잡화,20대,840322,23,36535,미참여,0.389,24
2025-01,수원시 영통구,매탄동,의류/잡화,30대,710334,19,37386,미참여,0.352,12
2025-01,수원시 영통구,매탄동,의류/잡화,40대,733642,18,40757,미참여,0.292,12
2025-01,수원시 영통구,매탄동,의류/잡화,50대,592342,16,37021,미참여,0.379,16
2025-01,수원시 영통구,매탄동,의류/잡화,60대 이상,770605,19,40558,미참여,0.429,17
2025-01,수원시 영통구,매탄동,미용/생활서비스,20대,600864,18,33381,미참여,0.312,26
2025-01,수원시 영통구,매탄동,미용/생활서비스,30대,560228,16,35014,미참여,0.519,25
2025-01,수원시 영통구,매탄동,미용/생활서비스,40대,1052579,33,31896,미참여,0.394,12
2025-01,수원시 영통구,매탄동,미용/생활서비스,50대,1163959,32,36373,미참여,0.32,15
2025-01,수원시 영통구,매탄동,미용/생활서비스,60대 이상,519179,19,27325,미참여,0.536,10
2025-01,수원시 영통구,매탄동,교육/학원,20대,1609686,18,89427,미참여,0.343,28
2025-01,수원시 영통구,매탄동,교육/학원,30대,3471385,40,86784,미참여,0.457,48
2025-01,수원시 영통구,매탄동,교육/학원,40대,2447198,27,90636,미참여,0.259,35
2025-01,수원시 영통구,매탄동,교육/학원,50대,1941548,23,84415,미참여,0.467,24
2025-01,수원시 영통구,매탄동,교육/학원,60대 이상,2307664,23,100333,미참여,0.328,20
2025-01,수원시 영통구,매탄동,병원/약국,20대,524185,19,27588,미참여,0.46,28
2025-01,수원시 영통구,매탄동,병원/약국,30대,685386,23,29799,미참여,0.269,20
2025-01,수원시 영통구,매탄동,병원/약국,40대,674193,32,21068,미참여,0.375,16
2025-01,수원시 영통구,매탄동,병원/약국,50대,637719,24,26571,미참여,0.361,31
2025-01,수원시 영통구,매탄동,병원/약국,60대 이상,652900,28,23317,미참여,0.396,19
2025-01,수원시 영통구,매탄동,편의점/마트,20대,816907,61,13391,미참여,0.467,18
2025-01,수원시 영통구,매탄동,편의점/마트,30대,345684,28,12345,미참여,0.53,19
2025-01,수원시 영통구,매탄동,편의점/마트,40대,450721,42,10731,미참여,0.382,19
2025-01,수원시 영통구,매탄동,편의점/마트,50대,364292,25,14571,미참여,0.496,25
2025-01,수원시 영통구,매탄동,편의점/마트,60대 이상,496705,43,11551,미참여,0.463,35
2025-01,수원시 영통구,원천동,한식/분식,20대,240701,16,15043,미참여,0.502,6
2025-01,수원시 영통구,원천동,한식/분식,30대,390731,31,12604,미참여,0.516,29
2025-01,수원시 영통구,원천동,한식/분식,40대,507423,37,13714,미참여,0.436,26
2025-01,수원시 영통구,원천동,한식/분식,50대,457621,26,17600,미참여,0.518,21
2025-01,수원시 영통구,원천동,한식/분식,60대 이상,622502,42,14821,미참여,0.371,5
2025-01,수원시 영통구,원천동,카페/디저트,20대,572851,68,8424,미참여,0.495,35
2025-01,수원시 영통구,원천동,카페/디저트,30대,302769,35,8650,미참여,0.328,15
2025-01,수원시 영통구,원천동,카페/디저트,40대,357605,40,8940,미참여,0.354,38
2025-01,수원시 영통구,원천동,카페/디저트,50대,252863,31,8156,미참여,0.295,23
2025-01,수원시 영통구,원천동,카페/디저트,60대 이상,241704,30,8056,미참여,0.223,22
2025-01,수원시 영통구,원천동,신선식품,20대,798811,27,29585,미참여,0.402,12
2025-01,수원시 영통구,원천동,신선식품,30대,975134,36,27087,미참여,0.416,22
2025-01,수원시 영통구,원천동,신선식품,40대,553329,20,27666,미참여,0.527,18
2025-01,수원시 영통구,원천동,신선식품,50대,1364724,54,25272,미참여,0.366,7
2025-01,수원시 영통구,원천동,신선식품,60대 이상,1526263,48,31797,미참여,0.288,24
2025-01,수원시 영통구,원천동,생활용품,20대,670249,35,19149,미참여,0.495,24
2025-01,수원시 영통구,원천동,생활용품,30대,460900,21,21947,미참여,0.331,11
2025-01,수원시 영통구,원천동,생활용품,40대,545549,25,21821,미참여,0.365,21
2025-01,수원시 영통구,원천동,생활용품,50대,732777,39,18789,미참여,0.414,19
2025-01,수원시 영통구,원천동,생활용품,60대 이상,770675,39,19760,미참여,0.247,18
2025-01,수원시 영통구,원천동,의류/잡화,20대,607246,20,30362,미참여,0.364,10
2025-01,수원시 영통구,원천동,의류/잡화,30대,748592,18,41588,미참여,0.292,30
2025-01,수원시 영통구,원천동,의류/잡화,40대,775120,19,40795,미참여,0.475,16
2025-01,수원시 영통구,원천동,의류/잡화,50대,871717,23,37900,미참여,0.467,6
2025-01,수원시 영통구,원천동,의류/잡화,60대 이상,641720,20,32086,미참여,0.25,16
2025-01,수원시 영통구,원천동,미용/생활서비스,20대,619328,24,25805,미참여,0.468,27
2025-01,수원시 영통구,원천동,미용/생활서비스,30대,555457,19,29234,미참여,0.437,29
2025-01,수원시 영통구,원천동,미용/생활서비스,40대,773700,25,30948,미참여,0.277,20
2025-01,수원시 영통구,원천동,미용/생활서비스,50대,815500,22,37068,미참여,0.311,17
2025-01,수원시 영통구,원천동,미용/생활서비스,60대 이상,589043,19,31002,미참여,0.4,15
2025-01,수원시 영통구,원천동,교육/학원,20대,2207877,22,100358,미참여,0.34,28
2025-01,수원시 영통구,원천동,교육/학원,30대,2247237,29,77490,미참여,0.506,45
2025-01,수원시 영통구,원천동,교육/학원,40대,1971680,25,78867,미참여,0.335,19
2025-01,수원시 영통구,원천동,교육/학원,50대,2001549,26,76982,미참여,0.537,15
2025-01,수원시 영통구,원천동,교육/학원,60대 이상,3065421,30,102180,미참여,0.449,42
2025-01,수원시 영통구,원천동,병원/약국,20대,561027,27,20778,미참여,0.588,7
2025-01,수원시 영통구,원천동,병원/약국,30대,1006309,35,28751,미참여,0.378,15
2025-01,수원시 영통구,원천동,병원/약국,40대,1073429,36,29817,미참여,0.451,17
2025-01,수원시 영통구,원천동,병원/약국,50대,670528,30,22350,미참여,0.296,27
2025-01,수원시 영통구,원천동,병원/약국,60대 이상,1234510,43,28709,미참여,0.345,19
2025-01,수원시 영통구,원천동,편의점/마트,20대,783818,53,14789,미참여,0.412,19
2025-01,수원시 영통구,원천동,편의점/마트,30대,695367,48,14486,미참여,0.483,1
2025-01,수원시 영통구,원천동,편의점/마트,40대,433811,40,10845,미참여,0.343,9
2025-01,수원시 영통구,원천동,편의점/마트,50대,503055,34,14795,미참여,0.516,24
2025-01,수원시 영통구,원천동,편의점/마트,60대 이상,454524,32,14203,미참여,0.372,24
2025-01,광주 북구,용봉동,한식/분식,20대,838423,50,16768,미참여,0.462,31
2025-01,광주 북구,용봉동,한식/분식,30대,308463,21,14688,미참여,0.369,21
2025-01,광주 북구,용봉동,한식/분식,40대,873257,49,17821,미참여,0.26,24
2025-01,광주 북구,용봉동,한식/분식,50대,476356,29,16426,미참여,0.285,15
2025-01,광주 북구,용봉동,한식/분식,60대 이상,673151,38,17714,미참여,0.505,20
2025-01,광주 북구,용봉동,카페/디저트,20대,290264,32,9070,미참여,0.355,22
2025-01,광주 북구,용봉동,카페/디저트,30대,247120,25,9884,미참여,0.12,22
2025-01,광주 북구,용봉동,카페/디저트,40대,211806,23,9208,미참여,0.423,12
2025-01,광주 북구,용봉동,카페/디저트,50대,303665,35,8676,미참여,0.385,16
2025-01,광주 북구,용봉동,카페/디저트,60대 이상,155588,21,7408,미참여,0.303,21
2025-01,광주 북구,용봉동,신선식품,20대,767640,26,29524,미참여,0.4,19
2025-01,광주 북구,용봉동,신선식품,30대,1027140,32,32098,미참여,0.371,15
2025-01,광주 북구,용봉동,신선식품,40대,1119689,41,27309,미참여,0.454,19
2025-01,광주 북구,용봉동,신선식품,50대,1349309,39,34597,미참여,0.454,13
2025-01,광주 북구,용봉동,신선식품,60대 이상,1394060,44,31683,미참여,0.517,26
2025-01,광주 북구,용봉동,생활용품,20대,804715,41,19627,미참여,0.405,30
2025-01,광주 북구,용봉동,생활용품,30대,531381,23,23103,미참여,0.22,2
2025-01,광주 북구,용봉동,생활용품,40대,440696,23,19160,미참여,0.309,32
2025-01,광주 북구,용봉동,생활용품,50대,766915,29,26445,미참여,0.41,12
2025-01,광주 북구,용봉동,생활용품,60대 이상,806336,33,24434,미참여,0.272,29
2025-01,광주 북구,용봉동,의류/잡화,20대,878553,27,32539,미참여,0.32,22
2025-01,광주 북구,용봉동,의류/잡화,30대,517608,14,36972,미참여,0.417,14
2025-01,광주 북구,용봉동,의류/잡화,40대,497573,14,35540,미참여,0.12,16
2025-01,광주 북구,용봉동,의류/잡화,50대,507462,14,36247,미참여,0.352,21
2025-01,광주 북구,용봉동,의류/잡화,60대 이상,973701,24,40570,미참여,0.389,18
2025-01,광주 북구,용봉동,미용/생활서비스,20대,633345,18,35185,미참여,0.318,13
2025-01,광주 북구,용봉동,미용/생활서비스,30대,719060,24,29960,미참여,0.365,18
2025-01,광주 북구,용봉동,미용/생활서비스,40대,1186544,34,34898,미참여,0.33,28
2025-01,광주 북구,용봉동,미용/생활서비스,50대,451821,16,28238,미참여,0.341,6
2025-01,광주 북구,용봉동,미용/생활서비스,60대 이상,739869,20,36993,미참여,0.352,19
2025-01,광주 북구,용봉동,교육/학원,20대,1997824,25,79912,미참여,0.316,15
2025-01,광주 북구,용봉동,교육/학원,30대,2008415,26,77246,미참여,0.395,25
2025-01,광주 북구,용봉동,교육/학원,40대,1511757,18,83986,미참여,0.329,21
2025-01,광주 북구,용봉동,교육/학원,50대,1412933,19,74364,미참여,0.275,32
2025-01,광주 북구,용봉동,교육/학원,60대 이상,1716427,18,95357,미참여,0.333,15
2025-01,광주 북구,용봉동,병원/약국,20대,785761,32,24555,미참여,0.222,16
2025-01,광주 북구,용봉동,병원/약국,30대,891619,40,22290,미참여,0.206,21
2025-01,광주 북구,용봉동,병원/약국,40대,501115,19,26374,미참여,0.388,18
2025-01,광주 북구,용봉동,병원/약국,50대,1037247,38,27295,미참여,0.415,8
2025-01,광주 북구,용봉동,병원/약국,60대 이상,1306958,47,27807,미참여,0.322,17
2025-01,광주 북구,용봉동,편의점/마트,20대,608362,54,11265,미참여,0.509,14
2025-01,광주 북구,용봉동,편의점/마트,30대,320540,31,10340,미참여,0.619,16
2025-01,광주 북구,용봉동,편의점/마트,40대,277661,19,14613,미참여,0.372,27
2025-01,광주 북구,용봉동,편의점/마트,50대,457698,31,14764,미참여,0.262,25
2025-01,광주 북구,용봉동,편의점/마트,60대 이상,405320,34,11921,미참여,0.321,23
2025-01,광주 북구,운암동,한식/분식,20대,288668,23,12550,미참여,0.393,28
2025-01,광주 북구,운암동,한식/분식,30대,894302,57,15689,미참여,0.576,23
2025-01,광주 북구,운암동,한식/분식,40대,855093,48,17814,미참여,0.413,30
2025-01,광주 북구,운암동,한식/분식,50대,635070,47,13512,미참여,0.317,25
2025-01,광주 북구,운암동,한식/분식,60대 이상,382131,30,12737,미참여,0.196,24
2025-01,광주 북구,운암동,카페/디저트,20대,392041,43,9117,미참여,0.19,23
2025-01,광주 북구,운암동,카페/디저트,30대,255986,27,9480,미참여,0.289,20
2025-01,광주 북구,운암동,카페/디저트,40대,342578,43,7966,미참여,0.411,11
2025-01,광주 북구,운암동,카페/디저트,50대,232684,25,9307,미참여,0.308,24
2025-01,광주 북구,운암동,카페/디저트,60대 이상,306010,30,10200,미참여,0.296,32
2025-01,광주 북구,운암동,신선식품,20대,717560,24,29898,미참여,0.355,21
2025-01,광주 북구,운암동,신선식품,30대,1019555,42,24275,미참여,0.489,7
2025-01,광주 북구,운암동,신선식품,40대,948030,38,24948,미참여,0.61,39
2025-01,광주 북구,운암동,신선식품,50대,1454002,46,31608,미참여,0.401,30
2025-01,광주 북구,운암동,신선식품,60대 이상,2073958,62,33450,미참여,0.506,13
2025-01,광주 북구,운암동,생활용품,20대,628153,23,27311,미참여,0.39,26
2025-01,광주 북구,운암동,생활용품,30대,1107219,48,23067,미참여,0.252,17
2025-01,광주 북구,운암동,생활용품,40대,643337,34,18921,미참여,0.213,17
2025-01,광주 북구,운암동,생활용품,50대,1170026,43,27209,미참여,0.351,15
2025-01,광주 북구,운암동,생활용품,60대 이상,900901,35,25740,미참여,0.156,29
2025-01,광주 북구,운암동,의류/잡화,20대,477218,14,34087,미참여,0.412,15
2025-01,광주 북구,운암동,의류/잡화,30대,692968,18,38498,미참여,0.459,19
2025-01,광주 북구,운암동,의류/잡화,40대,822843,27,30475,미참여,0.19,20
2025-01,광주 북구,운암동,의류/잡화,50대,585253,17,34426,미참여,0.293,28
2025-01,광주 북구,운암동,의류/잡화,60대 이상,358087,10,35808,미참여,0.25,26
2025-01,광주 북구,운암동,미용/생활서비스,20대,531213,16,33200,미참여,0.451,28
2025-01,광주 북구,운암동,미용/생활서비스,30대,534329,20,26716,미참여,0.263,11
2025-01,광주 북구,운암동,미용/생활서비스,40대,408629,11,37148,미참여,0.329,11
2025-01,광주 북구,운암동,미용/생활서비스,50대,741457,25,29658,미참여,0.215,13
2025-01,광주 북구,운암동,미용/생활서비스,60대 이상,434243,15,28949,미참여,0.369,18
2025-01,광주 북구,운암동,교육/학원,20대,1464377,14,104598,미참여,0.301,16
2025-01,광주 북구,운암동,교육/학원,30대,2114883,26,81341,미참여,0.423,9
2025-01,광주 북구,운암동,교육/학원,40대,1792279,22,81467,미참여,0.442,19
2025-01,광주 북구,운암동,교육/학원,50대,2191791,21,104371,미참여,0.4,20
2025-01,광주 북구,운암동,교육/학원,60대 이상,1430607,15,95373,미참여,0.329,17
2025-01,광주 북구,운암동,병원/약국,20대,769412,26,29592,미참여,0.451,15
2025-01,광주 북구,운암동,병원/약국,30대,534454,25,21378,미참여,0.348,16
2025-01,광주 북구,운암동,병원/약국,40대,515898,21,24566,미참여,0.311,6
2025-01,광주 북구,운암동,병원/약국,50대,998928,38,26287,미참여,0.234,22
2025-01,광주 북구,운암동,병원/약국,60대 이상,1152948,40,28823,미참여,0.279,13
2025-01,광주 북구,운암동,편의점/마트,20대,297669,24,12402,미참여,0.491,28
2025-01,광주 북구,운암동,편의점/마트,30대,554765,39,14224,미참여,0.475,21
2025-01,광주 북구,운암동,편의점/마트,40대,434298,33,13160,미참여,0.508,24
2025-01,광주 북구,운암동,편의점/마트,50대,380111,26,14619,미참여,0.527,34
2025-01,광주 북구,운암동,편의점/마트,60대 이상,375172,28,13399,미참여,0.409,28
2025-01,광주 북구,일곡동,한식/분식,20대,710644,48,14805,미참여,0.609,15
2025-01,광주 북구,일곡동,한식/분식,30대,897332,64,14020,미참여,0.395,22
2025-01,광주 북구,일곡동,한식/분식,40대,470374,31,15173,미참여,0.386,35
2025-01,광주 북구,일곡동,한식/분식,50대,477204,36,13255,미참여,0.501,25
2025-01,광주 북구,일곡동,한식/분식,60대 이상,546089,39,14002,미참여,0.332,15
2025-01,광주 북구,일곡동,카페/디저트,20대,325217,40,8130,미참여,0.393,25
2025-01,광주 북구,일곡동,카페/디저트,30대,297543,37,8041,미참여,0.358,2
2025-01,광주 북구,일곡동,카페/디저트,40대,181025,21,8620,미참여,0.383,18
2025-01,광주 북구,일곡동,카페/디저트,50대,314040,35,8972,미참여,0.393,13
2025-01,광주 북구,일곡동,카페/디저트,60대 이상,139755,19,7355,미참여,0.438,28
2025-01,광주 북구,일곡동,신선식품,20대,552327,23,24014,미참여,0.366,9
2025-01,광주 북구,일곡동,신선식품,30대,642743,21,30606,미참여,0.306,14
2025-01,광주 북구,일곡동,신선식품,40대,1144167,40,28604,미참여,0.598,20
2025-01,광주 북구,일곡동,신선식품,50대,1363868,48,28413,미참여,0.46,24
2025-01,광주 북구,일곡동,신선식품,60대 이상,1104958,44,25112,미참여,0.349,15
2025-01,광주 북구,일곡동,생활용품,20대,877203,33,26581,미참여,0.353,9
2025-01,광주 북구,일곡동,생활용품,30대,733688,38,19307,미참여,0.586,11
2025-01,광주 북구,일곡동,생활용품,40대,563634,30,18787,미참여,0.375,34
2025-01,광주 북구,일곡동,생활용품,50대,1103625,43,25665,미참여,0.231,19
2025-01,광주 북구,일곡동,생활용품,60대 이상,876218,34,25771,미참여,0.346,21
2025-01,광주 북구,일곡동,의류/잡화,20대,797729,26,30681,미참여,0.295,19
2025-01,광주 북구,일곡동,의류/잡화,30대,743079,17,43710,미참여,0.181,22
2025-01,광주 북구,일곡동,의류/잡화,40대,429967,14,30711,미참여,0.296,2
2025-01,광주 북구,일곡동,의류/잡화,50대,686943,23,29867,미참여,0.409,10
2025-01,광주 북구,일곡동,의류/잡화,60대 이상,892525,22,40569,미참여,0.284,18
2025-01,광주 북구,일곡동,미용/생활서비스,20대,1035628,30,34520,미참여,0.358,27
2025-01,광주 북구,일곡동,미용/생활서비스,30대,619326,18,34407,미참여,0.31,14
2025-01,광주 북구,일곡동,미용/생활서비스,40대,1211160,35,34604,미참여,0.503,25
2025-01,광주 북구,일곡동,미용/생활서비스,50대,848709,31,27377,미참여,0.513,16
2025-01,광주 북구,일곡동,미용/생활서비스,60대 이상,482766,17,28398,미참여,0.317,8
2025-01,광주 북구,일곡동,교육/학원,20대,1497340,20,74867,미참여,0.268,28
2025-01,광주 북구,일곡동,교육/학원,30대,2607877,32,81496,미참여,0.252,24
2025-01,광주 북구,일곡동,교육/학원,40대,2360988,29,81413,미참여,0.404,11
2025-01,광주 북구,일곡동,교육/학원,50대,1137083,12,94756,미참여,0.4,22
2025-01,광주 북구,일곡동,교육/학원,60대 이상,1536228,16,96014,미참여,0.259,4
2025-01,광주 북구,일곡동,병원/약국,20대,428827,16,26801,미참여,0.411,15
2025-01,광주 북구,일곡동,병원/약국,30대,1198524,40,29963,미참여,0.38,20
2025-01,광주 북구,일곡동,병원/약국,40대,362290,17,21311,미참여,0.418,22
2025-01,광주 북구,일곡동,병원/약국,50대,562868,26,21648,미참여,0.346,17
2025-01,광주 북구,일곡동,병원/약국,60대 이상,1173994,44,26681,미참여,0.406,27
2025-01,광주 북구,일곡동,편의점/마트,20대,671860,51,13173,미참여,0.611,25
2025-01,광주 북구,일곡동,편의점/마트,30대,553344,37,14955,미참여,0.398,28
2025-01,광주 북구,일곡동,편의점/마트,40대,365816,28,13064,미참여,0.463,3
2025-01,광주 북구,일곡동,편의점/마트,50대,376418,36,10456,미참여,0.606,14
2025-01,광주 북구,일곡동,편의점/마트,60대 이상,429129,39,11003,미참여,0.607,18
2025-01,광주 북구,두암동,한식/분식,20대,529239,40,13230,미참여,0.541,37
2025-01,광주 북구,두암동,한식/분식,30대,502138,31,16198,미참여,0.4,25
2025-01,광주 북구,두암동,한식/분식,40대,984915,58,16981,미참여,0.434,27
2025-01,광주 북구,두암동,한식/분식,50대,516322,33,15646,미참여,0.465,20
2025-01,광주 북구,두암동,한식/분식,60대 이상,492434,39,12626,미참여,0.423,18
2025-01,광주 북구,두암동,카페/디저트,20대,335442,34,9865,미참여,0.248,25
2025-01,광주 북구,두암동,카페/디저트,30대,230463,24,9602,미참여,0.373,27
2025-01,광주 북구,두암동,카페/디저트,40대,237263,33,7189,미참여,0.331,14
2025-01,광주 북구,두암동,카페/디저트,50대,127630,15,8508,미참여,0.306,18
2025-01,광주 북구,두암동,카페/디저트,60대 이상,245972,26,9460,미참여,0.344,24
2025-01,광주 북구,두암동,신선식품,20대,624521,23,27153,미참여,0.386,15
2025-01,광주 북구,두암동,신선식품,30대,661519,27,24500,미참여,0.484,14
2025-01,광주 북구,두암동,신선식품,40대,868195,34,25535,미참여,0.427,12
2025-01,광주 북구,두암동,신선식품,50대,1089450,43,25336,미참여,0.447,36
2025-01,광주 북구,두암동,신선식품,60대 이상,790121,27,29263,미참여,0.423,12
2025-01,광주 북구,두암동,생활용품,20대,470058,21,22383,미참여,0.506,18
2025-01,광주 북구,두암동,생활용품,30대,1077782,41,26287,미참여,0.385,5
2025-01,광주 북구,두암동,생활용품,40대,782226,34,23006,미참여,0.345,34
2025-01,광주 북구,두암동,생활용품,50대,919316,35,26266,미참여,0.197,13
2025-01,광주 북구,두암동,생활용품,60대 이상,592426,29,20428,미참여,0.521,33
2025-01,광주 북구,두암동,의류/잡화,20대,712258,19,37487,미참여,0.483,9
2025-01,광주 북구,두암동,의류/잡화,30대,403812,12,33651,미참여,0.295,14
2025-01,광주 북구,두암동,의류/잡화,40대,1213211,28,43328,미참여,0.251,19
2025-01,광주 북구,두암동,의류/잡화,50대,495491,16,30968,미참여,0.456,19
2025-01,광주 북구,두암동,의류/잡화,60대 이상,820926,25,32837,미참여,0.387,15
2025-01,광주 북구,두암동,미용/생활서비스,20대,503272,14,35948,미참여,0.398,26
2025-01,광주 북구,두암동,미용/생활서비스,30대,772580,26,29714,미참여,0.347,11
2025-01,광주 북구,두암동,미용/생활서비스,40대,755743,27,27990,미참여,0.376,16
2025-01,광주 북구,두암동,미용/생활서비스,50대,656493,24,27353,미참여,0.12,14
2025-01,광주 북구,두암동,미용/생활서비스,60대 이상,826455,30,27548,미참여,0.363,3
2025-01,광주 북구,두암동,교육/학원,20대,954680,13,73436,미참여,0.162,30
2025-01,광주 북구,두암동,교육/학원,30대,1925380,22,87517,미참여,0.299,20
2025-01,광주 북구,두암동,교육/학원,40대,1703231,20,85161,미참여,0.309,26
2025-01,광주 북구,두암동,교육/학원,50대,1847031,23,80305,미참여,0.412,30
2025-01,광주 북구,두암동,교육/학원,60대 이상,1385124,19,72901,미참여,0.359,27
2025-01,광주 북구,두암동,병원/약국,20대,579291,28,20688,미참여,0.358,19
2025-01,광주 북구,두암동,병원/약국,30대,1022716,38,26913,미참여,0.428,14
2025-01,광주 북구,두암동,병원/약국,40대,945610,41,23063,미참여,0.429,28
2025-01,광주 북구,두암동,병원/약국,50대,664275,29,22906,미참여,0.44,14
2025-01,광주 북구,두암동,병원/약국,60대 이상,1583002,54,29314,미참여,0.379,9
2025-01,광주 북구,두암동,편의점/마트,20대,386278,31,12460,미참여,0.539,23
2025-01,광주 북구,두암동,편의점/마트,30대,564942,40,14123,미참여,0.345,30
2025-01,광주 북구,두암동,편의점/마트,40대,451485,31,14564,미참여,0.532,10
2025-01,광주 북구,두암동,편의점/마트,50대,236842,20,11842,미참여,0.54,16
2025-01,광주 북구,두암동,편의점/마트,60대 이상,231642,20,11582,미참여,0.258,17
2025-01,광주 동구,충장동,한식/분식,20대,468042,36,13001,미참여,0.512,24
2025-01,광주 동구,충장동,한식/분식,30대,726848,41,17728,미참여,0.454,34
2025-01,광주 동구,충장동,한식/분식,40대,696800,49,14220,미참여,0.419,24
2025-01,광주 동구,충장동,한식/분식,50대,630430,35,18012,미참여,0.566,28
2025-01,광주 동구,충장동,한식/분식,60대 이상,546673,35,15619,미참여,0.46,21
2025-01,광주 동구,충장동,카페/디저트,20대,235721,33,7143,미참여,0.313,37
2025-01,광주 동구,충장동,카페/디저트,30대,230480,26,8864,미참여,0.447,17
2025-01,광주 동구,충장동,카페/디저트,40대,269253,33,8159,미참여,0.297,30
2025-01,광주 동구,충장동,카페/디저트,50대,196682,23,8551,미참여,0.309,26
2025-01,광주 동구,충장동,카페/디저트,60대 이상,263408,32,8231,미참여,0.182,18
2025-01,광주 동구,충장동,신선식품,20대,1572965,50,31459,미참여,0.384,18
2025-01,광주 동구,충장동,신선식품,30대,747642,24,31151,미참여,0.435,21
2025-01,광주 동구,충장동,신선식품,40대,1054335,42,25103,미참여,0.485,19
2025-01,광주 동구,충장동,신선식품,50대,1288599,43,29967,미참여,0.534,15
2025-01,광주 동구,충장동,신선식품,60대 이상,1253009,47,26659,미참여,0.404,12
2025-01,광주 동구,충장동,생활용품,20대,540874,28,19316,미참여,0.242,15
2025-01,광주 동구,충장동,생활용품,30대,779249,31,25137,미참여,0.37,22
2025-01,광주 동구,충장동,생활용품,40대,771387,33,23375,미참여,0.284,30
2025-01,광주 동구,충장동,생활용품,50대,780893,30,26029,미참여,0.458,18
2025-01,광주 동구,충장동,생활용품,60대 이상,794591,38,20910,미참여,0.345,26
2025-01,광주 동구,충장동,의류/잡화,20대,994785,29,34302,미참여,0.341,26
2025-01,광주 동구,충장동,의류/잡화,30대,1189754,29,41026,미참여,0.338,27
2025-01,광주 동구,충장동,의류/잡화,40대,1023766,34,30110,미참여,0.498,31
2025-01,광주 동구,충장동,의류/잡화,50대,1033170,32,32286,미참여,0.234,27
2025-01,광주 동구,충장동,의류/잡화,60대 이상,639863,20,31993,미참여,0.323,11
2025-01,광주 동구,충장동,미용/생활서비스,20대,308389,12,25699,미참여,0.444,29
2025-01,광주 동구,충장동,미용/생활서비스,30대,461751,13,35519,미참여,0.394,15
2025-01,광주 동구,충장동,미용/생활서비스,40대,623344,24,25972,미참여,0.178,27
2025-01,광주 동구,충장동,미용/생활서비스,50대,605444,20,30272,미참여,0.354,21
2025-01,광주 동구,충장동,미용/생활서비스,60대 이상,581614,16,36350,미참여,0.426,3
2025-01,광주 동구,충장동,교육/학원,20대,1096062,11,99642,미참여,0.286,13
2025-01,광주 동구,충장동,교육/학원,30대,1425947,14,101853,미참여,0.12,15
2025-01,광주 동구,충장동,교육/학원,40대,1476993,19,77736,미참여,0.47,20
2025-01,광주 동구,충장동,교육/학원,50대,1383254,17,81367,미참여,0.246,5
2025-01,광주 동구,충장동,교육/학원,60대 이상,1283624,15,85574,미참여,0.265,22
2025-01,광주 동구,충장동,병원/약국,20대,985953,34,28998,미참여,0.26,12
2025-01,광주 동구,충장동,병원/약국,30대,764915,27,28330,미참여,0.438,21
2025-01,광주 동구,충장동,병원/약국,40대,644234,27,23860,미참여,0.242,24
2025-01,광주 동구,충장동,병원/약국,50대,973502,42,23178,미참여,0.555,13
2025-01,광주 동구,충장동,병원/약국,60대 이상,955215,37,25816,미참여,0.316,21
2025-01,광주 동구,충장동,편의점/마트,20대,759313,59,12869,미참여,0.344,13
2025-01,광주 동구,충장동,편의점/마트,30대,417052,39,10693,미참여,0.511,21
2025-01,광주 동구,충장동,편의점/마트,40대,340473,26,13095,미참여,0.496,30
2025-01,광주 동구,충장동,편의점/마트,50대,349869,31,11286,미참여,0.335,23
2025-01,광주 동구,충장동,편의점/마트,60대 이상,272680,26,10487,미참여,0.456,11
2025-01,광주 동구,동명동,한식/분식,20대,829669,58,14304,미참여,0.5,23
2025-01,광주 동구,동명동,한식/분식,30대,345553,27,12798,미참여,0.334,40
2025-01,광주 동구,동명동,한식/분식,40대,727883,45,16175,미참여,0.447,31
2025-01,광주 동구,동명동,한식/분식,50대,436773,34,12846,미참여,0.28,33
2025-01,광주 동구,동명동,한식/분식,60대 이상,757636,46,16470,미참여,0.451,6
2025-01,광주 동구,동명동,카페/디저트,20대,594285,59,10072,미참여,0.271,15
2025-01,광주 동구,동명동,카페/디저트,30대,287954,41,7023,미참여,0.269,31
2025-01,광주 동구,동명동,카페/디저트,40대,222342,30,7411,미참여,0.371,27
2025-01,광주 동구,동명동,카페/디저트,50대,219139,23,9527,미참여,0.268,32
2025-01,광주 동구,동명동,카페/디저트,60대 이상,244044,25,9761,미참여,0.357,26
2025-01,광주 동구,동명동,신선식품,20대,841672,30,28055,미참여,0.289,28
2025-01,광주 동구,동명동,신선식품,30대,547413,22,24882,미참여,0.558,1
2025-01,광주 동구,동명동,신선식품,40대,1007300,37,27224,미참여,0.581,11
2025-01,광주 동구,동명동,신선식품,50대,1204430,39,30882,미참여,0.449,10
2025-01,광주 동구,동명동,신선식품,60대 이상,1779529,53,33576,미참여,0.589,17
2025-01,광주 동구,동명동,생활용품,20대,466487,22,21203,미참여,0.538,10
2025-01,광주 동구,동명동,생활용품,30대,815358,30,27178,미참여,0.345,11
2025-01,광주 동구,동명동,생활용품,40대,422440,22,19201,미참여,0.368,11
2025-01,광주 동구,동명동,생활용품,50대,932997,36,25916,미참여,0.35,13
2025-01,광주 동구,동명동,생활용품,60대 이상,795300,33,24100,미참여,0.493,22
2025-01,광주 동구,동명동,의류/잡화,20대,810227,25,32409,미참여,0.395,38
2025-01,광주 동구,동명동,의류/잡화,30대,546733,16,34170,미참여,0.258,33
2025-01,광주 동구,동명동,의류/잡화,40대,1083257,30,36108,미참여,0.411,21
2025-01,광주 동구,동명동,의류/잡화,50대,866410,20,43320,미참여,0.297,21
2025-01,광주 동구,동명동,의류/잡화,60대 이상,701341,18,38963,미참여,0.246,7
2025-01,광주 동구,동명동,미용/생활서비스,20대,708501,23,30804,미참여,0.303,19
2025-01,광주 동구,동명동,미용/생활서비스,30대,552174,17,32480,미참여,0.199,10
2025-01,광주 동구,동명동,미용/생활서비스,40대,446061,13,34312,미참여,0.545,26
2025-01,광주 동구,동명동,미용/생활서비스,50대,913539,26,35136,미참여,0.277,18
2025-01,광주 동구,동명동,미용/생활서비스,60대 이상,639230,22,29055,미참여,0.343,17
2025-01,광주 동구,동명동,교육/학원,20대,1354539,13,104195,미참여,0.396,28
2025-01,광주 동구,동명동,교육/학원,30대,2529175,27,93673,미참여,0.394,21
2025-01,광주 동구,동명동,교육/학원,40대,1530068,15,102004,미참여,0.389,1
2025-01,광주 동구,동명동,교육/학원,50대,2405066,23,104568,미참여,0.289,15
2025-01,광주 동구,동명동,교육/학원,60대 이상,1185683,16,74105,미참여,0.426,19
2025-01,광주 동구,동명동,병원/약국,20대,479878,23,20864,미참여,0.388,20
2025-01,광주 동구,동명동,병원/약국,30대,797474,31,25724,미참여,0.39,25
2025-01,광주 동구,동명동,병원/약국,40대,858292,29,29596,미참여,0.555,24
2025-01,광주 동구,동명동,병원/약국,50대,620884,28,22174,미참여,0.363,13
2025-01,광주 동구,동명동,병원/약국,60대 이상,1125541,42,26798,미참여,0.34,12
2025-01,광주 동구,동명동,편의점/마트,20대,277292,23,12056,미참여,0.419,14
2025-01,광주 동구,동명동,편의점/마트,30대,384153,27,14227,미참여,0.432,9
2025-01,광주 동구,동명동,편의점/마트,40대,219587,17,12916,미참여,0.444,25
2025-01,광주 동구,동명동,편의점/마트,50대,353991,34,10411,미참여,0.446,8
2025-01,광주 동구,동명동,편의점/마트,60대 이상,541210,38,14242,미참여,0.389,16
2025-01,광주 동구,서남동,한식/분식,20대,383316,25,15332,미참여,0.365,11
2025-01,광주 동구,서남동,한식/분식,30대,885919,57,15542,미참여,0.534,36
2025-01,광주 동구,서남동,한식/분식,40대,548426,44,12464,미참여,0.339,18
2025-01,광주 동구,서남동,한식/분식,50대,569604,39,14605,미참여,0.401,21
2025-01,광주 동구,서남동,한식/분식,60대 이상,557898,36,15497,미참여,0.503,22
2025-01,광주 동구,서남동,카페/디저트,20대,247945,26,9536,미참여,0.354,22
2025-01,광주 동구,서남동,카페/디저트,30대,284999,28,10178,미참여,0.395,17
2025-01,광주 동구,서남동,카페/디저트,40대,221675,25,8867,미참여,0.389,25
2025-01,광주 동구,서남동,카페/디저트,50대,304595,41,7429,미참여,0.465,2
2025-01,광주 동구,서남동,카페/디저트,60대 이상,266886,36,7413,미참여,0.263,35
2025-01,광주 동구,서남동,신선식품,20대,908591,27,33651,미참여,0.378,9
2025-01,광주 동구,서남동,신선식품,30대,862032,31,27807,미참여,0.565,31
2025-01,광주 동구,서남동,신선식품,40대,905616,30,30187,미참여,0.491,12
2025-01,광주 동구,서남동,신선식품,50대,1389672,44,31583,미참여,0.554,20
2025-01,광주 동구,서남동,신선식품,60대 이상,1213998,48,25291,미참여,0.382,7
2025-01,광주 동구,서남동,생활용품,20대,468922,25,18756,미참여,0.184,17
2025-01,광주 동구,서남동,생활용품,30대,971459,36,26984,미참여,0.34,8
2025-01,광주 동구,서남동,생활용품,40대,401126,18,22284,미참여,0.436,18
2025-01,광주 동구,서남동,생활용품,50대,713358,30,23778,미참여,0.37,24
2025-01,광주 동구,서남동,생활용품,60대 이상,1203064,45,26734,미참여,0.236,20
2025-01,광주 동구,서남동,의류/잡화,20대,680796,20,34039,미참여,0.541,34
2025-01,광주 동구,서남동,의류/잡화,30대,557622,18,30979,미참여,0.356,11
2025-01,광주 동구,서남동,의류/잡화,40대,740090,18,41116,미참여,0.446,27
2025-01,광주 동구,서남동,의류/잡화,50대,1138222,27,42156,미참여,0.557,9
2025-01,광주 동구,서남동,의류/잡화,60대 이상,1354926,31,43707,미참여,0.262,31
2025-01,광주 동구,서남동,미용/생활서비스,20대,906715,25,36268,미참여,0.276,12
2025-01,광주 동구,서남동,미용/생활서비스,30대,571178,17,33598,미참여,0.42,12
2025-01,광주 동구,서남동,미용/생활서비스,40대,700407,25,28016,미참여,0.353,18
2025-01,광주 동구,서남동,미용/생활서비스,50대,1214160,35,34690,미참여,0.261,16
2025-01,광주 동구,서남동,미용/생활서비스,60대 이상,727527,26,27981,미참여,0.172,18
2025-01,광주 동구,서남동,교육/학원,20대,1522767,19,80145,미참여,0.211,13
2025-01,광주 동구,서남동,교육/학원,30대,1866433,22,84837,미참여,0.388,19
2025-01,광주 동구,서남동,교육/학원,40대,2891937,34,85056,미참여,0.305,16
2025-01,광주 동구,서남동,교육/학원,50대,1245390,15,83026,미참여,0.373,19
2025-01,광주 동구,서남동,교육/학원,60대 이상,1768466,18,98248,미참여,0.39,12
2025-01,광주 동구,서남동,병원/약국,20대,856989,34,25205,미참여,0.364,33
2025-01,광주 동구,서남동,병원/약국,30대,602061,21,28669,미참여,0.457,9
2025-01,광주 동구,서남동,병원/약국,40대,953224,44,21664,미참여,0.443,24
2025-01,광주 동구,서남동,병원/약국,50대,968925,44,22021,미참여,0.357,16
2025-01,광주 동구,서남동,병원/약국,60대 이상,858603,39,22015,미참여,0.366,26
2025-01,광주 동구,서남동,편의점/마트,20대,379920,29,13100,미참여,0.545,16
2025-01,광주 동구,서남동,편의점/마트,30대,384115,27,14226,미참여,0.54,25
2025-01,광주 동구,서남동,편의점/마트,40대,311472,29,10740,미참여,0.514,16
2025-01,광주 동구,서남동,편의점/마트,50대,319037,28,11394,미참여,0.417,20
2025-01,광주 동구,서남동,편의점/마트,60대 이상,276788,27,10251,미참여,0.468,18
2025-01,광주 동구,학동,한식/분식,20대,537045,35,15344,미참여,0.521,21
2025-01,광주 동구,학동,한식/분식,30대,612846,34,18024,미참여,0.414,22
2025-01,광주 동구,학동,한식/분식,40대,738685,50,14773,미참여,0.374,28
2025-01,광주 동구,학동,한식/분식,50대,719115,48,14981,미참여,0.507,15
2025-01,광주 동구,학동,한식/분식,60대 이상,796411,44,18100,미참여,0.501,22
2025-01,광주 동구,학동,카페/디저트,20대,292016,35,8343,미참여,0.286,25
2025-01,광주 동구,학동,카페/디저트,30대,280461,28,10016,미참여,0.26,20
2025-01,광주 동구,학동,카페/디저트,40대,252223,28,9007,미참여,0.297,24
2025-01,광주 동구,학동,카페/디저트,50대,149053,21,7097,미참여,0.463,17
2025-01,광주 동구,학동,카페/디저트,60대 이상,259175,30,8639,미참여,0.375,21
2025-01,광주 동구,학동,신선식품,20대,1221917,35,34911,미참여,0.342,27
2025-01,광주 동구,학동,신선식품,30대,727501,22,33068,미참여,0.36,12
2025-01,광주 동구,학동,신선식품,40대,676581,25,27063,미참여,0.265,9
2025-01,광주 동구,학동,신선식품,50대,1172255,34,34478,미참여,0.416,15
2025-01,광주 동구,학동,신선식품,60대 이상,977142,30,32571,미참여,0.458,11
2025-01,광주 동구,학동,생활용품,20대,468582,23,20373,미참여,0.366,27
2025-01,광주 동구,학동,생활용품,30대,550508,21,26214,미참여,0.351,15
2025-01,광주 동구,학동,생활용품,40대,658530,31,21242,미참여,0.225,6
2025-01,광주 동구,학동,생활용품,50대,746459,37,20174,미참여,0.353,4
2025-01,광주 동구,학동,생활용품,60대 이상,700903,36,19469,미참여,0.236,5
2025-01,광주 동구,학동,의류/잡화,20대,732714,17,43100,미참여,0.316,21
2025-01,광주 동구,학동,의류/잡화,30대,729716,23,31726,미참여,0.314,24
2025-01,광주 동구,학동,의류/잡화,40대,940708,29,32438,미참여,0.456,26
2025-01,광주 동구,학동,의류/잡화,50대,502437,13,38649,미참여,0.263,19
2025-01,광주 동구,학동,의류/잡화,60대 이상,726840,23,31601,미참여,0.295,16
2025-01,광주 동구,학동,미용/생활서비스,20대,677059,20,33852,미참여,0.448,14
2025-01,광주 동구,학동,미용/생활서비스,30대,553238,20,27661,미참여,0.467,10
2025-01,광주 동구,학동,미용/생활서비스,40대,596182,21,28389,미참여,0.285,16
2025-01,광주 동구,학동,미용/생활서비스,50대,473588,13,36429,미참여,0.349,16
2025-01,광주 동구,학동,미용/생활서비스,60대 이상,521366,19,27440,미참여,0.379,29
2025-01,광주 동구,학동,교육/학원,20대,1814598,23,78895,미참여,0.251,7
2025-01,광주 동구,학동,교육/학원,30대,3212204,33,97339,미참여,0.436,19
2025-01,광주 동구,학동,교육/학원,40대,879639,11,79967,미참여,0.377,19
2025-01,광주 동구,학동,교육/학원,50대,1834874,21,87374,미참여,0.152,16
2025-01,광주 동구,학동,교육/학원,60대 이상,2695988,27,99851,미참여,0.278,4
2025-01,광주 동구,학동,병원/약국,20대,1089040,37,29433,미참여,0.475,22
2025-01,광주 동구,학동,병원/약국,30대,617965,23,26868,미참여,0.495,15
2025-01,광주 동구,학동,병원/약국,40대,551878,20,27593,미참여,0.223,19
2025-01,광주 동구,학동,병원/약국,50대,629269,28,22473,미참여,0.342,21
2025-01,광주 동구,학동,병원/약국,60대 이상,1141974,42,27189,미참여,0.319,6
2025-01,광주 동구,학동,편의점/마트,20대,197380,19,10388,미참여,0.516,21
2025-01,광주 동구,학동,편의점/마트,30대,431679,33,13081,미참여,0.51,23
2025-01,광주 동구,학동,편의점/마트,40대,290150,20,14507,미참여,0.399,12
2025-01,광주 동구,학동,편의점/마트,50대,399119,32,12472,미참여,0.393,24
2025-01,광주 동구,학동,편의점/마트,60대 이상,570729,40,14268,미참여,0.405,9
2025-02,수원시 팔달구,행궁동,한식/분식,20대,528325,33,16009,미참여,0.378,18
2025-02,수원시 팔달구,행궁동,한식/분식,30대,380622,22,17301,미참여,0.364,42
2025-02,수원시 팔달구,행궁동,한식/분식,40대,1369265,89,15385,미참여,0.375,27
2025-02,수원시 팔달구,행궁동,한식/분식,50대,616526,39,15808,미참여,0.394,13
2025-02,수원시 팔달구,행궁동,한식/분식,60대 이상,696246,43,16191,미참여,0.553,39
2025-02,수원시 팔달구,행궁동,카페/디저트,20대,294893,34,8673,미참여,0.4,14
2025-02,수원시 팔달구,행궁동,카페/디저트,30대,209972,23,9129,미참여,0.198,14
2025-02,수원시 팔달구,행궁동,카페/디저트,40대,309884,31,9996,미참여,0.164,18
2025-02,수원시 팔달구,행궁동,카페/디저트,50대,234121,29,8073,미참여,0.498,20
2025-02,수원시 팔달구,행궁동,카페/디저트,60대 이상,268741,31,8669,미참여,0.227,22
2025-02,수원시 팔달구,행궁동,신선식품,20대,624724,25,24988,미참여,0.386,24
2025-02,수원시 팔달구,행궁동,신선식품,30대,710320,29,24493,미참여,0.341,21
2025-02,수원시 팔달구,행궁동,신선식품,40대,552668,22,25121,미참여,0.423,15
2025-02,수원시 팔달구,행궁동,신선식품,50대,1382086,57,24247,미참여,0.625,8
2025-02,수원시 팔달구,행궁동,신선식품,60대 이상,1074749,43,24994,미참여,0.36,17
2025-02,수원시 팔달구,행궁동,생활용품,20대,727523,30,24250,미참여,0.246,1
2025-02,수원시 팔달구,행궁동,생활용품,30대,1019800,38,26836,미참여,0.348,15
2025-02,수원시 팔달구,행궁동,생활용품,40대,940398,45,20897,미참여,0.434,18
2025-02,수원시 팔달구,행궁동,생활용품,50대,621754,33,18841,미참여,0.341,24
2025-02,수원시 팔달구,행궁동,생활용품,60대 이상,1210796,45,26906,미참여,0.258,23
2025-02,수원시 팔달구,행궁동,의류/잡화,20대,925490,22,42067,미참여,0.417,19
2025-02,수원시 팔달구,행궁동,의류/잡화,30대,586352,18,32575,미참여,0.367,20
2025-02,수원시 팔달구,행궁동,의류/잡화,40대,726125,18,40340,미참여,0.212,16
2025-02,수원시 팔달구,행궁동,의류/잡화,50대,653576,18,36309,미참여,0.315,15
2025-02,수원시 팔달구,행궁동,의류/잡화,60대 이상,527321,14,37665,미참여,0.468,16
2025-02,수원시 팔달구,행궁동,미용/생활서비스,20대,1093762,30,36458,미참여,0.453,15
2025-02,수원시 팔달구,행궁동,미용/생활서비스,30대,699124,19,36796,미참여,0.251,27
2025-02,수원시 팔달구,행궁동,미용/생활서비스,40대,983381,29,33909,미참여,0.404,13
2025-02,수원시 팔달구,행궁동,미용/생활서비스,50대,722329,25,28893,미참여,0.472,24
2025-02,수원시 팔달구,행궁동,미용/생활서비스,60대 이상,885372,32,27667,미참여,0.453,12
2025-02,수원시 팔달구,행궁동,교육/학원,20대,1559849,16,97490,미참여,0.328,4
2025-02,수원시 팔달구,행궁동,교육/학원,30대,1187221,16,74201,미참여,0.436,19
2025-02,수원시 팔달구,행궁동,교육/학원,40대,1557132,18,86507,미참여,0.284,29
2025-02,수원시 팔달구,행궁동,교육/학원,50대,1799977,19,94735,미참여,0.34,15
2025-02,수원시 팔달구,행궁동,교육/학원,60대 이상,1748767,19,92040,미참여,0.384,20
2025-02,수원시 팔달구,행궁동,병원/약국,20대,682648,23,29680,미참여,0.304,19
2025-02,수원시 팔달구,행궁동,병원/약국,30대,641932,25,25677,미참여,0.439,16
2025-02,수원시 팔달구,행궁동,병원/약국,40대,439409,21,20924,미참여,0.351,21
2025-02,수원시 팔달구,행궁동,병원/약국,50대,793120,34,23327,미참여,0.323,16
2025-02,수원시 팔달구,행궁동,병원/약국,60대 이상,813017,36,22583,미참여,0.306,11
2025-02,수원시 팔달구,행궁동,편의점/마트,20대,814391,65,12529,미참여,0.593,15
2025-02,수원시 팔달구,행궁동,편의점/마트,30대,188438,17,11084,미참여,0.387,20
2025-02,수원시 팔달구,행궁동,편의점/마트,40대,268582,26,10330,미참여,0.466,19
2025-02,수원시 팔달구,행궁동,편의점/마트,50대,325841,27,12068,미참여,0.529,7
2025-02,수원시 팔달구,행궁동,편의점/마트,60대 이상,370064,25,14802,미참여,0.452,10
2025-02,수원시 팔달구,매산동,한식/분식,20대,652247,36,18117,미참여,0.44,18
2025-02,수원시 팔달구,매산동,한식/분식,30대,427998,28,15285,미참여,0.353,13
2025-02,수원시 팔달구,매산동,한식/분식,40대,729976,41,17804,미참여,0.502,6
2025-02,수원시 팔달구,매산동,한식/분식,50대,1194311,67,17825,미참여,0.434,29
2025-02,수원시 팔달구,매산동,한식/분식,60대 이상,832528,46,18098,미참여,0.459,7
2025-02,수원시 팔달구,매산동,카페/디저트,20대,315457,31,10176,미참여,0.349,26
2025-02,수원시 팔달구,매산동,카페/디저트,30대,295984,32,9249,미참여,0.375,18
2025-02,수원시 팔달구,매산동,카페/디저트,40대,233402,31,7529,미참여,0.209,9
2025-02,수원시 팔달구,매산동,카페/디저트,50대,220210,23,9574,미참여,0.184,24
2025-02,수원시 팔달구,매산동,카페/디저트,60대 이상,224244,26,8624,미참여,0.365,33
2025-02,수원시 팔달구,매산동,신선식품,20대,844903,28,30175,미참여,0.451,27
2025-02,수원시 팔달구,매산동,신선식품,30대,838926,29,28928,미참여,0.52,17
2025-02,수원시 팔달구,매산동,신선식품,40대,1995983,59,33830,미참여,0.425,23
2025-02,수원시 팔달구,매산동,신선식품,50대,1208831,45,26862,미참여,0.418,15
2025-02,수원시 팔달구,매산동,신선식품,60대 이상,1150473,42,27392,미참여,0.376,12
2025-02,수원시 팔달구,매산동,생활용품,20대,812217,39,20826,미참여,0.454,29
2025-02,수원시 팔달구,매산동,생활용품,30대,809089,42,19264,미참여,0.486,26
2025-02,수원시 팔달구,매산동,생활용품,40대,677227,25,27089,미참여,0.459,8
2025-02,수원시 팔달구,매산동,생활용품,50대,769637,37,20801,미참여,0.312,10
2025-02,수원시 팔달구,매산동,생활용품,60대 이상,907743,41,22140,미참여,0.293,27
2025-02,수원시 팔달구,매산동,의류/잡화,20대,441995,12,36832,미참여,0.395,20
2025-02,수원시 팔달구,매산동,의류/잡화,30대,887371,26,34129,미참여,0.364,15
2025-02,수원시 팔달구,매산동,의류/잡화,40대,646139,19,34007,미참여,0.296,24
2025-02,수원시 팔달구,매산동,의류/잡화,50대,871463,20,43573,미참여,0.411,9
2025-02,수원시 팔달구,매산동,의류/잡화,60대 이상,470334,14,33595,미참여,0.164,15
2025-02,수원시 팔달구,매산동,미용/생활서비스,20대,793936,24,33080,미참여,0.291,18
2025-02,수원시 팔달구,매산동,미용/생활서비스,30대,470579,17,27681,미참여,0.167,18
2025-02,수원시 팔달구,매산동,미용/생활서비스,40대,549494,15,36632,미참여,0.386,23
2025-02,수원시 팔달구,매산동,미용/생활서비스,50대,624837,18,34713,미참여,0.378,12
2025-02,수원시 팔달구,매산동,미용/생활서비스,60대 이상,899010,29,31000,미참여,0.303,18
2025-02,수원시 팔달구,매산동,교육/학원,20대,1479604,18,82200,미참여,0.252,18
2025-02,수원시 팔달구,매산동,교육/학원,30대,1591729,21,75796,미참여,0.137,32
2025-02,수원시 팔달구,매산동,교육/학원,40대,1807349,18,100408,미참여,0.29,19
2025-02,수원시 팔달구,매산동,교육/학원,50대,845487,11,76862,미참여,0.288,7
2025-02,수원시 팔달구,매산동,교육/학원,60대 이상,2795656,29,96401,미참여,0.379,14
2025-02,수원시 팔달구,매산동,병원/약국,20대,599553,20,29977,미참여,0.269,11
2025-02,수원시 팔달구,매산동,병원/약국,30대,1067162,39,27363,미참여,0.394,25
2025-02,수원시 팔달구,매산동,병원/약국,40대,894954,30,29831,미참여,0.339,23
2025-02,수원시 팔달구,매산동,병원/약국,50대,515553,19,27134,미참여,0.29,17
2025-02,수원시 팔달구,매산동,병원/약국,60대 이상,1301166,49,26554,미참여,0.374,4
2025-02,수원시 팔달구,매산동,편의점/마트,20대,417757,31,13476,미참여,0.543,24
2025-02,수원시 팔달구,매산동,편의점/마트,30대,253582,19,13346,미참여,0.439,14
2025-02,수원시 팔달구,매산동,편의점/마트,40대,281813,21,13419,미참여,0.38,22
2025-02,수원시 팔달구,매산동,편의점/마트,50대,363752,32,11367,미참여,0.308,19
2025-02,수원시 팔달구,매산동,편의점/마트,60대 이상,318507,23,13848,미참여,0.256,12
2025-02,수원시 팔달구,고등동,한식/분식,20대,800859,51,15703,미참여,0.385,19
2025-02,수원시 팔달구,고등동,한식/분식,30대,619164,36,17199,미참여,0.544,27
2025-02,수원시 팔달구,고등동,한식/분식,40대,640109,46,13915,미참여,0.537,41
2025-02,수원시 팔달구,고등동,한식/분식,50대,617883,43,14369,미참여,0.507,28
2025-02,수원시 팔달구,고등동,한식/분식,60대 이상,627271,40,15681,미참여,0.547,29
2025-02,수원시 팔달구,고등동,카페/디저트,20대,310921,33,9421,미참여,0.308,23
2025-02,수원시 팔달구,고등동,카페/디저트,30대,283185,40,7079,미참여,0.242,20
2025-02,수원시 팔달구,고등동,카페/디저트,40대,206196,24,8591,미참여,0.388,13
2025-02,수원시 팔달구,고등동,카페/디저트,50대,181772,20,9088,미참여,0.297,14
2025-02,수원시 팔달구,고등동,카페/디저트,60대 이상,247536,31,7985,미참여,0.155,9
2025-02,수원시 팔달구,고등동,신선식품,20대,772154,29,26626,미참여,0.411,22
2025-02,수원시 팔달구,고등동,신선식품,30대,1528120,45,33958,미참여,0.489,19
2025-02,수원시 팔달구,고등동,신선식품,40대,1088073,40,27201,미참여,0.414,12
2025-02,수원시 팔달구,고등동,신선식품,50대,1457300,47,31006,미참여,0.386,28
2025-02,수원시 팔달구,고등동,신선식품,60대 이상,1698079,54,31445,미참여,0.305,25
2025-02,수원시 팔달구,고등동,생활용품,20대,1343888,49,27426,미참여,0.395,14
2025-02,수원시 팔달구,고등동,생활용품,30대,613683,24,25570,미참여,0.33,28
2025-02,수원시 팔달구,고등동,생활용품,40대,728662,34,21431,미참여,0.383,26
2025-02,수원시 팔달구,고등동,생활용품,50대,775095,29,26727,미참여,0.475,28
2025-02,수원시 팔달구,고등동,생활용품,60대 이상,550070,25,22002,미참여,0.259,24
2025-02,수원시 팔달구,고등동,의류/잡화,20대,1027260,29,35422,미참여,0.269,19
2025-02,수원시 팔달구,고등동,의류/잡화,30대,621490,19,32710,미참여,0.427,9
2025-02,수원시 팔달구,고등동,의류/잡화,40대,651512,15,43434,미참여,0.296,15
2025-02,수원시 팔달구,고등동,의류/잡화,50대,464813,15,30987,미참여,0.244,30
2025-02,수원시 팔달구,고등동,의류/잡화,60대 이상,549769,18,30542,미참여,0.369,11
2025-02,수원시 팔달구,고등동,미용/생활서비스,20대,1110623,36,30850,미참여,0.442,24
2025-02,수원시 팔달구,고등동,미용/생활서비스,30대,500618,19,26348,미참여,0.399,2
2025-02,수원시 팔달구,고등동,미용/생활서비스,40대,1011994,31,32644,미참여,0.331,24
2025-02,수원시 팔달구,고등동,미용/생활서비스,50대,599098,22,27231,미참여,0.319,21
2025-02,수원시 팔달구,고등동,미용/생활서비스,60대 이상,505160,16,31572,미참여,0.48,14
2025-02,수원시 팔달구,고등동,교육/학원,20대,921944,10,92194,미참여,0.453,1
2025-02,수원시 팔달구,고등동,교육/학원,30대,2325006,29,80172,미참여,0.382,26
2025-02,수원시 팔달구,고등동,교육/학원,40대,1808423,18,100467,미참여,0.211,14
2025-02,수원시 팔달구,고등동,교육/학원,50대,1865610,21,88838,미참여,0.397,9
2025-02,수원시 팔달구,고등동,교육/학원,60대 이상,1861554,18,103419,미참여,0.33,27
2025-02,수원시 팔달구,고등동,병원/약국,20대,645140,29,22246,미참여,0.204,16
2025-02,수원시 팔달구,고등동,병원/약국,30대,1097245,43,25517,미참여,0.413,33
2025-02,수원시 팔달구,고등동,병원/약국,40대,369325,14,26380,미참여,0.483,16
2025-02,수원시 팔달구,고등동,병원/약국,50대,761675,26,29295,미참여,0.292,29
2025-02,수원시 팔달구,고등동,병원/약국,60대 이상,1393470,52,26797,미참여,0.409,6
2025-02,수원시 팔달구,고등동,편의점/마트,20대,341107,25,13644,미참여,0.492,25
2025-02,수원시 팔달구,고등동,편의점/마트,30대,224137,15,14942,미참여,0.562,13
2025-02,수원시 팔달구,고등동,편의점/마트,40대,323404,28,11550,미참여,0.3,14
2025-02,수원시 팔달구,고등동,편의점/마트,50대,409361,40,10234,미참여,0.516,21
2025-02,수원시 팔달구,고등동,편의점/마트,60대 이상,315796,24,13158,미참여,0.441,14
2025-02,수원시 팔달구,인계동,한식/분식,20대,732222,43,17028,미참여,0.482,23
2025-02,수원시 팔달구,인계동,한식/분식,30대,718758,41,17530,미참여,0.375,29
2025-02,수원시 팔달구,인계동,한식/분식,40대,448612,34,13194,미참여,0.645,35
2025-02,수원시 팔달구,인계동,한식/분식,50대,729849,58,12583,미참여,0.495,25
2025-02,수원시 팔달구,인계동,한식/분식,60대 이상,541404,35,15468,미참여,0.423,1
2025-02,수원시 팔달구,인계동,카페/디저트,20대,218032,23,9479,미참여,0.243,17
2025-02,수원시 팔달구,인계동,카페/디저트,30대,341278,38,8981,미참여,0.279,18
2025-02,수원시 팔달구,인계동,카페/디저트,40대,299226,31,9652,미참여,0.35,20
2025-02,수원시 팔달구,인계동,카페/디저트,50대,166513,19,8763,미참여,0.272,18
2025-02,수원시 팔달구,인계동,카페/디저트,60대 이상,204273,28,7295,미참여,0.329,15
2025-02,수원시 팔달구,인계동,신선식품,20대,1171853,47,24933,미참여,0.295,29
2025-02,수원시 팔달구,인계동,신선식품,30대,1110465,42,26439,미참여,0.49,22
2025-02,수원시 팔달구,인계동,신선식품,40대,1100870,43,25601,미참여,0.523,25
2025-02,수원시 팔달구,인계동,신선식품,50대,1337116,39,34285,미참여,0.488,19
2025-02,수원시 팔달구,인계동,신선식품,60대 이상,1583355,54,29321,미참여,0.331,1
2025-02,수원시 팔달구,인계동,생활용품,20대,735952,31,23740,미참여,0.416,16
2025-02,수원시 팔달구,인계동,생활용품,30대,603253,29,20801,미참여,0.34,23
2025-02,수원시 팔달구,인계동,생활용품,40대,418206,22,19009,미참여,0.394,5
2025-02,수원시 팔달구,인계동,생활용품,50대,1087862,40,27196,미참여,0.224,15
2025-02,수원시 팔달구,인계동,생활용품,60대 이상,758969,37,20512,미참여,0.478,18
2025-02,수원시 팔달구,인계동,의류/잡화,20대,722482,18,40137,미참여,0.378,16
2025-02,수원시 팔달구,인계동,의류/잡화,30대,678924,16,42432,미참여,0.336,16
2025-02,수원시 팔달구,인계동,의류/잡화,40대,687403,16,42962,미참여,0.344,19
2025-02,수원시 팔달구,인계동,의류/잡화,50대,910422,23,39583,미참여,0.428,9
2025-02,수원시 팔달구,인계동,의류/잡화,60대 이상,306197,7,43742,미참여,0.403,22
2025-02,수원시 팔달구,인계동,미용/생활서비스,20대,520489,18,28916,미참여,0.472,13
2025-02,수원시 팔달구,인계동,미용/생활서비스,30대,481103,18,26727,미참여,0.412,17
2025-02,수원시 팔달구,인계동,미용/생활서비스,40대,716159,24,29839,미참여,0.299,21
2025-02,수원시 팔달구,인계동,미용/생활서비스,50대,884501,24,36854,미참여,0.456,34
2025-02,수원시 팔달구,인계동,미용/생활서비스,60대 이상,258896,10,25889,미참여,0.428,24
2025-02,수원시 팔달구,인계동,교육/학원,20대,907389,11,82489,미참여,0.288,8
2025-02,수원시 팔달구,인계동,교육/학원,30대,1904280,18,105793,미참여,0.363,14
2025-02,수원시 팔달구,인계동,교육/학원,40대,1795326,23,78057,미참여,0.295,10
2025-02,수원시 팔달구,인계동,교육/학원,50대,1578509,15,105233,미참여,0.289,24
2025-02,수원시 팔달구,인계동,교육/학원,60대 이상,1317475,14,94105,미참여,0.273,21
2025-02,수원시 팔달구,인계동,병원/약국,20대,379731,18,21096,미참여,0.281,29
2025-02,수원시 팔달구,인계동,병원/약국,30대,796484,27,29499,미참여,0.276,9
2025-02,수원시 팔달구,인계동,병원/약국,40대,518012,24,21583,미참여,0.198,10
2025-02,수원시 팔달구,인계동,병원/약국,50대,741485,31,23918,미참여,0.258,15
2025-02,수원시 팔달구,인계동,병원/약국,60대 이상,1028582,43,23920,미참여,0.374,12
2025-02,수원시 팔달구,인계동,편의점/마트,20대,655849,45,14574,미참여,0.316,19
2025-02,수원시 팔달구,인계동,편의점/마트,30대,373057,28,13323,미참여,0.58,20
2025-02,수원시 팔달구,인계동,편의점/마트,40대,392773,28,14027,미참여,0.39,19
2025-02,수원시 팔달구,인계동,편의점/마트,50대,257169,25,10286,미참여,0.529,2
2025-02,수원시 팔달구,인계동,편의점/마트,60대 이상,404431,36,11234,미참여,0.43,26
2025-02,수원시 영통구,영통동,한식/분식,20대,460448,26,17709,미참여,0.437,12
2025-02,수원시 영통구,영통동,한식/분식,30대,418745,29,14439,미참여,0.395,21
2025-02,수원시 영통구,영통동,한식/분식,40대,823196,50,16463,미참여,0.459,8
2025-02,수원시 영통구,영통동,한식/분식,50대,732444,49,14947,미참여,0.401,10
2025-02,수원시 영통구,영통동,한식/분식,60대 이상,958993,55,17436,미참여,0.371,16
2025-02,수원시 영통구,영통동,카페/디저트,20대,530580,63,8421,미참여,0.488,22
2025-02,수원시 영통구,영통동,카페/디저트,30대,269770,33,8174,미참여,0.474,24
2025-02,수원시 영통구,영통동,카페/디저트,40대,251320,32,7853,미참여,0.376,22
2025-02,수원시 영통구,영통동,카페/디저트,50대,275577,39,7066,미참여,0.367,45
2025-02,수원시 영통구,영통동,카페/디저트,60대 이상,197707,26,7604,미참여,0.34,28
2025-02,수원시 영통구,영통동,신선식품,20대,700313,22,31832,미참여,0.494,39
2025-02,수원시 영통구,영통동,신선식품,30대,518545,20,25927,미참여,0.268,15
2025-02,수원시 영통구,영통동,신선식품,40대,1123176,34,33034,미참여,0.364,17
2025-02,수원시 영통구,영통동,신선식품,50대,1006532,34,29603,미참여,0.437,14
2025-02,수원시 영통구,영통동,신선식품,60대 이상,1661254,53,31344,미참여,0.425,12
2025-02,수원시 영통구,영통동,생활용품,20대,524103,22,23822,미참여,0.257,14
2025-02,수원시 영통구,영통동,생활용품,30대,693684,32,21677,미참여,0.416,21
2025-02,수원시 영통구,영통동,생활용품,40대,438282,21,20870,미참여,0.547,13
2025-02,수원시 영통구,영통동,생활용품,50대,710147,30,23671,미참여,0.335,12
2025-02,수원시 영통구,영통동,생활용품,60대 이상,1014981,48,21145,미참여,0.163,17
2025-02,수원시 영통구,영통동,의류/잡화,20대,1010500,24,42104,미참여,0.381,16
2025-02,수원시 영통구,영통동,의류/잡화,30대,686714,16,42919,미참여,0.338,15
2025-02,수원시 영통구,영통동,의류/잡화,40대,713942,20,35697,미참여,0.417,16
2025-02,수원시 영통구,영통동,의류/잡화,50대,979124,27,36263,미참여,0.244,16
2025-02,수원시 영통구,영통동,의류/잡화,60대 이상,729774,17,42927,미참여,0.354,25
2025-02,수원시 영통구,영통동,미용/생활서비스,20대,725676,27,26876,미참여,0.358,10
2025-02,수원시 영통구,영통동,미용/생활서비스,30대,543686,21,25889,미참여,0.436,34
2025-02,수원시 영통구,영통동,미용/생활서비스,40대,561932,15,37462,미참여,0.186,13
2025-02,수원시 영통구,영통동,미용/생활서비스,50대,971794,32,30368,미참여,0.34,15
2025-02,수원시 영통구,영통동,미용/생활서비스,60대 이상,660481,23,28716,미참여,0.281,18
2025-02,수원시 영통구,영통동,교육/학원,20대,3609449,36,100262,미참여,0.372,25
2025-02,수원시 영통구,영통동,교육/학원,30대,2450037,32,76563,미참여,0.307,48
2025-02,수원시 영통구,영통동,교육/학원,40대,2401791,27,88955,미참여,0.338,29
2025-02,수원시 영통구,영통동,교육/학원,50대,1977923,24,82413,미참여,0.226,20
2025-02,수원시 영통구,영통동,교육/학원,60대 이상,2632626,36,73128,미참여,0.412,17
2025-02,수원시 영통구,영통동,병원/약국,20대,409914,20,20495,미참여,0.363,18
2025-02,수원시 영통구,영통동,병원/약국,30대,697883,25,27915,미참여,0.385,21
2025-02,수원시 영통구,영통동,병원/약국,40대,821422,30,27380,미참여,0.288,13
2025-02,수원시 영통구,영통동,병원/약국,50대,929571,31,29986,미참여,0.443,15
2025-02,수원시 영통구,영통동,병원/약국,60대 이상,1085829,53,20487,미참여,0.339,16
2025-02,수원시 영통구,영통동,편의점/마트,20대,590106,45,13113,미참여,0.477,16
2025-02,수원시 영통구,영통동,편의점/마트,30대,551894,52,10613,미참여,0.442,44
2025-02,수원시 영통구,영통동,편의점/마트,40대,279505,22,12704,미참여,0.422,20
2025-02,수원시 영통구,영통동,편의점/마트,50대,376347,36,10454,미참여,0.361,11
2025-02,수원시 영통구,영통동,편의점/마트,60대 이상,250104,21,11909,미참여,0.479,35
2025-02,수원시 영통구,광교동,한식/분식,20대,370770,30,12359,미참여,0.45,14
2025-02,수원시 영통구,광교동,한식/분식,30대,624989,40,15624,미참여,0.397,19
2025-02,수원시 영통구,광교동,한식/분식,40대,491792,39,12610,미참여,0.48,13
2025-02,수원시 영통구,광교동,한식/분식,50대,501134,29,17280,미참여,0.354,24
2025-02,수원시 영통구,광교동,한식/분식,60대 이상,423851,27,15698,미참여,0.644,23
2025-02,수원시 영통구,광교동,카페/디저트,20대,330881,45,7352,미참여,0.36,13
2025-02,수원시 영통구,광교동,카페/디저트,30대,606478,64,9476,미참여,0.376,18
2025-02,수원시 영통구,광교동,카페/디저트,40대,233738,25,9349,미참여,0.33,14
2025-02,수원시 영통구,광교동,카페/디저트,50대,278724,37,7533,미참여,0.404,32
2025-02,수원시 영통구,광교동,카페/디저트,60대 이상,237566,32,7423,미참여,0.378,42
2025-02,수원시 영통구,광교동,신선식품,20대,1184763,39,30378,미참여,0.421,12
2025-02,수원시 영통구,광교동,신선식품,30대,738366,26,28398,미참여,0.504,20
2025-02,수원시 영통구,광교동,신선식품,40대,825956,29,28481,미참여,0.356,10
2025-02,수원시 영통구,광교동,신선식품,50대,948709,33,28748,미참여,0.543,12
2025-02,수원시 영통구,광교동,신선식품,60대 이상,1574749,49,32137,미참여,0.528,14
2025-02,수원시 영통구,광교동,생활용품,20대,472625,18,26256,미참여,0.23,23
2025-02,수원시 영통구,광교동,생활용품,30대,705569,34,20752,미참여,0.313,23
2025-02,수원시 영통구,광교동,생활용품,40대,632056,29,21795,미참여,0.28,18
2025-02,수원시 영통구,광교동,생활용품,50대,1108035,43,25768,미참여,0.496,20
2025-02,수원시 영통구,광교동,생활용품,60대 이상,873028,41,21293,미참여,0.492,21
2025-02,수원시 영통구,광교동,의류/잡화,20대,824029,20,41201,미참여,0.357,23
2025-02,수원시 영통구,광교동,의류/잡화,30대,527985,16,32999,미참여,0.427,21
2025-02,수원시 영통구,광교동,의류/잡화,40대,681699,19,35878,미참여,0.282,11
2025-02,수원시 영통구,광교동,의류/잡화,50대,929171,26,35737,미참여,0.278,19
2025-02,수원시 영통구,광교동,의류/잡화,60대 이상,862084,21,41051,미참여,0.214,16
2025-02,수원시 영통구,광교동,미용/생활서비스,20대,838707,26,32257,미참여,0.448,19
2025-02,수원시 영통구,광교동,미용/생활서비스,30대,942236,31,30394,미참여,0.393,5
2025-02,수원시 영통구,광교동,미용/생활서비스,40대,432530,14,30895,미참여,0.373,26
2025-02,수원시 영통구,광교동,미용/생활서비스,50대,462755,16,28922,미참여,0.319,23
2025-02,수원시 영통구,광교동,미용/생활서비스,60대 이상,665783,23,28947,미참여,0.32,29
2025-02,수원시 영통구,광교동,교육/학원,20대,1825819,22,82991,미참여,0.405,27
2025-02,수원시 영통구,광교동,교육/학원,30대,3715610,45,82569,미참여,0.203,15
2025-02,수원시 영통구,광교동,교육/학원,40대,2901035,35,82886,미참여,0.356,15
2025-02,수원시 영통구,광교동,교육/학원,50대,1056454,12,88037,미참여,0.473,21
2025-02,수원시 영통구,광교동,교육/학원,60대 이상,2075248,25,83009,미참여,0.251,23
2025-02,수원시 영통구,광교동,병원/약국,20대,812643,32,25395,미참여,0.405,14
2025-02,수원시 영통구,광교동,병원/약국,30대,534336,22,24288,미참여,0.426,18
2025-02,수원시 영통구,광교동,병원/약국,40대,842994,32,26343,미참여,0.23,2
2025-02,수원시 영통구,광교동,병원/약국,50대,850926,29,29342,미참여,0.359,19
2025-02,수원시 영통구,광교동,병원/약국,60대 이상,1456693,55,26485,미참여,0.18,20
2025-02,수원시 영통구,광교동,편의점/마트,20대,606730,41,14798,미참여,0.353,20
2025-02,수원시 영통구,광교동,편의점/마트,30대,516031,42,12286,미참여,0.383,16
2025-02,수원시 영통구,광교동,편의점/마트,40대,481095,43,11188,미참여,0.396,4
2025-02,수원시 영통구,광교동,편의점/마트,50대,265606,21,12647,미참여,0.513,19
2025-02,수원시 영통구,광교동,편의점/마트,60대 이상,652587,45,14501,미참여,0.361,6
2025-02,수원시 영통구,매탄동,한식/분식,20대,321130,20,16056,미참여,0.492,13
2025-02,수원시 영통구,매탄동,한식/분식,30대,683868,38,17996,미참여,0.376,13
2025-02,수원시 영통구,매탄동,한식/분식,40대,528235,30,17607,미참여,0.309,30
2025-02,수원시 영통구,매탄동,한식/분식,50대,593071,38,15607,미참여,0.39,18
2025-02,수원시 영통구,매탄동,한식/분식,60대 이상,544891,34,16026,미참여,0.373,16
2025-02,수원시 영통구,매탄동,카페/디저트,20대,486127,57,8528,미참여,0.448,16
2025-02,수원시 영통구,매탄동,카페/디저트,30대,441641,45,9814,미참여,0.321,24
2025-02,수원시 영통구,매탄동,카페/디저트,40대,208441,27,7720,미참여,0.335,38
2025-02,수원시 영통구,매탄동,카페/디저트,50대,293408,36,8150,미참여,0.526,27
2025-02,수원시 영통구,매탄동,카페/디저트,60대 이상,363044,40,9076,미참여,0.286,19
2025-02,수원시 영통구,매탄동,신선식품,20대,1162925,40,29073,미참여,0.469,9
2025-02,수원시 영통구,매탄동,신선식품,30대,487623,17,28683,미참여,0.493,21
2025-02,수원시 영통구,매탄동,신선식품,40대,1132780,38,29810,미참여,0.386,23
2025-02,수원시 영통구,매탄동,신선식품,50대,821030,34,24147,미참여,0.41,17
2025-02,수원시 영통구,매탄동,신선식품,60대 이상,2108598,62,34009,미참여,0.538,7
2025-02,수원시 영통구,매탄동,생활용품,20대,356265,14,25447,미참여,0.238,7
2025-02,수원시 영통구,매탄동,생활용품,30대,533843,26,20532,미참여,0.418,13
2025-02,수원시 영통구,매탄동,생활용품,40대,631624,24,26317,미참여,0.334,17
2025-02,수원시 영통구,매탄동,생활용품,50대,802521,31,25887,미참여,0.336,35
2025-02,수원시 영통구,매탄동,생활용품,60대 이상,678455,32,21201,미참여,0.502,29
2025-02,수원시 영통구,매탄동,의류/잡화,20대,684586,19,36030,미참여,0.533,21
2025-02,수원시 영통구,매탄동,의류/잡화,30대,764605,24,31858,미참여,0.334,22
2025-02,수원시 영통구,매탄동,의류/잡화,40대,658244,18,36569,미참여,0.357,25
2025-02,수원시 영통구,매탄동,의류/잡화,50대,817087,26,31426,미참여,0.294,23
2025-02,수원시 영통구,매탄동,의류/잡화,60대 이상,1110996,30,37033,미참여,0.448,22
2025-02,수원시 영통구,매탄동,미용/생활서비스,20대,377649,12,31470,미참여,0.319,15
2025-02,수원시 영통구,매탄동,미용/생활서비스,30대,580649,22,26393,미참여,0.229,18
2025-02,수원시 영통구,매탄동,미용/생활서비스,40대,824629,24,34359,미참여,0.455,12
2025-02,수원시 영통구,매탄동,미용/생활서비스,50대,591566,23,25720,미참여,0.457,28
2025-02,수원시 영통구,매탄동,미용/생활서비스,60대 이상,548680,15,36578,미참여,0.282,20
2025-02,수원시 영통구,매탄동,교육/학원,20대,1917096,26,73734,미참여,0.387,21
2025-02,수원시 영통구,매탄동,교육/학원,30대,3055635,41,74527,미참여,0.331,33
2025-02,수원시 영통구,매탄동,교육/학원,40대,2990620,29,103124,미참여,0.409,40
2025-02,수원시 영통구,매탄동,교육/학원,50대,3268855,32,102151,미참여,0.304,1
2025-02,수원시 영통구,매탄동,교육/학원,60대 이상,1356994,13,104384,미참여,0.321,7
2025-02,수원시 영통구,매탄동,병원/약국,20대,769719,28,27489,미참여,0.38,24
2025-02,수원시 영통구,매탄동,병원/약국,30대,736872,34,21672,미참여,0.283,24
2025-02,수원시 영통구,매탄동,병원/약국,40대,900118,40,22502,미참여,0.538,10
2025-02,수원시 영통구,매탄동,병원/약국,50대,1360467,47,28946,미참여,0.421,14
2025-02,수원시 영통구,매탄동,병원/약국,60대 이상,987137,38,25977,미참여,0.295,28
2025-02,수원시 영통구,매탄동,편의점/마트,20대,532921,51,10449,미참여,0.418,29
2025-02,수원시 영통구,매탄동,편의점/마트,30대,390333,27,14456,미참여,0.554,15
2025-02,수원시 영통구,매탄동,편의점/마트,40대,375248,27,13898,미참여,0.431,8
2025-02,수원시 영통구,매탄동,편의점/마트,50대,430958,31,13901,미참여,0.274,31
2025-02,수원시 영통구,매탄동,편의점/마트,60대 이상,426181,34,12534,미참여,0.311,20
2025-02,수원시 영통구,원천동,한식/분식,20대,519830,31,16768,미참여,0.344,15
2025-02,수원시 영통구,원천동,한식/분식,30대,522200,39,13389,미참여,0.379,7
2025-02,수원시 영통구,원천동,한식/분식,40대,439410,33,13315,미참여,0.436,5
2025-02,수원시 영통구,원천동,한식/분식,50대,411756,25,16470,미참여,0.394,12
2025-02,수원시 영통구,원천동,한식/분식,60대 이상,724243,49,14780,미참여,0.428,16
2025-02,수원시 영통구,원천동,카페/디저트,20대,204548,24,8522,미참여,0.438,26
2025-02,수원시 영통구,원천동,카페/디저트,30대,487075,49,9940,미참여,0.358,13
2025-02,수원시 영통구,원천동,카페/디저트,40대,303796,31,9799,미참여,0.386,19
2025-02,수원시 영통구,원천동,카페/디저트,50대,156506,22,7113,미참여,0.311,39
2025-02,수원시 영통구,원천동,카페/디저트,60대 이상,202168,29,6971,미참여,0.31,12
2025-02,수원시 영통구,원천동,신선식품,20대,934088,27,34595,미참여,0.417,18
2025-02,수원시 영통구,원천동,신선식품,30대,621475,25,24859,미참여,0.482,27
2025-02,수원시 영통구,원천동,신선식품,40대,1015494,33,30772,미참여,0.432,7
2025-02,수원시 영통구,원천동,신선식품,50대,1827957,55,33235,미참여,0.395,19
2025-02,수원시 영통구,원천동,신선식품,60대 이상,834157,24,34756,미참여,0.426,9
2025-02,수원시 영통구,원천동,생활용품,20대,449735,20,22486,미참여,0.401,15
2025-02,수원시 영통구,원천동,생활용품,30대,777961,41,18974,미참여,0.353,21
2025-02,수원시 영통구,원천동,생활용품,40대,493312,18,27406,미참여,0.36,15
2025-02,수원시 영통구,원천동,생활용품,50대,631323,27,23382,미참여,0.52,16
2025-02,수원시 영통구,원천동,생활용품,60대 이상,428327,17,25195,미참여,0.378,8
2025-02,수원시 영통구,원천동,의류/잡화,20대,990804,30,33026,미참여,0.391,32
2025-02,수원시 영통구,원천동,의류/잡화,30대,1061415,29,36600,미참여,0.193,18
2025-02,수원시 영통구,원천동,의류/잡화,40대,858379,20,42918,미참여,0.324,17
2025-02,수원시 영통구,원천동,의류/잡화,50대,646344,16,40396,미참여,0.377,16
2025-02,수원시 영통구,원천동,의류/잡화,60대 이상,916176,22,41644,미참여,0.143,15
2025-02,수원시 영통구,원천동,미용/생활서비스,20대,689906,19,36310,미참여,0.449,28
2025-02,수원시 영통구,원천동,미용/생활서비스,30대,317332,12,26444,미참여,0.131,22
2025-02,수원시 영통구,원천동,미용/생활서비스,40대,607143,22,27597,미참여,0.353,19
2025-02,수원시 영통구,원천동,미용/생활서비스,50대,744209,20,37210,미참여,0.296,6
2025-02,수원시 영통구,원천동,미용/생활서비스,60대 이상,894290,28,31938,미참여,0.329,17
2025-02,수원시 영통구,원천동,교육/학원,20대,2010349,21,95730,미참여,0.179,37
2025-02,수원시 영통구,원천동,교육/학원,30대,3262834,31,105252,미참여,0.382,12
2025-02,수원시 영통구,원천동,교육/학원,40대,2507614,25,100304,미참여,0.613,14
2025-02,수원시 영통구,원천동,교육/학원,50대,1544480,16,96530,미참여,0.405,15
2025-02,수원시 영통구,원천동,교육/학원,60대 이상,1779793,21,84752,미참여,0.323,18
2025-02,수원시 영통구,원천동,병원/약국,20대,620424,25,24816,미참여,0.299,13
2025-02,수원시 영통구,원천동,병원/약국,30대,389216,18,21623,미참여,0.293,19
2025-02,수원시 영통구,원천동,병원/약국,40대,489533,18,27196,미참여,0.204,20
2025-02,수원시 영통구,원천동,병원/약국,50대,885478,36,24596,미참여,0.411,7
2025-02,수원시 영통구,원천동,병원/약국,60대 이상,891856,39,22868,미참여,0.146,15
2025-02,수원시 영통구,원천동,편의점/마트,20대,638171,53,12040,미참여,0.471,28
2025-02,수원시 영통구,원천동,편의점/마트,30대,425750,41,10384,미참여,0.433,29
2025-02,수원시 영통구,원천동,편의점/마트,40대,328360,32,10261,미참여,0.416,29
2025-02,수원시 영통구,원천동,편의점/마트,50대,364888,29,12582,미참여,0.58,13
2025-02,수원시 영통구,원천동,편의점/마트,60대 이상,464504,33,14075,미참여,0.409,13
2025-02,광주 북구,용봉동,한식/분식,20대,523953,41,12779,미참여,0.488,12
2025-02,광주 북구,용봉동,한식/분식,30대,444643,34,13077,미참여,0.488,23
2025-02,광주 북구,용봉동,한식/분식,40대,832915,47,17721,미참여,0.536,26
2025-02,광주 북구,용봉동,한식/분식,50대,506080,40,12652,미참여,0.439,2
2025-02,광주 북구,용봉동,한식/분식,60대 이상,619264,39,15878,미참여,0.542,42
2025-02,광주 북구,용봉동,카페/디저트,20대,272364,37,7361,미참여,0.35,8
2025-02,광주 북구,용봉동,카페/디저트,30대,397938,49,8121,미참여,0.2,8
2025-02,광주 북구,용봉동,카페/디저트,40대,234936,23,10214,미참여,0.286,27
2025-02,광주 북구,용봉동,카페/디저트,50대,349073,42,8311,미참여,0.31,37
2025-02,광주 북구,용봉동,카페/디저트,60대 이상,224533,26,8635,미참여,0.473,21
2025-02,광주 북구,용봉동,신선식품,20대,892385,28,31870,미참여,0.518,18
2025-02,광주 북구,용봉동,신선식품,30대,1114221,46,24222,미참여,0.492,2
2025-02,광주 북구,용봉동,신선식품,40대,565142,22,25688,미참여,0.579,22
2025-02,광주 북구,용봉동,신선식품,50대,1749430,62,28216,미참여,0.609,20
2025-02,광주 북구,용봉동,신선식품,60대 이상,985230,40,24630,미참여,0.469,15
2025-02,광주 북구,용봉동,생활용품,20대,656376,31,21173,미참여,0.26,24
2025-02,광주 북구,용봉동,생활용품,30대,811741,33,24598,미참여,0.392,11
2025-02,광주 북구,용봉동,생활용품,40대,506845,25,20273,미참여,0.331,27
2025-02,광주 북구,용봉동,생활용품,50대,707024,28,25250,미참여,0.345,24
2025-02,광주 북구,용봉동,생활용품,60대 이상,966321,39,24777,미참여,0.546,22
2025-02,광주 북구,용봉동,의류/잡화,20대,1409077,35,40259,미참여,0.574,16
2025-02,광주 북구,용봉동,의류/잡화,30대,692575,18,38476,미참여,0.173,13
2025-02,광주 북구,용봉동,의류/잡화,40대,590970,15,39398,미참여,0.222,18
2025-02,광주 북구,용봉동,의류/잡화,50대,413586,13,31814,미참여,0.424,23
2025-02,광주 북구,용봉동,의류/잡화,60대 이상,813579,21,38741,미참여,0.36,15
2025-02,광주 북구,용봉동,미용/생활서비스,20대,691898,24,28829,미참여,0.474,25
2025-02,광주 북구,용봉동,미용/생활서비스,30대,1031560,32,32236,미참여,0.357,25
2025-02,광주 북구,용봉동,미용/생활서비스,40대,926907,25,37076,미참여,0.354,23
2025-02,광주 북구,용봉동,미용/생활서비스,50대,659624,19,34717,미참여,0.275,25
2025-02,광주 북구,용봉동,미용/생활서비스,60대 이상,541098,15,36073,미참여,0.402,7
2025-02,광주 북구,용봉동,교육/학원,20대,2200965,23,95694,미참여,0.235,11
2025-02,광주 북구,용봉동,교육/학원,30대,1392812,19,73305,미참여,0.489,20
2025-02,광주 북구,용봉동,교육/학원,40대,1440232,17,84719,미참여,0.322,7
2025-02,광주 북구,용봉동,교육/학원,50대,1480609,14,105757,미참여,0.417,18
2025-02,광주 북구,용봉동,교육/학원,60대 이상,1647023,19,86685,미참여,0.356,23
2025-02,광주 북구,용봉동,병원/약국,20대,535369,19,28177,미참여,0.371,12
2025-02,광주 북구,용봉동,병원/약국,30대,803909,38,21155,미참여,0.248,20
2025-02,광주 북구,용봉동,병원/약국,40대,784635,30,26154,미참여,0.398,12
2025-02,광주 북구,용봉동,병원/약국,50대,621136,23,27005,미참여,0.331,10
2025-02,광주 북구,용봉동,병원/약국,60대 이상,894799,31,28864,미참여,0.34,19
2025-02,광주 북구,용봉동,편의점/마트,20대,517709,38,13623,미참여,0.535,28
2025-02,광주 북구,용봉동,편의점/마트,30대,273026,20,13651,미참여,0.598,18
2025-02,광주 북구,용봉동,편의점/마트,40대,227118,22,10323,미참여,0.528,14
2025-02,광주 북구,용봉동,편의점/마트,50대,372526,36,10347,미참여,0.429,22
2025-02,광주 북구,용봉동,편의점/마트,60대 이상,259816,20,12990,미참여,0.297,19
2025-02,광주 북구,운암동,한식/분식,20대,530153,43,12329,미참여,0.36,14
2025-02,광주 북구,운암동,한식/분식,30대,325524,23,14153,미참여,0.495,26
2025-02,광주 북구,운암동,한식/분식,40대,417542,33,12652,미참여,0.416,14
2025-02,광주 북구,운암동,한식/분식,50대,515623,29,17780,미참여,0.443,30
2025-02,광주 북구,운암동,한식/분식,60대 이상,579073,35,16544,미참여,0.532,21
2025-02,광주 북구,운암동,카페/디저트,20대,458752,63,7281,미참여,0.316,10
2025-02,광주 북구,운암동,카페/디저트,30대,249461,27,9239,미참여,0.437,18
2025-02,광주 북구,운암동,카페/디저트,40대,195366,23,8494,미참여,0.388,30
2025-02,광주 북구,운암동,카페/디저트,50대,196412,28,7014,미참여,0.447,12
2025-02,광주 북구,운암동,카페/디저트,60대 이상,283943,34,8351,미참여,0.221,16
2025-02,광주 북구,운암동,신선식품,20대,442324,17,26019,미참여,0.38,10
2025-02,광주 북구,운암동,신선식품,30대,773066,32,24158,미참여,0.636,31
2025-02,광주 북구,운암동,신선식품,40대,1093563,45,24301,미참여,0.424,13
2025-02,광주 북구,운암동,신선식품,50대,1188491,36,33013,미참여,0.387,8
2025-02,광주 북구,운암동,신선식품,60대 이상,883199,30,29439,미참여,0.406,27
2025-02,광주 북구,운암동,생활용품,20대,805559,35,23015,미참여,0.397,18
2025-02,광주 북구,운암동,생활용품,30대,824562,32,25767,미참여,0.376,17
2025-02,광주 북구,운암동,생활용품,40대,759343,34,22333,미참여,0.293,21
2025-02,광주 북구,운암동,생활용품,50대,758759,34,22316,미참여,0.47,28
2025-02,광주 북구,운암동,생활용품,60대 이상,755779,36,20993,미참여,0.296,24
2025-02,광주 북구,운암동,의류/잡화,20대,999654,29,34470,미참여,0.299,15
2025-02,광주 북구,운암동,의류/잡화,30대,618885,17,36405,미참여,0.475,8
2025-02,광주 북구,운암동,의류/잡화,40대,729609,23,31722,미참여,0.477,23
2025-02,광주 북구,운암동,의류/잡화,50대,980341,32,30635,미참여,0.296,18
2025-02,광주 북구,운암동,의류/잡화,60대 이상,1076192,26,41392,미참여,0.317,23
2025-02,광주 북구,운암동,미용/생활서비스,20대,413946,16,25871,미참여,0.432,16
2025-02,광주 북구,운암동,미용/생활서비스,30대,933919,27,34589,미참여,0.433,25
2025-02,광주 북구,운암동,미용/생활서비스,40대,534596,19,28136,미참여,0.48,15
2025-02,광주 북구,운암동,미용/생활서비스,50대,1066903,30,35563,미참여,0.243,22
2025-02,광주 북구,운암동,미용/생활서비스,60대 이상,431668,15,28777,미참여,0.33,7
2025-02,광주 북구,운암동,교육/학원,20대,2486058,26,95617,미참여,0.175,24
2025-02,광주 북구,운암동,교육/학원,30대,2134405,29,73600,미참여,0.333,26
2025-02,광주 북구,운암동,교육/학원,40대,2561160,26,98506,미참여,0.559,14
2025-02,광주 북구,운암동,교육/학원,50대,1714815,17,100871,미참여,0.315,27
2025-02,광주 북구,운암동,교육/학원,60대 이상,1359821,17,79989,미참여,0.475,18
2025-02,광주 북구,운암동,병원/약국,20대,450430,21,21449,미참여,0.34,18
2025-02,광주 북구,운암동,병원/약국,30대,594824,20,29741,미참여,0.267,17
2025-02,광주 북구,운암동,병원/약국,40대,760587,35,21731,미참여,0.337,16
2025-02,광주 북구,운암동,병원/약국,50대,1356168,56,24217,미참여,0.245,12
2025-02,광주 북구,운암동,병원/약국,60대 이상,1029075,45,22868,미참여,0.163,16
2025-02,광주 북구,운암동,편의점/마트,20대,414503,34,12191,미참여,0.511,25
2025-02,광주 북구,운암동,편의점/마트,30대,468321,36,13008,미참여,0.408,1
2025-02,광주 북구,운암동,편의점/마트,40대,224835,21,10706,미참여,0.531,26
2025-02,광주 북구,운암동,편의점/마트,50대,462220,32,14444,미참여,0.415,25
2025-02,광주 북구,운암동,편의점/마트,60대 이상,244575,22,11117,미참여,0.615,7
2025-02,광주 북구,일곡동,한식/분식,20대,664877,42,15830,미참여,0.428,10
2025-02,광주 북구,일곡동,한식/분식,30대,662476,47,14095,미참여,0.287,16
2025-02,광주 북구,일곡동,한식/분식,40대,662115,43,15398,미참여,0.509,9
2025-02,광주 북구,일곡동,한식/분식,50대,308160,25,12326,미참여,0.397,26
2025-02,광주 북구,일곡동,한식/분식,60대 이상,840530,58,14491,미참여,0.391,24
2025-02,광주 북구,일곡동,카페/디저트,20대,324715,35,9277,미참여,0.234,32
2025-02,광주 북구,일곡동,카페/디저트,30대,449599,45,9991,미참여,0.248,14
2025-02,광주 북구,일곡동,카페/디저트,40대,231451,23,10063,미참여,0.3,24
2025-02,광주 북구,일곡동,카페/디저트,50대,295714,31,9539,미참여,0.293,1
2025-02,광주 북구,일곡동,카페/디저트,60대 이상,184371,20,9218,미참여,0.229,18
2025-02,광주 북구,일곡동,신선식품,20대,864873,32,27027,미참여,0.501,11
2025-02,광주 북구,일곡동,신선식품,30대,280642,11,25512,미참여,0.361,14
2025-02,광주 북구,일곡동,신선식품,40대,1298298,46,28223,미참여,0.331,13
2025-02,광주 북구,일곡동,신선식품,50대,1162863,43,27043,미참여,0.367,18
2025-02,광주 북구,일곡동,신선식품,60대 이상,1121008,40,28025,미참여,0.321,23
2025-02,광주 북구,일곡동,생활용품,20대,401748,20,20087,미참여,0.398,15
2025-02,광주 북구,일곡동,생활용품,30대,708101,33,21457,미참여,0.443,13
2025-02,광주 북구,일곡동,생활용품,40대,824618,31,26600,미참여,0.412,4
2025-02,광주 북구,일곡동,생활용품,50대,839564,36,23321,미참여,0.329,9
2025-02,광주 북구,일곡동,생활용품,60대 이상,846813,36,23522,미참여,0.436,26
2025-02,광주 북구,일곡동,의류/잡화,20대,1059285,27,39232,미참여,0.344,15
2025-02,광주 북구,일곡동,의류/잡화,30대,532310,14,38022,미참여,0.446,16
2025-02,광주 북구,일곡동,의류/잡화,40대,517094,16,32318,미참여,0.24,27
2025-02,광주 북구,일곡동,의류/잡화,50대,593968,19,31261,미참여,0.363,13
2025-02,광주 북구,일곡동,의류/잡화,60대 이상,677620,19,35664,미참여,0.319,17
2025-02,광주 북구,일곡동,미용/생활서비스,20대,1070026,30,35667,미참여,0.319,17
2025-02,광주 북구,일곡동,미용/생활서비스,30대,574914,17,33818,미참여,0.402,21
2025-02,광주 북구,일곡동,미용/생활서비스,40대,637962,18,35442,미참여,0.288,23
2025-02,광주 북구,일곡동,미용/생활서비스,50대,530359,19,27913,미참여,0.304,10
2025-02,광주 북구,일곡동,미용/생활서비스,60대 이상,603710,21,28748,미참여,0.357,15
2025-02,광주 북구,일곡동,교육/학원,20대,1855146,19,97639,미참여,0.349,26
2025-02,광주 북구,일곡동,교육/학원,30대,1221525,14,87251,미참여,0.34,25
2025-02,광주 북구,일곡동,교육/학원,40대,2607941,30,86931,미참여,0.333,28
2025-02,광주 북구,일곡동,교육/학원,50대,2473561,25,98942,미참여,0.37,27
2025-02,광주 북구,일곡동,교육/학원,60대 이상,1663476,17,97851,미참여,0.543,14
2025-02,광주 북구,일곡동,병원/약국,20대,949592,37,25664,미참여,0.295,10
2025-02,광주 북구,일곡동,병원/약국,30대,372673,17,21921,미참여,0.324,19
2025-02,광주 북구,일곡동,병원/약국,40대,610074,22,27730,미참여,0.479,16
2025-02,광주 북구,일곡동,병원/약국,50대,713270,29,24595,미참여,0.482,13
2025-02,광주 북구,일곡동,병원/약국,60대 이상,812794,36,22577,미참여,0.191,30
2025-02,광주 북구,일곡동,편의점/마트,20대,571687,40,14292,미참여,0.425,6
2025-02,광주 북구,일곡동,편의점/마트,30대,329537,31,10630,미참여,0.491,24
2025-02,광주 북구,일곡동,편의점/마트,40대,517748,35,14792,미참여,0.499,17
2025-02,광주 북구,일곡동,편의점/마트,50대,324932,29,11204,미참여,0.216,19
2025-02,광주 북구,일곡동,편의점/마트,60대 이상,219034,21,10430,미참여,0.464,28
2025-02,광주 북구,두암동,한식/분식,20대,662214,48,13796,미참여,0.395,15
2025-02,광주 북구,두암동,한식/분식,30대,472010,30,15733,미참여,0.394,22
2025-02,광주 북구,두암동,한식/분식,40대,595084,44,13524,미참여,0.342,38
2025-02,광주 북구,두암동,한식/분식,50대,571074,33,17305,미참여,0.453,19
2025-02,광주 북구,두암동,한식/분식,60대 이상,744298,50,14885,미참여,0.316,35
2025-02,광주 북구,두암동,카페/디저트,20대,794149,80,9926,미참여,0.425,15
2025-02,광주 북구,두암동,카페/디저트,30대,203581,29,7020,미참여,0.285,13
2025-02,광주 북구,두암동,카페/디저트,40대,297027,32,9282,미참여,0.372,15
2025-02,광주 북구,두암동,카페/디저트,50대,216387,25,8655,미참여,0.291,16
2025-02,광주 북구,두암동,카페/디저트,60대 이상,341650,34,10048,미참여,0.351,21
2025-02,광주 북구,두암동,신선식품,20대,572553,21,27264,미참여,0.473,13
2025-02,광주 북구,두암동,신선식품,30대,1026260,33,31098,미참여,0.52,25
2025-02,광주 북구,두암동,신선식품,40대,1399779,41,34140,미참여,0.537,16
2025-02,광주 북구,두암동,신선식품,50대,971575,34,28575,미참여,0.393,18
2025-02,광주 북구,두암동,신선식품,60대 이상,1329291,43,30913,미참여,0.559,19
2025-02,광주 북구,두암동,생활용품,20대,715784,27,26510,미참여,0.444,20
2025-02,광주 북구,두암동,생활용품,30대,1004523,41,24500,미참여,0.38,1
2025-02,광주 북구,두암동,생활용품,40대,703514,36,19542,미참여,0.256,35
2025-02,광주 북구,두암동,생활용품,50대,669889,28,23924,미참여,0.405,24
2025-02,광주 북구,두암동,생활용품,60대 이상,938795,40,23469,미참여,0.196,17
2025-02,광주 북구,두암동,의류/잡화,20대,603182,18,33510,미참여,0.264,21
2025-02,광주 북구,두암동,의류/잡화,30대,607618,15,40507,미참여,0.326,20
2025-02,광주 북구,두암동,의류/잡화,40대,849012,21,40429,미참여,0.536,19
2025-02,광주 북구,두암동,의류/잡화,50대,933930,22,42451,미참여,0.377,29
2025-02,광주 북구,두암동,의류/잡화,60대 이상,739581,19,38925,미참여,0.499,13
2025-02,광주 북구,두암동,미용/생활서비스,20대,820698,27,30396,미참여,0.251,23
2025-02,광주 북구,두암동,미용/생활서비스,30대,837940,23,36432,미참여,0.458,18
2025-02,광주 북구,두암동,미용/생활서비스,40대,573598,17,33741,미참여,0.251,22
2025-02,광주 북구,두암동,미용/생활서비스,50대,681654,22,30984,미참여,0.489,29
2025-02,광주 북구,두암동,미용/생활서비스,60대 이상,688330,24,28680,미참여,0.138,29
2025-02,광주 북구,두암동,교육/학원,20대,1510823,19,79517,미참여,0.316,8
2025-02,광주 북구,두암동,교육/학원,30대,1575233,18,87512,미참여,0.222,19
2025-02,광주 북구,두암동,교육/학원,40대,1426899,16,89181,미참여,0.529,30
2025-02,광주 북구,두암동,교육/학원,50대,1696852,17,99814,미참여,0.215,17
2025-02,광주 북구,두암동,교육/학원,60대 이상,771101,8,96387,미참여,0.246,18
2025-02,광주 북구,두암동,병원/약국,20대,494392,19,26020,미참여,0.298,16
2025-02,광주 북구,두암동,병원/약국,30대,561110,21,26719,미참여,0.57,21
2025-02,광주 북구,두암동,병원/약국,40대,907277,32,28352,미참여,0.249,12
2025-02,광주 북구,두암동,병원/약국,50대,756927,30,25230,미참여,0.364,15
2025-02,광주 북구,두암동,병원/약국,60대 이상,1347240,55,24495,미참여,0.524,19
2025-02,광주 북구,두암동,편의점/마트,20대,594156,43,13817,미참여,0.383,8
2025-02,광주 북구,두암동,편의점/마트,30대,381846,34,11230,미참여,0.309,11
2025-02,광주 북구,두암동,편의점/마트,40대,235220,19,12380,미참여,0.447,17
2025-02,광주 북구,두암동,편의점/마트,50대,260712,20,13035,미참여,0.297,30
2025-02,광주 북구,두암동,편의점/마트,60대 이상,340814,27,12622,미참여,0.318,21
2025-02,광주 동구,충장동,한식/분식,20대,743116,43,17281,미참여,0.365,13
2025-02,광주 동구,충장동,한식/분식,30대,405473,25,16218,미참여,0.515,23
2025-02,광주 동구,충장동,한식/분식,40대,732153,55,13311,미참여,0.353,15
2025-02,광주 동구,충장동,한식/분식,50대,692071,53,13057,미참여,0.368,33
2025-02,광주 동구,충장동,한식/분식,60대 이상,452098,28,16146,미참여,0.332,46
2025-02,광주 동구,충장동,카페/디저트,20대,329818,36,9161,미참여,0.389,15
2025-02,광주 동구,충장동,카페/디저트,30대,241701,28,8632,미참여,0.344,12
2025-02,광주 동구,충장동,카페/디저트,40대,347609,34,10223,미참여,0.429,25
2025-02,광주 동구,충장동,카페/디저트,50대,162209,22,7373,미참여,0.311,10
2025-02,광주 동구,충장동,카페/디저트,60대 이상,371862,40,9296,미참여,0.189,30
2025-02,광주 동구,충장동,신선식품,20대,838065,24,34919,미참여,0.397,22
2025-02,광주 동구,충장동,신선식품,30대,802069,30,26735,미참여,0.34,5
2025-02,광주 동구,충장동,신선식품,40대,1286260,53,24269,미참여,0.67,18
2025-02,광주 동구,충장동,신선식품,50대,2001639,60,33360,미참여,0.475,15
2025-02,광주 동구,충장동,신선식품,60대 이상,1336646,55,24302,미참여,0.425,23
2025-02,광주 동구,충장동,생활용품,20대,443152,23,19267,미참여,0.522,26
2025-02,광주 동구,충장동,생활용품,30대,844112,35,24117,미참여,0.49,4
2025-02,광주 동구,충장동,생활용품,40대,715643,36,19878,미참여,0.325,13
2025-02,광주 동구,충장동,생활용품,50대,700526,31,22597,미참여,0.348,17
2025-02,광주 동구,충장동,생활용품,60대 이상,1093110,44,24843,미참여,0.293,15
2025-02,광주 동구,충장동,의류/잡화,20대,1063251,29,36663,미참여,0.421,6
2025-02,광주 동구,충장동,의류/잡화,30대,1008153,25,40326,미참여,0.495,34
2025-02,광주 동구,충장동,의류/잡화,40대,1132554,26,43559,미참여,0.429,28
2025-02,광주 동구,충장동,의류/잡화,50대,839742,23,36510,미참여,0.466,22
2025-02,광주 동구,충장동,의류/잡화,60대 이상,696551,23,30284,미참여,0.452,25
2025-02,광주 동구,충장동,미용/생활서비스,20대,466993,17,27470,미참여,0.227,14
2025-02,광주 동구,충장동,미용/생활서비스,30대,631229,19,33222,미참여,0.209,11
2025-02,광주 동구,충장동,미용/생활서비스,40대,916278,25,36651,미참여,0.419,15
2025-02,광주 동구,충장동,미용/생활서비스,50대,566226,16,35389,미참여,0.351,17
2025-02,광주 동구,충장동,미용/생활서비스,60대 이상,785791,22,35717,미참여,0.445,20
2025-02,광주 동구,충장동,교육/학원,20대,1017042,14,72645,미참여,0.526,22
2025-02,광주 동구,충장동,교육/학원,30대,1862987,25,74519,미참여,0.371,11
2025-02,광주 동구,충장동,교육/학원,40대,1639745,18,91096,미참여,0.459,11
2025-02,광주 동구,충장동,교육/학원,50대,1980418,21,94305,미참여,0.422,32
2025-02,광주 동구,충장동,교육/학원,60대 이상,1752400,19,92231,미참여,0.28,13
2025-02,광주 동구,충장동,병원/약국,20대,532209,21,25343,미참여,0.355,24
2025-02,광주 동구,충장동,병원/약국,30대,733755,31,23669,미참여,0.411,5
2025-02,광주 동구,충장동,병원/약국,40대,550224,23,23922,미참여,0.33,17
2025-02,광주 동구,충장동,병원/약국,50대,454339,17,26725,미참여,0.407,15
2025-02,광주 동구,충장동,병원/약국,60대 이상,1010805,42,24066,미참여,0.262,19
2025-02,광주 동구,충장동,편의점/마트,20대,440191,31,14199,미참여,0.588,15
2025-02,광주 동구,충장동,편의점/마트,30대,246757,22,11216,미참여,0.391,12
2025-02,광주 동구,충장동,편의점/마트,40대,336500,26,12942,미참여,0.432,22
2025-02,광주 동구,충장동,편의점/마트,50대,304513,26,11712,미참여,0.483,18
2025-02,광주 동구,충장동,편의점/마트,60대 이상,334968,30,11165,미참여,0.382,27
2025-02,광주 동구,동명동,한식/분식,20대,549149,36,15254,미참여,0.458,27
2025-02,광주 동구,동명동,한식/분식,30대,614996,37,16621,미참여,0.492,30
2025-02,광주 동구,동명동,한식/분식,40대,752505,50,15050,미참여,0.535,16
2025-02,광주 동구,동명동,한식/분식,50대,612289,34,18008,미참여,0.479,11
2025-02,광주 동구,동명동,한식/분식,60대 이상,655902,40,16397,미참여,0.528,23
2025-02,광주 동구,동명동,카페/디저트,20대,394103,48,8210,미참여,0.474,24
2025-02,광주 동구,동명동,카페/디저트,30대,198136,25,7925,미참여,0.378,18
2025-02,광주 동구,동명동,카페/디저트,40대,261032,30,8701,미참여,0.164,39
2025-02,광주 동구,동명동,카페/디저트,50대,275509,27,10204,미참여,0.343,29
2025-02,광주 동구,동명동,카페/디저트,60대 이상,313862,31,10124,미참여,0.51,9
2025-02,광주 동구,동명동,신선식품,20대,670195,25,26807,미참여,0.455,28
2025-02,광주 동구,동명동,신선식품,30대,982859,32,30714,미참여,0.314,15
2025-02,광주 동구,동명동,신선식품,40대,1903049,67,28403,미참여,0.33,5
2025-02,광주 동구,동명동,신선식품,50대,1233461,42,29368,미참여,0.429,10
2025-02,광주 동구,동명동,신선식품,60대 이상,1161866,38,30575,미참여,0.336,29
2025-02,광주 동구,동명동,생활용품,20대,899677,41,21943,미참여,0.327,19
2025-02,광주 동구,동명동,생활용품,30대,577007,22,26227,미참여,0.273,13
2025-02,광주 동구,동명동,생활용품,40대,431267,23,18750,미참여,0.177,7
2025-02,광주 동구,동명동,생활용품,50대,626096,25,25043,미참여,0.415,30
2025-02,광주 동구,동명동,생활용품,60대 이상,1121697,49,22891,미참여,0.529,18
2025-02,광주 동구,동명동,의류/잡화,20대,1760453,41,42937,미참여,0.337,16
2025-02,광주 동구,동명동,의류/잡화,30대,882979,28,31534,미참여,0.366,15
2025-02,광주 동구,동명동,의류/잡화,40대,1196527,28,42733,미참여,0.431,20
2025-02,광주 동구,동명동,의류/잡화,50대,660789,21,31466,미참여,0.343,29
2025-02,광주 동구,동명동,의류/잡화,60대 이상,654305,21,31157,미참여,0.527,22
2025-02,광주 동구,동명동,미용/생활서비스,20대,712891,21,33947,미참여,0.428,17
2025-02,광주 동구,동명동,미용/생활서비스,30대,554645,19,29191,미참여,0.361,15
2025-02,광주 동구,동명동,미용/생활서비스,40대,617959,21,29426,미참여,0.291,14
2025-02,광주 동구,동명동,미용/생활서비스,50대,789579,25,31583,미참여,0.442,28
2025-02,광주 동구,동명동,미용/생활서비스,60대 이상,692678,24,28861,미참여,0.309,12
2025-02,광주 동구,동명동,교육/학원,20대,1448526,17,85207,미참여,0.266,26
2025-02,광주 동구,동명동,교육/학원,30대,1124442,15,74962,미참여,0.407,17
2025-02,광주 동구,동명동,교육/학원,40대,2817298,29,97148,미참여,0.456,20
2025-02,광주 동구,동명동,교육/학원,50대,1545480,17,90910,미참여,0.563,27
2025-02,광주 동구,동명동,교육/학원,60대 이상,1959801,22,89081,미참여,0.352,26
2025-02,광주 동구,동명동,병원/약국,20대,713051,26,27425,미참여,0.309,10
2025-02,광주 동구,동명동,병원/약국,30대,574351,24,23931,미참여,0.268,18
2025-02,광주 동구,동명동,병원/약국,40대,930367,34,27363,미참여,0.378,16
2025-02,광주 동구,동명동,병원/약국,50대,883382,30,29446,미참여,0.282,22
2025-02,광주 동구,동명동,병원/약국,60대 이상,1165564,42,27751,미참여,0.506,14
2025-02,광주 동구,동명동,편의점/마트,20대,535855,36,14884,미참여,0.395,4
2025-02,광주 동구,동명동,편의점/마트,30대,512685,37,13856,미참여,0.482,20
2025-02,광주 동구,동명동,편의점/마트,40대,296728,25,11869,미참여,0.408,20
2025-02,광주 동구,동명동,편의점/마트,50대,566852,42,13496,미참여,0.545,18
2025-02,광주 동구,동명동,편의점/마트,60대 이상,302994,24,12624,미참여,0.555,18
2025-02,광주 동구,서남동,한식/분식,20대,779362,58,13437,미참여,0.42,21
2025-02,광주 동구,서남동,한식/분식,30대,786983,56,14053,미참여,0.261,34
2025-02,광주 동구,서남동,한식/분식,40대,804323,58,13867,미참여,0.636,7
2025-02,광주 동구,서남동,한식/분식,50대,395904,32,12372,미참여,0.428,21
2025-02,광주 동구,서남동,한식/분식,60대 이상,645390,46,14030,미참여,0.269,28
2025-02,광주 동구,서남동,카페/디저트,20대,253000,29,8724,미참여,0.354,9
2025-02,광주 동구,서남동,카페/디저트,30대,219962,30,7332,미참여,0.28,21
2025-02,광주 동구,서남동,카페/디저트,40대,268685,31,8667,미참여,0.358,28
2025-02,광주 동구,서남동,카페/디저트,50대,361728,38,9519,미참여,0.42,17
2025-02,광주 동구,서남동,카페/디저트,60대 이상,250453,33,7589,미참여,0.254,30
2025-02,광주 동구,서남동,신선식품,20대,764847,29,26374,미참여,0.374,8
2025-02,광주 동구,서남동,신선식품,30대,1177336,37,31819,미참여,0.324,9
2025-02,광주 동구,서남동,신선식품,40대,777480,30,25916,미참여,0.392,22
2025-02,광주 동구,서남동,신선식품,50대,1187968,43,27627,미참여,0.421,30
2025-02,광주 동구,서남동,신선식품,60대 이상,1292600,41,31526,미참여,0.41,20
2025-02,광주 동구,서남동,생활용품,20대,1190079,45,26446,미참여,0.3,15
2025-02,광주 동구,서남동,생활용품,30대,567116,22,25778,미참여,0.373,23
2025-02,광주 동구,서남동,생활용품,40대,343474,18,19081,미참여,0.255,14
2025-02,광주 동구,서남동,생활용품,50대,786229,35,22463,미참여,0.505,18
2025-02,광주 동구,서남동,생활용품,60대 이상,577420,24,24059,미참여,0.278,14
2025-02,광주 동구,서남동,의류/잡화,20대,909075,23,39525,미참여,0.244,26
2025-02,광주 동구,서남동,의류/잡화,30대,811597,23,35286,미참여,0.439,8
2025-02,광주 동구,서남동,의류/잡화,40대,941189,26,36199,미참여,0.441,18
2025-02,광주 동구,서남동,의류/잡화,50대,974224,24,40592,미참여,0.358,18
2025-02,광주 동구,서남동,의류/잡화,60대 이상,617386,17,36316,미참여,0.284,19
2025-02,광주 동구,서남동,미용/생활서비스,20대,591253,16,36953,미참여,0.422,27
2025-02,광주 동구,서남동,미용/생활서비스,30대,599583,19,31557,미참여,0.417,29
2025-02,광주 동구,서남동,미용/생활서비스,40대,957249,30,31908,미참여,0.213,9
2025-02,광주 동구,서남동,미용/생활서비스,50대,561303,21,26728,미참여,0.212,10
2025-02,광주 동구,서남동,미용/생활서비스,60대 이상,534916,19,28153,미참여,0.383,5
2025-02,광주 동구,서남동,교육/학원,20대,1593486,16,99592,미참여,0.318,9
2025-02,광주 동구,서남동,교육/학원,30대,1608534,21,76596,미참여,0.292,28
2025-02,광주 동구,서남동,교육/학원,40대,1510486,18,83915,미참여,0.299,7
2025-02,광주 동구,서남동,교육/학원,50대,1379893,14,98563,미참여,0.347,27
2025-02,광주 동구,서남동,교육/학원,60대 이상,1209348,15,80623,미참여,0.386,19
2025-02,광주 동구,서남동,병원/약국,20대,590420,28,21086,미참여,0.48,13
2025-02,광주 동구,서남동,병원/약국,30대,719329,25,28773,미참여,0.338,14
2025-02,광주 동구,서남동,병원/약국,40대,401732,15,26782,미참여,0.269,13
2025-02,광주 동구,서남동,병원/약국,50대,886127,43,20607,미참여,0.371,1
2025-02,광주 동구,서남동,병원/약국,60대 이상,913026,34,26853,미참여,0.365,28
2025-02,광주 동구,서남동,편의점/마트,20대,373221,34,10977,미참여,0.358,12
2025-02,광주 동구,서남동,편의점/마트,30대,389855,35,11138,미참여,0.529,21
2025-02,광주 동구,서남동,편의점/마트,40대,270098,26,10388,미참여,0.527,12
2025-02,광주 동구,서남동,편의점/마트,50대,237264,17,13956,미참여,0.597,15
2025-02,광주 동구,서남동,편의점/마트,60대 이상,324596,25,12983,미참여,0.244,18
2025-02,광주 동구,학동,한식/분식,20대,649048,38,17080,미참여,0.261,42
2025-02,광주 동구,학동,한식/분식,30대,583824,34,17171,미참여,0.424,27
2025-02,광주 동구,학동,한식/분식,40대,652121,42,15526,미참여,0.498,15
2025-02,광주 동구,학동,한식/분식,50대,651457,48,13572,미참여,0.51,29
2025-02,광주 동구,학동,한식/분식,60대 이상,433266,29,14940,미참여,0.497,5
2025-02,광주 동구,학동,카페/디저트,20대,239093,31,7712,미참여,0.331,1
2025-02,광주 동구,학동,카페/디저트,30대,214510,23,9326,미참여,0.331,34
2025-02,광주 동구,학동,카페/디저트,40대,273754,27,10139,미참여,0.305,26
2025-02,광주 동구,학동,카페/디저트,50대,179055,19,9423,미참여,0.484,20
2025-02,광주 동구,학동,카페/디저트,60대 이상,267147,38,7030,미참여,0.443,9
2025-02,광주 동구,학동,신선식품,20대,1039671,33,31505,미참여,0.371,24
2025-02,광주 동구,학동,신선식품,30대,874984,27,32406,미참여,0.365,11
2025-02,광주 동구,학동,신선식품,40대,941473,37,25445,미참여,0.408,20
2025-02,광주 동구,학동,신선식품,50대,1497603,58,25820,미참여,0.366,26
2025-02,광주 동구,학동,신선식품,60대 이상,1102240,38,29006,미참여,0.445,18
2025-02,광주 동구,학동,생활용품,20대,509599,23,22156,미참여,0.384,19
2025-02,광주 동구,학동,생활용품,30대,513954,25,20558,미참여,0.314,18
2025-02,광주 동구,학동,생활용품,40대,357476,17,21028,미참여,0.594,21
2025-02,광주 동구,학동,생활용품,50대,1156144,43,26887,미참여,0.293,22
2025-02,광주 동구,학동,생활용품,60대 이상,615579,24,25649,미참여,0.416,27
2025-02,광주 동구,학동,의류/잡화,20대,690747,17,40632,미참여,0.355,23
2025-02,광주 동구,학동,의류/잡화,30대,797917,23,34692,미참여,0.468,28
2025-02,광주 동구,학동,의류/잡화,40대,1061656,26,40832,미참여,0.584,7
2025-02,광주 동구,학동,의류/잡화,50대,1099430,26,42285,미참여,0.324,26
2025-02,광주 동구,학동,의류/잡화,60대 이상,1352601,31,43632,미참여,0.444,13
2025-02,광주 동구,학동,미용/생활서비스,20대,538414,18,29911,미참여,0.36,36
2025-02,광주 동구,학동,미용/생활서비스,30대,469148,15,31276,미참여,0.36,12
2025-02,광주 동구,학동,미용/생활서비스,40대,730461,23,31759,미참여,0.229,15
2025-02,광주 동구,학동,미용/생활서비스,50대,855955,27,31702,미참여,0.275,13
2025-02,광주 동구,학동,미용/생활서비스,60대 이상,539404,18,29966,미참여,0.389,30
2025-02,광주 동구,학동,교육/학원,20대,1665263,16,104078,미참여,0.364,15
2025-02,광주 동구,학동,교육/학원,30대,2057787,25,82311,미참여,0.31,19
2025-02,광주 동구,학동,교육/학원,40대,2269746,30,75658,미참여,0.437,26
2025-02,광주 동구,학동,교육/학원,50대,1358915,16,84932,미참여,0.367,9
2025-02,광주 동구,학동,교육/학원,60대 이상,2023229,28,72258,미참여,0.408,16
2025-02,광주 동구,학동,병원/약국,20대,499958,17,29409,미참여,0.325,15
2025-02,광주 동구,학동,병원/약국,30대,631086,24,26295,미참여,0.27,18
2025-02,광주 동구,학동,병원/약국,40대,551609,27,20429,미참여,0.291,15
2025-02,광주 동구,학동,병원/약국,50대,1076106,39,27592,미참여,0.26,12
2025-02,광주 동구,학동,병원/약국,60대 이상,911140,37,24625,미참여,0.535,19
2025-02,광주 동구,학동,편의점/마트,20대,332569,28,11877,미참여,0.507,23
2025-02,광주 동구,학동,편의점/마트,30대,414057,32,12939,미참여,0.688,11
2025-02,광주 동구,학동,편의점/마트,40대,332512,31,10726,미참여,0.378,20
2025-02,광주 동구,학동,편의점/마트,50대,454853,41,11093,미참여,0.546,17
2025-02,광주 동구,학동,편의점/마트,60대 이상,497646,38,13095,미참여,0.483,16
2025-03,수원시 팔달구,행궁동,한식/분식,20대,687306,49,14026,미참여,0.256,19
2025-03,수원시 팔달구,행궁동,한식/분식,30대,605479,35,17299,미참여,0.309,19
2025-03,수원시 팔달구,행궁동,한식/분식,40대,602191,38,15847,미참여,0.53,23
2025-03,수원시 팔달구,행궁동,한식/분식,50대,993203,60,16553,미참여,0.411,29
2025-03,수원시 팔달구,행궁동,한식/분식,60대 이상,438967,32,13717,미참여,0.405,19
2025-03,수원시 팔달구,행궁동,카페/디저트,20대,251890,36,6996,미참여,0.288,21
2025-03,수원시 팔달구,행궁동,카페/디저트,30대,244809,24,10200,미참여,0.237,27
2025-03,수원시 팔달구,행궁동,카페/디저트,40대,240804,33,7297,미참여,0.378,7
2025-03,수원시 팔달구,행궁동,카페/디저트,50대,174327,25,6973,미참여,0.334,27
2025-03,수원시 팔달구,행궁동,카페/디저트,60대 이상,290189,34,8534,미참여,0.485,16
2025-03,수원시 팔달구,행궁동,신선식품,20대,702460,29,24222,미참여,0.3,23
2025-03,수원시 팔달구,행궁동,신선식품,30대,837827,26,32224,미참여,0.518,19
2025-03,수원시 팔달구,행궁동,신선식품,40대,1686503,62,27201,미참여,0.406,9
2025-03,수원시 팔달구,행궁동,신선식품,50대,1556433,53,29366,미참여,0.438,16
2025-03,수원시 팔달구,행궁동,신선식품,60대 이상,1527860,58,26342,미참여,0.38,16
2025-03,수원시 팔달구,행궁동,생활용품,20대,772409,35,22068,미참여,0.494,27
2025-03,수원시 팔달구,행궁동,생활용품,30대,892976,37,24134,미참여,0.261,27
2025-03,수원시 팔달구,행궁동,생활용품,40대,504376,25,20175,미참여,0.343,37
2025-03,수원시 팔달구,행궁동,생활용품,50대,505907,21,24090,미참여,0.37,18
2025-03,수원시 팔달구,행궁동,생활용품,60대 이상,1037036,40,25925,미참여,0.459,21
2025-03,수원시 팔달구,행궁동,의류/잡화,20대,957078,29,33002,미참여,0.286,33
2025-03,수원시 팔달구,행궁동,의류/잡화,30대,271860,7,38837,미참여,0.499,32
2025-03,수원시 팔달구,행궁동,의류/잡화,40대,1138688,28,40667,미참여,0.359,28
2025-03,수원시 팔달구,행궁동,의류/잡화,50대,927169,28,33113,미참여,0.34,17
2025-03,수원시 팔달구,행궁동,의류/잡화,60대 이상,659901,20,32995,미참여,0.541,24
2025-03,수원시 팔달구,행궁동,미용/생활서비스,20대,729198,27,27007,미참여,0.187,11
2025-03,수원시 팔달구,행궁동,미용/생활서비스,30대,625117,23,27179,미참여,0.204,18
2025-03,수원시 팔달구,행궁동,미용/생활서비스,40대,612586,20,30629,미참여,0.477,23
2025-03,수원시 팔달구,행궁동,미용/생활서비스,50대,720276,24,30011,미참여,0.342,33
2025-03,수원시 팔달구,행궁동,미용/생활서비스,60대 이상,524064,18,29114,미참여,0.436,23
2025-03,수원시 팔달구,행궁동,교육/학원,20대,1093419,14,78101,미참여,0.253,9
2025-03,수원시 팔달구,행궁동,교육/학원,30대,1558693,20,77934,미참여,0.357,15
2025-03,수원시 팔달구,행궁동,교육/학원,40대,1879253,19,98908,미참여,0.215,24
2025-03,수원시 팔달구,행궁동,교육/학원,50대,1938065,20,96903,미참여,0.353,15
2025-03,수원시 팔달구,행궁동,교육/학원,60대 이상,1379543,17,81149,미참여,0.163,19
2025-03,수원시 팔달구,행궁동,병원/약국,20대,961036,37,25973,미참여,0.287,25
2025-03,수원시 팔달구,행궁동,병원/약국,30대,718542,32,22454,미참여,0.171,16
2025-03,수원시 팔달구,행궁동,병원/약국,40대,494185,24,20591,미참여,0.255,23
2025-03,수원시 팔달구,행궁동,병원/약국,50대,410258,20,20512,미참여,0.354,36
2025-03,수원시 팔달구,행궁동,병원/약국,60대 이상,1588814,59,26929,미참여,0.389,19
2025-03,수원시 팔달구,행궁동,편의점/마트,20대,532847,44,12110,미참여,0.387,4
2025-03,수원시 팔달구,행궁동,편의점/마트,30대,340014,32,10625,미참여,0.427,23
2025-03,수원시 팔달구,행궁동,편의점/마트,40대,355714,29,12266,미참여,0.272,9
2025-03,수원시 팔달구,행궁동,편의점/마트,50대,202797,19,10673,미참여,0.339,20
2025-03,수원시 팔달구,행궁동,편의점/마트,60대 이상,349713,26,13450,미참여,0.468,17
2025-03,수원시 팔달구,매산동,한식/분식,20대,740874,43,17229,미참여,0.509,15
2025-03,수원시 팔달구,매산동,한식/분식,30대,988399,70,14119,미참여,0.455,41
2025-03,수원시 팔달구,매산동,한식/분식,40대,738743,55,13431,미참여,0.284,27
2025-03,수원시 팔달구,매산동,한식/분식,50대,755172,55,13730,미참여,0.3,19
2025-03,수원시 팔달구,매산동,한식/분식,60대 이상,753061,48,15688,미참여,0.454,19
2025-03,수원시 팔달구,매산동,카페/디저트,20대,283820,29,9786,미참여,0.366,10
2025-03,수원시 팔달구,매산동,카페/디저트,30대,226678,27,8395,미참여,0.421,17
2025-03,수원시 팔달구,매산동,카페/디저트,40대,239997,26,9230,미참여,0.282,17
2025-03,수원시 팔달구,매산동,카페/디저트,50대,208122,23,9048,미참여,0.308,25
2025-03,수원시 팔달구,매산동,카페/디저트,60대 이상,238480,24,9936,미참여,0.12,20
2025-03,수원시 팔달구,매산동,신선식품,20대,975025,30,32500,미참여,0.491,27
2025-03,수원시 팔달구,매산동,신선식품,30대,831184,32,25974,미참여,0.44,27
2025-03,수원시 팔달구,매산동,신선식품,40대,1157386,36,32149,미참여,0.629,20
2025-03,수원시 팔달구,매산동,신선식품,50대,1049942,39,26921,미참여,0.394,16
2025-03,수원시 팔달구,매산동,신선식품,60대 이상,2068193,68,30414,미참여,0.333,22
2025-03,수원시 팔달구,매산동,생활용품,20대,856874,33,25965,미참여,0.304,23
2025-03,수원시 팔달구,매산동,생활용품,30대,656687,29,22644,미참여,0.201,29
2025-03,수원시 팔달구,매산동,생활용품,40대,912806,35,26080,미참여,0.311,39
2025-03,수원시 팔달구,매산동,생활용품,50대,1086003,47,23106,미참여,0.166,16
2025-03,수원시 팔달구,매산동,생활용품,60대 이상,1417579,52,27261,미참여,0.432,13
2025-03,수원시 팔달구,매산동,의류/잡화,20대,873256,20,43662,미참여,0.334,27
2025-03,수원시 팔달구,매산동,의류/잡화,30대,445030,12,37085,미참여,0.654,22
2025-03,수원시 팔달구,매산동,의류/잡화,40대,452366,13,34797,미참여,0.36,27
2025-03,수원시 팔달구,매산동,의류/잡화,50대,726822,23,31600,미참여,0.303,30
2025-03,수원시 팔달구,매산동,의류/잡화,60대 이상,555617,16,34726,미참여,0.425,10
2025-03,수원시 팔달구,매산동,미용/생활서비스,20대,713700,20,35685,미참여,0.217,25
2025-03,수원시 팔달구,매산동,미용/생활서비스,30대,434443,16,27152,미참여,0.249,20
2025-03,수원시 팔달구,매산동,미용/생활서비스,40대,518415,20,25920,미참여,0.272,25
2025-03,수원시 팔달구,매산동,미용/생활서비스,50대,823019,26,31654,미참여,0.26,24
2025-03,수원시 팔달구,매산동,미용/생활서비스,60대 이상,431338,14,30809,미참여,0.342,33
2025-03,수원시 팔달구,매산동,교육/학원,20대,2021288,21,96251,미참여,0.528,20
2025-03,수원시 팔달구,매산동,교육/학원,30대,2750561,28,98234,미참여,0.285,18
2025-03,수원시 팔달구,매산동,교육/학원,40대,3137568,32,98049,미참여,0.222,31
2025-03,수원시 팔달구,매산동,교육/학원,50대,1416598,16,88537,미참여,0.372,12
2025-03,수원시 팔달구,매산동,교육/학원,60대 이상,2948563,29,101674,미참여,0.276,14
2025-03,수원시 팔달구,매산동,병원/약국,20대,676013,26,26000,미참여,0.356,29
2025-03,수원시 팔달구,매산동,병원/약국,30대,475591,16,29724,미참여,0.336,16
2025-03,수원시 팔달구,매산동,병원/약국,40대,1042674,40,26066,미참여,0.443,20
2025-03,수원시 팔달구,매산동,병원/약국,50대,987674,34,29049,미참여,0.363,16
2025-03,수원시 팔달구,매산동,병원/약국,60대 이상,986524,42,23488,미참여,0.316,20
2025-03,수원시 팔달구,매산동,편의점/마트,20대,468191,41,11419,미참여,0.469,23
2025-03,수원시 팔달구,매산동,편의점/마트,30대,286920,23,12474,미참여,0.379,13
2025-03,수원시 팔달구,매산동,편의점/마트,40대,324718,29,11197,미참여,0.509,20
2025-03,수원시 팔달구,매산동,편의점/마트,50대,273049,23,11871,미참여,0.452,1
2025-03,수원시 팔달구,매산동,편의점/마트,60대 이상,231911,20,11595,미참여,0.503,19
2025-03,수원시 팔달구,고등동,한식/분식,20대,706936,46,15368,미참여,0.577,27
2025-03,수원시 팔달구,고등동,한식/분식,30대,590361,33,17889,미참여,0.572,21
2025-03,수원시 팔달구,고등동,한식/분식,40대,1050717,60,17511,미참여,0.491,23
2025-03,수원시 팔달구,고등동,한식/분식,50대,706903,41,17241,미참여,0.451,35
2025-03,수원시 팔달구,고등동,한식/분식,60대 이상,587105,38,15450,미참여,0.615,8
2025-03,수원시 팔달구,고등동,카페/디저트,20대,379242,45,8427,미참여,0.255,19
2025-03,수원시 팔달구,고등동,카페/디저트,30대,307010,40,7675,미참여,0.301,14
2025-03,수원시 팔달구,고등동,카페/디저트,40대,213454,27,7905,미참여,0.405,17
2025-03,수원시 팔달구,고등동,카페/디저트,50대,158938,20,7946,미참여,0.281,17
2025-03,수원시 팔달구,고등동,카페/디저트,60대 이상,237408,33,7194,미참여,0.364,19
2025-03,수원시 팔달구,고등동,신선식품,20대,891635,31,28762,미참여,0.447,13
2025-03,수원시 팔달구,고등동,신선식품,30대,953846,38,25101,미참여,0.272,23
2025-03,수원시 팔달구,고등동,신선식품,40대,1816547,75,24220,미참여,0.35,14
2025-03,수원시 팔달구,고등동,신선식품,50대,1822152,54,33743,미참여,0.352,32
2025-03,수원시 팔달구,고등동,신선식품,60대 이상,1081528,35,30900,미참여,0.519,16
2025-03,수원시 팔달구,고등동,생활용품,20대,739706,36,20547,미참여,0.343,34
2025-03,수원시 팔달구,고등동,생활용품,30대,638475,25,25539,미참여,0.364,8
2025-03,수원시 팔달구,고등동,생활용품,40대,974438,37,26336,미참여,0.321,21
2025-03,수원시 팔달구,고등동,생활용품,50대,952838,39,24431,미참여,0.388,13
2025-03,수원시 팔달구,고등동,생활용품,60대 이상,698518,28,24947,미참여,0.34,16
2025-03,수원시 팔달구,고등동,의류/잡화,20대,1118846,29,38580,미참여,0.19,25
2025-03,수원시 팔달구,고등동,의류/잡화,30대,711474,18,39526,미참여,0.226,15
2025-03,수원시 팔달구,고등동,의류/잡화,40대,523053,13,40234,미참여,0.296,22
2025-03,수원시 팔달구,고등동,의류/잡화,50대,1347920,34,39644,미참여,0.311,19
2025-03,수원시 팔달구,고등동,의류/잡화,60대 이상,587726,17,34572,미참여,0.293,25
2025-03,수원시 팔달구,고등동,미용/생활서비스,20대,680581,23,29590,미참여,0.193,10
2025-03,수원시 팔달구,고등동,미용/생활서비스,30대,853125,24,35546,미참여,0.271,7
2025-03,수원시 팔달구,고등동,미용/생활서비스,40대,968523,28,34590,미참여,0.407,29
2025-03,수원시 팔달구,고등동,미용/생활서비스,50대,766423,25,30656,미참여,0.288,17
2025-03,수원시 팔달구,고등동,미용/생활서비스,60대 이상,1136691,36,31574,미참여,0.357,26
2025-03,수원시 팔달구,고등동,교육/학원,20대,1052149,13,80934,미참여,0.397,18
2025-03,수원시 팔달구,고등동,교육/학원,30대,2298617,26,88408,미참여,0.342,26
2025-03,수원시 팔달구,고등동,교육/학원,40대,2229275,22,101330,미참여,0.434,19
2025-03,수원시 팔달구,고등동,교육/학원,50대,2124969,25,84998,미참여,0.461,21
2025-03,수원시 팔달구,고등동,교육/학원,60대 이상,1305951,17,76820,미참여,0.387,26
2025-03,수원시 팔달구,고등동,병원/약국,20대,757872,30,25262,미참여,0.147,21
2025-03,수원시 팔달구,고등동,병원/약국,30대,392640,17,23096,미참여,0.326,21
2025-03,수원시 팔달구,고등동,병원/약국,40대,586975,20,29348,미참여,0.287,16
2025-03,수원시 팔달구,고등동,병원/약국,50대,812028,30,27067,미참여,0.341,16
2025-03,수원시 팔달구,고등동,병원/약국,60대 이상,1276932,60,21282,미참여,0.311,25
2025-03,수원시 팔달구,고등동,편의점/마트,20대,348331,31,11236,미참여,0.395,12
2025-03,수원시 팔달구,고등동,편의점/마트,30대,427198,32,13349,미참여,0.302,30
2025-03,수원시 팔달구,고등동,편의점/마트,40대,373032,33,11304,미참여,0.45,16
2025-03,수원시 팔달구,고등동,편의점/마트,50대,352151,28,12576,미참여,0.295,23
2025-03,수원시 팔달구,고등동,편의점/마트,60대 이상,299331,29,10321,미참여,0.359,22
2025-03,수원시 팔달구,인계동,한식/분식,20대,938957,54,17388,미참여,0.399,33
2025-03,수원시 팔달구,인계동,한식/분식,30대,443481,33,13438,미참여,0.566,35
2025-03,수원시 팔달구,인계동,한식/분식,40대,650796,40,16269,미참여,0.476,18
2025-03,수원시 팔달구,인계동,한식/분식,50대,744147,43,17305,미참여,0.576,17
2025-03,수원시 팔달구,인계동,한식/분식,60대 이상,629854,41,15362,미참여,0.232,22
2025-03,수원시 팔달구,인계동,카페/디저트,20대,354490,40,8862,미참여,0.252,21
2025-03,수원시 팔달구,인계동,카페/디저트,30대,219893,24,9162,미참여,0.318,29
2025-03,수원시 팔달구,인계동,카페/디저트,40대,231721,26,8912,미참여,0.321,24
2025-03,수원시 팔달구,인계동,카페/디저트,50대,113777,16,7111,미참여,0.385,23
2025-03,수원시 팔달구,인계동,카페/디저트,60대 이상,273448,32,8545,미참여,0.319,24
2025-03,수원시 팔달구,인계동,신선식품,20대,1174592,39,30117,미참여,0.329,20
2025-03,수원시 팔달구,인계동,신선식품,30대,895048,26,34424,미참여,0.508,22
2025-03,수원시 팔달구,인계동,신선식품,40대,1505681,48,31368,미참여,0.476,21
2025-03,수원시 팔달구,인계동,신선식품,50대,1870470,64,29226,미참여,0.641,9
2025-03,수원시 팔달구,인계동,신선식품,60대 이상,958936,40,23973,미참여,0.573,15
2025-03,수원시 팔달구,인계동,생활용품,20대,1097479,43,25522,미참여,0.507,27
2025-03,수원시 팔달구,인계동,생활용품,30대,1148833,46,24974,미참여,0.34,17
2025-03,수원시 팔달구,인계동,생활용품,40대,476970,24,19873,미참여,0.45,26
2025-03,수원시 팔달구,인계동,생활용품,50대,850519,34,25015,미참여,0.322,23
2025-03,수원시 팔달구,인계동,생활용품,60대 이상,259748,12,21645,미참여,0.634,29
2025-03,수원시 팔달구,인계동,의류/잡화,20대,706525,19,37185,미참여,0.209,13
2025-03,수원시 팔달구,인계동,의류/잡화,30대,669529,19,35238,미참여,0.362,24
2025-03,수원시 팔달구,인계동,의류/잡화,40대,899222,22,40873,미참여,0.341,16
2025-03,수원시 팔달구,인계동,의류/잡화,50대,867673,21,41317,미참여,0.406,15
2025-03,수원시 팔달구,인계동,의류/잡화,60대 이상,780176,25,31207,미참여,0.365,28
2025-03,수원시 팔달구,인계동,미용/생활서비스,20대,588290,21,28013,미참여,0.344,14
2025-03,수원시 팔달구,인계동,미용/생활서비스,30대,891678,28,31845,미참여,0.316,28
2025-03,수원시 팔달구,인계동,미용/생활서비스,40대,794657,24,33110,미참여,0.319,25
2025-03,수원시 팔달구,인계동,미용/생활서비스,50대,694987,24,28957,미참여,0.457,9
2025-03,수원시 팔달구,인계동,미용/생활서비스,60대 이상,762295,21,36299,미참여,0.411,13
2025-03,수원시 팔달구,인계동,교육/학원,20대,2025902,20,101295,미참여,0.356,16
2025-03,수원시 팔달구,인계동,교육/학원,30대,2069613,25,82784,미참여,0.463,26
2025-03,수원시 팔달구,인계동,교육/학원,40대,2061178,21,98151,미참여,0.386,3
2025-03,수원시 팔달구,인계동,교육/학원,50대,751731,10,75173,미참여,0.394,23
2025-03,수원시 팔달구,인계동,교육/학원,60대 이상,2824206,31,91103,미참여,0.378,18
2025-03,수원시 팔달구,인계동,병원/약국,20대,901867,31,29092,미참여,0.384,27
2025-03,수원시 팔달구,인계동,병원/약국,30대,398173,15,26544,미참여,0.253,20
2025-03,수원시 팔달구,인계동,병원/약국,40대,390077,17,22945,미참여,0.306,24
2025-03,수원시 팔달구,인계동,병원/약국,50대,675931,28,24140,미참여,0.478,22
2025-03,수원시 팔달구,인계동,병원/약국,60대 이상,891116,37,24084,미참여,0.389,12
2025-03,수원시 팔달구,인계동,편의점/마트,20대,535516,47,11393,미참여,0.598,12
2025-03,수원시 팔달구,인계동,편의점/마트,30대,254665,21,12126,미참여,0.449,18
2025-03,수원시 팔달구,인계동,편의점/마트,40대,441759,30,14725,미참여,0.392,6
2025-03,수원시 팔달구,인계동,편의점/마트,50대,369967,28,13213,미참여,0.434,8
2025-03,수원시 팔달구,인계동,편의점/마트,60대 이상,323157,28,11541,미참여,0.472,15
2025-03,수원시 영통구,영통동,한식/분식,20대,353013,21,16810,미참여,0.236,15
2025-03,수원시 영통구,영통동,한식/분식,30대,494659,30,16488,미참여,0.46,17
2025-03,수원시 영통구,영통동,한식/분식,40대,591368,42,14080,미참여,0.329,32
2025-03,수원시 영통구,영통동,한식/분식,50대,609798,44,13859,미참여,0.342,19
2025-03,수원시 영통구,영통동,한식/분식,60대 이상,332421,21,15829,미참여,0.481,22
2025-03,수원시 영통구,영통동,카페/디저트,20대,349850,50,6997,미참여,0.33,25
2025-03,수원시 영통구,영통동,카페/디저트,30대,510914,55,9289,미참여,0.196,30
2025-03,수원시 영통구,영통동,카페/디저트,40대,182175,26,7006,미참여,0.252,22
2025-03,수원시 영통구,영통동,카페/디저트,50대,259024,34,7618,미참여,0.26,24
2025-03,수원시 영통구,영통동,카페/디저트,60대 이상,374025,52,7192,미참여,0.352,14
2025-03,수원시 영통구,영통동,신선식품,20대,1138606,35,32531,미참여,0.341,33
2025-03,수원시 영통구,영통동,신선식품,30대,847997,28,30285,미참여,0.417,20
2025-03,수원시 영통구,영통동,신선식품,40대,1036707,43,24109,미참여,0.412,19
2025-03,수원시 영통구,영통동,신선식품,50대,1386309,46,30137,미참여,0.346,14
2025-03,수원시 영통구,영통동,신선식품,60대 이상,1259433,49,25702,미참여,0.516,15
2025-03,수원시 영통구,영통동,생활용품,20대,599253,30,19975,미참여,0.373,16
2025-03,수원시 영통구,영통동,생활용품,30대,575019,24,23959,미참여,0.317,20
2025-03,수원시 영통구,영통동,생활용품,40대,809061,36,22473,미참여,0.291,27
2025-03,수원시 영통구,영통동,생활용품,50대,710739,26,27336,미참여,0.406,16
2025-03,수원시 영통구,영통동,생활용품,60대 이상,1170574,52,22511,미참여,0.341,23
2025-03,수원시 영통구,영통동,의류/잡화,20대,748440,23,32540,미참여,0.487,14
2025-03,수원시 영통구,영통동,의류/잡화,30대,620331,17,36490,미참여,0.348,18
2025-03,수원시 영통구,영통동,의류/잡화,40대,766000,23,33304,미참여,0.419,25
2025-03,수원시 영통구,영통동,의류/잡화,50대,469116,13,36085,미참여,0.332,24
2025-03,수원시 영통구,영통동,의류/잡화,60대 이상,757709,20,37885,미참여,0.123,19
2025-03,수원시 영통구,영통동,미용/생활서비스,20대,320222,12,26685,미참여,0.197,12
2025-03,수원시 영통구,영통동,미용/생활서비스,30대,1115203,35,31862,미참여,0.257,24
2025-03,수원시 영통구,영통동,미용/생활서비스,40대,1105580,37,29880,미참여,0.377,13
2025-03,수원시 영통구,영통동,미용/생활서비스,50대,683602,22,31072,미참여,0.353,27
2025-03,수원시 영통구,영통동,미용/생활서비스,60대 이상,943099,27,34929,미참여,0.386,5
2025-03,수원시 영통구,영통동,교육/학원,20대,2010515,20,100525,미참여,0.333,32
2025-03,수원시 영통구,영통동,교육/학원,30대,1630831,19,85833,미참여,0.193,17
2025-03,수원시 영통구,영통동,교육/학원,40대,2175849,26,83686,미참여,0.341,24
2025-03,수원시 영통구,영통동,교육/학원,50대,1521119,15,101407,미참여,0.269,29
2025-03,수원시 영통구,영통동,교육/학원,60대 이상,2309947,23,100432,미참여,0.206,38
2025-03,수원시 영통구,영통동,병원/약국,20대,533857,22,24266,미참여,0.254,6
2025-03,수원시 영통구,영통동,병원/약국,30대,859113,37,23219,미참여,0.474,15
2025-03,수원시 영통구,영통동,병원/약국,40대,508757,21,24226,미참여,0.413,15
2025-03,수원시 영통구,영통동,병원/약국,50대,1053358,37,28469,미참여,0.236,9
2025-03,수원시 영통구,영통동,병원/약국,60대 이상,1559129,59,26425,미참여,0.261,15
2025-03,수원시 영통구,영통동,편의점/마트,20대,431873,41,10533,미참여,0.568,24
2025-03,수원시 영통구,영통동,편의점/마트,30대,324284,24,13511,미참여,0.526,18
2025-03,수원시 영통구,영통동,편의점/마트,40대,625558,46,13599,미참여,0.423,31
2025-03,수원시 영통구,영통동,편의점/마트,50대,456823,31,14736,미참여,0.484,21
2025-03,수원시 영통구,영통동,편의점/마트,60대 이상,403794,30,13459,미참여,0.54,36
2025-03,수원시 영통구,광교동,한식/분식,20대,533906,36,14830,미참여,0.375,23
2025-03,수원시 영통구,광교동,한식/분식,30대,307727,22,13987,미참여,0.384,20
2025-03,수원시 영통구,광교동,한식/분식,40대,454715,33,13779,미참여,0.458,22
2025-03,수원시 영통구,광교동,한식/분식,50대,415253,33,12583,미참여,0.49,25
2025-03,수원시 영통구,광교동,한식/분식,60대 이상,406929,29,14032,미참여,0.455,20
2025-03,수원시 영통구,광교동,카페/디저트,20대,383141,42,9122,미참여,0.449,19
2025-03,수원시 영통구,광교동,카페/디저트,30대,248096,33,7518,미참여,0.341,19
2025-03,수원시 영통구,광교동,카페/디저트,40대,375587,37,10151,미참여,0.335,22
2025-03,수원시 영통구,광교동,카페/디저트,50대,346231,44,7868,미참여,0.342,38
2025-03,수원시 영통구,광교동,카페/디저트,60대 이상,358461,36,9957,미참여,0.406,26
2025-03,수원시 영통구,광교동,신선식품,20대,831184,27,30784,미참여,0.206,14
2025-03,수원시 영통구,광교동,신선식품,30대,623047,25,24921,미참여,0.329,6
2025-03,수원시 영통구,광교동,신선식품,40대,721279,28,25759,미참여,0.452,24
2025-03,수원시 영통구,광교동,신선식품,50대,1644269,47,34984,미참여,0.539,21
2025-03,수원시 영통구,광교동,신선식품,60대 이상,1656511,50,33130,미참여,0.349,15
2025-03,수원시 영통구,광교동,생활용품,20대,350782,17,20634,미참여,0.435,7
2025-03,수원시 영통구,광교동,생활용품,30대,519595,25,20783,미참여,0.191,18
2025-03,수원시 영통구,광교동,생활용품,40대,778643,31,25117,미참여,0.456,8
2025-03,수원시 영통구,광교동,생활용품,50대,859727,32,26866,미참여,0.275,9
2025-03,수원시 영통구,광교동,생활용품,60대 이상,740655,38,19490,미참여,0.349,10
2025-03,수원시 영통구,광교동,의류/잡화,20대,502509,13,38654,미참여,0.47,6
2025-03,수원시 영통구,광교동,의류/잡화,30대,922319,26,35473,미참여,0.311,8
2025-03,수원시 영통구,광교동,의류/잡화,40대,341096,10,34109,미참여,0.599,16
2025-03,수원시 영통구,광교동,의류/잡화,50대,642909,16,40181,미참여,0.266,22
2025-03,수원시 영통구,광교동,의류/잡화,60대 이상,634721,16,39670,미참여,0.485,26
2025-03,수원시 영통구,광교동,미용/생활서비스,20대,707387,23,30755,미참여,0.312,20
2025-03,수원시 영통구,광교동,미용/생활서비스,30대,680122,19,35795,미참여,0.274,22
2025-03,수원시 영통구,광교동,미용/생활서비스,40대,853667,24,35569,미참여,0.352,24
2025-03,수원시 영통구,광교동,미용/생활서비스,50대,740591,26,28484,미참여,0.526,11
2025-03,수원시 영통구,광교동,미용/생활서비스,60대 이상,360722,14,25765,미참여,0.282,13
2025-03,수원시 영통구,광교동,교육/학원,20대,1906081,20,95304,미참여,0.398,7
2025-03,수원시 영통구,광교동,교육/학원,30대,3870587,38,101857,미참여,0.37,34
2025-03,수원시 영통구,광교동,교육/학원,40대,2390591,33,72442,미참여,0.447,23
2025-03,수원시 영통구,광교동,교육/학원,50대,1370921,16,85682,미참여,0.308,13
2025-03,수원시 영통구,광교동,교육/학원,60대 이상,1516627,20,75831,미참여,0.31,20
2025-03,수원시 영통구,광교동,병원/약국,20대,495600,22,22527,미참여,0.278,25
2025-03,수원시 영통구,광교동,병원/약국,30대,979410,35,27983,미참여,0.298,24
2025-03,수원시 영통구,광교동,병원/약국,40대,416092,20,20804,미참여,0.475,16
2025-03,수원시 영통구,광교동,병원/약국,50대,947668,34,27872,미참여,0.353,16
2025-03,수원시 영통구,광교동,병원/약국,60대 이상,1407343,67,21005,미참여,0.405,15
2025-03,수원시 영통구,광교동,편의점/마트,20대,536067,45,11912,미참여,0.489,26
2025-03,수원시 영통구,광교동,편의점/마트,30대,735230,50,14704,미참여,0.394,23
2025-03,수원시 영통구,광교동,편의점/마트,40대,304115,23,13222,미참여,0.427,21
2025-03,수원시 영통구,광교동,편의점/마트,50대,484984,33,14696,미참여,0.401,31
2025-03,수원시 영통구,광교동,편의점/마트,60대 이상,393403,35,11240,미참여,0.377,23
2025-03,수원시 영통구,매탄동,한식/분식,20대,395095,27,14633,미참여,0.394,19
2025-03,수원시 영통구,매탄동,한식/분식,30대,294855,21,14040,미참여,0.365,20
2025-03,수원시 영통구,매탄동,한식/분식,40대,768739,46,16711,미참여,0.419,28
2025-03,수원시 영통구,매탄동,한식/분식,50대,585494,37,15824,미참여,0.487,14
2025-03,수원시 영통구,매탄동,한식/분식,60대 이상,558174,31,18005,미참여,0.494,15
2025-03,수원시 영통구,매탄동,카페/디저트,20대,450077,51,8825,미참여,0.242,19
2025-03,수원시 영통구,매탄동,카페/디저트,30대,316669,37,8558,미참여,0.4,19
2025-03,수원시 영통구,매탄동,카페/디저트,40대,270792,29,9337,미참여,0.36,21
2025-03,수원시 영통구,매탄동,카페/디저트,50대,389947,40,9748,미참여,0.262,17
2025-03,수원시 영통구,매탄동,카페/디저트,60대 이상,291924,40,7298,미참여,0.428,15
2025-03,수원시 영통구,매탄동,신선식품,20대,553914,18,30773,미참여,0.44,17
2025-03,수원시 영통구,매탄동,신선식품,30대,752652,28,26880,미참여,0.343,18
2025-03,수원시 영통구,매탄동,신선식품,40대,798637,31,25762,미참여,0.396,23
2025-03,수원시 영통구,매탄동,신선식품,50대,1629960,66,24696,미참여,0.5,12
2025-03,수원시 영통구,매탄동,신선식품,60대 이상,1341675,40,33541,미참여,0.464,17
2025-03,수원시 영통구,매탄동,생활용품,20대,1281790,49,26158,미참여,0.398,9
2025-03,수원시 영통구,매탄동,생활용품,30대,523092,22,23776,미참여,0.288,17
2025-03,수원시 영통구,매탄동,생활용품,40대,664068,31,21421,미참여,0.159,18
2025-03,수원시 영통구,매탄동,생활용품,50대,1056743,45,23483,미참여,0.403,14
2025-03,수원시 영통구,매탄동,생활용품,60대 이상,786524,36,21847,미참여,0.335,26
2025-03,수원시 영통구,매탄동,의류/잡화,20대,1044369,24,43515,미참여,0.311,20
2025-03,수원시 영통구,매탄동,의류/잡화,30대,726262,18,40347,미참여,0.356,29
2025-03,수원시 영통구,매탄동,의류/잡화,40대,677739,18,37652,미참여,0.516,24
2025-03,수원시 영통구,매탄동,의류/잡화,50대,1042353,24,43431,미참여,0.314,23
2025-03,수원시 영통구,매탄동,의류/잡화,60대 이상,647392,15,43159,미참여,0.438,16
2025-03,수원시 영통구,매탄동,미용/생활서비스,20대,450718,13,34670,미참여,0.516,26
2025-03,수원시 영통구,매탄동,미용/생활서비스,30대,260702,9,28966,미참여,0.443,31
2025-03,수원시 영통구,매탄동,미용/생활서비스,40대,597115,21,28434,미참여,0.243,21
2025-03,수원시 영통구,매탄동,미용/생활서비스,50대,668255,20,33412,미참여,0.213,13
2025-03,수원시 영통구,매탄동,미용/생활서비스,60대 이상,639429,22,29064,미참여,0.234,15
2025-03,수원시 영통구,매탄동,교육/학원,20대,1501980,15,100132,미참여,0.477,23
2025-03,수원시 영통구,매탄동,교육/학원,30대,3160919,30,105363,미참여,0.4,22
2025-03,수원시 영통구,매탄동,교육/학원,40대,2771546,34,81516,미참여,0.298,21
2025-03,수원시 영통구,매탄동,교육/학원,50대,1765499,19,92921,미참여,0.392,25
2025-03,수원시 영통구,매탄동,교육/학원,60대 이상,2357472,25,94298,미참여,0.316,18
2025-03,수원시 영통구,매탄동,병원/약국,20대,537291,20,26864,미참여,0.205,23
2025-03,수원시 영통구,매탄동,병원/약국,30대,581472,22,26430,미참여,0.212,19
2025-03,수원시 영통구,매탄동,병원/약국,40대,773663,28,27630,미참여,0.165,23
2025-03,수원시 영통구,매탄동,병원/약국,50대,687346,23,29884,미참여,0.463,25
2025-03,수원시 영통구,매탄동,병원/약국,60대 이상,1071039,37,28947,미참여,0.152,26
2025-03,수원시 영통구,매탄동,편의점/마트,20대,381274,29,13147,미참여,0.178,24
2025-03,수원시 영통구,매탄동,편의점/마트,30대,547100,42,13026,미참여,0.385,5
2025-03,수원시 영통구,매탄동,편의점/마트,40대,471157,35,13461,미참여,0.522,15
2025-03,수원시 영통구,매탄동,편의점/마트,50대,311770,24,12990,미참여,0.32,15
2025-03,수원시 영통구,매탄동,편의점/마트,60대 이상,656455,44,14919,미참여,0.352,37
2025-03,수원시 영통구,원천동,한식/분식,20대,355736,25,14229,미참여,0.424,8
2025-03,수원시 영통구,원천동,한식/분식,30대,435290,34,12802,미참여,0.277,20
2025-03,수원시 영통구,원천동,한식/분식,40대,466516,26,17942,미참여,0.458,19
2025-03,수원시 영통구,원천동,한식/분식,50대,477984,27,17703,미참여,0.531,22
2025-03,수원시 영통구,원천동,한식/분식,60대 이상,678569,43,15780,미참여,0.485,5
2025-03,수원시 영통구,원천동,카페/디저트,20대,499093,60,8318,미참여,0.319,25
2025-03,수원시 영통구,원천동,카페/디저트,30대,285650,35,8161,미참여,0.267,25
2025-03,수원시 영통구,원천동,카페/디저트,40대,501628,54,9289,미참여,0.258,8
2025-03,수원시 영통구,원천동,카페/디저트,50대,338104,41,8246,미참여,0.376,23
2025-03,수원시 영통구,원천동,카페/디저트,60대 이상,218030,23,9479,미참여,0.28,32
2025-03,수원시 영통구,원천동,신선식품,20대,539519,19,28395,미참여,0.428,20
2025-03,수원시 영통구,원천동,신선식품,30대,646039,23,28088,미참여,0.441,22
2025-03,수원시 영통구,원천동,신선식품,40대,1155353,43,26868,미참여,0.483,18
2025-03,수원시 영통구,원천동,신선식품,50대,1130845,36,31412,미참여,0.309,10
2025-03,수원시 영통구,원천동,신선식품,60대 이상,1165840,45,25907,미참여,0.471,17
2025-03,수원시 영통구,원천동,생활용품,20대,436095,17,25652,미참여,0.321,19
2025-03,수원시 영통구,원천동,생활용품,30대,1149690,42,27373,미참여,0.282,15
2025-03,수원시 영통구,원천동,생활용품,40대,500533,25,20021,미참여,0.235,26
2025-03,수원시 영통구,원천동,생활용품,50대,749530,29,25845,미참여,0.388,14
2025-03,수원시 영통구,원천동,생활용품,60대 이상,524466,20,26223,미참여,0.277,9
2025-03,수원시 영통구,원천동,의류/잡화,20대,1055103,26,40580,미참여,0.339,9
2025-03,수원시 영통구,원천동,의류/잡화,30대,700418,23,30452,미참여,0.253,20
2025-03,수원시 영통구,원천동,의류/잡화,40대,830448,20,41522,미참여,0.339,14
2025-03,수원시 영통구,원천동,의류/잡화,50대,845522,21,40262,미참여,0.363,15
2025-03,수원시 영통구,원천동,의류/잡화,60대 이상,642400,17,37788,미참여,0.12,19
2025-03,수원시 영통구,원천동,미용/생활서비스,20대,741984,24,30916,미참여,0.386,19
2025-03,수원시 영통구,원천동,미용/생활서비스,30대,834999,28,29821,미참여,0.25,20
2025-03,수원시 영통구,원천동,미용/생활서비스,40대,795917,25,31836,미참여,0.209,13
2025-03,수원시 영통구,원천동,미용/생활서비스,50대,521512,14,37250,미참여,0.424,20
2025-03,수원시 영통구,원천동,미용/생활서비스,60대 이상,420907,13,32377,미참여,0.297,26
2025-03,수원시 영통구,원천동,교육/학원,20대,1910367,19,100545,미참여,0.558,14
2025-03,수원시 영통구,원천동,교육/학원,30대,2365370,32,73917,미참여,0.364,33
2025-03,수원시 영통구,원천동,교육/학원,40대,2014034,25,80561,미참여,0.385,34
2025-03,수원시 영통구,원천동,교육/학원,50대,1883881,26,72456,미참여,0.36,24
2025-03,수원시 영통구,원천동,교육/학원,60대 이상,3162513,32,98828,미참여,0.277,19
2025-03,수원시 영통구,원천동,병원/약국,20대,486639,21,23173,미참여,0.397,13
2025-03,수원시 영통구,원천동,병원/약국,30대,412533,19,21712,미참여,0.545,25
2025-03,수원시 영통구,원천동,병원/약국,40대,612845,26,23570,미참여,0.25,27
2025-03,수원시 영통구,원천동,병원/약국,50대,488699,23,21247,미참여,0.374,19
2025-03,수원시 영통구,원천동,병원/약국,60대 이상,874796,39,22430,미참여,0.292,16
2025-03,수원시 영통구,원천동,편의점/마트,20대,458954,41,11194,미참여,0.353,17
2025-03,수원시 영통구,원천동,편의점/마트,30대,569294,40,14232,미참여,0.478,12
2025-03,수원시 영통구,원천동,편의점/마트,40대,343747,28,12276,미참여,0.459,20
2025-03,수원시 영통구,원천동,편의점/마트,50대,341822,24,14242,미참여,0.33,34
2025-03,수원시 영통구,원천동,편의점/마트,60대 이상,400071,30,13335,미참여,0.417,17
2025-03,광주 북구,용봉동,한식/분식,20대,528242,32,16507,미참여,0.397,20
2025-03,광주 북구,용봉동,한식/분식,30대,407634,30,13587,미참여,0.39,20
2025-03,광주 북구,용봉동,한식/분식,40대,883297,51,17319,미참여,0.329,22
2025-03,광주 북구,용봉동,한식/분식,50대,569978,37,15404,미참여,0.526,34
2025-03,광주 북구,용봉동,한식/분식,60대 이상,812282,59,13767,미참여,0.489,25
2025-03,광주 북구,용봉동,카페/디저트,20대,315270,44,7165,미참여,0.257,22
2025-03,광주 북구,용봉동,카페/디저트,30대,202530,25,8101,미참여,0.354,16
2025-03,광주 북구,용봉동,카페/디저트,40대,299143,30,9971,미참여,0.412,25
2025-03,광주 북구,용봉동,카페/디저트,50대,180108,19,9479,미참여,0.355,21
2025-03,광주 북구,용봉동,카페/디저트,60대 이상,292827,35,8366,미참여,0.299,35
2025-03,광주 북구,용봉동,신선식품,20대,786509,27,29129,미참여,0.219,13
2025-03,광주 북구,용봉동,신선식품,30대,1285533,38,33829,미참여,0.35,11
2025-03,광주 북구,용봉동,신선식품,40대,1037965,41,25316,미참여,0.465,10
2025-03,광주 북구,용봉동,신선식품,50대,1457038,55,26491,미참여,0.492,16
2025-03,광주 북구,용봉동,신선식품,60대 이상,1037297,43,24123,미참여,0.436,12
2025-03,광주 북구,용봉동,생활용품,20대,1007520,39,25833,미참여,0.486,16
2025-03,광주 북구,용봉동,생활용품,30대,1014871,37,27428,미참여,0.259,6
2025-03,광주 북구,용봉동,생활용품,40대,696020,26,26770,미참여,0.243,17
2025-03,광주 북구,용봉동,생활용품,50대,601909,29,20755,미참여,0.479,22
2025-03,광주 북구,용봉동,생활용품,60대 이상,831783,34,24464,미참여,0.17,15
2025-03,광주 북구,용봉동,의류/잡화,20대,466047,15,31069,미참여,0.296,18
2025-03,광주 북구,용봉동,의류/잡화,30대,606544,15,40436,미참여,0.274,23
2025-03,광주 북구,용봉동,의류/잡화,40대,653917,20,32695,미참여,0.424,18
2025-03,광주 북구,용봉동,의류/잡화,50대,786078,22,35730,미참여,0.489,22
2025-03,광주 북구,용봉동,의류/잡화,60대 이상,805581,21,38361,미참여,0.372,16
2025-03,광주 북구,용봉동,미용/생활서비스,20대,886806,31,28606,미참여,0.424,24
2025-03,광주 북구,용봉동,미용/생활서비스,30대,490939,14,35067,미참여,0.172,14
2025-03,광주 북구,용봉동,미용/생활서비스,40대,577892,18,32105,미참여,0.361,16
2025-03,광주 북구,용봉동,미용/생활서비스,50대,689418,26,26516,미참여,0.391,19
2025-03,광주 북구,용봉동,미용/생활서비스,60대 이상,588528,20,29426,미참여,0.251,21
2025-03,광주 북구,용봉동,교육/학원,20대,1107166,12,92263,미참여,0.363,19
2025-03,광주 북구,용봉동,교육/학원,30대,1964829,25,78593,미참여,0.325,21
2025-03,광주 북구,용봉동,교육/학원,40대,1018733,12,84894,미참여,0.439,21
2025-03,광주 북구,용봉동,교육/학원,50대,1166385,14,83313,미참여,0.382,10
2025-03,광주 북구,용봉동,교육/학원,60대 이상,1725274,19,90803,미참여,0.404,19
2025-03,광주 북구,용봉동,병원/약국,20대,656713,25,26268,미참여,0.311,10
2025-03,광주 북구,용봉동,병원/약국,30대,614765,21,29274,미참여,0.34,29
2025-03,광주 북구,용봉동,병원/약국,40대,561409,20,28070,미참여,0.161,13
2025-03,광주 북구,용봉동,병원/약국,50대,975875,33,29571,미참여,0.401,17
2025-03,광주 북구,용봉동,병원/약국,60대 이상,1351671,55,24575,미참여,0.29,18
2025-03,광주 북구,용봉동,편의점/마트,20대,679667,48,14159,미참여,0.362,10
2025-03,광주 북구,용봉동,편의점/마트,30대,326098,25,13043,미참여,0.405,17
2025-03,광주 북구,용봉동,편의점/마트,40대,282588,22,12844,미참여,0.459,10
2025-03,광주 북구,용봉동,편의점/마트,50대,453763,44,10312,미참여,0.353,16
2025-03,광주 북구,용봉동,편의점/마트,60대 이상,292898,24,12204,미참여,0.522,8
2025-03,광주 북구,운암동,한식/분식,20대,625283,45,13895,미참여,0.45,32
2025-03,광주 북구,운암동,한식/분식,30대,515789,37,13940,미참여,0.433,15
2025-03,광주 북구,운암동,한식/분식,40대,707690,46,15384,미참여,0.331,17
2025-03,광주 북구,운암동,한식/분식,50대,652147,48,13586,미참여,0.455,21
2025-03,광주 북구,운암동,한식/분식,60대 이상,673725,40,16843,미참여,0.337,18
2025-03,광주 북구,운암동,카페/디저트,20대,493145,50,9862,미참여,0.29,19
2025-03,광주 북구,운암동,카페/디저트,30대,503551,55,9155,미참여,0.222,22
2025-03,광주 북구,운암동,카페/디저트,40대,173888,24,7245,미참여,0.235,11
2025-03,광주 북구,운암동,카페/디저트,50대,390054,45,8667,미참여,0.275,18
2025-03,광주 북구,운암동,카페/디저트,60대 이상,238202,34,7005,미참여,0.32,25
2025-03,광주 북구,운암동,신선식품,20대,1250463,38,32906,미참여,0.456,19
2025-03,광주 북구,운암동,신선식품,30대,1073324,35,30666,미참여,0.431,13
2025-03,광주 북구,운암동,신선식품,40대,1578820,46,34322,미참여,0.258,11
2025-03,광주 북구,운암동,신선식품,50대,1441781,44,32767,미참여,0.548,16
2025-03,광주 북구,운암동,신선식품,60대 이상,1432732,45,31838,미참여,0.37,18
2025-03,광주 북구,운암동,생활용품,20대,517148,21,24626,미참여,0.27,11
2025-03,광주 북구,운암동,생활용품,30대,797501,41,19451,미참여,0.455,19
2025-03,광주 북구,운암동,생활용품,40대,822324,33,24918,미참여,0.307,24
2025-03,광주 북구,운암동,생활용품,50대,527708,21,25128,미참여,0.23,25
2025-03,광주 북구,운암동,생활용품,60대 이상,947939,44,21544,미참여,0.398,14
2025-03,광주 북구,운암동,의류/잡화,20대,596993,14,42642,미참여,0.412,16
2025-03,광주 북구,운암동,의류/잡화,30대,782474,26,30095,미참여,0.354,24
2025-03,광주 북구,운암동,의류/잡화,40대,472046,11,42913,미참여,0.419,20
2025-03,광주 북구,운암동,의류/잡화,50대,629798,21,29990,미참여,0.337,21
2025-03,광주 북구,운암동,의류/잡화,60대 이상,541411,14,38672,미참여,0.282,21
2025-03,광주 북구,운암동,미용/생활서비스,20대,1279231,40,31980,미참여,0.381,17
2025-03,광주 북구,운암동,미용/생활서비스,30대,974523,29,33604,미참여,0.342,18
2025-03,광주 북구,운암동,미용/생활서비스,40대,257013,9,28557,미참여,0.26,8
2025-03,광주 북구,운암동,미용/생활서비스,50대,537397,16,33587,미참여,0.138,29
2025-03,광주 북구,운암동,미용/생활서비스,60대 이상,763448,23,33193,미참여,0.52,11
2025-03,광주 북구,운암동,교육/학원,20대,1527836,17,89872,미참여,0.336,22
2025-03,광주 북구,운암동,교육/학원,30대,1795745,22,81624,미참여,0.291,24
2025-03,광주 북구,운암동,교육/학원,40대,1917428,21,91306,미참여,0.373,22
2025-03,광주 북구,운암동,교육/학원,50대,1270556,14,90754,미참여,0.362,21
2025-03,광주 북구,운암동,교육/학원,60대 이상,2609064,25,104362,미참여,0.28,14
2025-03,광주 북구,운암동,병원/약국,20대,449666,22,20439,미참여,0.368,17
2025-03,광주 북구,운암동,병원/약국,30대,595461,25,23818,미참여,0.309,3
2025-03,광주 북구,운암동,병원/약국,40대,473159,17,27832,미참여,0.43,27
2025-03,광주 북구,운암동,병원/약국,50대,816476,37,22066,미참여,0.363,7
2025-03,광주 북구,운암동,병원/약국,60대 이상,736945,29,25411,미참여,0.395,4
2025-03,광주 북구,운암동,편의점/마트,20대,624498,60,10408,미참여,0.438,12
2025-03,광주 북구,운암동,편의점/마트,30대,219491,17,12911,미참여,0.345,22
2025-03,광주 북구,운암동,편의점/마트,40대,389677,32,12177,미참여,0.36,16
2025-03,광주 북구,운암동,편의점/마트,50대,315158,24,13131,미참여,0.516,23
2025-03,광주 북구,운암동,편의점/마트,60대 이상,213896,18,11883,미참여,0.415,16
2025-03,광주 북구,일곡동,한식/분식,20대,867075,55,15765,미참여,0.347,23
2025-03,광주 북구,일곡동,한식/분식,30대,442822,33,13418,미참여,0.593,27
2025-03,광주 북구,일곡동,한식/분식,40대,739892,43,17206,미참여,0.495,14
2025-03,광주 북구,일곡동,한식/분식,50대,632273,42,15054,미참여,0.424,21
2025-03,광주 북구,일곡동,한식/분식,60대 이상,621212,35,17748,미참여,0.392,31
2025-03,광주 북구,일곡동,카페/디저트,20대,263463,27,9757,미참여,0.35,22
2025-03,광주 북구,일곡동,카페/디저트,30대,198717,23,8639,미참여,0.465,22
2025-03,광주 북구,일곡동,카페/디저트,40대,291789,30,9726,미참여,0.351,20
2025-03,광주 북구,일곡동,카페/디저트,50대,270240,27,10008,미참여,0.346,16
2025-03,광주 북구,일곡동,카페/디저트,60대 이상,236409,29,8152,미참여,0.378,20
2025-03,광주 북구,일곡동,신선식품,20대,859146,27,31820,미참여,0.401,14
2025-03,광주 북구,일곡동,신선식품,30대,433372,18,24076,미참여,0.474,19
2025-03,광주 북구,일곡동,신선식품,40대,1383100,40,34577,미참여,0.399,16
2025-03,광주 북구,일곡동,신선식품,50대,1128652,36,31351,미참여,0.341,14
2025-03,광주 북구,일곡동,신선식품,60대 이상,1379675,48,28743,미참여,0.316,11
2025-03,광주 북구,일곡동,생활용품,20대,435046,20,21752,미참여,0.276,30
2025-03,광주 북구,일곡동,생활용품,30대,1058325,39,27136,미참여,0.305,13
2025-03,광주 북구,일곡동,생활용품,40대,580236,27,21490,미참여,0.521,23
2025-03,광주 북구,일곡동,생활용품,50대,790031,41,19269,미참여,0.23,25
2025-03,광주 북구,일곡동,생활용품,60대 이상,913561,44,20762,미참여,0.259,21
2025-03,광주 북구,일곡동,의류/잡화,20대,689410,21,32829,미참여,0.286,16
2025-03,광주 북구,일곡동,의류/잡화,30대,787456,19,41445,미참여,0.489,27
2025-03,광주 북구,일곡동,의류/잡화,40대,832237,23,36184,미참여,0.394,10
2025-03,광주 북구,일곡동,의류/잡화,50대,583437,16,36464,미참여,0.365,24
2025-03,광주 북구,일곡동,의류/잡화,60대 이상,792292,22,36013,미참여,0.313,19
2025-03,광주 북구,일곡동,미용/생활서비스,20대,740620,20,37031,미참여,0.299,11
2025-03,광주 북구,일곡동,미용/생활서비스,30대,722954,21,34426,미참여,0.311,23
2025-03,광주 북구,일곡동,미용/생활서비스,40대,624771,24,26032,미참여,0.449,9
2025-03,광주 북구,일곡동,미용/생활서비스,50대,668904,24,27871,미참여,0.356,1
2025-03,광주 북구,일곡동,미용/생활서비스,60대 이상,1129850,34,33230,미참여,0.315,22
2025-03,광주 북구,일곡동,교육/학원,20대,1103823,13,84909,미참여,0.441,7
2025-03,광주 북구,일곡동,교육/학원,30대,2661546,33,80652,미참여,0.353,16
2025-03,광주 북구,일곡동,교육/학원,40대,2630686,25,105227,미참여,0.466,22
2025-03,광주 북구,일곡동,교육/학원,50대,1129913,13,86916,미참여,0.184,14
2025-03,광주 북구,일곡동,교육/학원,60대 이상,1563183,20,78159,미참여,0.333,14
2025-03,광주 북구,일곡동,병원/약국,20대,375623,17,22095,미참여,0.252,37
2025-03,광주 북구,일곡동,병원/약국,30대,427597,16,26724,미참여,0.306,2
2025-03,광주 북구,일곡동,병원/약국,40대,664124,23,28874,미참여,0.386,15
2025-03,광주 북구,일곡동,병원/약국,50대,369780,17,21751,미참여,0.343,23
2025-03,광주 북구,일곡동,병원/약국,60대 이상,1810602,67,27023,미참여,0.376,20
2025-03,광주 북구,일곡동,편의점/마트,20대,353317,30,11777,미참여,0.446,5
2025-03,광주 북구,일곡동,편의점/마트,30대,356436,29,12290,미참여,0.554,13
2025-03,광주 북구,일곡동,편의점/마트,40대,477307,33,14463,미참여,0.545,4
2025-03,광주 북구,일곡동,편의점/마트,50대,509401,39,13061,미참여,0.538,16
2025-03,광주 북구,일곡동,편의점/마트,60대 이상,363702,28,12989,미참여,0.539,18
2025-03,광주 북구,두암동,한식/분식,20대,426099,27,15781,미참여,0.359,12
2025-03,광주 북구,두암동,한식/분식,30대,521708,32,16303,미참여,0.526,20
2025-03,광주 북구,두암동,한식/분식,40대,707773,55,12868,미참여,0.607,25
2025-03,광주 북구,두암동,한식/분식,50대,518546,39,13296,미참여,0.395,7
2025-03,광주 북구,두암동,한식/분식,60대 이상,708006,55,12872,미참여,0.559,14
2025-03,광주 북구,두암동,카페/디저트,20대,214608,30,7153,미참여,0.476,22
2025-03,광주 북구,두암동,카페/디저트,30대,302160,30,10072,미참여,0.427,28
2025-03,광주 북구,두암동,카페/디저트,40대,150199,15,10013,미참여,0.271,13
2025-03,광주 북구,두암동,카페/디저트,50대,215211,22,9782,미참여,0.449,22
2025-03,광주 북구,두암동,카페/디저트,60대 이상,253503,35,7242,미참여,0.334,26
2025-03,광주 북구,두암동,신선식품,20대,692112,26,26619,미참여,0.539,14
2025-03,광주 북구,두암동,신선식품,30대,1175537,35,33586,미참여,0.492,10
2025-03,광주 북구,두암동,신선식품,40대,1172067,47,24937,미참여,0.477,3
2025-03,광주 북구,두암동,신선식품,50대,1696557,60,28275,미참여,0.483,13
2025-03,광주 북구,두암동,신선식품,60대 이상,583629,21,27791,미참여,0.536,32
2025-03,광주 북구,두암동,생활용품,20대,590505,26,22711,미참여,0.354,26
2025-03,광주 북구,두암동,생활용품,30대,711164,31,22940,미참여,0.352,21
2025-03,광주 북구,두암동,생활용품,40대,508941,20,25447,미참여,0.311,8
2025-03,광주 북구,두암동,생활용품,50대,1093480,49,22315,미참여,0.209,23
2025-03,광주 북구,두암동,생활용품,60대 이상,667759,29,23026,미참여,0.486,12
2025-03,광주 북구,두암동,의류/잡화,20대,801615,19,42190,미참여,0.276,15
2025-03,광주 북구,두암동,의류/잡화,30대,535433,15,35695,미참여,0.179,16
2025-03,광주 북구,두암동,의류/잡화,40대,815605,23,35461,미참여,0.298,17
2025-03,광주 북구,두암동,의류/잡화,50대,468052,12,39004,미참여,0.434,21
2025-03,광주 북구,두암동,의류/잡화,60대 이상,905877,23,39385,미참여,0.12,29
2025-03,광주 북구,두암동,미용/생활서비스,20대,854210,26,32854,미참여,0.429,27
2025-03,광주 북구,두암동,미용/생활서비스,30대,624801,22,28400,미참여,0.385,18
2025-03,광주 북구,두암동,미용/생활서비스,40대,447888,17,26346,미참여,0.283,23
2025-03,광주 북구,두암동,미용/생활서비스,50대,864389,24,36016,미참여,0.193,14
2025-03,광주 북구,두암동,미용/생활서비스,60대 이상,619476,24,25811,미참여,0.327,14
2025-03,광주 북구,두암동,교육/학원,20대,1327489,16,82968,미참여,0.354,26
2025-03,광주 북구,두암동,교육/학원,30대,3065322,29,105700,미참여,0.434,13
2025-03,광주 북구,두암동,교육/학원,40대,1949533,25,77981,미참여,0.286,19
2025-03,광주 북구,두암동,교육/학원,50대,1686094,22,76640,미참여,0.359,19
2025-03,광주 북구,두암동,교육/학원,60대 이상,1519814,20,75990,미참여,0.208,20
2025-03,광주 북구,두암동,병원/약국,20대,604008,28,21571,미참여,0.3,13
2025-03,광주 북구,두암동,병원/약국,30대,509107,24,21212,미참여,0.498,16
2025-03,광주 북구,두암동,병원/약국,40대,768556,26,29559,미참여,0.301,13
2025-03,광주 북구,두암동,병원/약국,50대,1035079,37,27975,미참여,0.275,22
2025-03,광주 북구,두암동,병원/약국,60대 이상,987031,37,26676,미참여,0.325,13
2025-03,광주 북구,두암동,편의점/마트,20대,380461,33,11529,미참여,0.357,12
2025-03,광주 북구,두암동,편의점/마트,30대,282753,20,14137,미참여,0.417,8
2025-03,광주 북구,두암동,편의점/마트,40대,352180,27,13043,미참여,0.366,22
2025-03,광주 북구,두암동,편의점/마트,50대,477848,34,14054,미참여,0.558,4
2025-03,광주 북구,두암동,편의점/마트,60대 이상,441423,43,10265,미참여,0.31,11
2025-03,광주 동구,충장동,한식/분식,20대,487030,38,12816,미참여,0.508,33
2025-03,광주 동구,충장동,한식/분식,30대,619586,37,16745,미참여,0.437,27
2025-03,광주 동구,충장동,한식/분식,40대,1160503,77,15071,미참여,0.4,25
2025-03,광주 동구,충장동,한식/분식,50대,443356,34,13039,미참여,0.347,18
2025-03,광주 동구,충장동,한식/분식,60대 이상,575979,38,15157,미참여,0.355,26
2025-03,광주 동구,충장동,카페/디저트,20대,363997,44,8272,미참여,0.221,26
2025-03,광주 동구,충장동,카페/디저트,30대,229701,27,8507,미참여,0.258,19
2025-03,광주 동구,충장동,카페/디저트,40대,329712,34,9697,미참여,0.502,19
2025-03,광주 동구,충장동,카페/디저트,50대,142473,19,7498,미참여,0.256,19
2025-03,광주 동구,충장동,카페/디저트,60대 이상,253303,34,7450,미참여,0.372,12
2025-03,광주 동구,충장동,신선식품,20대,672198,20,33609,미참여,0.206,22
2025-03,광주 동구,충장동,신선식품,30대,775325,23,33709,미참여,0.513,26
2025-03,광주 동구,충장동,신선식품,40대,1418684,49,28952,미참여,0.368,25
2025-03,광주 동구,충장동,신선식품,50대,1080031,44,24546,미참여,0.236,19
2025-03,광주 동구,충장동,신선식품,60대 이상,1123162,45,24959,미참여,0.456,16
2025-03,광주 동구,충장동,생활용품,20대,617724,25,24708,미참여,0.405,21
2025-03,광주 동구,충장동,생활용품,30대,670397,27,24829,미참여,0.263,19
2025-03,광주 동구,충장동,생활용품,40대,956817,37,25859,미참여,0.448,20
2025-03,광주 동구,충장동,생활용품,50대,760760,40,19019,미참여,0.313,21
2025-03,광주 동구,충장동,생활용품,60대 이상,1140160,43,26515,미참여,0.5,16
2025-03,광주 동구,충장동,의류/잡화,20대,1512238,42,36005,미참여,0.296,18
2025-03,광주 동구,충장동,의류/잡화,30대,574823,19,30253,미참여,0.379,32
2025-03,광주 동구,충장동,의류/잡화,40대,739066,17,43474,미참여,0.244,26
2025-03,광주 동구,충장동,의류/잡화,50대,1087134,26,41812,미참여,0.308,16
2025-03,광주 동구,충장동,의류/잡화,60대 이상,553759,13,42596,미참여,0.338,15
2025-03,광주 동구,충장동,미용/생활서비스,20대,967138,28,34540,미참여,0.334,12
2025-03,광주 동구,충장동,미용/생활서비스,30대,681004,21,32428,미참여,0.419,24
2025-03,광주 동구,충장동,미용/생활서비스,40대,704942,22,32042,미참여,0.383,19
2025-03,광주 동구,충장동,미용/생활서비스,50대,825610,28,29486,미참여,0.271,11
2025-03,광주 동구,충장동,미용/생활서비스,60대 이상,722653,25,28906,미참여,0.365,12
2025-03,광주 동구,충장동,교육/학원,20대,1386839,16,86677,미참여,0.35,24
2025-03,광주 동구,충장동,교육/학원,30대,1204676,16,75292,미참여,0.333,33
2025-03,광주 동구,충장동,교육/학원,40대,2112495,20,105624,미참여,0.424,12
2025-03,광주 동구,충장동,교육/학원,50대,1312314,18,72906,미참여,0.299,23
2025-03,광주 동구,충장동,교육/학원,60대 이상,1429449,17,84085,미참여,0.464,15
2025-03,광주 동구,충장동,병원/약국,20대,972170,35,27776,미참여,0.287,6
2025-03,광주 동구,충장동,병원/약국,30대,437338,20,21866,미참여,0.291,19
2025-03,광주 동구,충장동,병원/약국,40대,355845,16,22240,미참여,0.244,28
2025-03,광주 동구,충장동,병원/약국,50대,884529,31,28533,미참여,0.469,17
2025-03,광주 동구,충장동,병원/약국,60대 이상,1355987,47,28850,미참여,0.344,19
2025-03,광주 동구,충장동,편의점/마트,20대,508910,46,11063,미참여,0.481,16
2025-03,광주 동구,충장동,편의점/마트,30대,237149,22,10779,미참여,0.491,4
2025-03,광주 동구,충장동,편의점/마트,40대,314463,28,11230,미참여,0.413,8
2025-03,광주 동구,충장동,편의점/마트,50대,319946,25,12797,미참여,0.42,21
2025-03,광주 동구,충장동,편의점/마트,60대 이상,409560,30,13652,미참여,0.467,18
2025-03,광주 동구,동명동,한식/분식,20대,591577,42,14085,미참여,0.367,32
2025-03,광주 동구,동명동,한식/분식,30대,648295,50,12965,미참여,0.463,33
2025-03,광주 동구,동명동,한식/분식,40대,482837,34,14201,미참여,0.382,21
2025-03,광주 동구,동명동,한식/분식,50대,690779,48,14391,미참여,0.537,31
2025-03,광주 동구,동명동,한식/분식,60대 이상,711395,51,13948,미참여,0.423,19
2025-03,광주 동구,동명동,카페/디저트,20대,375201,47,7983,미참여,0.314,20
2025-03,광주 동구,동명동,카페/디저트,30대,343471,37,9283,미참여,0.175,41
2025-03,광주 동구,동명동,카페/디저트,40대,253369,32,7917,미참여,0.34,20
2025-03,광주 동구,동명동,카페/디저트,50대,233306,31,7526,미참여,0.41,25
2025-03,광주 동구,동명동,카페/디저트,60대 이상,322945,46,7020,미참여,0.317,23
2025-03,광주 동구,동명동,신선식품,20대,905810,27,33548,미참여,0.388,10
2025-03,광주 동구,동명동,신선식품,30대,1251858,38,32943,미참여,0.504,5
2025-03,광주 동구,동명동,신선식품,40대,519271,19,27330,미참여,0.399,23
2025-03,광주 동구,동명동,신선식품,50대,1525005,44,34659,미참여,0.512,7
2025-03,광주 동구,동명동,신선식품,60대 이상,1316377,40,32909,미참여,0.471,13
2025-03,광주 동구,동명동,생활용품,20대,795518,30,26517,미참여,0.411,22
2025-03,광주 동구,동명동,생활용품,30대,920820,35,26309,미참여,0.408,15
2025-03,광주 동구,동명동,생활용품,40대,381468,19,20077,미참여,0.343,6
2025-03,광주 동구,동명동,생활용품,50대,750304,32,23447,미참여,0.327,18
2025-03,광주 동구,동명동,생활용품,60대 이상,951468,47,20244,미참여,0.365,18
2025-03,광주 동구,동명동,의류/잡화,20대,1244644,40,31116,미참여,0.467,21
2025-03,광주 동구,동명동,의류/잡화,30대,702890,17,41346,미참여,0.466,21
2025-03,광주 동구,동명동,의류/잡화,40대,1009830,33,30600,미참여,0.323,27
2025-03,광주 동구,동명동,의류/잡화,50대,695281,20,34764,미참여,0.3,17
2025-03,광주 동구,동명동,의류/잡화,60대 이상,792027,21,37715,미참여,0.375,29
2025-03,광주 동구,동명동,미용/생활서비스,20대,844301,25,33772,미참여,0.285,23
2025-03,광주 동구,동명동,미용/생활서비스,30대,578196,22,26281,미참여,0.414,23
2025-03,광주 동구,동명동,미용/생활서비스,40대,916866,27,33958,미참여,0.388,11
2025-03,광주 동구,동명동,미용/생활서비스,50대,500141,15,33342,미참여,0.322,15
2025-03,광주 동구,동명동,미용/생활서비스,60대 이상,453626,15,30241,미참여,0.279,31
2025-03,광주 동구,동명동,교육/학원,20대,1256480,17,73910,미참여,0.456,30
2025-03,광주 동구,동명동,교육/학원,30대,1548636,20,77431,미참여,0.323,14
2025-03,광주 동구,동명동,교육/학원,40대,1412427,18,78468,미참여,0.328,10
2025-03,광주 동구,동명동,교육/학원,50대,965485,11,87771,미참여,0.274,8
2025-03,광주 동구,동명동,교육/학원,60대 이상,1168024,14,83430,미참여,0.432,20
2025-03,광주 동구,동명동,병원/약국,20대,555763,20,27788,미참여,0.384,22
2025-03,광주 동구,동명동,병원/약국,30대,1047853,37,28320,미참여,0.391,24
2025-03,광주 동구,동명동,병원/약국,40대,728749,28,26026,미참여,0.278,14
2025-03,광주 동구,동명동,병원/약국,50대,862805,37,23319,미참여,0.371,12
2025-03,광주 동구,동명동,병원/약국,60대 이상,1055878,51,20703,미참여,0.343,14
2025-03,광주 동구,동명동,편의점/마트,20대,367942,28,13140,미참여,0.405,27
2025-03,광주 동구,동명동,편의점/마트,30대,349644,31,11278,미참여,0.57,27
2025-03,광주 동구,동명동,편의점/마트,40대,457026,41,11146,미참여,0.435,22
2025-03,광주 동구,동명동,편의점/마트,50대,416790,30,13893,미참여,0.352,18
2025-03,광주 동구,동명동,편의점/마트,60대 이상,517528,42,12322,미참여,0.314,26
2025-03,광주 동구,서남동,한식/분식,20대,514368,30,17145,미참여,0.33,8
2025-03,광주 동구,서남동,한식/분식,30대,982997,55,17872,미참여,0.473,23
2025-03,광주 동구,서남동,한식/분식,40대,480558,37,12988,미참여,0.507,30
2025-03,광주 동구,서남동,한식/분식,50대,614883,43,14299,미참여,0.484,20
2025-03,광주 동구,서남동,한식/분식,60대 이상,940497,52,18086,미참여,0.477,1
2025-03,광주 동구,서남동,카페/디저트,20대,255568,29,8812,미참여,0.347,19
2025-03,광주 동구,서남동,카페/디저트,30대,165061,17,9709,미참여,0.292,12
2025-03,광주 동구,서남동,카페/디저트,40대,230586,32,7205,미참여,0.281,34
2025-03,광주 동구,서남동,카페/디저트,50대,270398,32,8449,미참여,0.386,23
2025-03,광주 동구,서남동,카페/디저트,60대 이상,102076,12,8506,미참여,0.323,28
2025-03,광주 동구,서남동,신선식품,20대,1614013,50,32280,미참여,0.409,15
2025-03,광주 동구,서남동,신선식품,30대,785141,27,29079,미참여,0.423,21
2025-03,광주 동구,서남동,신선식품,40대,1384734,50,27694,미참여,0.279,9
2025-03,광주 동구,서남동,신선식품,50대,1844580,53,34803,미참여,0.428,13
2025-03,광주 동구,서남동,신선식품,60대 이상,1350582,51,26482,미참여,0.395,23
2025-03,광주 동구,서남동,생활용품,20대,424140,20,21207,미참여,0.187,10
2025-03,광주 동구,서남동,생활용품,30대,758157,31,24456,미참여,0.283,15
2025-03,광주 동구,서남동,생활용품,40대,514652,22,23393,미참여,0.321,18
2025-03,광주 동구,서남동,생활용품,50대,935406,36,25983,미참여,0.245,16
2025-03,광주 동구,서남동,생활용품,60대 이상,863501,32,26984,미참여,0.455,18
2025-03,광주 동구,서남동,의류/잡화,20대,1185781,32,37055,미참여,0.316,18
2025-03,광주 동구,서남동,의류/잡화,30대,819148,23,35615,미참여,0.294,33
2025-03,광주 동구,서남동,의류/잡화,40대,1179266,27,43676,미참여,0.37,33
2025-03,광주 동구,서남동,의류/잡화,50대,1264367,29,43598,미참여,0.307,16
2025-03,광주 동구,서남동,의류/잡화,60대 이상,750436,18,41690,미참여,0.403,33
2025-03,광주 동구,서남동,미용/생활서비스,20대,747509,21,35595,미참여,0.457,25
2025-03,광주 동구,서남동,미용/생활서비스,30대,571401,19,30073,미참여,0.346,28
2025-03,광주 동구,서남동,미용/생활서비스,40대,976450,27,36164,미참여,0.468,1
2025-03,광주 동구,서남동,미용/생활서비스,50대,565699,21,26938,미참여,0.376,20
2025-03,광주 동구,서남동,미용/생활서비스,60대 이상,498859,18,27714,미참여,0.293,7
2025-03,광주 동구,서남동,교육/학원,20대,1967519,20,98375,미참여,0.406,27
2025-03,광주 동구,서남동,교육/학원,30대,2981022,32,93156,미참여,0.367,27
2025-03,광주 동구,서남동,교육/학원,40대,1535439,16,95964,미참여,0.463,17
2025-03,광주 동구,서남동,교육/학원,50대,1797146,17,105714,미참여,0.389,21
2025-03,광주 동구,서남동,교육/학원,60대 이상,1086698,12,90558,미참여,0.365,9
2025-03,광주 동구,서남동,병원/약국,20대,806575,28,28806,미참여,0.367,16
2025-03,광주 동구,서남동,병원/약국,30대,443910,16,27744,미참여,0.439,16
2025-03,광주 동구,서남동,병원/약국,40대,622288,29,21458,미참여,0.302,21
2025-03,광주 동구,서남동,병원/약국,50대,886733,37,23965,미참여,0.311,21
2025-03,광주 동구,서남동,병원/약국,60대 이상,1002073,43,23304,미참여,0.322,11
2025-03,광주 동구,서남동,편의점/마트,20대,369275,36,10257,미참여,0.64,27
2025-03,광주 동구,서남동,편의점/마트,30대,486093,39,12463,미참여,0.377,17
2025-03,광주 동구,서남동,편의점/마트,40대,325338,30,10844,미참여,0.381,10
2025-03,광주 동구,서남동,편의점/마트,50대,319349,28,11405,미참여,0.49,36
2025-03,광주 동구,서남동,편의점/마트,60대 이상,511036,38,13448,미참여,0.397,18
2025-03,광주 동구,학동,한식/분식,20대,977635,62,15768,미참여,0.402,35
2025-03,광주 동구,학동,한식/분식,30대,450093,29,15520,미참여,0.364,17
2025-03,광주 동구,학동,한식/분식,40대,772890,46,16801,미참여,0.648,26
2025-03,광주 동구,학동,한식/분식,50대,855213,49,17453,미참여,0.426,21
2025-03,광주 동구,학동,한식/분식,60대 이상,1009004,56,18017,미참여,0.566,1
2025-03,광주 동구,학동,카페/디저트,20대,362127,37,9787,미참여,0.369,29
2025-03,광주 동구,학동,카페/디저트,30대,331934,38,8735,미참여,0.159,15
2025-03,광주 동구,학동,카페/디저트,40대,272024,28,9715,미참여,0.271,16
2025-03,광주 동구,학동,카페/디저트,50대,336855,35,9624,미참여,0.359,15
2025-03,광주 동구,학동,카페/디저트,60대 이상,284311,28,10153,미참여,0.341,7
2025-03,광주 동구,학동,신선식품,20대,891708,31,28764,미참여,0.244,12
2025-03,광주 동구,학동,신선식품,30대,619174,23,26920,미참여,0.341,15
2025-03,광주 동구,학동,신선식품,40대,1344884,41,32802,미참여,0.53,1
2025-03,광주 동구,학동,신선식품,50대,1634050,57,28667,미참여,0.564,14
2025-03,광주 동구,학동,신선식품,60대 이상,779016,28,27822,미참여,0.469,7
2025-03,광주 동구,학동,생활용품,20대,829055,33,25122,미참여,0.282,22
2025-03,광주 동구,학동,생활용품,30대,716717,29,24714,미참여,0.453,20
2025-03,광주 동구,학동,생활용품,40대,470703,19,24773,미참여,0.274,30
2025-03,광주 동구,학동,생활용품,50대,424781,19,22356,미참여,0.479,13
2025-03,광주 동구,학동,생활용품,60대 이상,779896,29,26892,미참여,0.305,21
2025-03,광주 동구,학동,의류/잡화,20대,1181767,28,42205,미참여,0.28,21
2025-03,광주 동구,학동,의류/잡화,30대,1343118,37,36300,미참여,0.24,23
2025-03,광주 동구,학동,의류/잡화,40대,456698,14,32621,미참여,0.429,27
2025-03,광주 동구,학동,의류/잡화,50대,522247,17,30720,미참여,0.377,8
2025-03,광주 동구,학동,의류/잡화,60대 이상,816569,26,31406,미참여,0.296,33
2025-03,광주 동구,학동,미용/생활서비스,20대,1055236,29,36387,미참여,0.356,23
2025-03,광주 동구,학동,미용/생활서비스,30대,836865,27,30995,미참여,0.333,10
2025-03,광주 동구,학동,미용/생활서비스,40대,472849,16,29553,미참여,0.402,21
2025-03,광주 동구,학동,미용/생활서비스,50대,558260,20,27913,미참여,0.319,12
2025-03,광주 동구,학동,미용/생활서비스,60대 이상,349290,12,29107,미참여,0.248,19
2025-03,광주 동구,학동,교육/학원,20대,2028216,21,96581,미참여,0.21,28
2025-03,광주 동구,학동,교육/학원,30대,2046021,27,75778,미참여,0.469,14
2025-03,광주 동구,학동,교육/학원,40대,1854934,20,92746,미참여,0.35,18
2025-03,광주 동구,학동,교육/학원,50대,912497,10,91249,미참여,0.222,19
2025-03,광주 동구,학동,교육/학원,60대 이상,1427139,17,83949,미참여,0.324,28
2025-03,광주 동구,학동,병원/약국,20대,882906,34,25967,미참여,0.301,8
2025-03,광주 동구,학동,병원/약국,30대,522297,25,20891,미참여,0.249,23
2025-03,광주 동구,학동,병원/약국,40대,572392,27,21199,미참여,0.3,13
2025-03,광주 동구,학동,병원/약국,50대,603459,27,22350,미참여,0.348,20
2025-03,광주 동구,학동,병원/약국,60대 이상,945301,35,27008,미참여,0.419,14
2025-03,광주 동구,학동,편의점/마트,20대,274164,19,14429,미참여,0.523,8
2025-03,광주 동구,학동,편의점/마트,30대,442443,30,14748,미참여,0.541,21
2025-03,광주 동구,학동,편의점/마트,40대,377929,31,12191,미참여,0.395,18
2025-03,광주 동구,학동,편의점/마트,50대,298919,23,12996,미참여,0.414,10
2025-03,광주 동구,학동,편의점/마트,60대 이상,431648,31,13924,미참여,0.581,16
2025-04,수원시 팔달구,행궁동,한식/분식,20대,416293,28,14867,미참여,0.412,21
2025-04,수원시 팔달구,행궁동,한식/분식,30대,349973,22,15907,미참여,0.4,25
2025-04,수원시 팔달구,행궁동,한식/분식,40대,758509,53,14311,미참여,0.414,17
2025-04,수원시 팔달구,행궁동,한식/분식,50대,572708,44,13016,미참여,0.395,21
2025-04,수원시 팔달구,행궁동,한식/분식,60대 이상,787209,55,14312,미참여,0.487,12
2025-04,수원시 팔달구,행궁동,카페/디저트,20대,317510,37,8581,미참여,0.399,5
2025-04,수원시 팔달구,행궁동,카페/디저트,30대,229094,32,7159,미참여,0.373,8
2025-04,수원시 팔달구,행궁동,카페/디저트,40대,119238,16,7452,미참여,0.42,23
2025-04,수원시 팔달구,행궁동,카페/디저트,50대,271128,28,9683,미참여,0.414,20
2025-04,수원시 팔달구,행궁동,카페/디저트,60대 이상,106305,15,7087,미참여,0.57,20
2025-04,수원시 팔달구,행궁동,신선식품,20대,784214,27,29044,미참여,0.394,26
2025-04,수원시 팔달구,행궁동,신선식품,30대,1226751,49,25035,미참여,0.501,15
2025-04,수원시 팔달구,행궁동,신선식품,40대,1854678,53,34993,미참여,0.519,25
2025-04,수원시 팔달구,행궁동,신선식품,50대,2466347,74,33329,미참여,0.612,20
2025-04,수원시 팔달구,행궁동,신선식품,60대 이상,908645,33,27534,미참여,0.545,1
2025-04,수원시 팔달구,행궁동,생활용품,20대,562768,28,20098,미참여,0.475,24
2025-04,수원시 팔달구,행궁동,생활용품,30대,641561,30,21385,미참여,0.352,21
2025-04,수원시 팔달구,행궁동,생활용품,40대,562497,29,19396,미참여,0.357,34
2025-04,수원시 팔달구,행궁동,생활용품,50대,753781,32,23555,미참여,0.263,14
2025-04,수원시 팔달구,행궁동,생활용품,60대 이상,1015859,38,26733,미참여,0.368,9
2025-04,수원시 팔달구,행궁동,의류/잡화,20대,778503,24,32437,미참여,0.123,15
2025-04,수원시 팔달구,행궁동,의류/잡화,30대,633200,17,37247,미참여,0.579,29
2025-04,수원시 팔달구,행궁동,의류/잡화,40대,708830,20,35441,미참여,0.313,11
2025-04,수원시 팔달구,행궁동,의류/잡화,50대,652360,18,36242,미참여,0.341,11
2025-04,수원시 팔달구,행궁동,의류/잡화,60대 이상,509878,17,29992,미참여,0.351,19
2025-04,수원시 팔달구,행궁동,미용/생활서비스,20대,543969,19,28629,미참여,0.292,23
2025-04,수원시 팔달구,행궁동,미용/생활서비스,30대,695081,19,36583,미참여,0.296,21
2025-04,수원시 팔달구,행궁동,미용/생활서비스,40대,1029127,29,35487,미참여,0.249,35
2025-04,수원시 팔달구,행궁동,미용/생활서비스,50대,657981,20,32899,미참여,0.339,17
2025-04,수원시 팔달구,행궁동,미용/생활서비스,60대 이상,595308,19,31332,미참여,0.506,10
2025-04,수원시 팔달구,행궁동,교육/학원,20대,2021658,20,101082,미참여,0.341,23
2025-04,수원시 팔달구,행궁동,교육/학원,30대,2563326,25,102533,미참여,0.442,14
2025-04,수원시 팔달구,행궁동,교육/학원,40대,2276090,23,98960,미참여,0.335,19
2025-04,수원시 팔달구,행궁동,교육/학원,50대,2124727,24,88530,미참여,0.298,8
2025-04,수원시 팔달구,행궁동,교육/학원,60대 이상,2078232,20,103911,미참여,0.381,15
2025-04,수원시 팔달구,행궁동,병원/약국,20대,964706,35,27563,미참여,0.376,7
2025-04,수원시 팔달구,행궁동,병원/약국,30대,878020,35,25086,미참여,0.501,23
2025-04,수원시 팔달구,행궁동,병원/약국,40대,459528,20,22976,미참여,0.277,17
2025-04,수원시 팔달구,행궁동,병원/약국,50대,653837,32,20432,미참여,0.421,21
2025-04,수원시 팔달구,행궁동,병원/약국,60대 이상,870312,33,26373,미참여,0.349,15
2025-04,수원시 팔달구,행궁동,편의점/마트,20대,512738,35,14649,미참여,0.283,11
2025-04,수원시 팔달구,행궁동,편의점/마트,30대,317866,30,10595,미참여,0.417,25
2025-04,수원시 팔달구,행궁동,편의점/마트,40대,300963,24,12540,미참여,0.44,15
2025-04,수원시 팔달구,행궁동,편의점/마트,50대,481607,41,11746,미참여,0.445,21
2025-04,수원시 팔달구,행궁동,편의점/마트,60대 이상,333720,23,14509,미참여,0.456,15
2025-04,수원시 팔달구,매산동,한식/분식,20대,681005,46,14804,미참여,0.536,19
2025-04,수원시 팔달구,매산동,한식/분식,30대,607740,46,13211,미참여,0.396,28
2025-04,수원시 팔달구,매산동,한식/분식,40대,1076152,77,13976,미참여,0.326,13
2025-04,수원시 팔달구,매산동,한식/분식,50대,846465,60,14107,미참여,0.527,31
2025-04,수원시 팔달구,매산동,한식/분식,60대 이상,460415,32,14387,미참여,0.536,13
2025-04,수원시 팔달구,매산동,카페/디저트,20대,317658,36,8823,미참여,0.291,19
2025-04,수원시 팔달구,매산동,카페/디저트,30대,397078,39,10181,미참여,0.49,22
2025-04,수원시 팔달구,매산동,카페/디저트,40대,191289,27,7084,미참여,0.343,18
2025-04,수원시 팔달구,매산동,카페/디저트,50대,194104,24,8087,미참여,0.176,15
2025-04,수원시 팔달구,매산동,카페/디저트,60대 이상,186009,24,7750,미참여,0.35,20
2025-04,수원시 팔달구,매산동,신선식품,20대,721327,30,24044,미참여,0.476,34
2025-04,수원시 팔달구,매산동,신선식품,30대,1083301,35,30951,미참여,0.453,25
2025-04,수원시 팔달구,매산동,신선식품,40대,1137282,46,24723,미참여,0.46,32
2025-04,수원시 팔달구,매산동,신선식품,50대,1910389,73,26169,미참여,0.563,25
2025-04,수원시 팔달구,매산동,신선식품,60대 이상,1504592,61,24665,미참여,0.547,11
2025-04,수원시 팔달구,매산동,생활용품,20대,735419,33,22285,미참여,0.46,17
2025-04,수원시 팔달구,매산동,생활용품,30대,708343,27,26234,미참여,0.355,22
2025-04,수원시 팔달구,매산동,생활용품,40대,836164,32,26130,미참여,0.295,32
2025-04,수원시 팔달구,매산동,생활용품,50대,894162,35,25547,미참여,0.378,26
2025-04,수원시 팔달구,매산동,생활용품,60대 이상,637827,29,21994,미참여,0.557,15
2025-04,수원시 팔달구,매산동,의류/잡화,20대,663099,21,31576,미참여,0.408,24
2025-04,수원시 팔달구,매산동,의류/잡화,30대,583978,15,38931,미참여,0.391,16
2025-04,수원시 팔달구,매산동,의류/잡화,40대,647675,17,38098,미참여,0.198,13
2025-04,수원시 팔달구,매산동,의류/잡화,50대,795888,24,33162,미참여,0.175,17
2025-04,수원시 팔달구,매산동,의류/잡화,60대 이상,492195,12,41016,미참여,0.214,19
2025-04,수원시 팔달구,매산동,미용/생활서비스,20대,679177,24,28299,미참여,0.168,19
2025-04,수원시 팔달구,매산동,미용/생활서비스,30대,646932,20,32346,미참여,0.331,19
2025-04,수원시 팔달구,매산동,미용/생활서비스,40대,534753,16,33422,미참여,0.409,23
2025-04,수원시 팔달구,매산동,미용/생활서비스,50대,866995,27,32110,미참여,0.32,13
2025-04,수원시 팔달구,매산동,미용/생활서비스,60대 이상,362349,14,25882,미참여,0.451,29
2025-04,수원시 팔달구,매산동,교육/학원,20대,1314346,16,82146,미참여,0.28,22
2025-04,수원시 팔달구,매산동,교육/학원,30대,2188764,22,99489,미참여,0.275,13
2025-04,수원시 팔달구,매산동,교육/학원,40대,2549108,28,91039,미참여,0.497,21
2025-04,수원시 팔달구,매산동,교육/학원,50대,1406774,17,82751,미참여,0.514,20
2025-04,수원시 팔달구,매산동,교육/학원,60대 이상,1845025,19,97106,미참여,0.172,15
2025-04,수원시 팔달구,매산동,병원/약국,20대,729013,34,21441,미참여,0.242,1
2025-04,수원시 팔달구,매산동,병원/약국,30대,554380,26,21322,미참여,0.396,22
2025-04,수원시 팔달구,매산동,병원/약국,40대,695076,30,23169,미참여,0.394,21
2025-04,수원시 팔달구,매산동,병원/약국,50대,430836,19,22675,미참여,0.284,23
2025-04,수원시 팔달구,매산동,병원/약국,60대 이상,1342726,45,29838,미참여,0.291,8
2025-04,수원시 팔달구,매산동,편의점/마트,20대,384566,32,12017,미참여,0.513,21
2025-04,수원시 팔달구,매산동,편의점/마트,30대,324442,31,10465,미참여,0.569,24
2025-04,수원시 팔달구,매산동,편의점/마트,40대,380776,27,14102,미참여,0.497,6
2025-04,수원시 팔달구,매산동,편의점/마트,50대,450801,44,10245,미참여,0.497,22
2025-04,수원시 팔달구,매산동,편의점/마트,60대 이상,494287,34,14537,미참여,0.478,11
2025-04,수원시 팔달구,고등동,한식/분식,20대,598383,39,15343,미참여,0.471,31
2025-04,수원시 팔달구,고등동,한식/분식,30대,546698,42,13016,미참여,0.394,23
2025-04,수원시 팔달구,고등동,한식/분식,40대,478112,38,12581,미참여,0.541,45
2025-04,수원시 팔달구,고등동,한식/분식,50대,483978,38,12736,미참여,0.591,22
2025-04,수원시 팔달구,고등동,한식/분식,60대 이상,759325,45,16873,미참여,0.412,30
2025-04,수원시 팔달구,고등동,카페/디저트,20대,311301,33,9433,미참여,0.275,4
2025-04,수원시 팔달구,고등동,카페/디저트,30대,320493,35,9156,미참여,0.486,16
2025-04,수원시 팔달구,고등동,카페/디저트,40대,148981,21,7094,미참여,0.466,16
2025-04,수원시 팔달구,고등동,카페/디저트,50대,252591,26,9715,미참여,0.24,24
2025-04,수원시 팔달구,고등동,카페/디저트,60대 이상,111016,14,7929,미참여,0.286,18
2025-04,수원시 팔달구,고등동,신선식품,20대,798117,26,30696,미참여,0.285,22
2025-04,수원시 팔달구,고등동,신선식품,30대,880211,26,33854,미참여,0.451,24
2025-04,수원시 팔달구,고등동,신선식품,40대,704754,25,28190,미참여,0.353,34
2025-04,수원시 팔달구,고등동,신선식품,50대,1243599,36,34544,미참여,0.412,30
2025-04,수원시 팔달구,고등동,신선식품,60대 이상,784715,30,26157,미참여,0.509,17
2025-04,수원시 팔달구,고등동,생활용품,20대,507177,24,21132,미참여,0.212,39
2025-04,수원시 팔달구,고등동,생활용품,30대,725913,28,25925,미참여,0.324,25
2025-04,수원시 팔달구,고등동,생활용품,40대,599882,24,24995,미참여,0.483,12
2025-04,수원시 팔달구,고등동,생활용품,50대,474090,18,26338,미참여,0.382,33
2025-04,수원시 팔달구,고등동,생활용품,60대 이상,543594,23,23634,미참여,0.329,20
2025-04,수원시 팔달구,고등동,의류/잡화,20대,788433,25,31537,미참여,0.376,27
2025-04,수원시 팔달구,고등동,의류/잡화,30대,1309320,31,42236,미참여,0.413,18
2025-04,수원시 팔달구,고등동,의류/잡화,40대,455985,12,37998,미참여,0.433,23
2025-04,수원시 팔달구,고등동,의류/잡화,50대,468237,12,39019,미참여,0.282,11
2025-04,수원시 팔달구,고등동,의류/잡화,60대 이상,660135,18,36674,미참여,0.213,21
2025-04,수원시 팔달구,고등동,미용/생활서비스,20대,988306,27,36603,미참여,0.318,23
2025-04,수원시 팔달구,고등동,미용/생활서비스,30대,670296,21,31918,미참여,0.43,17
2025-04,수원시 팔달구,고등동,미용/생활서비스,40대,366345,13,28180,미참여,0.35,14
2025-04,수원시 팔달구,고등동,미용/생활서비스,50대,614975,22,27953,미참여,0.254,27
2025-04,수원시 팔달구,고등동,미용/생활서비스,60대 이상,535553,17,31503,미참여,0.374,25
2025-04,수원시 팔달구,고등동,교육/학원,20대,1743139,17,102537,미참여,0.249,12
2025-04,수원시 팔달구,고등동,교육/학원,30대,1227059,16,76691,미참여,0.291,12
2025-04,수원시 팔달구,고등동,교육/학원,40대,2653412,35,75811,미참여,0.322,26
2025-04,수원시 팔달구,고등동,교육/학원,50대,1678310,17,98724,미참여,0.311,7
2025-04,수원시 팔달구,고등동,교육/학원,60대 이상,1000366,12,83363,미참여,0.312,17
2025-04,수원시 팔달구,고등동,병원/약국,20대,605323,21,28824,미참여,0.2,14
2025-04,수원시 팔달구,고등동,병원/약국,30대,615455,24,25643,미참여,0.418,10
2025-04,수원시 팔달구,고등동,병원/약국,40대,688375,32,21511,미참여,0.238,10
2025-04,수원시 팔달구,고등동,병원/약국,50대,676363,27,25050,미참여,0.287,18
2025-04,수원시 팔달구,고등동,병원/약국,60대 이상,1032612,45,22946,미참여,0.245,27
2025-04,수원시 팔달구,고등동,편의점/마트,20대,491422,36,13650,미참여,0.432,23
2025-04,수원시 팔달구,고등동,편의점/마트,30대,252172,23,10964,미참여,0.507,20
2025-04,수원시 팔달구,고등동,편의점/마트,40대,436255,37,11790,미참여,0.45,29
2025-04,수원시 팔달구,고등동,편의점/마트,50대,491874,38,12944,미참여,0.581,21
2025-04,수원시 팔달구,고등동,편의점/마트,60대 이상,394306,35,11265,미참여,0.366,17
2025-04,수원시 팔달구,인계동,한식/분식,20대,470867,33,14268,미참여,0.45,10
2025-04,수원시 팔달구,인계동,한식/분식,30대,520928,35,14883,미참여,0.432,37
2025-04,수원시 팔달구,인계동,한식/분식,40대,852798,49,17404,미참여,0.299,22
2025-04,수원시 팔달구,인계동,한식/분식,50대,945719,61,15503,미참여,0.538,19
2025-04,수원시 팔달구,인계동,한식/분식,60대 이상,630668,36,17518,미참여,0.552,11
2025-04,수원시 팔달구,인계동,카페/디저트,20대,502299,53,9477,미참여,0.364,29
2025-04,수원시 팔달구,인계동,카페/디저트,30대,359812,38,9468,미참여,0.314,17
2025-04,수원시 팔달구,인계동,카페/디저트,40대,142081,18,7893,미참여,0.362,15
2025-04,수원시 팔달구,인계동,카페/디저트,50대,86126,12,7177,미참여,0.395,6
2025-04,수원시 팔달구,인계동,카페/디저트,60대 이상,202175,28,7220,미참여,0.207,20
2025-04,수원시 팔달구,인계동,신선식품,20대,1238297,36,34397,미참여,0.492,7
2025-04,수원시 팔달구,인계동,신선식품,30대,1530046,44,34773,미참여,0.209,18
2025-04,수원시 팔달구,인계동,신선식품,40대,1117866,46,24301,미참여,0.398,20
2025-04,수원시 팔달구,인계동,신선식품,50대,1800985,55,32745,미참여,0.305,15
2025-04,수원시 팔달구,인계동,신선식품,60대 이상,1532446,58,26421,미참여,0.476,27
2025-04,수원시 팔달구,인계동,생활용품,20대,630386,27,23347,미참여,0.326,28
2025-04,수원시 팔달구,인계동,생활용품,30대,1451856,54,26886,미참여,0.34,9
2025-04,수원시 팔달구,인계동,생활용품,40대,748188,38,19689,미참여,0.228,19
2025-04,수원시 팔달구,인계동,생활용품,50대,1117567,45,24834,미참여,0.423,19
2025-04,수원시 팔달구,인계동,생활용품,60대 이상,970460,43,22568,미참여,0.314,20
2025-04,수원시 팔달구,인계동,의류/잡화,20대,725294,19,38173,미참여,0.211,28
2025-04,수원시 팔달구,인계동,의류/잡화,30대,784418,18,43578,미참여,0.528,12
2025-04,수원시 팔달구,인계동,의류/잡화,40대,639086,20,31954,미참여,0.193,15
2025-04,수원시 팔달구,인계동,의류/잡화,50대,552286,13,42483,미참여,0.454,27
2025-04,수원시 팔달구,인계동,의류/잡화,60대 이상,924986,24,38541,미참여,0.351,19
2025-04,수원시 팔달구,인계동,미용/생활서비스,20대,936246,27,34675,미참여,0.413,23
2025-04,수원시 팔달구,인계동,미용/생활서비스,30대,1004949,34,29557,미참여,0.12,17
2025-04,수원시 팔달구,인계동,미용/생활서비스,40대,545599,16,34099,미참여,0.317,24
2025-04,수원시 팔달구,인계동,미용/생활서비스,50대,552664,15,36844,미참여,0.262,24
2025-04,수원시 팔달구,인계동,미용/생활서비스,60대 이상,733711,20,36685,미참여,0.501,15
2025-04,수원시 팔달구,인계동,교육/학원,20대,1264996,16,79062,미참여,0.147,29
2025-04,수원시 팔달구,인계동,교육/학원,30대,1697659,23,73811,미참여,0.264,5
2025-04,수원시 팔달구,인계동,교육/학원,40대,1167344,11,106122,미참여,0.315,19
2025-04,수원시 팔달구,인계동,교육/학원,50대,1852524,20,92626,미참여,0.4,13
2025-04,수원시 팔달구,인계동,교육/학원,60대 이상,2428000,29,83724,미참여,0.479,12
2025-04,수원시 팔달구,인계동,병원/약국,20대,903955,41,22047,미참여,0.365,7
2025-04,수원시 팔달구,인계동,병원/약국,30대,503976,18,27998,미참여,0.335,27
2025-04,수원시 팔달구,인계동,병원/약국,40대,685798,26,26376,미참여,0.259,13
2025-04,수원시 팔달구,인계동,병원/약국,50대,669770,23,29120,미참여,0.544,18
2025-04,수원시 팔달구,인계동,병원/약국,60대 이상,899114,38,23660,미참여,0.457,30
2025-04,수원시 팔달구,인계동,편의점/마트,20대,365788,30,12192,미참여,0.495,19
2025-04,수원시 팔달구,인계동,편의점/마트,30대,138721,11,12611,미참여,0.578,14
2025-04,수원시 팔달구,인계동,편의점/마트,40대,407995,28,14571,미참여,0.413,20
2025-04,수원시 팔달구,인계동,편의점/마트,50대,367496,25,14699,미참여,0.475,10
2025-04,수원시 팔달구,인계동,편의점/마트,60대 이상,313061,26,12040,미참여,0.504,23
2025-04,수원시 영통구,영통동,한식/분식,20대,335286,27,12418,미참여,0.338,19
2025-04,수원시 영통구,영통동,한식/분식,30대,292692,17,17217,미참여,0.31,12
2025-04,수원시 영통구,영통동,한식/분식,40대,510603,35,14588,미참여,0.318,23
2025-04,수원시 영통구,영통동,한식/분식,50대,534768,32,16711,미참여,0.283,5
2025-04,수원시 영통구,영통동,한식/분식,60대 이상,257019,17,15118,미참여,0.488,18
2025-04,수원시 영통구,영통동,카페/디저트,20대,268560,31,8663,미참여,0.325,26
2025-04,수원시 영통구,영통동,카페/디저트,30대,247522,31,7984,미참여,0.248,27
2025-04,수원시 영통구,영통동,카페/디저트,40대,304935,30,10164,미참여,0.471,26
2025-04,수원시 영통구,영통동,카페/디저트,50대,366620,37,9908,미참여,0.285,17
2025-04,수원시 영통구,영통동,카페/디저트,60대 이상,264149,29,9108,미참여,0.437,29
2025-04,수원시 영통구,영통동,신선식품,20대,1164582,38,30646,미참여,0.352,26
2025-04,수원시 영통구,영통동,신선식품,30대,890536,28,31804,미참여,0.609,19
2025-04,수원시 영통구,영통동,신선식품,40대,945064,31,30485,미참여,0.522,11
2025-04,수원시 영통구,영통동,신선식품,50대,1466631,47,31204,미참여,0.528,25
2025-04,수원시 영통구,영통동,신선식품,60대 이상,1172774,44,26653,미참여,0.473,12
2025-04,수원시 영통구,영통동,생활용품,20대,863910,43,20090,미참여,0.453,23
2025-04,수원시 영통구,영통동,생활용품,30대,495384,19,26072,미참여,0.397,11
2025-04,수원시 영통구,영통동,생활용품,40대,444173,22,20189,미참여,0.269,23
2025-04,수원시 영통구,영통동,생활용품,50대,594709,27,22026,미참여,0.308,21
2025-04,수원시 영통구,영통동,생활용품,60대 이상,492983,21,23475,미참여,0.461,14
2025-04,수원시 영통구,영통동,의류/잡화,20대,959276,26,36895,미참여,0.205,11
2025-04,수원시 영통구,영통동,의류/잡화,30대,346133,11,31466,미참여,0.408,15
2025-04,수원시 영통구,영통동,의류/잡화,40대,607419,17,35730,미참여,0.291,8
2025-04,수원시 영통구,영통동,의류/잡화,50대,533468,17,31380,미참여,0.336,25
2025-04,수원시 영통구,영통동,의류/잡화,60대 이상,897770,24,37407,미참여,0.422,17
2025-04,수원시 영통구,영통동,미용/생활서비스,20대,733854,21,34945,미참여,0.365,26
2025-04,수원시 영통구,영통동,미용/생활서비스,30대,774234,23,33662,미참여,0.413,27
2025-04,수원시 영통구,영통동,미용/생활서비스,40대,635339,19,33438,미참여,0.229,28
2025-04,수원시 영통구,영통동,미용/생활서비스,50대,556334,18,30907,미참여,0.375,29
2025-04,수원시 영통구,영통동,미용/생활서비스,60대 이상,784663,30,26155,미참여,0.269,17
2025-04,수원시 영통구,영통동,교육/학원,20대,1575230,15,105015,미참여,0.336,28
2025-04,수원시 영통구,영통동,교육/학원,30대,3649742,39,93583,미참여,0.356,40
2025-04,수원시 영통구,영통동,교육/학원,40대,3049165,37,82409,미참여,0.261,19
2025-04,수원시 영통구,영통동,교육/학원,50대,2640752,25,105630,미참여,0.413,28
2025-04,수원시 영통구,영통동,교육/학원,60대 이상,1269942,14,90710,미참여,0.442,29
2025-04,수원시 영통구,영통동,병원/약국,20대,460010,20,23000,미참여,0.339,15
2025-04,수원시 영통구,영통동,병원/약국,30대,639405,26,24592,미참여,0.309,19
2025-04,수원시 영통구,영통동,병원/약국,40대,612297,22,27831,미참여,0.49,13
2025-04,수원시 영통구,영통동,병원/약국,50대,809649,27,29987,미참여,0.36,8
2025-04,수원시 영통구,영통동,병원/약국,60대 이상,688283,33,20857,미참여,0.183,23
2025-04,수원시 영통구,영통동,편의점/마트,20대,383815,26,14762,미참여,0.544,23
2025-04,수원시 영통구,영통동,편의점/마트,30대,401603,31,12954,미참여,0.587,20
2025-04,수원시 영통구,영통동,편의점/마트,40대,367063,28,13109,미참여,0.347,20
2025-04,수원시 영통구,영통동,편의점/마트,50대,369784,35,10565,미참여,0.525,16
2025-04,수원시 영통구,영통동,편의점/마트,60대 이상,527847,42,12567,미참여,0.469,20
2025-04,수원시 영통구,광교동,한식/분식,20대,525913,37,14213,미참여,0.485,16
2025-04,수원시 영통구,광교동,한식/분식,30대,506735,41,12359,미참여,0.376,21
2025-04,수원시 영통구,광교동,한식/분식,40대,529591,40,13239,미참여,0.501,19
2025-04,수원시 영통구,광교동,한식/분식,50대,536841,38,14127,미참여,0.316,31
2025-04,수원시 영통구,광교동,한식/분식,60대 이상,380029,26,14616,미참여,0.447,22
2025-04,수원시 영통구,광교동,카페/디저트,20대,217547,28,7769,미참여,0.408,7
2025-04,수원시 영통구,광교동,카페/디저트,30대,360370,45,8008,미참여,0.297,28
2025-04,수원시 영통구,광교동,카페/디저트,40대,350529,41,8549,미참여,0.297,25
2025-04,수원시 영통구,광교동,카페/디저트,50대,292441,33,8861,미참여,0.324,24
2025-04,수원시 영통구,광교동,카페/디저트,60대 이상,305786,38,8047,미참여,0.427,23
2025-04,수원시 영통구,광교동,신선식품,20대,632339,22,28742,미참여,0.34,7
2025-04,수원시 영통구,광교동,신선식품,30대,1185175,36,32921,미참여,0.445,28
2025-04,수원시 영통구,광교동,신선식품,40대,1083234,35,30949,미참여,0.709,18
2025-04,수원시 영통구,광교동,신선식품,50대,1798657,53,33936,미참여,0.442,7
2025-04,수원시 영통구,광교동,신선식품,60대 이상,1550958,60,25849,미참여,0.47,26
2025-04,수원시 영통구,광교동,생활용품,20대,558391,23,24277,미참여,0.431,16
2025-04,수원시 영통구,광교동,생활용품,30대,616737,23,26814,미참여,0.36,8
2025-04,수원시 영통구,광교동,생활용품,40대,686994,33,20818,미참여,0.384,28
2025-04,수원시 영통구,광교동,생활용품,50대,794987,36,22082,미참여,0.413,19
2025-04,수원시 영통구,광교동,생활용품,60대 이상,653413,29,22531,미참여,0.35,12
2025-04,수원시 영통구,광교동,의류/잡화,20대,805003,21,38333,미참여,0.302,18
2025-04,수원시 영통구,광교동,의류/잡화,30대,417279,13,32098,미참여,0.517,20
2025-04,수원시 영통구,광교동,의류/잡화,40대,1168872,27,43291,미참여,0.405,17
2025-04,수원시 영통구,광교동,의류/잡화,50대,905372,23,39364,미참여,0.328,23
2025-04,수원시 영통구,광교동,의류/잡화,60대 이상,551185,18,30621,미참여,0.471,18
2025-04,수원시 영통구,광교동,미용/생활서비스,20대,404223,15,26948,미참여,0.275,18
2025-04,수원시 영통구,광교동,미용/생활서비스,30대,609899,19,32099,미참여,0.314,18
2025-04,수원시 영통구,광교동,미용/생활서비스,40대,703929,26,27074,미참여,0.504,24
2025-04,수원시 영통구,광교동,미용/생활서비스,50대,975662,29,33643,미참여,0.401,25
2025-04,수원시 영통구,광교동,미용/생활서비스,60대 이상,591225,23,25705,미참여,0.364,18
2025-04,수원시 영통구,광교동,교육/학원,20대,2539749,31,81927,미참여,0.182,19
2025-04,수원시 영통구,광교동,교육/학원,30대,2250804,24,93783,미참여,0.297,32
2025-04,수원시 영통구,광교동,교육/학원,40대,2675100,26,102888,미참여,0.56,28
2025-04,수원시 영통구,광교동,교육/학원,50대,1051617,13,80893,미참여,0.473,24
2025-04,수원시 영통구,광교동,교육/학원,60대 이상,2429795,28,86778,미참여,0.355,28
2025-04,수원시 영통구,광교동,병원/약국,20대,584640,23,25419,미참여,0.44,26
2025-04,수원시 영통구,광교동,병원/약국,30대,573617,20,28680,미참여,0.28,14
2025-04,수원시 영통구,광교동,병원/약국,40대,801299,27,29677,미참여,0.3,16
2025-04,수원시 영통구,광교동,병원/약국,50대,1392558,52,26779,미참여,0.349,13
2025-04,수원시 영통구,광교동,병원/약국,60대 이상,1386543,49,28296,미참여,0.262,21
2025-04,수원시 영통구,광교동,편의점/마트,20대,702670,48,14638,미참여,0.383,14
2025-04,수원시 영통구,광교동,편의점/마트,30대,301388,29,10392,미참여,0.414,10
2025-04,수원시 영통구,광교동,편의점/마트,40대,405525,32,12672,미참여,0.399,2
2025-04,수원시 영통구,광교동,편의점/마트,50대,455987,31,14709,미참여,0.41,15
2025-04,수원시 영통구,광교동,편의점/마트,60대 이상,787933,53,14866,미참여,0.428,24
2025-04,수원시 영통구,매탄동,한식/분식,20대,510770,29,17612,미참여,0.554,21
2025-04,수원시 영통구,매탄동,한식/분식,30대,700915,43,16300,미참여,0.288,19
2025-04,수원시 영통구,매탄동,한식/분식,40대,662075,39,16976,미참여,0.464,19
2025-04,수원시 영통구,매탄동,한식/분식,50대,368881,21,17565,미참여,0.455,12
2025-04,수원시 영통구,매탄동,한식/분식,60대 이상,828443,48,17259,미참여,0.335,11
2025-04,수원시 영통구,매탄동,카페/디저트,20대,225517,31,7274,미참여,0.215,14
2025-04,수원시 영통구,매탄동,카페/디저트,30대,318997,43,7418,미참여,0.401,32
2025-04,수원시 영통구,매탄동,카페/디저트,40대,490486,50,9809,미참여,0.167,13
2025-04,수원시 영통구,매탄동,카페/디저트,50대,517540,54,9584,미참여,0.268,25
2025-04,수원시 영통구,매탄동,카페/디저트,60대 이상,290703,31,9377,미참여,0.26,13
2025-04,수원시 영통구,매탄동,신선식품,20대,875244,32,27351,미참여,0.461,20
2025-04,수원시 영통구,매탄동,신선식품,30대,921026,32,28782,미참여,0.514,14
2025-04,수원시 영통구,매탄동,신선식품,40대,786763,31,25379,미참여,0.436,20
2025-04,수원시 영통구,매탄동,신선식품,50대,1178430,37,31849,미참여,0.443,12
2025-04,수원시 영통구,매탄동,신선식품,60대 이상,1114744,44,25335,미참여,0.354,19
2025-04,수원시 영통구,매탄동,생활용품,20대,408321,21,19443,미참여,0.418,17
2025-04,수원시 영통구,매탄동,생활용품,30대,714218,29,24628,미참여,0.373,27
2025-04,수원시 영통구,매탄동,생활용품,40대,559778,26,21529,미참여,0.215,20
2025-04,수원시 영통구,매탄동,생활용품,50대,722586,27,26762,미참여,0.54,13
2025-04,수원시 영통구,매탄동,생활용품,60대 이상,613607,24,25566,미참여,0.291,23
2025-04,수원시 영통구,매탄동,의류/잡화,20대,611245,18,33958,미참여,0.276,23
2025-04,수원시 영통구,매탄동,의류/잡화,30대,791246,19,41644,미참여,0.221,27
2025-04,수원시 영통구,매탄동,의류/잡화,40대,925910,24,38579,미참여,0.43,16
2025-04,수원시 영통구,매탄동,의류/잡화,50대,541117,16,33819,미참여,0.194,20
2025-04,수원시 영통구,매탄동,의류/잡화,60대 이상,532424,13,40955,미참여,0.592,14
2025-04,수원시 영통구,매탄동,미용/생활서비스,20대,563176,16,35198,미참여,0.285,22
2025-04,수원시 영통구,매탄동,미용/생활서비스,30대,1107764,30,36925,미참여,0.51,21
2025-04,수원시 영통구,매탄동,미용/생활서비스,40대,1110079,30,37002,미참여,0.504,26
2025-04,수원시 영통구,매탄동,미용/생활서비스,50대,877610,31,28310,미참여,0.259,15
2025-04,수원시 영통구,매탄동,미용/생활서비스,60대 이상,919366,28,32834,미참여,0.292,25
2025-04,수원시 영통구,매탄동,교육/학원,20대,2632340,32,82260,미참여,0.54,31
2025-04,수원시 영통구,매탄동,교육/학원,30대,4105274,39,105263,미참여,0.303,31
2025-04,수원시 영통구,매탄동,교육/학원,40대,1651516,21,78643,미참여,0.191,17
2025-04,수원시 영통구,매탄동,교육/학원,50대,1589789,20,79489,미참여,0.404,16
2025-04,수원시 영통구,매탄동,교육/학원,60대 이상,1548358,18,86019,미참여,0.357,15
2025-04,수원시 영통구,매탄동,병원/약국,20대,625620,26,24062,미참여,0.355,11
2025-04,수원시 영통구,매탄동,병원/약국,30대,823369,29,28392,미참여,0.295,20
2025-04,수원시 영통구,매탄동,병원/약국,40대,746035,31,24065,미참여,0.209,26
2025-04,수원시 영통구,매탄동,병원/약국,50대,1215756,56,21709,미참여,0.473,20
2025-04,수원시 영통구,매탄동,병원/약국,60대 이상,1129725,43,26272,미참여,0.432,23
2025-04,수원시 영통구,매탄동,편의점/마트,20대,522034,43,12140,미참여,0.436,14
2025-04,수원시 영통구,매탄동,편의점/마트,30대,380167,29,13109,미참여,0.463,10
2025-04,수원시 영통구,매탄동,편의점/마트,40대,446574,32,13955,미참여,0.484,26
2025-04,수원시 영통구,매탄동,편의점/마트,50대,518429,43,12056,미참여,0.47,6
2025-04,수원시 영통구,매탄동,편의점/마트,60대 이상,400693,28,14310,미참여,0.229,23
2025-04,수원시 영통구,원천동,한식/분식,20대,449616,27,16652,미참여,0.404,15
2025-04,수원시 영통구,원천동,한식/분식,30대,473967,28,16927,미참여,0.432,3
2025-04,수원시 영통구,원천동,한식/분식,40대,681922,44,15498,미참여,0.551,16
2025-04,수원시 영통구,원천동,한식/분식,50대,428171,27,15858,미참여,0.445,19
2025-04,수원시 영통구,원천동,한식/분식,60대 이상,495993,32,15499,미참여,0.472,14
2025-04,수원시 영통구,원천동,카페/디저트,20대,500507,58,8629,미참여,0.51,24
2025-04,수원시 영통구,원천동,카페/디저트,30대,389477,47,8286,미참여,0.318,24
2025-04,수원시 영통구,원천동,카페/디저트,40대,259195,33,7854,미참여,0.287,31
2025-04,수원시 영통구,원천동,카페/디저트,50대,308104,31,9938,미참여,0.432,33
2025-04,수원시 영통구,원천동,카페/디저트,60대 이상,347011,38,9131,미참여,0.512,18
2025-04,수원시 영통구,원천동,신선식품,20대,1179248,37,31871,미참여,0.343,21
2025-04,수원시 영통구,원천동,신선식품,30대,579732,22,26351,미참여,0.477,26
2025-04,수원시 영통구,원천동,신선식품,40대,1271121,49,25941,미참여,0.324,22
2025-04,수원시 영통구,원천동,신선식품,50대,785875,25,31435,미참여,0.502,13
2025-04,수원시 영통구,원천동,신선식품,60대 이상,1246079,47,26512,미참여,0.515,23
2025-04,수원시 영통구,원천동,생활용품,20대,535348,21,25492,미참여,0.309,34
2025-04,수원시 영통구,원천동,생활용품,30대,1026296,39,26315,미참여,0.375,20
2025-04,수원시 영통구,원천동,생활용품,40대,573886,21,27327,미참여,0.442,23
2025-04,수원시 영통구,원천동,생활용품,50대,566066,23,24611,미참여,0.342,4
2025-04,수원시 영통구,원천동,생활용품,60대 이상,435441,20,21772,미참여,0.307,13
2025-04,수원시 영통구,원천동,의류/잡화,20대,886560,23,38546,미참여,0.332,17
2025-04,수원시 영통구,원천동,의류/잡화,30대,572121,17,33654,미참여,0.312,18
2025-04,수원시 영통구,원천동,의류/잡화,40대,458837,12,38236,미참여,0.415,17
2025-04,수원시 영통구,원천동,의류/잡화,50대,731542,23,31806,미참여,0.318,16
2025-04,수원시 영통구,원천동,의류/잡화,60대 이상,463767,13,35674,미참여,0.267,18
2025-04,수원시 영통구,원천동,미용/생활서비스,20대,724673,24,30194,미참여,0.335,13
2025-04,수원시 영통구,원천동,미용/생활서비스,30대,473563,18,26309,미참여,0.558,12
2025-04,수원시 영통구,원천동,미용/생활서비스,40대,807445,27,29905,미참여,0.288,25
2025-04,수원시 영통구,원천동,미용/생활서비스,50대,541006,21,25762,미참여,0.424,15
2025-04,수원시 영통구,원천동,미용/생활서비스,60대 이상,941376,26,36206,미참여,0.278,21
2025-04,수원시 영통구,원천동,교육/학원,20대,2614026,29,90138,미참여,0.36,7
2025-04,수원시 영통구,원천동,교육/학원,30대,3224581,31,104018,미참여,0.278,15
2025-04,수원시 영통구,원천동,교육/학원,40대,4008018,42,95429,미참여,0.525,24
2025-04,수원시 영통구,원천동,교육/학원,50대,1288164,15,85877,미참여,0.358,16
2025-04,수원시 영통구,원천동,교육/학원,60대 이상,3009572,34,88516,미참여,0.535,36
2025-04,수원시 영통구,원천동,병원/약국,20대,540256,21,25726,미참여,0.395,19
2025-04,수원시 영통구,원천동,병원/약국,30대,870648,36,24184,미참여,0.431,17
2025-04,수원시 영통구,원천동,병원/약국,40대,572831,24,23867,미참여,0.487,18
2025-04,수원시 영통구,원천동,병원/약국,50대,905161,36,25143,미참여,0.363,25
2025-04,수원시 영통구,원천동,병원/약국,60대 이상,1042940,38,27445,미참여,0.336,19
2025-04,수원시 영통구,원천동,편의점/마트,20대,636782,43,14808,미참여,0.545,33
2025-04,수원시 영통구,원천동,편의점/마트,30대,497413,38,13089,미참여,0.495,23
2025-04,수원시 영통구,원천동,편의점/마트,40대,687777,46,14951,미참여,0.347,22
2025-04,수원시 영통구,원천동,편의점/마트,50대,251353,24,10473,미참여,0.442,18
2025-04,수원시 영통구,원천동,편의점/마트,60대 이상,356583,26,13714,미참여,0.326,13
2025-04,광주 북구,용봉동,한식/분식,20대,641825,40,16045,미참여,0.507,16
2025-04,광주 북구,용봉동,한식/분식,30대,624369,38,16430,미참여,0.421,21
2025-04,광주 북구,용봉동,한식/분식,40대,503773,33,15265,미참여,0.425,20
2025-04,광주 북구,용봉동,한식/분식,50대,357658,24,14902,미참여,0.418,18
2025-04,광주 북구,용봉동,한식/분식,60대 이상,752334,52,14467,미참여,0.576,5
2025-04,광주 북구,용봉동,카페/디저트,20대,430276,48,8964,미참여,0.12,9
2025-04,광주 북구,용봉동,카페/디저트,30대,393468,40,9836,미참여,0.348,34
2025-04,광주 북구,용봉동,카페/디저트,40대,228730,27,8471,미참여,0.469,20
2025-04,광주 북구,용봉동,카페/디저트,50대,168216,23,7313,미참여,0.369,17
2025-04,광주 북구,용봉동,카페/디저트,60대 이상,252439,26,9709,미참여,0.405,13
2025-04,광주 북구,용봉동,신선식품,20대,547553,19,28818,미참여,0.352,20
2025-04,광주 북구,용봉동,신선식품,30대,905349,30,30178,미참여,0.373,20
2025-04,광주 북구,용봉동,신선식품,40대,1089283,44,24756,미참여,0.301,23
2025-04,광주 북구,용봉동,신선식품,50대,1181190,47,25131,미참여,0.468,18
2025-04,광주 북구,용봉동,신선식품,60대 이상,1135022,42,27024,미참여,0.407,23
2025-04,광주 북구,용봉동,생활용품,20대,385650,15,25710,미참여,0.429,23
2025-04,광주 북구,용봉동,생활용품,30대,969612,38,25516,미참여,0.386,20
2025-04,광주 북구,용봉동,생활용품,40대,861831,44,19587,미참여,0.388,15
2025-04,광주 북구,용봉동,생활용품,50대,915246,42,21791,미참여,0.234,11
2025-04,광주 북구,용봉동,생활용품,60대 이상,813288,38,21402,미참여,0.387,17
2025-04,광주 북구,용봉동,의류/잡화,20대,651985,17,38352,미참여,0.573,14
2025-04,광주 북구,용봉동,의류/잡화,30대,572926,16,35807,미참여,0.303,31
2025-04,광주 북구,용봉동,의류/잡화,40대,481172,16,30073,미참여,0.433,21
2025-04,광주 북구,용봉동,의류/잡화,50대,702277,21,33441,미참여,0.321,11
2025-04,광주 북구,용봉동,의류/잡화,60대 이상,818060,23,35567,미참여,0.319,12
2025-04,광주 북구,용봉동,미용/생활서비스,20대,549197,20,27459,미참여,0.451,21
2025-04,광주 북구,용봉동,미용/생활서비스,30대,497020,17,29236,미참여,0.46,15
2025-04,광주 북구,용봉동,미용/생활서비스,40대,609868,22,27721,미참여,0.466,12
2025-04,광주 북구,용봉동,미용/생활서비스,50대,334248,13,25711,미참여,0.28,11
2025-04,광주 북구,용봉동,미용/생활서비스,60대 이상,403640,14,28831,미참여,0.343,24
2025-04,광주 북구,용봉동,교육/학원,20대,1388923,19,73101,미참여,0.544,10
2025-04,광주 북구,용봉동,교육/학원,30대,2608163,25,104326,미참여,0.272,12
2025-04,광주 북구,용봉동,교육/학원,40대,2696061,28,96287,미참여,0.261,11
2025-04,광주 북구,용봉동,교육/학원,50대,1465242,18,81402,미참여,0.264,19
2025-04,광주 북구,용봉동,교육/학원,60대 이상,1681376,21,80065,미참여,0.3,22
2025-04,광주 북구,용봉동,병원/약국,20대,626909,23,27256,미참여,0.297,14
2025-04,광주 북구,용봉동,병원/약국,30대,443263,20,22163,미참여,0.349,16
2025-04,광주 북구,용봉동,병원/약국,40대,465896,19,24520,미참여,0.412,24
2025-04,광주 북구,용봉동,병원/약국,50대,1183877,50,23677,미참여,0.156,15
2025-04,광주 북구,용봉동,병원/약국,60대 이상,1286760,43,29924,미참여,0.284,33
2025-04,광주 북구,용봉동,편의점/마트,20대,474674,37,12829,미참여,0.359,14
2025-04,광주 북구,용봉동,편의점/마트,30대,314084,27,11632,미참여,0.2,20
2025-04,광주 북구,용봉동,편의점/마트,40대,596949,46,12977,미참여,0.359,11
2025-04,광주 북구,용봉동,편의점/마트,50대,351901,25,14076,미참여,0.623,16
2025-04,광주 북구,용봉동,편의점/마트,60대 이상,254535,20,12726,미참여,0.492,23
2025-04,광주 북구,운암동,한식/분식,20대,717924,45,15953,미참여,0.47,14
2025-04,광주 북구,운암동,한식/분식,30대,407646,28,14558,미참여,0.416,17
2025-04,광주 북구,운암동,한식/분식,40대,1081268,61,17725,미참여,0.311,5
2025-04,광주 북구,운암동,한식/분식,50대,435141,35,12432,미참여,0.495,24
2025-04,광주 북구,운암동,한식/분식,60대 이상,442408,26,17015,미참여,0.482,19
2025-04,광주 북구,운암동,카페/디저트,20대,400467,42,9534,미참여,0.445,18
2025-04,광주 북구,운암동,카페/디저트,30대,310634,42,7396,미참여,0.389,24
2025-04,광주 북구,운암동,카페/디저트,40대,374422,38,9853,미참여,0.233,32
2025-04,광주 북구,운암동,카페/디저트,50대,231300,29,7975,미참여,0.484,5
2025-04,광주 북구,운암동,카페/디저트,60대 이상,270109,31,8713,미참여,0.333,15
2025-04,광주 북구,운암동,신선식품,20대,1200767,35,34307,미참여,0.254,11
2025-04,광주 북구,운암동,신선식품,30대,990282,35,28293,미참여,0.328,16
2025-04,광주 북구,운암동,신선식품,40대,1008133,39,25849,미참여,0.554,16
2025-04,광주 북구,운암동,신선식품,50대,1191023,46,25891,미참여,0.417,29
2025-04,광주 북구,운암동,신선식품,60대 이상,1063418,44,24168,미참여,0.494,15
2025-04,광주 북구,운암동,생활용품,20대,1003443,40,25086,미참여,0.433,25
2025-04,광주 북구,운암동,생활용품,30대,925265,37,25007,미참여,0.317,25
2025-04,광주 북구,운암동,생활용품,40대,608245,30,20274,미참여,0.4,26
2025-04,광주 북구,운암동,생활용품,50대,654365,34,19246,미참여,0.193,19
2025-04,광주 북구,운암동,생활용품,60대 이상,1048139,42,24955,미참여,0.561,21
2025-04,광주 북구,운암동,의류/잡화,20대,1248581,29,43054,미참여,0.518,15
2025-04,광주 북구,운암동,의류/잡화,30대,926047,22,42093,미참여,0.287,17
2025-04,광주 북구,운암동,의류/잡화,40대,887310,28,31689,미참여,0.38,15
2025-04,광주 북구,운암동,의류/잡화,50대,703684,18,39093,미참여,0.334,24
2025-04,광주 북구,운암동,의류/잡화,60대 이상,591337,14,42238,미참여,0.486,21
2025-04,광주 북구,운암동,미용/생활서비스,20대,689975,19,36314,미참여,0.207,27
2025-04,광주 북구,운암동,미용/생활서비스,30대,373359,12,31113,미참여,0.403,19
2025-04,광주 북구,운암동,미용/생활서비스,40대,737811,26,28377,미참여,0.273,16
2025-04,광주 북구,운암동,미용/생활서비스,50대,510314,16,31894,미참여,0.363,12
2025-04,광주 북구,운암동,미용/생활서비스,60대 이상,527570,16,32973,미참여,0.32,13
2025-04,광주 북구,운암동,교육/학원,20대,1277503,17,75147,미참여,0.352,13
2025-04,광주 북구,운암동,교육/학원,30대,1860566,18,103364,미참여,0.424,22
2025-04,광주 북구,운암동,교육/학원,40대,1882220,24,78425,미참여,0.509,16
2025-04,광주 북구,운암동,교육/학원,50대,1519923,17,89407,미참여,0.47,13
2025-04,광주 북구,운암동,교육/학원,60대 이상,1075963,13,82766,미참여,0.266,25
2025-04,광주 북구,운암동,병원/약국,20대,353082,15,23538,미참여,0.482,26
2025-04,광주 북구,운암동,병원/약국,30대,564622,23,24548,미참여,0.445,13
2025-04,광주 북구,운암동,병원/약국,40대,921329,33,27919,미참여,0.295,31
2025-04,광주 북구,운암동,병원/약국,50대,819769,28,29277,미참여,0.279,7
2025-04,광주 북구,운암동,병원/약국,60대 이상,1157368,54,21432,미참여,0.295,15
2025-04,광주 북구,운암동,편의점/마트,20대,277149,19,14586,미참여,0.561,10
2025-04,광주 북구,운암동,편의점/마트,30대,309386,24,12891,미참여,0.498,23
2025-04,광주 북구,운암동,편의점/마트,40대,487969,37,13188,미참여,0.421,16
2025-04,광주 북구,운암동,편의점/마트,50대,419202,30,13973,미참여,0.354,13
2025-04,광주 북구,운암동,편의점/마트,60대 이상,355312,34,10450,미참여,0.457,13
2025-04,광주 북구,일곡동,한식/분식,20대,742619,43,17270,미참여,0.425,11
2025-04,광주 북구,일곡동,한식/분식,30대,614135,39,15747,미참여,0.353,32
2025-04,광주 북구,일곡동,한식/분식,40대,385407,29,13289,미참여,0.39,15
2025-04,광주 북구,일곡동,한식/분식,50대,412386,32,12887,미참여,0.517,11
2025-04,광주 북구,일곡동,한식/분식,60대 이상,284599,21,13552,미참여,0.391,40
2025-04,광주 북구,일곡동,카페/디저트,20대,342932,43,7975,미참여,0.281,29
2025-04,광주 북구,일곡동,카페/디저트,30대,261334,26,10051,미참여,0.48,22
2025-04,광주 북구,일곡동,카페/디저트,40대,217875,24,9078,미참여,0.325,11
2025-04,광주 북구,일곡동,카페/디저트,50대,311869,34,9172,미참여,0.313,13
2025-04,광주 북구,일곡동,카페/디저트,60대 이상,281485,33,8529,미참여,0.365,29
2025-04,광주 북구,일곡동,신선식품,20대,1240451,43,28847,미참여,0.37,2
2025-04,광주 북구,일곡동,신선식품,30대,966704,28,34525,미참여,0.47,13
2025-04,광주 북구,일곡동,신선식품,40대,1174168,35,33547,미참여,0.594,11
2025-04,광주 북구,일곡동,신선식품,50대,1161802,43,27018,미참여,0.516,15
2025-04,광주 북구,일곡동,신선식품,60대 이상,1570652,48,32721,미참여,0.353,21
2025-04,광주 북구,일곡동,생활용품,20대,624105,30,20803,미참여,0.273,11
2025-04,광주 북구,일곡동,생활용품,30대,715546,29,24674,미참여,0.35,32
2025-04,광주 북구,일곡동,생활용품,40대,732992,27,27147,미참여,0.286,25
2025-04,광주 북구,일곡동,생활용품,50대,821520,36,22820,미참여,0.403,26
2025-04,광주 북구,일곡동,생활용품,60대 이상,1073163,42,25551,미참여,0.399,18
2025-04,광주 북구,일곡동,의류/잡화,20대,441603,14,31543,미참여,0.279,16
2025-04,광주 북구,일곡동,의류/잡화,30대,684601,20,34230,미참여,0.435,14
2025-04,광주 북구,일곡동,의류/잡화,40대,945928,22,42996,미참여,0.379,26
2025-04,광주 북구,일곡동,의류/잡화,50대,524835,16,32802,미참여,0.354,21
2025-04,광주 북구,일곡동,의류/잡화,60대 이상,508882,17,29934,미참여,0.431,24
2025-04,광주 북구,일곡동,미용/생활서비스,20대,491090,15,32739,미참여,0.216,9
2025-04,광주 북구,일곡동,미용/생활서비스,30대,1003078,31,32357,미참여,0.354,19
2025-04,광주 북구,일곡동,미용/생활서비스,40대,533918,15,35594,미참여,0.456,7
2025-04,광주 북구,일곡동,미용/생활서비스,50대,809735,24,33738,미참여,0.304,8
2025-04,광주 북구,일곡동,미용/생활서비스,60대 이상,596134,22,27097,미참여,0.469,6
2025-04,광주 북구,일곡동,교육/학원,20대,1239701,16,77481,미참여,0.285,21
2025-04,광주 북구,일곡동,교육/학원,30대,1488326,17,87548,미참여,0.368,9
2025-04,광주 북구,일곡동,교육/학원,40대,2199254,28,78544,미참여,0.411,9
2025-04,광주 북구,일곡동,교육/학원,50대,1395030,14,99645,미참여,0.261,20
2025-04,광주 북구,일곡동,교육/학원,60대 이상,1291048,17,75944,미참여,0.23,13
2025-04,광주 북구,일곡동,병원/약국,20대,614002,25,24560,미참여,0.365,24
2025-04,광주 북구,일곡동,병원/약국,30대,726004,28,25928,미참여,0.38,21
2025-04,광주 북구,일곡동,병원/약국,40대,513371,22,23335,미참여,0.327,28
2025-04,광주 북구,일곡동,병원/약국,50대,1117656,42,26610,미참여,0.44,18
2025-04,광주 북구,일곡동,병원/약국,60대 이상,767286,32,23977,미참여,0.294,28
2025-04,광주 북구,일곡동,편의점/마트,20대,524374,41,12789,미참여,0.414,12
2025-04,광주 북구,일곡동,편의점/마트,30대,523848,36,14551,미참여,0.39,25
2025-04,광주 북구,일곡동,편의점/마트,40대,331686,28,11845,미참여,0.411,14
2025-04,광주 북구,일곡동,편의점/마트,50대,363294,25,14531,미참여,0.37,13
2025-04,광주 북구,일곡동,편의점/마트,60대 이상,247744,22,11261,미참여,0.251,14
2025-04,광주 북구,두암동,한식/분식,20대,647977,37,17512,미참여,0.523,14
2025-04,광주 북구,두암동,한식/분식,30대,601562,37,16258,미참여,0.214,10
2025-04,광주 북구,두암동,한식/분식,40대,1191423,69,17267,미참여,0.137,40
2025-04,광주 북구,두암동,한식/분식,50대,550067,31,17744,미참여,0.486,33
2025-04,광주 북구,두암동,한식/분식,60대 이상,401028,23,17436,미참여,0.504,29
2025-04,광주 북구,두암동,카페/디저트,20대,305953,38,8051,미참여,0.388,15
2025-04,광주 북구,두암동,카페/디저트,30대,237342,28,8476,미참여,0.313,14
2025-04,광주 북구,두암동,카페/디저트,40대,193786,20,9689,미참여,0.288,25
2025-04,광주 북구,두암동,카페/디저트,50대,273228,36,7589,미참여,0.308,15
2025-04,광주 북구,두암동,카페/디저트,60대 이상,290158,29,10005,미참여,0.254,28
2025-04,광주 북구,두암동,신선식품,20대,650961,21,30998,미참여,0.529,7
2025-04,광주 북구,두암동,신선식품,30대,1308723,44,29743,미참여,0.293,29
2025-04,광주 북구,두암동,신선식품,40대,1531144,45,34025,미참여,0.314,14
2025-04,광주 북구,두암동,신선식품,50대,1316251,45,29250,미참여,0.411,15
2025-04,광주 북구,두암동,신선식품,60대 이상,1971403,62,31796,미참여,0.47,5
2025-04,광주 북구,두암동,생활용품,20대,1041169,40,26029,미참여,0.382,24
2025-04,광주 북구,두암동,생활용품,30대,920550,40,23013,미참여,0.354,7
2025-04,광주 북구,두암동,생활용품,40대,440869,21,20993,미참여,0.399,30
2025-04,광주 북구,두암동,생활용품,50대,656682,28,23452,미참여,0.455,19
2025-04,광주 북구,두암동,생활용품,60대 이상,1000253,37,27033,미참여,0.442,25
2025-04,광주 북구,두암동,의류/잡화,20대,589602,19,31031,미참여,0.287,21
2025-04,광주 북구,두암동,의류/잡화,30대,713532,18,39640,미참여,0.365,31
2025-04,광주 북구,두암동,의류/잡화,40대,722020,21,34381,미참여,0.429,11
2025-04,광주 북구,두암동,의류/잡화,50대,633235,16,39577,미참여,0.339,14
2025-04,광주 북구,두암동,의류/잡화,60대 이상,760249,21,36202,미참여,0.399,24
2025-04,광주 북구,두암동,미용/생활서비스,20대,694660,19,36561,미참여,0.352,7
2025-04,광주 북구,두암동,미용/생활서비스,30대,634187,22,28826,미참여,0.332,23
2025-04,광주 북구,두암동,미용/생활서비스,40대,898568,24,37440,미참여,0.396,13
2025-04,광주 북구,두암동,미용/생활서비스,50대,618398,22,28109,미참여,0.284,11
2025-04,광주 북구,두암동,미용/생활서비스,60대 이상,511243,18,28402,미참여,0.182,12
2025-04,광주 북구,두암동,교육/학원,20대,2119607,21,100933,미참여,0.472,21
2025-04,광주 북구,두암동,교육/학원,30대,2342558,24,97606,미참여,0.407,13
2025-04,광주 북구,두암동,교육/학원,40대,1657912,17,97524,미참여,0.378,23
2025-04,광주 북구,두암동,교육/학원,50대,2103095,20,105154,미참여,0.368,11
2025-04,광주 북구,두암동,교육/학원,60대 이상,1472347,17,86608,미참여,0.416,14
2025-04,광주 북구,두암동,병원/약국,20대,445629,21,21220,미참여,0.297,15
2025-04,광주 북구,두암동,병원/약국,30대,599929,26,23074,미참여,0.433,17
2025-04,광주 북구,두암동,병원/약국,40대,907414,32,28356,미참여,0.379,24
2025-04,광주 북구,두암동,병원/약국,50대,1067403,37,28848,미참여,0.431,18
2025-04,광주 북구,두암동,병원/약국,60대 이상,569916,25,22796,미참여,0.365,24
2025-04,광주 북구,두암동,편의점/마트,20대,608324,46,13224,미참여,0.417,10
2025-04,광주 북구,두암동,편의점/마트,30대,312590,21,14885,미참여,0.368,5
2025-04,광주 북구,두암동,편의점/마트,40대,196532,18,10918,미참여,0.362,22
2025-04,광주 북구,두암동,편의점/마트,50대,233697,19,12299,미참여,0.381,19
2025-04,광주 북구,두암동,편의점/마트,60대 이상,218896,18,12160,미참여,0.298,25
2025-04,광주 동구,충장동,한식/분식,20대,604652,47,12864,미참여,0.398,6
2025-04,광주 동구,충장동,한식/분식,30대,599218,37,16195,미참여,0.52,40
2025-04,광주 동구,충장동,한식/분식,40대,470363,31,15173,미참여,0.427,30
2025-04,광주 동구,충장동,한식/분식,50대,702456,51,13773,미참여,0.649,11
2025-04,광주 동구,충장동,한식/분식,60대 이상,732725,43,17040,미참여,0.449,23
2025-04,광주 동구,충장동,카페/디저트,20대,334780,47,7122,미참여,0.283,10
2025-04,광주 동구,충장동,카페/디저트,30대,287784,32,8993,미참여,0.418,20
2025-04,광주 동구,충장동,카페/디저트,40대,236649,25,9465,미참여,0.395,23
2025-04,광주 동구,충장동,카페/디저트,50대,321927,32,10060,미참여,0.376,21
2025-04,광주 동구,충장동,카페/디저트,60대 이상,281019,38,7395,미참여,0.378,27
2025-04,광주 동구,충장동,신선식품,20대,899921,27,33330,미참여,0.344,20
2025-04,광주 동구,충장동,신선식품,30대,796926,31,25707,미참여,0.301,37
2025-04,광주 동구,충장동,신선식품,40대,1330885,42,31687,미참여,0.507,15
2025-04,광주 동구,충장동,신선식품,50대,976080,41,23806,미참여,0.449,19
2025-04,광주 동구,충장동,신선식품,60대 이상,995316,32,31103,미참여,0.35,16
2025-04,광주 동구,충장동,생활용품,20대,700139,30,23337,미참여,0.283,12
2025-04,광주 동구,충장동,생활용품,30대,533024,26,20500,미참여,0.32,28
2025-04,광주 동구,충장동,생활용품,40대,498935,25,19957,미참여,0.424,24
2025-04,광주 동구,충장동,생활용품,50대,467187,22,21235,미참여,0.261,16
2025-04,광주 동구,충장동,생활용품,60대 이상,646157,24,26923,미참여,0.468,10
2025-04,광주 동구,충장동,의류/잡화,20대,536024,18,29779,미참여,0.358,28
2025-04,광주 동구,충장동,의류/잡화,30대,1060775,30,35359,미참여,0.4,37
2025-04,광주 동구,충장동,의류/잡화,40대,1237485,36,34374,미참여,0.354,10
2025-04,광주 동구,충장동,의류/잡화,50대,709286,20,35464,미참여,0.198,15
2025-04,광주 동구,충장동,의류/잡화,60대 이상,945097,22,42958,미참여,0.367,22
2025-04,광주 동구,충장동,미용/생활서비스,20대,729866,20,36493,미참여,0.444,20
2025-04,광주 동구,충장동,미용/생활서비스,30대,610706,22,27759,미참여,0.264,16
2025-04,광주 동구,충장동,미용/생활서비스,40대,466678,15,31111,미참여,0.522,11
2025-04,광주 동구,충장동,미용/생활서비스,50대,893341,25,35733,미참여,0.493,18
2025-04,광주 동구,충장동,미용/생활서비스,60대 이상,906088,25,36243,미참여,0.41,23
2025-04,광주 동구,충장동,교육/학원,20대,1137630,14,81259,미참여,0.447,29
2025-04,광주 동구,충장동,교육/학원,30대,1554554,20,77727,미참여,0.197,25
2025-04,광주 동구,충장동,교육/학원,40대,1391427,19,73233,미참여,0.353,18
2025-04,광주 동구,충장동,교육/학원,50대,1533124,18,85173,미참여,0.3,2
2025-04,광주 동구,충장동,교육/학원,60대 이상,1614464,16,100904,미참여,0.381,26
2025-04,광주 동구,충장동,병원/약국,20대,1046002,45,23244,미참여,0.412,8
2025-04,광주 동구,충장동,병원/약국,30대,552972,21,26332,미참여,0.404,31
2025-04,광주 동구,충장동,병원/약국,40대,463128,16,28945,미참여,0.514,19
2025-04,광주 동구,충장동,병원/약국,50대,642741,28,22955,미참여,0.266,13
2025-04,광주 동구,충장동,병원/약국,60대 이상,792688,32,24771,미참여,0.257,19
2025-04,광주 동구,충장동,편의점/마트,20대,377768,26,14529,미참여,0.407,7
2025-04,광주 동구,충장동,편의점/마트,30대,240487,23,10455,미참여,0.462,30
2025-04,광주 동구,충장동,편의점/마트,40대,614743,41,14993,미참여,0.458,27
2025-04,광주 동구,충장동,편의점/마트,50대,373246,25,14929,미참여,0.275,20
2025-04,광주 동구,충장동,편의점/마트,60대 이상,253391,23,11017,미참여,0.566,15
2025-04,광주 동구,동명동,한식/분식,20대,499539,30,16651,미참여,0.314,30
2025-04,광주 동구,동명동,한식/분식,30대,705639,49,14400,미참여,0.335,26
2025-04,광주 동구,동명동,한식/분식,40대,638151,42,15194,미참여,0.48,16
2025-04,광주 동구,동명동,한식/분식,50대,545797,35,15594,미참여,0.417,39
2025-04,광주 동구,동명동,한식/분식,60대 이상,885580,50,17711,미참여,0.628,29
2025-04,광주 동구,동명동,카페/디저트,20대,619587,69,8979,미참여,0.314,32
2025-04,광주 동구,동명동,카페/디저트,30대,211670,26,8141,미참여,0.325,19
2025-04,광주 동구,동명동,카페/디저트,40대,327095,32,10221,미참여,0.255,3
2025-04,광주 동구,동명동,카페/디저트,50대,257541,31,8307,미참여,0.392,20
2025-04,광주 동구,동명동,카페/디저트,60대 이상,322854,34,9495,미참여,0.234,27
2025-04,광주 동구,동명동,신선식품,20대,1303001,43,30302,미참여,0.514,14
2025-04,광주 동구,동명동,신선식품,30대,1148318,43,26705,미참여,0.463,29
2025-04,광주 동구,동명동,신선식품,40대,1218764,40,30469,미참여,0.446,27
2025-04,광주 동구,동명동,신선식품,50대,1179693,34,34696,미참여,0.479,17
2025-04,광주 동구,동명동,신선식품,60대 이상,1134781,33,34387,미참여,0.433,15
2025-04,광주 동구,동명동,생활용품,20대,341430,13,26263,미참여,0.427,19
2025-04,광주 동구,동명동,생활용품,30대,711806,31,22961,미참여,0.387,24
2025-04,광주 동구,동명동,생활용품,40대,428997,18,23833,미참여,0.334,12
2025-04,광주 동구,동명동,생활용품,50대,576372,22,26198,미참여,0.433,25
2025-04,광주 동구,동명동,생활용품,60대 이상,712674,37,19261,미참여,0.285,25
2025-04,광주 동구,동명동,의류/잡화,20대,1005399,27,37237,미참여,0.387,34
2025-04,광주 동구,동명동,의류/잡화,30대,628491,21,29928,미참여,0.359,30
2025-04,광주 동구,동명동,의류/잡화,40대,792926,22,36042,미참여,0.366,24
2025-04,광주 동구,동명동,의류/잡화,50대,799841,21,38087,미참여,0.411,28
2025-04,광주 동구,동명동,의류/잡화,60대 이상,881994,24,36749,미참여,0.503,27
2025-04,광주 동구,동명동,미용/생활서비스,20대,609032,21,29001,미참여,0.157,18
2025-04,광주 동구,동명동,미용/생활서비스,30대,688063,23,29915,미참여,0.131,25
2025-04,광주 동구,동명동,미용/생활서비스,40대,538822,16,33676,미참여,0.357,23
2025-04,광주 동구,동명동,미용/생활서비스,50대,898544,29,30984,미참여,0.348,16
2025-04,광주 동구,동명동,미용/생활서비스,60대 이상,663237,25,26529,미참여,0.294,4
2025-04,광주 동구,동명동,교육/학원,20대,1170775,16,73173,미참여,0.407,20
2025-04,광주 동구,동명동,교육/학원,30대,1515287,19,79751,미참여,0.315,7
2025-04,광주 동구,동명동,교육/학원,40대,2113721,26,81296,미참여,0.486,8
2025-04,광주 동구,동명동,교육/학원,50대,1368030,17,80472,미참여,0.318,16
2025-04,광주 동구,동명동,교육/학원,60대 이상,1581366,17,93021,미참여,0.309,23
2025-04,광주 동구,동명동,병원/약국,20대,777324,32,24291,미참여,0.315,11
2025-04,광주 동구,동명동,병원/약국,30대,395782,19,20830,미참여,0.415,15
2025-04,광주 동구,동명동,병원/약국,40대,749184,25,29967,미참여,0.281,11
2025-04,광주 동구,동명동,병원/약국,50대,1203135,53,22700,미참여,0.299,24
2025-04,광주 동구,동명동,병원/약국,60대 이상,1400628,48,29179,미참여,0.513,11
2025-04,광주 동구,동명동,편의점/마트,20대,349448,29,12049,미참여,0.445,18
2025-04,광주 동구,동명동,편의점/마트,30대,482140,37,13030,미참여,0.534,26
2025-04,광주 동구,동명동,편의점/마트,40대,401836,30,13394,미참여,0.458,22
2025-04,광주 동구,동명동,편의점/마트,50대,412738,30,13757,미참여,0.291,23
2025-04,광주 동구,동명동,편의점/마트,60대 이상,505290,45,11228,미참여,0.506,15
2025-04,광주 동구,서남동,한식/분식,20대,367006,22,16682,미참여,0.347,16
2025-04,광주 동구,서남동,한식/분식,30대,618452,46,13444,미참여,0.31,40
2025-04,광주 동구,서남동,한식/분식,40대,805173,65,12387,미참여,0.417,32
2025-04,광주 동구,서남동,한식/분식,50대,801794,63,12726,미참여,0.358,34
2025-04,광주 동구,서남동,한식/분식,60대 이상,415474,31,13402,미참여,0.495,20
2025-04,광주 동구,서남동,카페/디저트,20대,285081,32,8908,미참여,0.388,21
2025-04,광주 동구,서남동,카페/디저트,30대,387761,51,7603,미참여,0.281,22
2025-04,광주 동구,서남동,카페/디저트,40대,257324,30,8577,미참여,0.359,35
2025-04,광주 동구,서남동,카페/디저트,50대,228472,23,9933,미참여,0.489,25
2025-04,광주 동구,서남동,카페/디저트,60대 이상,208872,29,7202,미참여,0.324,4
2025-04,광주 동구,서남동,신선식품,20대,684747,28,24455,미참여,0.595,20
2025-04,광주 동구,서남동,신선식품,30대,1281018,42,30500,미참여,0.426,16
2025-04,광주 동구,서남동,신선식품,40대,1270638,47,27034,미참여,0.483,22
2025-04,광주 동구,서남동,신선식품,50대,1478959,45,32865,미참여,0.377,11
2025-04,광주 동구,서남동,신선식품,60대 이상,1119892,36,31108,미참여,0.351,16
2025-04,광주 동구,서남동,생활용품,20대,835858,35,23881,미참여,0.321,16
2025-04,광주 동구,서남동,생활용품,30대,663852,25,26554,미참여,0.211,38
2025-04,광주 동구,서남동,생활용품,40대,399725,20,19986,미참여,0.335,4
2025-04,광주 동구,서남동,생활용품,50대,914829,37,24725,미참여,0.449,16
2025-04,광주 동구,서남동,생활용품,60대 이상,987622,51,19365,미참여,0.5,27
2025-04,광주 동구,서남동,의류/잡화,20대,1000321,24,41680,미참여,0.385,29
2025-04,광주 동구,서남동,의류/잡화,30대,786401,22,35745,미참여,0.382,38
2025-04,광주 동구,서남동,의류/잡화,40대,1322935,31,42675,미참여,0.351,14
2025-04,광주 동구,서남동,의류/잡화,50대,912055,26,35079,미참여,0.341,17
2025-04,광주 동구,서남동,의류/잡화,60대 이상,1102338,28,39369,미참여,0.405,9
2025-04,광주 동구,서남동,미용/생활서비스,20대,757385,23,32929,미참여,0.345,20
2025-04,광주 동구,서남동,미용/생활서비스,30대,514207,16,32137,미참여,0.279,15
2025-04,광주 동구,서남동,미용/생활서비스,40대,535376,20,26768,미참여,0.192,20
2025-04,광주 동구,서남동,미용/생활서비스,50대,678094,20,33904,미참여,0.414,26
2025-04,광주 동구,서남동,미용/생활서비스,60대 이상,676374,22,30744,미참여,0.349,1
2025-04,광주 동구,서남동,교육/학원,20대,1616698,19,85089,미참여,0.188,9
2025-04,광주 동구,서남동,교육/학원,30대,2590009,27,95926,미참여,0.377,22
2025-04,광주 동구,서남동,교육/학원,40대,2390446,26,91940,미참여,0.346,19
2025-04,광주 동구,서남동,교육/학원,50대,1244491,15,82966,미참여,0.322,22
2025-04,광주 동구,서남동,교육/학원,60대 이상,1059252,14,75660,미참여,0.29,27
2025-04,광주 동구,서남동,병원/약국,20대,710577,28,25377,미참여,0.445,7
2025-04,광주 동구,서남동,병원/약국,30대,308539,15,20569,미참여,0.543,28
2025-04,광주 동구,서남동,병원/약국,40대,788092,30,26269,미참여,0.353,10
2025-04,광주 동구,서남동,병원/약국,50대,957437,34,28159,미참여,0.28,22
2025-04,광주 동구,서남동,병원/약국,60대 이상,1349681,64,21088,미참여,0.577,15
2025-04,광주 동구,서남동,편의점/마트,20대,339468,33,10286,미참여,0.413,35
2025-04,광주 동구,서남동,편의점/마트,30대,433610,37,11719,미참여,0.533,14
2025-04,광주 동구,서남동,편의점/마트,40대,442747,35,12649,미참여,0.611,15
2025-04,광주 동구,서남동,편의점/마트,50대,390251,29,13456,미참여,0.381,23
2025-04,광주 동구,서남동,편의점/마트,60대 이상,301538,25,12061,미참여,0.432,19
2025-04,광주 동구,학동,한식/분식,20대,496732,39,12736,미참여,0.304,18
2025-04,광주 동구,학동,한식/분식,30대,355782,21,16942,미참여,0.449,24
2025-04,광주 동구,학동,한식/분식,40대,805506,52,15490,미참여,0.537,37
2025-04,광주 동구,학동,한식/분식,50대,638214,43,14842,미참여,0.364,18
2025-04,광주 동구,학동,한식/분식,60대 이상,393398,31,12690,미참여,0.361,28
2025-04,광주 동구,학동,카페/디저트,20대,546497,58,9422,미참여,0.451,23
2025-04,광주 동구,학동,카페/디저트,30대,211481,29,7292,미참여,0.379,17
2025-04,광주 동구,학동,카페/디저트,40대,240241,30,8008,미참여,0.324,19
2025-04,광주 동구,학동,카페/디저트,50대,142578,17,8386,미참여,0.456,13
2025-04,광주 동구,학동,카페/디저트,60대 이상,277628,38,7306,미참여,0.268,33
2025-04,광주 동구,학동,신선식품,20대,472398,18,26244,미참여,0.32,8
2025-04,광주 동구,학동,신선식품,30대,730690,24,30445,미참여,0.512,12
2025-04,광주 동구,학동,신선식품,40대,983042,37,26568,미참여,0.508,22
2025-04,광주 동구,학동,신선식품,50대,937572,31,30244,미참여,0.553,1
2025-04,광주 동구,학동,신선식품,60대 이상,1043683,36,28991,미참여,0.486,18
2025-04,광주 동구,학동,생활용품,20대,631789,23,27469,미참여,0.389,20
2025-04,광주 동구,학동,생활용품,30대,591832,29,20408,미참여,0.405,20
2025-04,광주 동구,학동,생활용품,40대,485396,23,21104,미참여,0.483,24
2025-04,광주 동구,학동,생활용품,50대,764068,29,26347,미참여,0.396,20
2025-04,광주 동구,학동,생활용품,60대 이상,593173,26,22814,미참여,0.31,24
2025-04,광주 동구,학동,의류/잡화,20대,1020167,25,40806,미참여,0.486,26
2025-04,광주 동구,학동,의류/잡화,30대,798542,19,42028,미참여,0.342,20
2025-04,광주 동구,학동,의류/잡화,40대,808329,25,32333,미참여,0.468,11
2025-04,광주 동구,학동,의류/잡화,50대,910067,29,31381,미참여,0.262,29
2025-04,광주 동구,학동,의류/잡화,60대 이상,616083,18,34226,미참여,0.415,19
2025-04,광주 동구,학동,미용/생활서비스,20대,616098,21,29338,미참여,0.457,9
2025-04,광주 동구,학동,미용/생활서비스,30대,463782,18,25765,미참여,0.323,16
2025-04,광주 동구,학동,미용/생활서비스,40대,873709,29,30127,미참여,0.217,21
2025-04,광주 동구,학동,미용/생활서비스,50대,863114,25,34524,미참여,0.258,25
2025-04,광주 동구,학동,미용/생활서비스,60대 이상,728454,20,36422,미참여,0.188,30
2025-04,광주 동구,학동,교육/학원,20대,1709899,18,94994,미참여,0.526,6
2025-04,광주 동구,학동,교육/학원,30대,2863167,33,86762,미참여,0.434,8
2025-04,광주 동구,학동,교육/학원,40대,1549037,20,77451,미참여,0.523,15
2025-04,광주 동구,학동,교육/학원,50대,1554288,18,86349,미참여,0.312,27
2025-04,광주 동구,학동,교육/학원,60대 이상,1688424,17,99319,미참여,0.355,12
2025-04,광주 동구,학동,병원/약국,20대,503915,20,25195,미참여,0.442,24
2025-04,광주 동구,학동,병원/약국,30대,804098,31,25938,미참여,0.515,7
2025-04,광주 동구,학동,병원/약국,40대,920179,44,20913,미참여,0.25,10
2025-04,광주 동구,학동,병원/약국,50대,1190871,42,28354,미참여,0.299,32
2025-04,광주 동구,학동,병원/약국,60대 이상,1574003,58,27137,미참여,0.526,28
2025-04,광주 동구,학동,편의점/마트,20대,297881,25,11915,미참여,0.449,18
2025-04,광주 동구,학동,편의점/마트,30대,337253,32,10539,미참여,0.516,9
2025-04,광주 동구,학동,편의점/마트,40대,338997,29,11689,미참여,0.365,14
2025-04,광주 동구,학동,편의점/마트,50대,419309,38,11034,미참여,0.608,17
2025-04,광주 동구,학동,편의점/마트,60대 이상,417986,37,11296,미참여,0.522,17
2025-05,수원시 팔달구,행궁동,한식/분식,20대,387304,28,13832,참여,0.632,16
2025-05,수원시 팔달구,행궁동,한식/분식,30대,779448,48,16238,미참여,0.306,16
2025-05,수원시 팔달구,행궁동,한식/분식,40대,1047472,58,18059,참여,0.343,21
2025-05,수원시 팔달구,행궁동,한식/분식,50대,975036,55,17727,미참여,0.287,24
2025-05,수원시 팔달구,행궁동,한식/분식,60대 이상,517538,41,12622,참여,0.554,35
2025-05,수원시 팔달구,행궁동,카페/디저트,20대,364210,38,9584,미참여,0.336,13
2025-05,수원시 팔달구,행궁동,카페/디저트,30대,381530,40,9538,미참여,0.237,20
2025-05,수원시 팔달구,행궁동,카페/디저트,40대,203757,21,9702,참여,0.316,28
2025-05,수원시 팔달구,행궁동,카페/디저트,50대,245894,27,9107,참여,0.373,18
2025-05,수원시 팔달구,행궁동,카페/디저트,60대 이상,331538,42,7893,참여,0.304,23
2025-05,수원시 팔달구,행궁동,신선식품,20대,1315046,43,30582,참여,0.288,20
2025-05,수원시 팔달구,행궁동,신선식품,30대,1750615,53,33030,참여,0.615,11
2025-05,수원시 팔달구,행궁동,신선식품,40대,1927205,65,29649,미참여,0.276,28
2025-05,수원시 팔달구,행궁동,신선식품,50대,1644134,54,30446,미참여,0.368,26
2025-05,수원시 팔달구,행궁동,신선식품,60대 이상,1266145,48,26378,미참여,0.318,24
2025-05,수원시 팔달구,행궁동,생활용품,20대,1299728,51,25484,미참여,0.429,21
2025-05,수원시 팔달구,행궁동,생활용품,30대,1075034,41,26220,참여,0.306,28
2025-05,수원시 팔달구,행궁동,생활용품,40대,1009470,46,21945,참여,0.463,22
2025-05,수원시 팔달구,행궁동,생활용품,50대,852603,39,21861,참여,0.413,29
2025-05,수원시 팔달구,행궁동,생활용품,60대 이상,1063190,51,20846,참여,0.38,17
2025-05,수원시 팔달구,행궁동,의류/잡화,20대,971194,24,40466,참여,0.299,25
2025-05,수원시 팔달구,행궁동,의류/잡화,30대,1261135,29,43487,참여,0.287,17
2025-05,수원시 팔달구,행궁동,의류/잡화,40대,1075118,25,43004,참여,0.268,8
2025-05,수원시 팔달구,행궁동,의류/잡화,50대,868687,24,36195,미참여,0.211,14
2025-05,수원시 팔달구,행궁동,의류/잡화,60대 이상,595706,20,29785,참여,0.332,11
2025-05,수원시 팔달구,행궁동,미용/생활서비스,20대,1006888,31,32480,미참여,0.433,14
2025-05,수원시 팔달구,행궁동,미용/생활서비스,30대,791335,24,32972,참여,0.363,23
2025-05,수원시 팔달구,행궁동,미용/생활서비스,40대,863010,30,28767,미참여,0.344,14
2025-05,수원시 팔달구,행궁동,미용/생활서비스,50대,755503,22,34341,참여,0.36,19
2025-05,수원시 팔달구,행궁동,미용/생활서비스,60대 이상,1053273,31,33976,참여,0.416,11
2025-05,수원시 팔달구,행궁동,교육/학원,20대,2282610,23,99243,미참여,0.321,22
2025-05,수원시 팔달구,행궁동,교육/학원,30대,2801407,27,103755,참여,0.297,18
2025-05,수원시 팔달구,행궁동,교육/학원,40대,1675440,19,88181,미참여,0.488,28
2025-05,수원시 팔달구,행궁동,교육/학원,50대,1102703,14,78764,참여,0.435,9
2025-05,수원시 팔달구,행궁동,교육/학원,60대 이상,1074599,12,89549,미참여,0.47,25
2025-05,수원시 팔달구,행궁동,병원/약국,20대,650868,27,24106,참여,0.252,18
2025-05,수원시 팔달구,행궁동,병원/약국,30대,755100,33,22881,미참여,0.249,17
2025-05,수원시 팔달구,행궁동,병원/약국,40대,541353,22,24606,미참여,0.509,28
2025-05,수원시 팔달구,행궁동,병원/약국,50대,944992,33,28636,참여,0.306,24
2025-05,수원시 팔달구,행궁동,병원/약국,60대 이상,1457238,49,29739,참여,0.364,13
2025-05,수원시 팔달구,행궁동,편의점/마트,20대,515682,42,12278,참여,0.428,12
2025-05,수원시 팔달구,행궁동,편의점/마트,30대,369252,33,11189,참여,0.476,10
2025-05,수원시 팔달구,행궁동,편의점/마트,40대,504941,34,14851,참여,0.518,12
2025-05,수원시 팔달구,행궁동,편의점/마트,50대,402001,27,14888,미참여,0.429,23
2025-05,수원시 팔달구,행궁동,편의점/마트,60대 이상,305841,25,12233,미참여,0.411,14
2025-05,수원시 팔달구,매산동,한식/분식,20대,992046,63,15746,미참여,0.358,50
2025-05,수원시 팔달구,매산동,한식/분식,30대,619832,48,12913,참여,0.559,26
2025-05,수원시 팔달구,매산동,한식/분식,40대,980854,68,14424,참여,0.358,29
2025-05,수원시 팔달구,매산동,한식/분식,50대,1292861,85,15210,미참여,0.383,30
2025-05,수원시 팔달구,매산동,한식/분식,60대 이상,659051,46,14327,참여,0.434,35
2025-05,수원시 팔달구,매산동,카페/디저트,20대,326291,45,7250,참여,0.338,1
2025-05,수원시 팔달구,매산동,카페/디저트,30대,462495,56,8258,미참여,0.392,25
2025-05,수원시 팔달구,매산동,카페/디저트,40대,273105,33,8275,참여,0.246,1
2025-05,수원시 팔달구,매산동,카페/디저트,50대,263912,32,8247,참여,0.401,24
2025-05,수원시 팔달구,매산동,카페/디저트,60대 이상,294519,29,10155,참여,0.242,8
2025-05,수원시 팔달구,매산동,신선식품,20대,441181,18,24510,참여,0.567,29
2025-05,수원시 팔달구,매산동,신선식품,30대,1039445,41,25352,참여,0.369,15
2025-05,수원시 팔달구,매산동,신선식품,40대,1696699,49,34626,미참여,0.42,27
2025-05,수원시 팔달구,매산동,신선식품,50대,1431271,47,30452,참여,0.415,21
2025-05,수원시 팔달구,매산동,신선식품,60대 이상,1154659,43,26852,참여,0.676,9
2025-05,수원시 팔달구,매산동,생활용품,20대,806178,31,26005,참여,0.386,20
2025-05,수원시 팔달구,매산동,생활용품,30대,1202572,44,27331,참여,0.319,28
2025-05,수원시 팔달구,매산동,생활용품,40대,1148306,45,25517,참여,0.434,22
2025-05,수원시 팔달구,매산동,생활용품,50대,918903,47,19551,미참여,0.33,13
2025-05,수원시 팔달구,매산동,생활용품,60대 이상,1736140,64,27127,참여,0.277,27
2025-05,수원시 팔달구,매산동,의류/잡화,20대,1308653,38,34438,참여,0.302,17
2025-05,수원시 팔달구,매산동,의류/잡화,30대,889714,22,40441,미참여,0.264,13
2025-05,수원시 팔달구,매산동,의류/잡화,40대,879853,26,33840,미참여,0.237,18
2025-05,수원시 팔달구,매산동,의류/잡화,50대,980816,28,35029,참여,0.497,16
2025-05,수원시 팔달구,매산동,의류/잡화,60대 이상,1005832,26,38685,참여,0.269,19
2025-05,수원시 팔달구,매산동,미용/생활서비스,20대,1050644,29,36229,참여,0.397,13
2025-05,수원시 팔달구,매산동,미용/생활서비스,30대,871886,31,28125,미참여,0.211,24
2025-05,수원시 팔달구,매산동,미용/생활서비스,40대,1214359,36,33732,참여,0.439,18
2025-05,수원시 팔달구,매산동,미용/생활서비스,50대,1030741,33,31234,미참여,0.539,5
2025-05,수원시 팔달구,매산동,미용/생활서비스,60대 이상,591165,19,31113,참여,0.353,25
2025-05,수원시 팔달구,매산동,교육/학원,20대,2491340,27,92271,미참여,0.359,25
2025-05,수원시 팔달구,매산동,교육/학원,30대,1864004,19,98105,참여,0.299,22
2025-05,수원시 팔달구,매산동,교육/학원,40대,1693681,23,73638,미참여,0.332,23
2025-05,수원시 팔달구,매산동,교육/학원,50대,2124350,26,81705,참여,0.398,17
2025-05,수원시 팔달구,매산동,교육/학원,60대 이상,2139671,21,101889,참여,0.419,31
2025-05,수원시 팔달구,매산동,병원/약국,20대,410900,14,29350,참여,0.441,7
2025-05,수원시 팔달구,매산동,병원/약국,30대,1140869,39,29253,참여,0.328,24
2025-05,수원시 팔달구,매산동,병원/약국,40대,750979,33,22756,참여,0.352,7
2025-05,수원시 팔달구,매산동,병원/약국,50대,1404423,49,28661,미참여,0.406,26
2025-05,수원시 팔달구,매산동,병원/약국,60대 이상,1565955,57,27472,참여,0.568,17
2025-05,수원시 팔달구,매산동,편의점/마트,20대,706683,48,14722,미참여,0.362,10
2025-05,수원시 팔달구,매산동,편의점/마트,30대,406878,39,10432,참여,0.537,30
2025-05,수원시 팔달구,매산동,편의점/마트,40대,310063,26,11925,참여,0.449,13
2025-05,수원시 팔달구,매산동,편의점/마트,50대,659023,48,13729,참여,0.367,11
2025-05,수원시 팔달구,매산동,편의점/마트,60대 이상,595715,44,13538,미참여,0.329,9
2025-05,수원시 팔달구,고등동,한식/분식,20대,1398157,79,17698,참여,0.417,41
2025-05,수원시 팔달구,고등동,한식/분식,30대,978568,71,13782,미참여,0.349,10
2025-05,수원시 팔달구,고등동,한식/분식,40대,635850,36,17662,미참여,0.466,19
2025-05,수원시 팔달구,고등동,한식/분식,50대,1296507,80,16206,참여,0.324,22
2025-05,수원시 팔달구,고등동,한식/분식,60대 이상,1008330,60,16805,참여,0.45,11
2025-05,수원시 팔달구,고등동,카페/디저트,20대,408284,45,9072,참여,0.294,11
2025-05,수원시 팔달구,고등동,카페/디저트,30대,266924,33,8088,미참여,0.213,18
2025-05,수원시 팔달구,고등동,카페/디저트,40대,191606,24,7983,미참여,0.277,13
2025-05,수원시 팔달구,고등동,카페/디저트,50대,297243,32,9288,참여,0.383,21
2025-05,수원시 팔달구,고등동,카페/디저트,60대 이상,262030,30,8734,참여,0.222,35
2025-05,수원시 팔달구,고등동,신선식품,20대,1663889,50,33277,참여,0.321,1
2025-05,수원시 팔달구,고등동,신선식품,30대,1113410,36,30928,참여,0.516,7
2025-05,수원시 팔달구,고등동,신선식품,40대,716199,27,26525,참여,0.497,10
2025-05,수원시 팔달구,고등동,신선식품,50대,1116056,41,27220,미참여,0.382,18
2025-05,수원시 팔달구,고등동,신선식품,60대 이상,1380148,53,26040,참여,0.631,17
2025-05,수원시 팔달구,고등동,생활용품,20대,809810,42,19281,참여,0.375,39
2025-05,수원시 팔달구,고등동,생활용품,30대,852431,35,24355,참여,0.47,18
2025-05,수원시 팔달구,고등동,생활용품,40대,719986,31,23225,미참여,0.376,23
2025-05,수원시 팔달구,고등동,생활용품,50대,1027739,38,27045,참여,0.528,14
2025-05,수원시 팔달구,고등동,생활용품,60대 이상,1329649,66,20146,참여,0.37,12
2025-05,수원시 팔달구,고등동,의류/잡화,20대,1214948,28,43391,참여,0.387,19
2025-05,수원시 팔달구,고등동,의류/잡화,30대,827757,22,37625,미참여,0.295,20
2025-05,수원시 팔달구,고등동,의류/잡화,40대,921260,22,41875,참여,0.36,22
2025-05,수원시 팔달구,고등동,의류/잡화,50대,608798,20,30439,미참여,0.198,12
2025-05,수원시 팔달구,고등동,의류/잡화,60대 이상,405510,11,36864,참여,0.385,16
2025-05,수원시 팔달구,고등동,미용/생활서비스,20대,809703,23,35204,참여,0.382,21
2025-05,수원시 팔달구,고등동,미용/생활서비스,30대,824724,23,35857,참여,0.348,17
2025-05,수원시 팔달구,고등동,미용/생활서비스,40대,699186,23,30399,참여,0.431,22
2025-05,수원시 팔달구,고등동,미용/생활서비스,50대,1236478,34,36367,미참여,0.445,12
2025-05,수원시 팔달구,고등동,미용/생활서비스,60대 이상,958204,31,30909,참여,0.377,12
2025-05,수원시 팔달구,고등동,교육/학원,20대,2229025,23,96914,참여,0.275,6
2025-05,수원시 팔달구,고등동,교육/학원,30대,2230335,25,89213,미참여,0.312,15
2025-05,수원시 팔달구,고등동,교육/학원,40대,2097344,26,80667,참여,0.228,12
2025-05,수원시 팔달구,고등동,교육/학원,50대,1627449,19,85655,미참여,0.373,14
2025-05,수원시 팔달구,고등동,교육/학원,60대 이상,2171561,23,94415,참여,0.549,25
2025-05,수원시 팔달구,고등동,병원/약국,20대,576843,22,26220,미참여,0.397,16
2025-05,수원시 팔달구,고등동,병원/약국,30대,798794,27,29584,참여,0.257,14
2025-05,수원시 팔달구,고등동,병원/약국,40대,810605,33,24563,참여,0.473,18
2025-05,수원시 팔달구,고등동,병원/약국,50대,899609,35,25703,미참여,0.476,22
2025-05,수원시 팔달구,고등동,병원/약국,60대 이상,976350,45,21696,참여,0.379,17
2025-05,수원시 팔달구,고등동,편의점/마트,20대,822744,65,12657,미참여,0.303,14
2025-05,수원시 팔달구,고등동,편의점/마트,30대,391301,29,13493,참여,0.434,13
2025-05,수원시 팔달구,고등동,편의점/마트,40대,326250,28,11651,참여,0.448,26
2025-05,수원시 팔달구,고등동,편의점/마트,50대,354292,31,11428,참여,0.376,28
2025-05,수원시 팔달구,고등동,편의점/마트,60대 이상,383975,31,12386,참여,0.566,19
2025-05,수원시 팔달구,인계동,한식/분식,20대,788676,62,12720,참여,0.613,32
2025-05,수원시 팔달구,인계동,한식/분식,30대,612026,46,13304,미참여,0.442,16
2025-05,수원시 팔달구,인계동,한식/분식,40대,1012574,66,15342,참여,0.46,27
2025-05,수원시 팔달구,인계동,한식/분식,50대,1034590,60,17243,미참여,0.586,26
2025-05,수원시 팔달구,인계동,한식/분식,60대 이상,570777,33,17296,미참여,0.413,29
2025-05,수원시 팔달구,인계동,카페/디저트,20대,463992,66,7030,참여,0.361,10
2025-05,수원시 팔달구,인계동,카페/디저트,30대,322305,43,7495,미참여,0.262,13
2025-05,수원시 팔달구,인계동,카페/디저트,40대,333660,39,8555,참여,0.244,11
2025-05,수원시 팔달구,인계동,카페/디저트,50대,221769,26,8529,참여,0.366,31
2025-05,수원시 팔달구,인계동,카페/디저트,60대 이상,324159,33,9823,참여,0.382,22
2025-05,수원시 팔달구,인계동,신선식품,20대,683031,27,25297,참여,0.539,25
2025-05,수원시 팔달구,인계동,신선식품,30대,1336043,50,26720,미참여,0.429,19
2025-05,수원시 팔달구,인계동,신선식품,40대,1242589,40,31064,미참여,0.465,42
2025-05,수원시 팔달구,인계동,신선식품,50대,1037881,36,28830,참여,0.452,16
2025-05,수원시 팔달구,인계동,신선식품,60대 이상,1909371,61,31301,미참여,0.509,28
2025-05,수원시 팔달구,인계동,생활용품,20대,675345,26,25974,참여,0.303,27
2025-05,수원시 팔달구,인계동,생활용품,30대,1114919,58,19222,미참여,0.312,12
2025-05,수원시 팔달구,인계동,생활용품,40대,633106,32,19784,미참여,0.333,20
2025-05,수원시 팔달구,인계동,생활용품,50대,1032561,54,19121,미참여,0.25,18
2025-05,수원시 팔달구,인계동,생활용품,60대 이상,728169,31,23489,참여,0.47,20
2025-05,수원시 팔달구,인계동,의류/잡화,20대,1402142,33,42489,미참여,0.429,22
2025-05,수원시 팔달구,인계동,의류/잡화,30대,867423,23,37714,참여,0.196,14
2025-05,수원시 팔달구,인계동,의류/잡화,40대,723996,18,40222,참여,0.263,16
2025-05,수원시 팔달구,인계동,의류/잡화,50대,618662,17,36391,미참여,0.309,19
2025-05,수원시 팔달구,인계동,의류/잡화,60대 이상,898175,21,42770,참여,0.373,8
2025-05,수원시 팔달구,인계동,미용/생활서비스,20대,715095,22,32504,참여,0.296,18
2025-05,수원시 팔달구,인계동,미용/생활서비스,30대,1178241,33,35704,미참여,0.319,19
2025-05,수원시 팔달구,인계동,미용/생활서비스,40대,779751,23,33902,미참여,0.292,25
2025-05,수원시 팔달구,인계동,미용/생활서비스,50대,479636,18,26646,참여,0.371,26
2025-05,수원시 팔달구,인계동,미용/생활서비스,60대 이상,1144077,36,31779,미참여,0.393,23
2025-05,수원시 팔달구,인계동,교육/학원,20대,1450903,20,72545,참여,0.321,21
2025-05,수원시 팔달구,인계동,교육/학원,30대,2122197,21,101057,참여,0.353,18
2025-05,수원시 팔달구,인계동,교육/학원,40대,1764669,18,98037,참여,0.325,17
2025-05,수원시 팔달구,인계동,교육/학원,50대,965282,13,74252,미참여,0.365,20
2025-05,수원시 팔달구,인계동,교육/학원,60대 이상,1519752,16,94984,참여,0.421,15
2025-05,수원시 팔달구,인계동,병원/약국,20대,570595,21,27171,미참여,0.304,10
2025-05,수원시 팔달구,인계동,병원/약국,30대,971553,42,23132,참여,0.437,18
2025-05,수원시 팔달구,인계동,병원/약국,40대,670577,23,29155,참여,0.416,23
2025-05,수원시 팔달구,인계동,병원/약국,50대,1449466,52,27874,참여,0.291,22
2025-05,수원시 팔달구,인계동,병원/약국,60대 이상,1076453,42,25629,참여,0.397,13
2025-05,수원시 팔달구,인계동,편의점/마트,20대,625427,46,13596,참여,0.474,17
2025-05,수원시 팔달구,인계동,편의점/마트,30대,373003,33,11303,참여,0.527,2
2025-05,수원시 팔달구,인계동,편의점/마트,40대,229503,22,10431,참여,0.362,22
2025-05,수원시 팔달구,인계동,편의점/마트,50대,399137,38,10503,참여,0.419,21
2025-05,수원시 팔달구,인계동,편의점/마트,60대 이상,569544,38,14988,미참여,0.417,1
2025-05,수원시 영통구,영통동,한식/분식,20대,577017,32,18031,참여,0.489,16
2025-05,수원시 영통구,영통동,한식/분식,30대,739164,45,16425,참여,0.359,20
2025-05,수원시 영통구,영통동,한식/분식,40대,550373,44,12508,미참여,0.366,29
2025-05,수원시 영통구,영통동,한식/분식,50대,543630,41,13259,참여,0.394,14
2025-05,수원시 영통구,영통동,한식/분식,60대 이상,451073,35,12887,참여,0.381,16
2025-05,수원시 영통구,영통동,카페/디저트,20대,490198,52,9426,참여,0.244,13
2025-05,수원시 영통구,영통동,카페/디저트,30대,408529,49,8337,미참여,0.184,20
2025-05,수원시 영통구,영통동,카페/디저트,40대,206408,29,7117,참여,0.211,31
2025-05,수원시 영통구,영통동,카페/디저트,50대,245895,27,9107,참여,0.422,23
2025-05,수원시 영통구,영통동,카페/디저트,60대 이상,321429,36,8928,미참여,0.267,22
2025-05,수원시 영통구,영통동,신선식품,20대,1313989,38,34578,참여,0.654,26
2025-05,수원시 영통구,영통동,신선식품,30대,1214200,39,31133,미참여,0.408,19
2025-05,수원시 영통구,영통동,신선식품,40대,2745164,88,31195,미참여,0.298,19
2025-05,수원시 영통구,영통동,신선식품,50대,1971529,72,27382,참여,0.53,13
2025-05,수원시 영통구,영통동,신선식품,60대 이상,1739696,55,31630,참여,0.457,19
2025-05,수원시 영통구,영통동,생활용품,20대,728134,32,22754,참여,0.262,25
2025-05,수원시 영통구,영통동,생활용품,30대,785513,42,18702,미참여,0.285,22
2025-05,수원시 영통구,영통동,생활용품,40대,746777,38,19652,미참여,0.289,26
2025-05,수원시 영통구,영통동,생활용품,50대,1280426,53,24158,미참여,0.451,19
2025-05,수원시 영통구,영통동,생활용품,60대 이상,1242665,50,24853,미참여,0.338,12
2025-05,수원시 영통구,영통동,의류/잡화,20대,1011201,28,36114,미참여,0.372,21
2025-05,수원시 영통구,영통동,의류/잡화,30대,968575,25,38743,미참여,0.293,12
2025-05,수원시 영통구,영통동,의류/잡화,40대,1026112,27,38004,참여,0.391,16
2025-05,수원시 영통구,영통동,의류/잡화,50대,1170958,30,39031,참여,0.189,10
2025-05,수원시 영통구,영통동,의류/잡화,60대 이상,853738,21,40654,참여,0.48,17
2025-05,수원시 영통구,영통동,미용/생활서비스,20대,1065787,33,32296,미참여,0.304,18
2025-05,수원시 영통구,영통동,미용/생활서비스,30대,1036579,28,37020,참여,0.304,28
2025-05,수원시 영통구,영통동,미용/생활서비스,40대,698347,22,31743,참여,0.361,13
2025-05,수원시 영통구,영통동,미용/생활서비스,50대,1083964,36,30110,참여,0.424,27
2025-05,수원시 영통구,영통동,미용/생활서비스,60대 이상,850982,31,27451,참여,0.294,22
2025-05,수원시 영통구,영통동,교육/학원,20대,2211544,27,81909,미참여,0.518,9
2025-05,수원시 영통구,영통동,교육/학원,30대,2996777,31,96670,참여,0.392,27
2025-05,수원시 영통구,영통동,교육/학원,40대,3555016,45,79000,참여,0.316,31
2025-05,수원시 영통구,영통동,교육/학원,50대,3180212,31,102587,참여,0.169,27
2025-05,수원시 영통구,영통동,교육/학원,60대 이상,2135177,24,88965,참여,0.473,20
2025-05,수원시 영통구,영통동,병원/약국,20대,912747,35,26078,참여,0.263,25
2025-05,수원시 영통구,영통동,병원/약국,30대,357085,17,21005,참여,0.257,21
2025-05,수원시 영통구,영통동,병원/약국,40대,849728,29,29300,미참여,0.323,22
2025-05,수원시 영통구,영통동,병원/약국,50대,1721894,62,27772,참여,0.123,18
2025-05,수원시 영통구,영통동,병원/약국,60대 이상,1377997,58,23758,참여,0.301,14
2025-05,수원시 영통구,영통동,편의점/마트,20대,653979,44,14863,참여,0.499,8
2025-05,수원시 영통구,영통동,편의점/마트,30대,740542,50,14810,참여,0.478,34
2025-05,수원시 영통구,영통동,편의점/마트,40대,426587,34,12546,참여,0.388,9
2025-05,수원시 영통구,영통동,편의점/마트,50대,293232,26,11278,참여,0.486,30
2025-05,수원시 영통구,영통동,편의점/마트,60대 이상,586702,40,14667,참여,0.541,14
2025-05,수원시 영통구,광교동,한식/분식,20대,813025,46,17674,미참여,0.365,13
2025-05,수원시 영통구,광교동,한식/분식,30대,363927,28,12997,참여,0.299,24
2025-05,수원시 영통구,광교동,한식/분식,40대,371233,23,16140,참여,0.294,12
2025-05,수원시 영통구,광교동,한식/분식,50대,498721,38,13124,미참여,0.506,11
2025-05,수원시 영통구,광교동,한식/분식,60대 이상,363975,21,17332,참여,0.337,18
2025-05,수원시 영통구,광교동,카페/디저트,20대,365330,49,7455,참여,0.301,27
2025-05,수원시 영통구,광교동,카페/디저트,30대,668197,70,9545,참여,0.462,26
2025-05,수원시 영통구,광교동,카페/디저트,40대,485223,54,8985,미참여,0.303,35
2025-05,수원시 영통구,광교동,카페/디저트,50대,239963,32,7498,참여,0.391,39
2025-05,수원시 영통구,광교동,카페/디저트,60대 이상,371966,37,10053,참여,0.407,24
2025-05,수원시 영통구,광교동,신선식품,20대,1476982,47,31425,참여,0.246,28
2025-05,수원시 영통구,광교동,신선식품,30대,1849821,56,33032,미참여,0.4,25
2025-05,수원시 영통구,광교동,신선식품,40대,752745,30,25091,참여,0.505,24
2025-05,수원시 영통구,광교동,신선식품,50대,1291290,46,28071,참여,0.434,18
2025-05,수원시 영통구,광교동,신선식품,60대 이상,1323656,38,34833,참여,0.386,29
2025-05,수원시 영통구,광교동,생활용품,20대,755485,37,20418,참여,0.499,31
2025-05,수원시 영통구,광교동,생활용품,30대,805299,31,25977,참여,0.479,14
2025-05,수원시 영통구,광교동,생활용품,40대,1188926,54,22017,참여,0.535,14
2025-05,수원시 영통구,광교동,생활용품,50대,550722,26,21181,미참여,0.306,20
2025-05,수원시 영통구,광교동,생활용품,60대 이상,1073290,45,23850,미참여,0.362,19
2025-05,수원시 영통구,광교동,의류/잡화,20대,1221622,29,42124,참여,0.449,17
2025-05,수원시 영통구,광교동,의류/잡화,30대,578607,16,36162,참여,0.296,14
2025-05,수원시 영통구,광교동,의류/잡화,40대,805424,27,29830,참여,0.237,17
2025-05,수원시 영통구,광교동,의류/잡화,50대,1042026,24,43417,참여,0.209,19
2025-05,수원시 영통구,광교동,의류/잡화,60대 이상,647674,21,30841,참여,0.367,24
2025-05,수원시 영통구,광교동,미용/생활서비스,20대,1615496,50,32309,참여,0.286,19
2025-05,수원시 영통구,광교동,미용/생활서비스,30대,892665,28,31880,참여,0.413,15
2025-05,수원시 영통구,광교동,미용/생활서비스,40대,908742,25,36349,참여,0.399,11
2025-05,수원시 영통구,광교동,미용/생활서비스,50대,799398,23,34756,참여,0.37,17
2025-05,수원시 영통구,광교동,미용/생활서비스,60대 이상,1149115,31,37068,참여,0.461,8
2025-05,수원시 영통구,광교동,교육/학원,20대,3499676,35,99990,참여,0.316,10
2025-05,수원시 영통구,광교동,교육/학원,30대,4369180,44,99299,참여,0.457,36
2025-05,수원시 영통구,광교동,교육/학원,40대,5902509,62,95201,참여,0.384,29
2025-05,수원시 영통구,광교동,교육/학원,50대,3662048,35,104629,참여,0.266,22
2025-05,수원시 영통구,광교동,교육/학원,60대 이상,2087642,22,94892,미참여,0.299,15
2025-05,수원시 영통구,광교동,병원/약국,20대,975194,39,25004,미참여,0.455,13
2025-05,수원시 영통구,광교동,병원/약국,30대,529536,23,23023,참여,0.334,18
2025-05,수원시 영통구,광교동,병원/약국,40대,818085,37,22110,참여,0.363,22
2025-05,수원시 영통구,광교동,병원/약국,50대,1138637,39,29195,참여,0.321,21
2025-05,수원시 영통구,광교동,병원/약국,60대 이상,1736252,59,29428,참여,0.249,29
2025-05,수원시 영통구,광교동,편의점/마트,20대,733589,52,14107,미참여,0.434,19
2025-05,수원시 영통구,광교동,편의점/마트,30대,621392,43,14450,미참여,0.573,23
2025-05,수원시 영통구,광교동,편의점/마트,40대,158622,14,11330,미참여,0.612,24
2025-05,수원시 영통구,광교동,편의점/마트,50대,399161,32,12473,참여,0.558,24
2025-05,수원시 영통구,광교동,편의점/마트,60대 이상,317850,27,11772,참여,0.446,20
2025-05,수원시 영통구,매탄동,한식/분식,20대,615043,35,17572,미참여,0.495,28
2025-05,수원시 영통구,매탄동,한식/분식,30대,633671,37,17126,미참여,0.31,20
2025-05,수원시 영통구,매탄동,한식/분식,40대,686437,45,15254,참여,0.321,24
2025-05,수원시 영통구,매탄동,한식/분식,50대,356351,28,12726,참여,0.305,25
2025-05,수원시 영통구,매탄동,한식/분식,60대 이상,956166,53,18040,미참여,0.324,6
2025-05,수원시 영통구,매탄동,카페/디저트,20대,482335,57,8462,참여,0.282,40
2025-05,수원시 영통구,매탄동,카페/디저트,30대,262418,28,9372,참여,0.291,14
2025-05,수원시 영통구,매탄동,카페/디저트,40대,319714,34,9403,미참여,0.313,27
2025-05,수원시 영통구,매탄동,카페/디저트,50대,307979,39,7896,참여,0.326,1
2025-05,수원시 영통구,매탄동,카페/디저트,60대 이상,393463,40,9836,참여,0.3,30
2025-05,수원시 영통구,매탄동,신선식품,20대,793306,31,25590,참여,0.463,19
2025-05,수원시 영통구,매탄동,신선식품,30대,833032,26,32039,미참여,0.377,27
2025-05,수원시 영통구,매탄동,신선식품,40대,998887,38,26286,참여,0.357,12
2025-05,수원시 영통구,매탄동,신선식품,50대,1075910,36,29886,참여,0.507,21
2025-05,수원시 영통구,매탄동,신선식품,60대 이상,1103307,38,29034,참여,0.295,16
2025-05,수원시 영통구,매탄동,생활용품,20대,673514,36,18708,미참여,0.289,20
2025-05,수원시 영통구,매탄동,생활용품,30대,980729,37,26506,참여,0.201,11
2025-05,수원시 영통구,매탄동,생활용품,40대,728277,31,23492,참여,0.152,10
2025-05,수원시 영통구,매탄동,생활용품,50대,1501215,65,23095,참여,0.421,24
2025-05,수원시 영통구,매탄동,생활용품,60대 이상,596222,28,21293,참여,0.389,18
2025-05,수원시 영통구,매탄동,의류/잡화,20대,1206338,29,41597,미참여,0.329,17
2025-05,수원시 영통구,매탄동,의류/잡화,30대,776869,21,36993,미참여,0.358,23
2025-05,수원시 영통구,매탄동,의류/잡화,40대,756764,21,36036,참여,0.345,11
2025-05,수원시 영통구,매탄동,의류/잡화,50대,737184,20,36859,미참여,0.394,11
2025-05,수원시 영통구,매탄동,의류/잡화,60대 이상,768870,20,38443,미참여,0.424,11
2025-05,수원시 영통구,매탄동,미용/생활서비스,20대,798626,30,26620,미참여,0.287,19
2025-05,수원시 영통구,매탄동,미용/생활서비스,30대,1177866,33,35692,참여,0.476,3
2025-05,수원시 영통구,매탄동,미용/생활서비스,40대,804287,27,29788,미참여,0.24,22
2025-05,수원시 영통구,매탄동,미용/생활서비스,50대,529496,18,29416,참여,0.36,11
2025-05,수원시 영통구,매탄동,미용/생활서비스,60대 이상,1044729,34,30727,참여,0.457,25
2025-05,수원시 영통구,매탄동,교육/학원,20대,2519207,26,96892,미참여,0.449,35
2025-05,수원시 영통구,매탄동,교육/학원,30대,4467600,48,93075,참여,0.435,33
2025-05,수원시 영통구,매탄동,교육/학원,40대,4218266,43,98099,참여,0.247,34
2025-05,수원시 영통구,매탄동,교육/학원,50대,2087056,26,80271,미참여,0.417,21
2025-05,수원시 영통구,매탄동,교육/학원,60대 이상,3067330,31,98946,참여,0.431,39
2025-05,수원시 영통구,매탄동,병원/약국,20대,779001,37,21054,참여,0.29,5
2025-05,수원시 영통구,매탄동,병원/약국,30대,669790,25,26791,참여,0.432,19
2025-05,수원시 영통구,매탄동,병원/약국,40대,465890,20,23294,참여,0.437,15
2025-05,수원시 영통구,매탄동,병원/약국,50대,988518,41,24110,참여,0.231,27
2025-05,수원시 영통구,매탄동,병원/약국,60대 이상,755854,36,20995,참여,0.366,17
2025-05,수원시 영통구,매탄동,편의점/마트,20대,536171,38,14109,참여,0.395,10
2025-05,수원시 영통구,매탄동,편의점/마트,30대,409253,30,13641,미참여,0.374,27
2025-05,수원시 영통구,매탄동,편의점/마트,40대,741433,51,14537,참여,0.442,19
2025-05,수원시 영통구,매탄동,편의점/마트,50대,345840,32,10807,미참여,0.371,18
2025-05,수원시 영통구,매탄동,편의점/마트,60대 이상,496655,43,11550,참여,0.39,22
2025-05,수원시 영통구,원천동,한식/분식,20대,614554,34,18075,참여,0.513,13
2025-05,수원시 영통구,원천동,한식/분식,30대,431805,32,13493,미참여,0.376,20
2025-05,수원시 영통구,원천동,한식/분식,40대,609186,37,16464,미참여,0.364,11
2025-05,수원시 영통구,원천동,한식/분식,50대,388556,23,16893,참여,0.504,21
2025-05,수원시 영통구,원천동,한식/분식,60대 이상,571299,39,14648,미참여,0.354,23
2025-05,수원시 영통구,원천동,카페/디저트,20대,477129,48,9940,참여,0.315,20
2025-05,수원시 영통구,원천동,카페/디저트,30대,309397,43,7195,참여,0.286,24
2025-05,수원시 영통구,원천동,카페/디저트,40대,438909,53,8281,미참여,0.511,23
2025-05,수원시 영통구,원천동,카페/디저트,50대,395525,44,8989,미참여,0.337,28
2025-05,수원시 영통구,원천동,카페/디저트,60대 이상,349544,36,9709,참여,0.433,22
2025-05,수원시 영통구,원천동,신선식품,20대,837809,29,28889,참여,0.324,23
2025-05,수원시 영통구,원천동,신선식품,30대,1323109,40,33077,미참여,0.353,27
2025-05,수원시 영통구,원천동,신선식품,40대,1378299,40,34457,참여,0.62,21
2025-05,수원시 영통구,원천동,신선식품,50대,1626007,63,25809,참여,0.406,13
2025-05,수원시 영통구,원천동,신선식품,60대 이상,1629727,47,34675,참여,0.465,15
2025-05,수원시 영통구,원천동,생활용품,20대,578588,25,23143,미참여,0.369,25
2025-05,수원시 영통구,원천동,생활용품,30대,946225,37,25573,참여,0.126,25
2025-05,수원시 영통구,원천동,생활용품,40대,755030,28,26965,참여,0.408,24
2025-05,수원시 영통구,원천동,생활용품,50대,806996,32,25218,미참여,0.304,24
2025-05,수원시 영통구,원천동,생활용품,60대 이상,1150002,48,23958,참여,0.317,15
2025-05,수원시 영통구,원천동,의류/잡화,20대,552192,18,30677,참여,0.287,21
2025-05,수원시 영통구,원천동,의류/잡화,30대,589668,17,34686,미참여,0.284,19
2025-05,수원시 영통구,원천동,의류/잡화,40대,1117657,28,39916,미참여,0.371,16
2025-05,수원시 영통구,원천동,의류/잡화,50대,645243,17,37955,참여,0.139,17
2025-05,수원시 영통구,원천동,의류/잡화,60대 이상,641874,18,35659,참여,0.338,16
2025-05,수원시 영통구,원천동,미용/생활서비스,20대,516150,19,27165,참여,0.237,20
2025-05,수원시 영통구,원천동,미용/생활서비스,30대,929975,30,30999,미참여,0.475,15
2025-05,수원시 영통구,원천동,미용/생활서비스,40대,1036619,31,33439,미참여,0.344,8
2025-05,수원시 영통구,원천동,미용/생활서비스,50대,1489614,41,36332,참여,0.385,11
2025-05,수원시 영통구,원천동,미용/생활서비스,60대 이상,1480938,43,34440,참여,0.285,13
2025-05,수원시 영통구,원천동,교육/학원,20대,2467941,27,91405,미참여,0.403,17
2025-05,수원시 영통구,원천동,교육/학원,30대,3362882,32,105090,참여,0.366,32
2025-05,수원시 영통구,원천동,교육/학원,40대,3048154,30,101605,참여,0.455,26
2025-05,수원시 영통구,원천동,교육/학원,50대,2991804,37,80859,참여,0.326,19
2025-05,수원시 영통구,원천동,교육/학원,60대 이상,3183686,36,88435,참여,0.358,22
2025-05,수원시 영통구,원천동,병원/약국,20대,485263,18,26959,미참여,0.19,21
2025-05,수원시 영통구,원천동,병원/약국,30대,606031,28,21643,참여,0.397,25
2025-05,수원시 영통구,원천동,병원/약국,40대,907633,33,27504,참여,0.461,15
2025-05,수원시 영통구,원천동,병원/약국,50대,900411,31,29045,미참여,0.303,21
2025-05,수원시 영통구,원천동,병원/약국,60대 이상,1003880,42,23901,참여,0.194,14
2025-05,수원시 영통구,원천동,편의점/마트,20대,746308,53,14081,참여,0.435,18
2025-05,수원시 영통구,원천동,편의점/마트,30대,264673,25,10586,미참여,0.358,22
2025-05,수원시 영통구,원천동,편의점/마트,40대,920961,63,14618,참여,0.285,20
2025-05,수원시 영통구,원천동,편의점/마트,50대,740116,53,13964,참여,0.292,6
2025-05,수원시 영통구,원천동,편의점/마트,60대 이상,484583,38,12752,미참여,0.289,21
2025-05,광주 북구,용봉동,한식/분식,20대,632507,48,13177,참여,0.585,28
2025-05,광주 북구,용봉동,한식/분식,30대,620644,42,14777,미참여,0.441,23
2025-05,광주 북구,용봉동,한식/분식,40대,769329,46,16724,참여,0.588,15
2025-05,광주 북구,용봉동,한식/분식,50대,502772,28,17956,미참여,0.452,32
2025-05,광주 북구,용봉동,한식/분식,60대 이상,657857,52,12651,미참여,0.349,32
2025-05,광주 북구,용봉동,카페/디저트,20대,499633,52,9608,참여,0.281,32
2025-05,광주 북구,용봉동,카페/디저트,30대,512100,52,9848,참여,0.436,18
2025-05,광주 북구,용봉동,카페/디저트,40대,212128,30,7070,참여,0.413,21
2025-05,광주 북구,용봉동,카페/디저트,50대,262786,28,9385,참여,0.412,25
2025-05,광주 북구,용봉동,카페/디저트,60대 이상,512221,55,9313,참여,0.341,31
2025-05,광주 북구,용봉동,신선식품,20대,1006653,29,34712,미참여,0.249,24
2025-05,광주 북구,용봉동,신선식품,30대,880501,29,30362,참여,0.508,19
2025-05,광주 북구,용봉동,신선식품,40대,1268527,51,24873,참여,0.29,30
2025-05,광주 북구,용봉동,신선식품,50대,950374,36,26399,미참여,0.405,15
2025-05,광주 북구,용봉동,신선식품,60대 이상,2096060,62,33807,참여,0.472,18
2025-05,광주 북구,용봉동,생활용품,20대,842173,41,20540,미참여,0.208,21
2025-05,광주 북구,용봉동,생활용품,30대,1149933,52,22114,미참여,0.466,11
2025-05,광주 북구,용봉동,생활용품,40대,1304699,62,21043,참여,0.347,23
2025-05,광주 북구,용봉동,생활용품,50대,781777,40,19544,미참여,0.315,33
2025-05,광주 북구,용봉동,생활용품,60대 이상,1382684,52,26590,참여,0.52,23
2025-05,광주 북구,용봉동,의류/잡화,20대,745794,25,29831,참여,0.297,9
2025-05,광주 북구,용봉동,의류/잡화,30대,699175,22,31780,참여,0.362,21
2025-05,광주 북구,용봉동,의류/잡화,40대,733341,19,38596,참여,0.426,17
2025-05,광주 북구,용봉동,의류/잡화,50대,743293,18,41294,미참여,0.293,16
2025-05,광주 북구,용봉동,의류/잡화,60대 이상,866423,24,36100,참여,0.244,18
2025-05,광주 북구,용봉동,미용/생활서비스,20대,1117835,30,37261,참여,0.285,13
2025-05,광주 북구,용봉동,미용/생활서비스,30대,560412,15,37360,미참여,0.308,20
2025-05,광주 북구,용봉동,미용/생활서비스,40대,930143,30,31004,참여,0.466,18
2025-05,광주 북구,용봉동,미용/생활서비스,50대,758135,25,30325,참여,0.441,20
2025-05,광주 북구,용봉동,미용/생활서비스,60대 이상,628346,20,31417,미참여,0.12,20
2025-05,광주 북구,용봉동,교육/학원,20대,2109972,20,105498,미참여,0.199,24
2025-05,광주 북구,용봉동,교육/학원,30대,1261383,17,74199,미참여,0.242,14
2025-05,광주 북구,용봉동,교육/학원,40대,3589915,35,102569,참여,0.311,23
2025-05,광주 북구,용봉동,교육/학원,50대,3010671,39,77196,미참여,0.364,17
2025-05,광주 북구,용봉동,교육/학원,60대 이상,2472098,25,98883,참여,0.296,15
2025-05,광주 북구,용봉동,병원/약국,20대,729642,31,23536,참여,0.286,16
2025-05,광주 북구,용봉동,병원/약국,30대,793343,33,24040,미참여,0.416,22
2025-05,광주 북구,용봉동,병원/약국,40대,1137747,45,25283,참여,0.259,12
2025-05,광주 북구,용봉동,병원/약국,50대,704104,24,29337,참여,0.317,20
2025-05,광주 북구,용봉동,병원/약국,60대 이상,1121576,48,23366,참여,0.316,16
2025-05,광주 북구,용봉동,편의점/마트,20대,487968,43,11348,미참여,0.401,25
2025-05,광주 북구,용봉동,편의점/마트,30대,472496,36,13124,참여,0.328,23
2025-05,광주 북구,용봉동,편의점/마트,40대,499273,37,13493,참여,0.476,23
2025-05,광주 북구,용봉동,편의점/마트,50대,329727,30,10990,참여,0.573,13
2025-05,광주 북구,용봉동,편의점/마트,60대 이상,333773,24,13907,참여,0.348,7
2025-05,광주 북구,운암동,한식/분식,20대,611822,39,15687,참여,0.337,16
2025-05,광주 북구,운암동,한식/분식,30대,603998,45,13422,미참여,0.314,13
2025-05,광주 북구,운암동,한식/분식,40대,1047040,60,17450,미참여,0.493,32
2025-05,광주 북구,운암동,한식/분식,50대,575297,41,14031,참여,0.53,12
2025-05,광주 북구,운암동,한식/분식,60대 이상,1100650,64,17197,미참여,0.324,13
2025-05,광주 북구,운암동,카페/디저트,20대,445684,50,8913,참여,0.354,20
2025-05,광주 북구,운암동,카페/디저트,30대,227065,25,9082,참여,0.29,28
2025-05,광주 북구,운암동,카페/디저트,40대,155571,19,8187,미참여,0.325,32
2025-05,광주 북구,운암동,카페/디저트,50대,331627,36,9211,참여,0.488,28
2025-05,광주 북구,운암동,카페/디저트,60대 이상,218502,27,8092,참여,0.2,31
2025-05,광주 북구,운암동,신선식품,20대,1150418,44,26145,참여,0.576,25
2025-05,광주 북구,운암동,신선식품,30대,623484,21,29689,참여,0.571,21
2025-05,광주 북구,운암동,신선식품,40대,807324,27,29900,참여,0.497,11
2025-05,광주 북구,운암동,신선식품,50대,1777654,60,29627,참여,0.354,12
2025-05,광주 북구,운암동,신선식품,60대 이상,630239,26,24239,참여,0.261,28
2025-05,광주 북구,운암동,생활용품,20대,870510,40,21762,참여,0.481,22
2025-05,광주 북구,운암동,생활용품,30대,986887,41,24070,참여,0.299,37
2025-05,광주 북구,운암동,생활용품,40대,976899,37,26402,참여,0.253,26
2025-05,광주 북구,운암동,생활용품,50대,770849,36,21412,미참여,0.449,23
2025-05,광주 북구,운암동,생활용품,60대 이상,653098,32,20409,참여,0.412,9
2025-05,광주 북구,운암동,의류/잡화,20대,649740,20,32487,미참여,0.176,10
2025-05,광주 북구,운암동,의류/잡화,30대,610597,20,30529,미참여,0.346,20
2025-05,광주 북구,운암동,의류/잡화,40대,722698,20,36134,미참여,0.354,16
2025-05,광주 북구,운암동,의류/잡화,50대,833030,25,33321,참여,0.224,6
2025-05,광주 북구,운암동,의류/잡화,60대 이상,1206954,28,43105,참여,0.328,10
2025-05,광주 북구,운암동,미용/생활서비스,20대,520566,17,30621,참여,0.351,18
2025-05,광주 북구,운암동,미용/생활서비스,30대,615325,20,30766,참여,0.306,11
2025-05,광주 북구,운암동,미용/생활서비스,40대,736328,23,32014,참여,0.316,19
2025-05,광주 북구,운암동,미용/생활서비스,50대,929445,35,26555,미참여,0.315,11
2025-05,광주 북구,운암동,미용/생활서비스,60대 이상,1342919,43,31230,참여,0.289,19
2025-05,광주 북구,운암동,교육/학원,20대,1717603,17,101035,참여,0.341,15
2025-05,광주 북구,운암동,교육/학원,30대,1625397,20,81269,참여,0.417,23
2025-05,광주 북구,운암동,교육/학원,40대,2048627,22,93119,참여,0.361,14
2025-05,광주 북구,운암동,교육/학원,50대,1590775,22,72307,참여,0.275,23
2025-05,광주 북구,운암동,교육/학원,60대 이상,1672684,16,104542,참여,0.439,8
2025-05,광주 북구,운암동,병원/약국,20대,686828,28,24529,참여,0.374,18
2025-05,광주 북구,운암동,병원/약국,30대,494444,23,21497,참여,0.523,28
2025-05,광주 북구,운암동,병원/약국,40대,989629,40,24740,참여,0.32,10
2025-05,광주 북구,운암동,병원/약국,50대,858607,33,26018,참여,0.379,9
2025-05,광주 북구,운암동,병원/약국,60대 이상,1645158,56,29377,참여,0.273,18
2025-05,광주 북구,운암동,편의점/마트,20대,902156,71,12706,참여,0.372,1
2025-05,광주 북구,운암동,편의점/마트,30대,486582,41,11867,참여,0.357,17
2025-05,광주 북구,운암동,편의점/마트,40대,551738,45,12260,참여,0.423,21
2025-05,광주 북구,운암동,편의점/마트,50대,420125,30,14004,참여,0.642,13
2025-05,광주 북구,운암동,편의점/마트,60대 이상,244205,19,12852,미참여,0.346,23
2025-05,광주 북구,일곡동,한식/분식,20대,1055305,61,17300,미참여,0.5,18
2025-05,광주 북구,일곡동,한식/분식,30대,741425,53,13989,참여,0.391,11
2025-05,광주 북구,일곡동,한식/분식,40대,703819,42,16757,참여,0.443,26
2025-05,광주 북구,일곡동,한식/분식,50대,597266,41,14567,참여,0.573,23
2025-05,광주 북구,일곡동,한식/분식,60대 이상,713422,49,14559,미참여,0.473,32
2025-05,광주 북구,일곡동,카페/디저트,20대,555496,63,8817,참여,0.526,10
2025-05,광주 북구,일곡동,카페/디저트,30대,517266,69,7496,참여,0.342,21
2025-05,광주 북구,일곡동,카페/디저트,40대,288146,34,8474,참여,0.286,9
2025-05,광주 북구,일곡동,카페/디저트,50대,165791,20,8289,참여,0.41,5
2025-05,광주 북구,일곡동,카페/디저트,60대 이상,297022,33,9000,참여,0.448,13
2025-05,광주 북구,일곡동,신선식품,20대,1457143,42,34693,참여,0.297,19
2025-05,광주 북구,일곡동,신선식품,30대,813935,26,31305,참여,0.273,14
2025-05,광주 북구,일곡동,신선식품,40대,1043176,42,24837,미참여,0.229,28
2025-05,광주 북구,일곡동,신선식품,50대,1456767,46,31668,참여,0.326,23
2025-05,광주 북구,일곡동,신선식품,60대 이상,1532627,50,30652,미참여,0.401,7
2025-05,광주 북구,일곡동,생활용품,20대,1121074,44,25478,참여,0.304,36
2025-05,광주 북구,일곡동,생활용품,30대,1334522,66,20220,참여,0.308,23
2025-05,광주 북구,일곡동,생활용품,40대,1149780,44,26131,미참여,0.308,25
2025-05,광주 북구,일곡동,생활용품,50대,737680,39,18914,참여,0.316,29
2025-05,광주 북구,일곡동,생활용품,60대 이상,1148953,61,18835,미참여,0.398,17
2025-05,광주 북구,일곡동,의류/잡화,20대,1162413,30,38747,미참여,0.4,24
2025-05,광주 북구,일곡동,의류/잡화,30대,601801,19,31673,참여,0.415,14
2025-05,광주 북구,일곡동,의류/잡화,40대,943910,23,41039,참여,0.29,24
2025-05,광주 북구,일곡동,의류/잡화,50대,1114454,26,42863,미참여,0.428,22
2025-05,광주 북구,일곡동,의류/잡화,60대 이상,837940,21,39901,참여,0.262,32
2025-05,광주 북구,일곡동,미용/생활서비스,20대,497655,16,31103,참여,0.34,14
2025-05,광주 북구,일곡동,미용/생활서비스,30대,470806,17,27694,미참여,0.247,16
2025-05,광주 북구,일곡동,미용/생활서비스,40대,548375,20,27418,참여,0.308,18
2025-05,광주 북구,일곡동,미용/생활서비스,50대,749070,22,34048,참여,0.385,3
2025-05,광주 북구,일곡동,미용/생활서비스,60대 이상,763993,23,33217,미참여,0.432,15
2025-05,광주 북구,일곡동,교육/학원,20대,3002582,31,96857,미참여,0.123,18
2025-05,광주 북구,일곡동,교육/학원,30대,3145626,31,101471,미참여,0.392,15
2025-05,광주 북구,일곡동,교육/학원,40대,1493922,19,78627,미참여,0.477,25
2025-05,광주 북구,일곡동,교육/학원,50대,1963883,26,75533,미참여,0.371,25
2025-05,광주 북구,일곡동,교육/학원,60대 이상,1421550,16,88846,참여,0.404,17
2025-05,광주 북구,일곡동,병원/약국,20대,1356611,46,29491,미참여,0.454,17
2025-05,광주 북구,일곡동,병원/약국,30대,516351,21,24588,참여,0.397,13
2025-05,광주 북구,일곡동,병원/약국,40대,533966,23,23215,미참여,0.502,11
2025-05,광주 북구,일곡동,병원/약국,50대,1117425,42,26605,참여,0.297,17
2025-05,광주 북구,일곡동,병원/약국,60대 이상,1171308,45,26029,미참여,0.45,10
2025-05,광주 북구,일곡동,편의점/마트,20대,820569,55,14919,참여,0.418,16
2025-05,광주 북구,일곡동,편의점/마트,30대,412498,35,11785,미참여,0.366,18
2025-05,광주 북구,일곡동,편의점/마트,40대,326237,28,11651,참여,0.54,19
2025-05,광주 북구,일곡동,편의점/마트,50대,456354,41,11130,미참여,0.582,18
2025-05,광주 북구,일곡동,편의점/마트,60대 이상,444010,35,12686,미참여,0.42,24
2025-05,광주 북구,두암동,한식/분식,20대,788484,49,16091,참여,0.632,27
2025-05,광주 북구,두암동,한식/분식,30대,557095,39,14284,참여,0.489,20
2025-05,광주 북구,두암동,한식/분식,40대,674952,38,17761,참여,0.495,21
2025-05,광주 북구,두암동,한식/분식,50대,522556,39,13398,참여,0.489,8
2025-05,광주 북구,두암동,한식/분식,60대 이상,717634,45,15947,참여,0.364,17
2025-05,광주 북구,두암동,카페/디저트,20대,398492,39,10217,참여,0.379,21
2025-05,광주 북구,두암동,카페/디저트,30대,327031,40,8175,미참여,0.345,17
2025-05,광주 북구,두암동,카페/디저트,40대,248219,29,8559,미참여,0.417,27
2025-05,광주 북구,두암동,카페/디저트,50대,295879,35,8453,미참여,0.397,24
2025-05,광주 북구,두암동,카페/디저트,60대 이상,211925,23,9214,참여,0.457,31
2025-05,광주 북구,두암동,신선식품,20대,1733247,52,33331,미참여,0.351,30
2025-05,광주 북구,두암동,신선식품,30대,1268350,44,28826,참여,0.281,20
2025-05,광주 북구,두암동,신선식품,40대,1225018,41,29878,참여,0.264,16
2025-05,광주 북구,두암동,신선식품,50대,1793002,57,31456,미참여,0.376,18
2025-05,광주 북구,두암동,신선식품,60대 이상,1595636,54,29548,참여,0.435,19
2025-05,광주 북구,두암동,생활용품,20대,669023,27,24778,참여,0.38,21
2025-05,광주 북구,두암동,생활용품,30대,952342,38,25061,미참여,0.308,17
2025-05,광주 북구,두암동,생활용품,40대,674557,27,24983,미참여,0.4,13
2025-05,광주 북구,두암동,생활용품,50대,706387,37,19091,미참여,0.324,34
2025-05,광주 북구,두암동,생활용품,60대 이상,1326198,54,24559,참여,0.311,7
2025-05,광주 북구,두암동,의류/잡화,20대,731951,22,33270,참여,0.33,30
2025-05,광주 북구,두암동,의류/잡화,30대,1252089,32,39127,미참여,0.417,18
2025-05,광주 북구,두암동,의류/잡화,40대,833197,24,34716,미참여,0.361,13
2025-05,광주 북구,두암동,의류/잡화,50대,991478,26,38133,참여,0.126,13
2025-05,광주 북구,두암동,의류/잡화,60대 이상,780026,20,39001,참여,0.294,17
2025-05,광주 북구,두암동,미용/생활서비스,20대,1135356,34,33392,미참여,0.434,19
2025-05,광주 북구,두암동,미용/생활서비스,30대,714486,28,25517,참여,0.601,24
2025-05,광주 북구,두암동,미용/생활서비스,40대,783706,25,31348,참여,0.354,11
2025-05,광주 북구,두암동,미용/생활서비스,50대,743687,23,32334,미참여,0.425,21
2025-05,광주 북구,두암동,미용/생활서비스,60대 이상,484581,13,37275,참여,0.338,18
2025-05,광주 북구,두암동,교육/학원,20대,1772379,18,98465,참여,0.357,20
2025-05,광주 북구,두암동,교육/학원,30대,1917953,25,76718,참여,0.503,31
2025-05,광주 북구,두암동,교육/학원,40대,1650700,22,75031,참여,0.373,20
2025-05,광주 북구,두암동,교육/학원,50대,1608101,21,76576,참여,0.345,31
2025-05,광주 북구,두암동,교육/학원,60대 이상,2642952,25,105718,참여,0.354,15
2025-05,광주 북구,두암동,병원/약국,20대,669391,26,25745,미참여,0.285,7
2025-05,광주 북구,두암동,병원/약국,30대,660974,30,22032,참여,0.393,18
2025-05,광주 북구,두암동,병원/약국,40대,509198,23,22139,미참여,0.293,11
2025-05,광주 북구,두암동,병원/약국,50대,1179976,45,26221,미참여,0.37,12
2025-05,광주 북구,두암동,병원/약국,60대 이상,1039152,46,22590,참여,0.217,11
2025-05,광주 북구,두암동,편의점/마트,20대,563914,39,14459,참여,0.439,13
2025-05,광주 북구,두암동,편의점/마트,30대,441611,33,13382,참여,0.52,14
2025-05,광주 북구,두암동,편의점/마트,40대,613293,48,12776,참여,0.418,15
2025-05,광주 북구,두암동,편의점/마트,50대,315326,25,12613,참여,0.366,12
2025-05,광주 북구,두암동,편의점/마트,60대 이상,496557,37,13420,참여,0.441,13
2025-05,광주 동구,충장동,한식/분식,20대,1021196,80,12764,참여,0.367,41
2025-05,광주 동구,충장동,한식/분식,30대,581627,45,12925,참여,0.598,26
2025-05,광주 동구,충장동,한식/분식,40대,948103,58,16346,미참여,0.44,27
2025-05,광주 동구,충장동,한식/분식,50대,455133,36,12642,참여,0.537,10
2025-05,광주 동구,충장동,한식/분식,60대 이상,839015,47,17851,참여,0.415,26
2025-05,광주 동구,충장동,카페/디저트,20대,385513,41,9402,참여,0.197,25
2025-05,광주 동구,충장동,카페/디저트,30대,356545,46,7750,참여,0.305,31
2025-05,광주 동구,충장동,카페/디저트,40대,399454,43,9289,미참여,0.49,24
2025-05,광주 동구,충장동,카페/디저트,50대,414300,47,8814,미참여,0.244,16
2025-05,광주 동구,충장동,카페/디저트,60대 이상,323826,36,8995,미참여,0.314,22
2025-05,광주 동구,충장동,신선식품,20대,740789,24,30866,참여,0.541,7
2025-05,광주 동구,충장동,신선식품,30대,1130914,33,34270,미참여,0.522,18
2025-05,광주 동구,충장동,신선식품,40대,1458291,50,29165,미참여,0.602,22
2025-05,광주 동구,충장동,신선식품,50대,1057949,38,27840,미참여,0.455,11
2025-05,광주 동구,충장동,신선식품,60대 이상,945378,36,26260,미참여,0.608,34
2025-05,광주 동구,충장동,생활용품,20대,913583,34,26870,미참여,0.506,12
2025-05,광주 동구,충장동,생활용품,30대,954312,38,25113,참여,0.242,12
2025-05,광주 동구,충장동,생활용품,40대,520776,19,27409,미참여,0.509,16
2025-05,광주 동구,충장동,생활용품,50대,1215564,55,22101,참여,0.456,24
2025-05,광주 동구,충장동,생활용품,60대 이상,952190,46,20699,참여,0.274,30
2025-05,광주 동구,충장동,의류/잡화,20대,1224782,33,37114,참여,0.163,19
2025-05,광주 동구,충장동,의류/잡화,30대,898609,27,33281,참여,0.463,28
2025-05,광주 동구,충장동,의류/잡화,40대,1089761,32,34055,미참여,0.381,23
2025-05,광주 동구,충장동,의류/잡화,50대,1308442,32,40888,참여,0.332,13
2025-05,광주 동구,충장동,의류/잡화,60대 이상,1359058,43,31606,참여,0.321,12
2025-05,광주 동구,충장동,미용/생활서비스,20대,452268,16,28266,참여,0.457,10
2025-05,광주 동구,충장동,미용/생활서비스,30대,732121,23,31831,참여,0.398,6
2025-05,광주 동구,충장동,미용/생활서비스,40대,788346,29,27184,참여,0.298,5
2025-05,광주 동구,충장동,미용/생활서비스,50대,772943,26,29728,미참여,0.356,6
2025-05,광주 동구,충장동,미용/생활서비스,60대 이상,664872,26,25572,참여,0.441,23
2025-05,광주 동구,충장동,교육/학원,20대,1283664,13,98743,참여,0.29,12
2025-05,광주 동구,충장동,교육/학원,30대,2831162,31,91327,참여,0.334,19
2025-05,광주 동구,충장동,교육/학원,40대,2985834,34,87818,미참여,0.326,19
2025-05,광주 동구,충장동,교육/학원,50대,1288080,17,75769,참여,0.248,1
2025-05,광주 동구,충장동,교육/학원,60대 이상,1114788,15,74319,참여,0.12,12
2025-05,광주 동구,충장동,병원/약국,20대,1002601,41,24453,미참여,0.448,15
2025-05,광주 동구,충장동,병원/약국,30대,587596,26,22599,참여,0.414,20
2025-05,광주 동구,충장동,병원/약국,40대,612219,26,23546,참여,0.533,15
2025-05,광주 동구,충장동,병원/약국,50대,1224170,41,29857,참여,0.436,20
2025-05,광주 동구,충장동,병원/약국,60대 이상,1046719,50,20934,미참여,0.381,19
2025-05,광주 동구,충장동,편의점/마트,20대,484095,40,12102,참여,0.25,28
2025-05,광주 동구,충장동,편의점/마트,30대,467824,42,11138,참여,0.477,17
2025-05,광주 동구,충장동,편의점/마트,40대,487273,33,14765,미참여,0.629,19
2025-05,광주 동구,충장동,편의점/마트,50대,428686,35,12248,미참여,0.423,14
2025-05,광주 동구,충장동,편의점/마트,60대 이상,500172,41,12199,미참여,0.51,19
2025-05,광주 동구,동명동,한식/분식,20대,916629,73,12556,참여,0.54,9
2025-05,광주 동구,동명동,한식/분식,30대,735447,44,16714,참여,0.366,15
2025-05,광주 동구,동명동,한식/분식,40대,681313,47,14496,참여,0.482,31
2025-05,광주 동구,동명동,한식/분식,50대,758668,55,13793,참여,0.471,18
2025-05,광주 동구,동명동,한식/분식,60대 이상,903570,54,16732,미참여,0.442,15
2025-05,광주 동구,동명동,카페/디저트,20대,498922,51,9782,참여,0.469,18
2025-05,광주 동구,동명동,카페/디저트,30대,218190,30,7273,미참여,0.12,31
2025-05,광주 동구,동명동,카페/디저트,40대,305565,31,9856,참여,0.355,14
2025-05,광주 동구,동명동,카페/디저트,50대,409640,45,9103,참여,0.193,27
2025-05,광주 동구,동명동,카페/디저트,60대 이상,277015,33,8394,참여,0.49,28
2025-05,광주 동구,동명동,신선식품,20대,957756,34,28169,미참여,0.285,19
2025-05,광주 동구,동명동,신선식품,30대,787424,30,26247,미참여,0.458,11
2025-05,광주 동구,동명동,신선식품,40대,940035,31,30323,미참여,0.527,27
2025-05,광주 동구,동명동,신선식품,50대,1743538,56,31134,참여,0.392,14
2025-05,광주 동구,동명동,신선식품,60대 이상,1591706,47,33866,미참여,0.446,16
2025-05,광주 동구,동명동,생활용품,20대,894749,35,25564,참여,0.246,9
2025-05,광주 동구,동명동,생활용품,30대,592283,27,21936,미참여,0.499,25
2025-05,광주 동구,동명동,생활용품,40대,378584,18,21032,참여,0.381,12
2025-05,광주 동구,동명동,생활용품,50대,561162,21,26722,미참여,0.374,30
2025-05,광주 동구,동명동,생활용품,60대 이상,931075,44,21160,참여,0.375,11
2025-05,광주 동구,동명동,의류/잡화,20대,1790755,42,42637,참여,0.414,29
2025-05,광주 동구,동명동,의류/잡화,30대,712184,21,33913,참여,0.505,20
2025-05,광주 동구,동명동,의류/잡화,40대,1070892,33,32451,참여,0.334,35
2025-05,광주 동구,동명동,의류/잡화,50대,1043020,29,35966,참여,0.382,22
2025-05,광주 동구,동명동,의류/잡화,60대 이상,661709,18,36761,미참여,0.345,32
2025-05,광주 동구,동명동,미용/생활서비스,20대,704557,21,33550,미참여,0.351,19
2025-05,광주 동구,동명동,미용/생활서비스,30대,529261,15,35284,참여,0.341,8
2025-05,광주 동구,동명동,미용/생활서비스,40대,809654,24,33735,참여,0.402,21
2025-05,광주 동구,동명동,미용/생활서비스,50대,802357,26,30859,참여,0.306,12
2025-05,광주 동구,동명동,미용/생활서비스,60대 이상,626681,24,26111,참여,0.35,26
2025-05,광주 동구,동명동,교육/학원,20대,2588323,27,95863,참여,0.479,22
2025-05,광주 동구,동명동,교육/학원,30대,2994883,35,85568,참여,0.255,20
2025-05,광주 동구,동명동,교육/학원,40대,1631378,21,77684,참여,0.424,16
2025-05,광주 동구,동명동,교육/학원,50대,1109314,15,73954,참여,0.252,19
2025-05,광주 동구,동명동,교육/학원,60대 이상,1336583,15,89105,참여,0.406,4
2025-05,광주 동구,동명동,병원/약국,20대,684458,26,26325,미참여,0.33,13
2025-05,광주 동구,동명동,병원/약국,30대,832783,28,29742,참여,0.362,24
2025-05,광주 동구,동명동,병원/약국,40대,1299540,45,28878,미참여,0.245,14
2025-05,광주 동구,동명동,병원/약국,50대,1218396,43,28334,참여,0.207,9
2025-05,광주 동구,동명동,병원/약국,60대 이상,1219325,43,28356,참여,0.243,28
2025-05,광주 동구,동명동,편의점/마트,20대,411142,40,10278,미참여,0.396,9
2025-05,광주 동구,동명동,편의점/마트,30대,573961,48,11957,미참여,0.317,8
2025-05,광주 동구,동명동,편의점/마트,40대,492302,35,14065,참여,0.602,19
2025-05,광주 동구,동명동,편의점/마트,50대,508758,39,13045,미참여,0.495,20
2025-05,광주 동구,동명동,편의점/마트,60대 이상,462620,34,13606,참여,0.457,29
2025-05,광주 동구,서남동,한식/분식,20대,656914,41,16022,참여,0.494,16
2025-05,광주 동구,서남동,한식/분식,30대,779341,44,17712,참여,0.37,21
2025-05,광주 동구,서남동,한식/분식,40대,1222764,71,17222,참여,0.572,24
2025-05,광주 동구,서남동,한식/분식,50대,840019,61,13770,참여,0.57,25
2025-05,광주 동구,서남동,한식/분식,60대 이상,793322,45,17629,미참여,0.374,19
2025-05,광주 동구,서남동,카페/디저트,20대,363270,47,7729,참여,0.276,26
2025-05,광주 동구,서남동,카페/디저트,30대,457404,51,8968,미참여,0.302,23
2025-05,광주 동구,서남동,카페/디저트,40대,213978,29,7378,참여,0.501,23
2025-05,광주 동구,서남동,카페/디저트,50대,184641,23,8027,참여,0.268,24
2025-05,광주 동구,서남동,카페/디저트,60대 이상,371096,41,9051,참여,0.393,11
2025-05,광주 동구,서남동,신선식품,20대,1311244,46,28505,미참여,0.402,16
2025-05,광주 동구,서남동,신선식품,30대,1047634,35,29932,미참여,0.379,9
2025-05,광주 동구,서남동,신선식품,40대,1009025,38,26553,참여,0.315,19
2025-05,광주 동구,서남동,신선식품,50대,2049596,64,32024,미참여,0.471,19
2025-05,광주 동구,서남동,신선식품,60대 이상,824379,32,25761,참여,0.328,11
2025-05,광주 동구,서남동,생활용품,20대,937807,36,26050,미참여,0.188,11
2025-05,광주 동구,서남동,생활용품,30대,492634,22,22392,미참여,0.262,10
2025-05,광주 동구,서남동,생활용품,40대,878921,39,22536,참여,0.258,12
2025-05,광주 동구,서남동,생활용품,50대,955368,49,19497,참여,0.358,19
2025-05,광주 동구,서남동,생활용품,60대 이상,759762,33,23023,참여,0.475,14
2025-05,광주 동구,서남동,의류/잡화,20대,1059724,27,39249,참여,0.429,22
2025-05,광주 동구,서남동,의류/잡화,30대,903820,30,30127,참여,0.321,7
2025-05,광주 동구,서남동,의류/잡화,40대,1076727,29,37128,참여,0.468,21
2025-05,광주 동구,서남동,의류/잡화,50대,680752,20,34037,참여,0.424,12
2025-05,광주 동구,서남동,의류/잡화,60대 이상,863972,26,33229,참여,0.345,19
2025-05,광주 동구,서남동,미용/생활서비스,20대,605973,23,26346,참여,0.537,14
2025-05,광주 동구,서남동,미용/생활서비스,30대,1451544,44,32989,미참여,0.338,11
2025-05,광주 동구,서남동,미용/생활서비스,40대,1083329,36,30092,참여,0.3,20
2025-05,광주 동구,서남동,미용/생활서비스,50대,954148,30,31804,미참여,0.532,16
2025-05,광주 동구,서남동,미용/생활서비스,60대 이상,706070,24,29419,미참여,0.15,17
2025-05,광주 동구,서남동,교육/학원,20대,1485123,16,92820,미참여,0.488,14
2025-05,광주 동구,서남동,교육/학원,30대,1032636,13,79433,참여,0.232,27
2025-05,광주 동구,서남동,교육/학원,40대,1685919,21,80281,참여,0.462,21
2025-05,광주 동구,서남동,교육/학원,50대,1602330,21,76301,참여,0.453,29
2025-05,광주 동구,서남동,교육/학원,60대 이상,2157322,22,98060,미참여,0.304,16
2025-05,광주 동구,서남동,병원/약국,20대,684188,23,29747,참여,0.299,14
2025-05,광주 동구,서남동,병원/약국,30대,749376,25,29975,참여,0.161,22
2025-05,광주 동구,서남동,병원/약국,40대,878587,30,29286,참여,0.174,12
2025-05,광주 동구,서남동,병원/약국,50대,534670,22,24303,미참여,0.269,22
2025-05,광주 동구,서남동,병원/약국,60대 이상,1540014,56,27500,참여,0.267,24
2025-05,광주 동구,서남동,편의점/마트,20대,704164,53,13286,미참여,0.457,21
2025-05,광주 동구,서남동,편의점/마트,30대,476700,42,11350,참여,0.4,29
2025-05,광주 동구,서남동,편의점/마트,40대,442651,40,11066,미참여,0.406,28
2025-05,광주 동구,서남동,편의점/마트,50대,393197,33,11915,참여,0.601,17
2025-05,광주 동구,서남동,편의점/마트,60대 이상,511508,44,11625,참여,0.458,22
2025-05,광주 동구,학동,한식/분식,20대,1086291,63,17242,미참여,0.498,9
2025-05,광주 동구,학동,한식/분식,30대,519122,42,12360,참여,0.439,20
2025-05,광주 동구,학동,한식/분식,40대,872584,56,15581,참여,0.475,26
2025-05,광주 동구,학동,한식/분식,50대,611699,44,13902,참여,0.462,19
2025-05,광주 동구,학동,한식/분식,60대 이상,392185,26,15084,참여,0.367,28
2025-05,광주 동구,학동,카페/디저트,20대,560203,71,7890,미참여,0.426,6
2025-05,광주 동구,학동,카페/디저트,30대,359014,39,9205,미참여,0.533,32
2025-05,광주 동구,학동,카페/디저트,40대,336325,40,8408,미참여,0.429,11
2025-05,광주 동구,학동,카페/디저트,50대,292550,30,9751,미참여,0.198,28
2025-05,광주 동구,학동,카페/디저트,60대 이상,235043,24,9793,참여,0.445,7
2025-05,광주 동구,학동,신선식품,20대,731802,27,27103,참여,0.551,18
2025-05,광주 동구,학동,신선식품,30대,1390508,49,28377,미참여,0.423,18
2025-05,광주 동구,학동,신선식품,40대,1163777,34,34228,참여,0.554,32
2025-05,광주 동구,학동,신선식품,50대,1358024,54,25148,참여,0.302,9
2025-05,광주 동구,학동,신선식품,60대 이상,1430149,52,27502,미참여,0.391,21
2025-05,광주 동구,학동,생활용품,20대,475555,21,22645,참여,0.323,9
2025-05,광주 동구,학동,생활용품,30대,574257,28,20509,참여,0.237,16
2025-05,광주 동구,학동,생활용품,40대,1479966,66,22423,미참여,0.252,22
2025-05,광주 동구,학동,생활용품,50대,868767,38,22862,참여,0.12,17
2025-05,광주 동구,학동,생활용품,60대 이상,1078103,45,23957,참여,0.314,18
2025-05,광주 동구,학동,의류/잡화,20대,928536,26,35712,미참여,0.266,14
2025-05,광주 동구,학동,의류/잡화,30대,946606,27,35059,미참여,0.347,13
2025-05,광주 동구,학동,의류/잡화,40대,924601,22,42027,참여,0.358,34
2025-05,광주 동구,학동,의류/잡화,50대,1134648,33,34383,미참여,0.247,27
2025-05,광주 동구,학동,의류/잡화,60대 이상,1198919,30,39963,참여,0.327,16
2025-05,광주 동구,학동,미용/생활서비스,20대,669753,18,37208,참여,0.275,12
2025-05,광주 동구,학동,미용/생활서비스,30대,837881,28,29924,미참여,0.277,23
2025-05,광주 동구,학동,미용/생활서비스,40대,908794,34,26729,참여,0.21,22
2025-05,광주 동구,학동,미용/생활서비스,50대,1271639,40,31790,참여,0.365,12
2025-05,광주 동구,학동,미용/생활서비스,60대 이상,1023585,29,35296,미참여,0.483,12
2025-05,광주 동구,학동,교육/학원,20대,1986190,22,90281,참여,0.461,8
2025-05,광주 동구,학동,교육/학원,30대,1884035,20,94201,미참여,0.327,21
2025-05,광주 동구,학동,교육/학원,40대,2271546,22,103252,미참여,0.319,10
2025-05,광주 동구,학동,교육/학원,50대,1681193,21,80056,참여,0.427,24
2025-05,광주 동구,학동,교육/학원,60대 이상,2906220,28,103793,미참여,0.336,18
2025-05,광주 동구,학동,병원/약국,20대,699605,26,26907,참여,0.386,22
2025-05,광주 동구,학동,병원/약국,30대,669020,27,24778,미참여,0.312,27
2025-05,광주 동구,학동,병원/약국,40대,694755,25,27790,참여,0.327,22
2025-05,광주 동구,학동,병원/약국,50대,1080401,47,22987,참여,0.313,23
2025-05,광주 동구,학동,병원/약국,60대 이상,1796322,62,28972,참여,0.431,24
2025-05,광주 동구,학동,편의점/마트,20대,764271,52,14697,참여,0.333,19
2025-05,광주 동구,학동,편의점/마트,30대,382455,30,12748,참여,0.43,12
2025-05,광주 동구,학동,편의점/마트,40대,610578,43,14199,참여,0.314,15
2025-05,광주 동구,학동,편의점/마트,50대,105803,8,13225,미참여,0.449,2
2025-05,광주 동구,학동,편의점/마트,60대 이상,471801,44,10722,참여,0.464,20
2025-06,수원시 팔달구,행궁동,한식/분식,20대,620698,46,13493,미참여,0.345,29
2025-06,수원시 팔달구,행궁동,한식/분식,30대,1191945,66,18059,참여,0.58,34
2025-06,수원시 팔달구,행궁동,한식/분식,40대,1049324,69,15207,참여,0.406,25
2025-06,수원시 팔달구,행궁동,한식/분식,50대,669585,48,13949,미참여,0.546,33
2025-06,수원시 팔달구,행궁동,한식/분식,60대 이상,809098,47,17214,참여,0.422,18
2025-06,수원시 팔달구,행궁동,카페/디저트,20대,267221,38,7032,참여,0.25,9
2025-06,수원시 팔달구,행궁동,카페/디저트,30대,329388,38,8668,참여,0.412,12
2025-06,수원시 팔달구,행궁동,카페/디저트,40대,209575,21,9979,미참여,0.303,12
2025-06,수원시 팔달구,행궁동,카페/디저트,50대,321995,36,8944,미참여,0.262,34
2025-06,수원시 팔달구,행궁동,카페/디저트,60대 이상,335158,33,10156,참여,0.486,11
2025-06,수원시 팔달구,행궁동,신선식품,20대,1263738,43,29389,미참여,0.46,19
2025-06,수원시 팔달구,행궁동,신선식품,30대,914425,33,27709,참여,0.333,31
2025-06,수원시 팔달구,행궁동,신선식품,40대,1809627,60,30160,참여,0.368,17
2025-06,수원시 팔달구,행궁동,신선식품,50대,1210499,44,27511,미참여,0.446,23
2025-06,수원시 팔달구,행궁동,신선식품,60대 이상,1219829,44,27723,참여,0.485,38
2025-06,수원시 팔달구,행궁동,생활용품,20대,901901,42,21473,미참여,0.307,14
2025-06,수원시 팔달구,행궁동,생활용품,30대,759841,38,19995,참여,0.262,20
2025-06,수원시 팔달구,행궁동,생활용품,40대,1477953,56,26392,미참여,0.343,10
2025-06,수원시 팔달구,행궁동,생활용품,50대,694481,27,25721,참여,0.295,23
2025-06,수원시 팔달구,행궁동,생활용품,60대 이상,909642,34,26754,참여,0.488,10
2025-06,수원시 팔달구,행궁동,의류/잡화,20대,1054467,26,40556,미참여,0.293,14
2025-06,수원시 팔달구,행궁동,의류/잡화,30대,1285898,31,41480,미참여,0.311,16
2025-06,수원시 팔달구,행궁동,의류/잡화,40대,719126,22,32687,참여,0.405,26
2025-06,수원시 팔달구,행궁동,의류/잡화,50대,728265,22,33102,참여,0.396,21
2025-06,수원시 팔달구,행궁동,의류/잡화,60대 이상,985749,28,35205,참여,0.459,20
2025-06,수원시 팔달구,행궁동,미용/생활서비스,20대,866075,32,27064,참여,0.336,18
2025-06,수원시 팔달구,행궁동,미용/생활서비스,30대,797727,25,31909,참여,0.429,17
2025-06,수원시 팔달구,행궁동,미용/생활서비스,40대,476562,18,26475,미참여,0.241,13
2025-06,수원시 팔달구,행궁동,미용/생활서비스,50대,795885,27,29477,참여,0.254,6
2025-06,수원시 팔달구,행궁동,미용/생활서비스,60대 이상,963360,30,32112,참여,0.403,22
2025-06,수원시 팔달구,행궁동,교육/학원,20대,1880019,21,89524,참여,0.244,15
2025-06,수원시 팔달구,행궁동,교육/학원,30대,2195771,24,91490,참여,0.372,14
2025-06,수원시 팔달구,행궁동,교육/학원,40대,1613284,21,76823,미참여,0.299,14
2025-06,수원시 팔달구,행궁동,교육/학원,50대,1156131,16,72258,미참여,0.223,20
2025-06,수원시 팔달구,행궁동,교육/학원,60대 이상,1577586,18,87643,참여,0.356,21
2025-06,수원시 팔달구,행궁동,병원/약국,20대,557859,19,29361,미참여,0.3,10
2025-06,수원시 팔달구,행궁동,병원/약국,30대,1040447,39,26678,미참여,0.425,15
2025-06,수원시 팔달구,행궁동,병원/약국,40대,1043123,39,26746,참여,0.389,22
2025-06,수원시 팔달구,행궁동,병원/약국,50대,844331,37,22819,참여,0.326,21
2025-06,수원시 팔달구,행궁동,병원/약국,60대 이상,1814857,62,29271,미참여,0.298,11
2025-06,수원시 팔달구,행궁동,편의점/마트,20대,705886,52,13574,미참여,0.574,14
2025-06,수원시 팔달구,행궁동,편의점/마트,30대,338509,24,14104,참여,0.573,10
2025-06,수원시 팔달구,행궁동,편의점/마트,40대,256108,22,11641,미참여,0.346,13
2025-06,수원시 팔달구,행궁동,편의점/마트,50대,404695,39,10376,참여,0.452,19
2025-06,수원시 팔달구,행궁동,편의점/마트,60대 이상,427582,31,13792,참여,0.4,9
2025-06,수원시 팔달구,매산동,한식/분식,20대,723337,50,14466,참여,0.339,11
2025-06,수원시 팔달구,매산동,한식/분식,30대,1053115,62,16985,참여,0.617,23
2025-06,수원시 팔달구,매산동,한식/분식,40대,713252,48,14859,참여,0.435,7
2025-06,수원시 팔달구,매산동,한식/분식,50대,442227,32,13819,미참여,0.476,29
2025-06,수원시 팔달구,매산동,한식/분식,60대 이상,774883,52,14901,참여,0.418,36
2025-06,수원시 팔달구,매산동,카페/디저트,20대,209152,23,9093,참여,0.547,18
2025-06,수원시 팔달구,매산동,카페/디저트,30대,552675,54,10234,미참여,0.337,22
2025-06,수원시 팔달구,매산동,카페/디저트,40대,208814,27,7733,참여,0.531,26
2025-06,수원시 팔달구,매산동,카페/디저트,50대,456094,47,9704,참여,0.447,26
2025-06,수원시 팔달구,매산동,카페/디저트,60대 이상,228459,27,8461,참여,0.545,22
2025-06,수원시 팔달구,매산동,신선식품,20대,1239335,49,25292,참여,0.545,16
2025-06,수원시 팔달구,매산동,신선식품,30대,1326437,47,28222,미참여,0.332,12
2025-06,수원시 팔달구,매산동,신선식품,40대,1652076,57,28983,참여,0.502,28
2025-06,수원시 팔달구,매산동,신선식품,50대,2378794,68,34982,참여,0.437,13
2025-06,수원시 팔달구,매산동,신선식품,60대 이상,1330335,49,27149,참여,0.262,29
2025-06,수원시 팔달구,매산동,생활용품,20대,1002678,45,22281,참여,0.353,37
2025-06,수원시 팔달구,매산동,생활용품,30대,1198014,62,19322,참여,0.48,20
2025-06,수원시 팔달구,매산동,생활용품,40대,947813,46,20604,참여,0.262,24
2025-06,수원시 팔달구,매산동,생활용품,50대,489690,19,25773,미참여,0.341,15
2025-06,수원시 팔달구,매산동,생활용품,60대 이상,1130294,49,23067,참여,0.375,13
2025-06,수원시 팔달구,매산동,의류/잡화,20대,617504,20,30875,참여,0.191,25
2025-06,수원시 팔달구,매산동,의류/잡화,30대,836376,24,34849,참여,0.474,21
2025-06,수원시 팔달구,매산동,의류/잡화,40대,741154,17,43597,참여,0.316,16
2025-06,수원시 팔달구,매산동,의류/잡화,50대,893857,22,40629,참여,0.355,27
2025-06,수원시 팔달구,매산동,의류/잡화,60대 이상,600072,16,37504,미참여,0.437,10
2025-06,수원시 팔달구,매산동,미용/생활서비스,20대,884434,33,26801,참여,0.346,22
2025-06,수원시 팔달구,매산동,미용/생활서비스,30대,948046,35,27087,참여,0.371,22
2025-06,수원시 팔달구,매산동,미용/생활서비스,40대,758394,21,36114,참여,0.253,25
2025-06,수원시 팔달구,매산동,미용/생활서비스,50대,632222,24,26342,참여,0.301,15
2025-06,수원시 팔달구,매산동,미용/생활서비스,60대 이상,998914,31,32223,참여,0.424,17
2025-06,수원시 팔달구,매산동,교육/학원,20대,1618836,20,80941,참여,0.38,5
2025-06,수원시 팔달구,매산동,교육/학원,30대,2473156,26,95121,참여,0.365,14
2025-06,수원시 팔달구,매산동,교육/학원,40대,1781693,17,104805,미참여,0.413,18
2025-06,수원시 팔달구,매산동,교육/학원,50대,1542564,20,77128,참여,0.334,13
2025-06,수원시 팔달구,매산동,교육/학원,60대 이상,2776794,31,89574,참여,0.437,28
2025-06,수원시 팔달구,매산동,병원/약국,20대,852988,30,28432,미참여,0.268,7
2025-06,수원시 팔달구,매산동,병원/약국,30대,826728,32,25835,참여,0.426,17
2025-06,수원시 팔달구,매산동,병원/약국,40대,621524,24,25896,참여,0.396,34
2025-06,수원시 팔달구,매산동,병원/약국,50대,1221811,51,23957,미참여,0.363,9
2025-06,수원시 팔달구,매산동,병원/약국,60대 이상,1096622,41,26746,참여,0.329,19
2025-06,수원시 팔달구,매산동,편의점/마트,20대,335466,32,10483,참여,0.469,21
2025-06,수원시 팔달구,매산동,편의점/마트,30대,596105,40,14902,미참여,0.293,29
2025-06,수원시 팔달구,매산동,편의점/마트,40대,343221,32,10725,참여,0.474,25
2025-06,수원시 팔달구,매산동,편의점/마트,50대,387023,33,11727,참여,0.527,11
2025-06,수원시 팔달구,매산동,편의점/마트,60대 이상,403398,30,13446,참여,0.462,8
2025-06,수원시 팔달구,고등동,한식/분식,20대,752246,58,12969,참여,0.532,10
2025-06,수원시 팔달구,고등동,한식/분식,30대,1046675,68,15392,참여,0.524,24
2025-06,수원시 팔달구,고등동,한식/분식,40대,617958,42,14713,참여,0.401,31
2025-06,수원시 팔달구,고등동,한식/분식,50대,798345,55,14515,참여,0.483,22
2025-06,수원시 팔달구,고등동,한식/분식,60대 이상,334934,26,12882,참여,0.513,22
2025-06,수원시 팔달구,고등동,카페/디저트,20대,276367,31,8915,참여,0.178,12
2025-06,수원시 팔달구,고등동,카페/디저트,30대,325602,33,9866,참여,0.333,21
2025-06,수원시 팔달구,고등동,카페/디저트,40대,264834,31,8543,참여,0.418,4
2025-06,수원시 팔달구,고등동,카페/디저트,50대,303878,32,9496,참여,0.3,20
2025-06,수원시 팔달구,고등동,카페/디저트,60대 이상,233946,33,7089,참여,0.445,20
2025-06,수원시 팔달구,고등동,신선식품,20대,1026185,36,28505,미참여,0.381,20
2025-06,수원시 팔달구,고등동,신선식품,30대,1146224,33,34734,참여,0.396,19
2025-06,수원시 팔달구,고등동,신선식품,40대,1806077,53,34076,미참여,0.519,8
2025-06,수원시 팔달구,고등동,신선식품,50대,1866336,54,34561,참여,0.5,11
2025-06,수원시 팔달구,고등동,신선식품,60대 이상,2070950,77,26895,참여,0.502,23
2025-06,수원시 팔달구,고등동,생활용품,20대,651147,32,20348,참여,0.466,32
2025-06,수원시 팔달구,고등동,생활용품,30대,581835,26,22378,미참여,0.339,25
2025-06,수원시 팔달구,고등동,생활용품,40대,728641,28,26022,미참여,0.222,9
2025-06,수원시 팔달구,고등동,생활용품,50대,928562,42,22108,참여,0.503,20
2025-06,수원시 팔달구,고등동,생활용품,60대 이상,902928,47,19211,참여,0.244,17
2025-06,수원시 팔달구,고등동,의류/잡화,20대,1189966,34,34999,참여,0.412,9
2025-06,수원시 팔달구,고등동,의류/잡화,30대,353778,9,39308,미참여,0.431,27
2025-06,수원시 팔달구,고등동,의류/잡화,40대,839143,24,34964,참여,0.309,15
2025-06,수원시 팔달구,고등동,의류/잡화,50대,753090,19,39636,참여,0.279,10
2025-06,수원시 팔달구,고등동,의류/잡화,60대 이상,852417,25,34096,참여,0.367,22
2025-06,수원시 팔달구,고등동,미용/생활서비스,20대,971058,35,27744,미참여,0.307,18
2025-06,수원시 팔달구,고등동,미용/생활서비스,30대,748208,23,32530,참여,0.557,21
2025-06,수원시 팔달구,고등동,미용/생활서비스,40대,779314,27,28863,참여,0.294,12
2025-06,수원시 팔달구,고등동,미용/생활서비스,50대,1117859,38,29417,참여,0.255,16
2025-06,수원시 팔달구,고등동,미용/생활서비스,60대 이상,1190578,45,26457,참여,0.371,16
2025-06,수원시 팔달구,고등동,교육/학원,20대,1898302,19,99910,미참여,0.342,17
2025-06,수원시 팔달구,고등동,교육/학원,30대,2939903,35,83997,참여,0.417,25
2025-06,수원시 팔달구,고등동,교육/학원,40대,1495051,16,93440,참여,0.462,16
2025-06,수원시 팔달구,고등동,교육/학원,50대,1653163,18,91842,참여,0.265,31
2025-06,수원시 팔달구,고등동,교육/학원,60대 이상,1664836,17,97931,참여,0.428,19
2025-06,수원시 팔달구,고등동,병원/약국,20대,799811,28,28564,참여,0.397,24
2025-06,수원시 팔달구,고등동,병원/약국,30대,387018,16,24188,참여,0.265,14
2025-06,수원시 팔달구,고등동,병원/약국,40대,802972,28,28677,미참여,0.493,13
2025-06,수원시 팔달구,고등동,병원/약국,50대,1067634,38,28095,참여,0.366,16
2025-06,수원시 팔달구,고등동,병원/약국,60대 이상,1245826,59,21115,참여,0.331,15
2025-06,수원시 팔달구,고등동,편의점/마트,20대,536418,52,10315,참여,0.36,20
2025-06,수원시 팔달구,고등동,편의점/마트,30대,267877,26,10302,참여,0.522,25
2025-06,수원시 팔달구,고등동,편의점/마트,40대,608403,41,14839,미참여,0.489,24
2025-06,수원시 팔달구,고등동,편의점/마트,50대,435732,31,14055,참여,0.392,17
2025-06,수원시 팔달구,고등동,편의점/마트,60대 이상,332375,31,10721,참여,0.413,25
2025-06,수원시 팔달구,인계동,한식/분식,20대,603913,34,17762,미참여,0.345,14
2025-06,수원시 팔달구,인계동,한식/분식,30대,410835,25,16433,미참여,0.414,19
2025-06,수원시 팔달구,인계동,한식/분식,40대,736234,46,16005,미참여,0.577,21
2025-06,수원시 팔달구,인계동,한식/분식,50대,465869,30,15528,미참여,0.384,36
2025-06,수원시 팔달구,인계동,한식/분식,60대 이상,1000120,64,15626,미참여,0.377,28
2025-06,수원시 팔달구,인계동,카페/디저트,20대,407361,40,10184,참여,0.186,9
2025-06,수원시 팔달구,인계동,카페/디저트,30대,390588,45,8679,미참여,0.435,13
2025-06,수원시 팔달구,인계동,카페/디저트,40대,316893,42,7545,참여,0.278,28
2025-06,수원시 팔달구,인계동,카페/디저트,50대,242485,30,8082,참여,0.218,18
2025-06,수원시 팔달구,인계동,카페/디저트,60대 이상,284394,34,8364,참여,0.254,31
2025-06,수원시 팔달구,인계동,신선식품,20대,1214050,39,31129,미참여,0.563,20
2025-06,수원시 팔달구,인계동,신선식품,30대,1541474,50,30829,참여,0.37,27
2025-06,수원시 팔달구,인계동,신선식품,40대,1243504,43,28918,미참여,0.493,6
2025-06,수원시 팔달구,인계동,신선식품,50대,1643734,50,32874,참여,0.353,26
2025-06,수원시 팔달구,인계동,신선식품,60대 이상,1529398,54,28322,미참여,0.342,15
2025-06,수원시 팔달구,인계동,생활용품,20대,1111296,42,26459,참여,0.497,19
2025-06,수원시 팔달구,인계동,생활용품,30대,1289424,59,21854,참여,0.28,12
2025-06,수원시 팔달구,인계동,생활용품,40대,1056255,46,22962,참여,0.272,34
2025-06,수원시 팔달구,인계동,생활용품,50대,1020799,54,18903,미참여,0.495,15
2025-06,수원시 팔달구,인계동,생활용품,60대 이상,887457,44,20169,미참여,0.336,8
2025-06,수원시 팔달구,인계동,의류/잡화,20대,916615,24,38192,미참여,0.375,14
2025-06,수원시 팔달구,인계동,의류/잡화,30대,783732,19,41249,참여,0.354,11
2025-06,수원시 팔달구,인계동,의류/잡화,40대,904973,21,43093,참여,0.364,29
2025-06,수원시 팔달구,인계동,의류/잡화,50대,395476,12,32956,참여,0.433,8
2025-06,수원시 팔달구,인계동,의류/잡화,60대 이상,622738,15,41515,미참여,0.364,9
2025-06,수원시 팔달구,인계동,미용/생활서비스,20대,598107,22,27186,참여,0.481,13
2025-06,수원시 팔달구,인계동,미용/생활서비스,30대,509174,18,28287,참여,0.31,24
2025-06,수원시 팔달구,인계동,미용/생활서비스,40대,875807,26,33684,미참여,0.454,16
2025-06,수원시 팔달구,인계동,미용/생활서비스,50대,792951,31,25579,미참여,0.353,10
2025-06,수원시 팔달구,인계동,미용/생활서비스,60대 이상,760013,25,30400,참여,0.227,22
2025-06,수원시 팔달구,인계동,교육/학원,20대,954345,11,86758,참여,0.313,20
2025-06,수원시 팔달구,인계동,교육/학원,30대,2481600,30,82720,참여,0.439,11
2025-06,수원시 팔달구,인계동,교육/학원,40대,1766836,22,80310,참여,0.477,17
2025-06,수원시 팔달구,인계동,교육/학원,50대,1864374,20,93218,미참여,0.274,15
2025-06,수원시 팔달구,인계동,교육/학원,60대 이상,1493991,19,78631,참여,0.429,16
2025-06,수원시 팔달구,인계동,병원/약국,20대,948395,34,27893,참여,0.581,20
2025-06,수원시 팔달구,인계동,병원/약국,30대,609234,24,25384,참여,0.562,26
2025-06,수원시 팔달구,인계동,병원/약국,40대,615147,30,20504,미참여,0.419,13
2025-06,수원시 팔달구,인계동,병원/약국,50대,680632,29,23470,참여,0.318,12
2025-06,수원시 팔달구,인계동,병원/약국,60대 이상,810340,31,26140,참여,0.206,12
2025-06,수원시 팔달구,인계동,편의점/마트,20대,427542,39,10962,참여,0.448,7
2025-06,수원시 팔달구,인계동,편의점/마트,30대,505903,34,14879,참여,0.375,26
2025-06,수원시 팔달구,인계동,편의점/마트,40대,568751,38,14967,미참여,0.474,9
2025-06,수원시 팔달구,인계동,편의점/마트,50대,371193,30,12373,참여,0.367,11
2025-06,수원시 팔달구,인계동,편의점/마트,60대 이상,364817,31,11768,참여,0.417,19
2025-06,수원시 영통구,영통동,한식/분식,20대,687303,42,16364,미참여,0.342,12
2025-06,수원시 영통구,영통동,한식/분식,30대,668715,42,15921,참여,0.458,12
2025-06,수원시 영통구,영통동,한식/분식,40대,488528,38,12856,미참여,0.366,20
2025-06,수원시 영통구,영통동,한식/분식,50대,762622,46,16578,미참여,0.289,20
2025-06,수원시 영통구,영통동,한식/분식,60대 이상,407356,25,16294,미참여,0.326,12
2025-06,수원시 영통구,영통동,카페/디저트,20대,442834,63,7029,참여,0.19,35
2025-06,수원시 영통구,영통동,카페/디저트,30대,459312,59,7784,참여,0.295,21
2025-06,수원시 영통구,영통동,카페/디저트,40대,456392,47,9710,미참여,0.227,23
2025-06,수원시 영통구,영통동,카페/디저트,50대,223190,28,7971,참여,0.355,21
2025-06,수원시 영통구,영통동,카페/디저트,60대 이상,297713,38,7834,미참여,0.365,27
2025-06,수원시 영통구,영통동,신선식품,20대,1036637,39,26580,참여,0.58,26
2025-06,수원시 영통구,영통동,신선식품,30대,1150026,39,29487,참여,0.423,13
2025-06,수원시 영통구,영통동,신선식품,40대,915917,33,27755,참여,0.459,18
2025-06,수원시 영통구,영통동,신선식품,50대,1544532,49,31521,참여,0.325,13
2025-06,수원시 영통구,영통동,신선식품,60대 이상,1164067,47,24767,참여,0.446,18
2025-06,수원시 영통구,영통동,생활용품,20대,489682,23,21290,참여,0.191,12
2025-06,수원시 영통구,영통동,생활용품,30대,1119669,43,26038,참여,0.32,5
2025-06,수원시 영통구,영통동,생활용품,40대,649213,25,25968,참여,0.31,3
2025-06,수원시 영통구,영통동,생활용품,50대,862928,39,22126,미참여,0.304,13
2025-06,수원시 영통구,영통동,생활용품,60대 이상,803962,41,19608,참여,0.513,7
2025-06,수원시 영통구,영통동,의류/잡화,20대,1449313,35,41408,미참여,0.509,17
2025-06,수원시 영통구,영통동,의류/잡화,30대,723127,20,36156,미참여,0.204,25
2025-06,수원시 영통구,영통동,의류/잡화,40대,634918,15,42327,참여,0.388,17
2025-06,수원시 영통구,영통동,의류/잡화,50대,1106769,28,39527,미참여,0.234,16
2025-06,수원시 영통구,영통동,의류/잡화,60대 이상,643846,21,30659,미참여,0.308,12
2025-06,수원시 영통구,영통동,미용/생활서비스,20대,840512,26,32327,참여,0.33,21
2025-06,수원시 영통구,영통동,미용/생활서비스,30대,789538,28,28197,참여,0.532,19
2025-06,수원시 영통구,영통동,미용/생활서비스,40대,478585,18,26588,미참여,0.13,17
2025-06,수원시 영통구,영통동,미용/생활서비스,50대,879395,31,28367,참여,0.363,4
2025-06,수원시 영통구,영통동,미용/생활서비스,60대 이상,806723,30,26890,참여,0.168,20
2025-06,수원시 영통구,영통동,교육/학원,20대,3191097,43,74211,참여,0.512,29
2025-06,수원시 영통구,영통동,교육/학원,30대,3445886,33,104420,참여,0.374,34
2025-06,수원시 영통구,영통동,교육/학원,40대,3757060,48,78272,참여,0.178,34
2025-06,수원시 영통구,영통동,교육/학원,50대,2054260,28,73366,미참여,0.399,13
2025-06,수원시 영통구,영통동,교육/학원,60대 이상,2988549,35,85387,미참여,0.323,46
2025-06,수원시 영통구,영통동,병원/약국,20대,604243,23,26271,참여,0.251,35
2025-06,수원시 영통구,영통동,병원/약국,30대,995735,35,28449,미참여,0.437,14
2025-06,수원시 영통구,영통동,병원/약국,40대,717628,25,28705,미참여,0.268,20
2025-06,수원시 영통구,영통동,병원/약국,50대,726946,32,22717,미참여,0.309,18
2025-06,수원시 영통구,영통동,병원/약국,60대 이상,1110736,49,22668,참여,0.376,15
2025-06,수원시 영통구,영통동,편의점/마트,20대,689585,49,14073,참여,0.556,28
2025-06,수원시 영통구,영통동,편의점/마트,30대,625939,52,12037,참여,0.439,19
2025-06,수원시 영통구,영통동,편의점/마트,40대,646746,49,13198,미참여,0.394,29
2025-06,수원시 영통구,영통동,편의점/마트,50대,735179,53,13871,참여,0.54,38
2025-06,수원시 영통구,영통동,편의점/마트,60대 이상,596475,53,11254,미참여,0.457,13
2025-06,수원시 영통구,광교동,한식/분식,20대,914813,60,15246,참여,0.467,17
2025-06,수원시 영통구,광교동,한식/분식,30대,368549,22,16752,참여,0.43,20
2025-06,수원시 영통구,광교동,한식/분식,40대,787816,51,15447,참여,0.593,10
2025-06,수원시 영통구,광교동,한식/분식,50대,640530,43,14896,참여,0.337,13
2025-06,수원시 영통구,광교동,한식/분식,60대 이상,395679,25,15827,미참여,0.449,8
2025-06,수원시 영통구,광교동,카페/디저트,20대,520932,54,9646,참여,0.275,35
2025-06,수원시 영통구,광교동,카페/디저트,30대,419667,59,7113,참여,0.333,14
2025-06,수원시 영통구,광교동,카페/디저트,40대,307622,33,9321,참여,0.463,16
2025-06,수원시 영통구,광교동,카페/디저트,50대,284313,35,8123,참여,0.438,27
2025-06,수원시 영통구,광교동,카페/디저트,60대 이상,252170,28,9006,미참여,0.229,38
2025-06,수원시 영통구,광교동,신선식품,20대,909250,26,34971,참여,0.48,9
2025-06,수원시 영통구,광교동,신선식품,30대,948768,29,32716,참여,0.436,18
2025-06,수원시 영통구,광교동,신선식품,40대,1021280,34,30037,참여,0.378,15
2025-06,수원시 영통구,광교동,신선식품,50대,1443238,43,33563,미참여,0.486,21
2025-06,수원시 영통구,광교동,신선식품,60대 이상,1412021,47,30043,미참여,0.498,19
2025-06,수원시 영통구,광교동,생활용품,20대,780043,32,24376,참여,0.346,13
2025-06,수원시 영통구,광교동,생활용품,30대,1066639,40,26665,참여,0.435,19
2025-06,수원시 영통구,광교동,생활용품,40대,756908,29,26100,미참여,0.428,8
2025-06,수원시 영통구,광교동,생활용품,50대,705859,34,20760,참여,0.476,9
2025-06,수원시 영통구,광교동,생활용품,60대 이상,788759,31,25443,참여,0.351,9
2025-06,수원시 영통구,광교동,의류/잡화,20대,999902,27,37033,참여,0.429,8
2025-06,수원시 영통구,광교동,의류/잡화,30대,808805,19,42568,참여,0.415,9
2025-06,수원시 영통구,광교동,의류/잡화,40대,710344,21,33825,미참여,0.28,31
2025-06,수원시 영통구,광교동,의류/잡화,50대,569582,17,33504,참여,0.486,19
2025-06,수원시 영통구,광교동,의류/잡화,60대 이상,1092437,26,42016,참여,0.26,19
2025-06,수원시 영통구,광교동,미용/생활서비스,20대,955685,31,30828,참여,0.49,12
2025-06,수원시 영통구,광교동,미용/생활서비스,30대,1301604,36,36155,참여,0.493,15
2025-06,수원시 영통구,광교동,미용/생활서비스,40대,921882,32,28808,참여,0.408,11
2025-06,수원시 영통구,광교동,미용/생활서비스,50대,927093,25,37083,미참여,0.334,30
2025-06,수원시 영통구,광교동,미용/생활서비스,60대 이상,722599,24,30108,참여,0.266,11
2025-06,수원시 영통구,광교동,교육/학원,20대,1453506,16,90844,미참여,0.423,31
2025-06,수원시 영통구,광교동,교육/학원,30대,3175004,41,77439,참여,0.391,40
2025-06,수원시 영통구,광교동,교육/학원,40대,2582170,34,75946,참여,0.412,39
2025-06,수원시 영통구,광교동,교육/학원,50대,2115778,28,75563,미참여,0.495,31
2025-06,수원시 영통구,광교동,교육/학원,60대 이상,2665345,26,102513,참여,0.437,34
2025-06,수원시 영통구,광교동,병원/약국,20대,748752,32,23398,미참여,0.389,13
2025-06,수원시 영통구,광교동,병원/약국,30대,484588,23,21069,참여,0.423,19
2025-06,수원시 영통구,광교동,병원/약국,40대,640698,23,27856,미참여,0.394,18
2025-06,수원시 영통구,광교동,병원/약국,50대,706950,31,22804,미참여,0.255,14
2025-06,수원시 영통구,광교동,병원/약국,60대 이상,1195161,50,23903,참여,0.342,12
2025-06,수원시 영통구,광교동,편의점/마트,20대,638381,57,11199,참여,0.361,29
2025-06,수원시 영통구,광교동,편의점/마트,30대,503591,35,14388,미참여,0.351,5
2025-06,수원시 영통구,광교동,편의점/마트,40대,562742,44,12789,참여,0.305,22
2025-06,수원시 영통구,광교동,편의점/마트,50대,526648,43,12247,미참여,0.414,18
2025-06,수원시 영통구,광교동,편의점/마트,60대 이상,386809,35,11051,참여,0.498,23
2025-06,수원시 영통구,매탄동,한식/분식,20대,607422,43,14126,미참여,0.324,16
2025-06,수원시 영통구,매탄동,한식/분식,30대,487982,34,14352,미참여,0.536,19
2025-06,수원시 영통구,매탄동,한식/분식,40대,730623,46,15883,참여,0.417,10
2025-06,수원시 영통구,매탄동,한식/분식,50대,526003,40,13150,참여,0.393,3
2025-06,수원시 영통구,매탄동,한식/분식,60대 이상,499258,28,17830,참여,0.425,8
2025-06,수원시 영통구,매탄동,카페/디저트,20대,785086,80,9813,참여,0.477,28
2025-06,수원시 영통구,매탄동,카페/디저트,30대,311634,41,7600,참여,0.272,31
2025-06,수원시 영통구,매탄동,카페/디저트,40대,224350,29,7736,미참여,0.404,21
2025-06,수원시 영통구,매탄동,카페/디저트,50대,247757,25,9910,미참여,0.389,31
2025-06,수원시 영통구,매탄동,카페/디저트,60대 이상,442766,45,9839,미참여,0.341,34
2025-06,수원시 영통구,매탄동,신선식품,20대,1168063,41,28489,참여,0.43,15
2025-06,수원시 영통구,매탄동,신선식품,30대,825879,24,34411,미참여,0.496,29
2025-06,수원시 영통구,매탄동,신선식품,40대,905102,33,27427,미참여,0.382,2
2025-06,수원시 영통구,매탄동,신선식품,50대,1111304,44,25256,참여,0.319,20
2025-06,수원시 영통구,매탄동,신선식품,60대 이상,1046843,36,29078,미참여,0.343,20
2025-06,수원시 영통구,매탄동,생활용품,20대,778535,36,21625,참여,0.323,20
2025-06,수원시 영통구,매탄동,생활용품,30대,711130,35,20318,참여,0.36,10
2025-06,수원시 영통구,매탄동,생활용품,40대,427624,19,22506,미참여,0.3,17
2025-06,수원시 영통구,매탄동,생활용품,50대,518245,27,19194,참여,0.191,10
2025-06,수원시 영통구,매탄동,생활용품,60대 이상,624734,33,18931,참여,0.397,18
2025-06,수원시 영통구,매탄동,의류/잡화,20대,1020907,28,36460,참여,0.242,18
2025-06,수원시 영통구,매탄동,의류/잡화,30대,844344,22,38379,참여,0.362,14
2025-06,수원시 영통구,매탄동,의류/잡화,40대,602562,14,43040,미참여,0.415,11
2025-06,수원시 영통구,매탄동,의류/잡화,50대,667999,22,30363,참여,0.293,24
2025-06,수원시 영통구,매탄동,의류/잡화,60대 이상,658064,22,29912,참여,0.38,14
2025-06,수원시 영통구,매탄동,미용/생활서비스,20대,688882,24,28703,참여,0.387,9
2025-06,수원시 영통구,매탄동,미용/생활서비스,30대,919606,35,26274,참여,0.355,16
2025-06,수원시 영통구,매탄동,미용/생활서비스,40대,751070,25,30042,참여,0.339,2
2025-06,수원시 영통구,매탄동,미용/생활서비스,50대,750648,21,35745,참여,0.548,18
2025-06,수원시 영통구,매탄동,미용/생활서비스,60대 이상,808349,27,29938,참여,0.351,15
2025-06,수원시 영통구,매탄동,교육/학원,20대,2507211,27,92859,참여,0.39,9
2025-06,수원시 영통구,매탄동,교육/학원,30대,4272358,50,85447,참여,0.265,37
2025-06,수원시 영통구,매탄동,교육/학원,40대,2843344,34,83627,미참여,0.373,18
2025-06,수원시 영통구,매탄동,교육/학원,50대,2695996,34,79294,참여,0.407,25
2025-06,수원시 영통구,매탄동,교육/학원,60대 이상,2128845,26,81878,참여,0.342,19
2025-06,수원시 영통구,매탄동,병원/약국,20대,940329,39,24111,참여,0.409,9
2025-06,수원시 영통구,매탄동,병원/약국,30대,1130617,44,25695,참여,0.462,11
2025-06,수원시 영통구,매탄동,병원/약국,40대,609296,26,23434,미참여,0.341,11
2025-06,수원시 영통구,매탄동,병원/약국,50대,735875,35,21025,참여,0.476,38
2025-06,수원시 영통구,매탄동,병원/약국,60대 이상,632574,30,21085,미참여,0.527,29
2025-06,수원시 영통구,매탄동,편의점/마트,20대,427698,32,13365,미참여,0.452,8
2025-06,수원시 영통구,매탄동,편의점/마트,30대,321199,29,11075,참여,0.359,23
2025-06,수원시 영통구,매탄동,편의점/마트,40대,452472,37,12228,미참여,0.365,29
2025-06,수원시 영통구,매탄동,편의점/마트,50대,219144,19,11533,참여,0.514,33
2025-06,수원시 영통구,매탄동,편의점/마트,60대 이상,547695,44,12447,참여,0.42,18
2025-06,수원시 영통구,원천동,한식/분식,20대,361564,29,12467,미참여,0.551,17
2025-06,수원시 영통구,원천동,한식/분식,30대,402956,26,15498,미참여,0.472,20
2025-06,수원시 영통구,원천동,한식/분식,40대,862765,55,15686,참여,0.398,8
2025-06,수원시 영통구,원천동,한식/분식,50대,527025,31,17000,참여,0.581,17
2025-06,수원시 영통구,원천동,한식/분식,60대 이상,704710,39,18069,참여,0.568,21
2025-06,수원시 영통구,원천동,카페/디저트,20대,612055,69,8870,미참여,0.39,29
2025-06,수원시 영통구,원천동,카페/디저트,30대,452135,45,10047,미참여,0.242,35
2025-06,수원시 영통구,원천동,카페/디저트,40대,321786,34,9464,참여,0.345,40
2025-06,수원시 영통구,원천동,카페/디저트,50대,308594,39,7912,참여,0.371,10
2025-06,수원시 영통구,원천동,카페/디저트,60대 이상,184502,25,7380,미참여,0.467,21
2025-06,수원시 영통구,원천동,신선식품,20대,1381563,44,31399,참여,0.302,8
2025-06,수원시 영통구,원천동,신선식품,30대,754303,25,30172,참여,0.617,15
2025-06,수원시 영통구,원천동,신선식품,40대,1850697,53,34918,참여,0.349,19
2025-06,수원시 영통구,원천동,신선식품,50대,928513,33,28136,미참여,0.514,15
2025-06,수원시 영통구,원천동,신선식품,60대 이상,988518,37,26716,참여,0.374,16
2025-06,수원시 영통구,원천동,생활용품,20대,791590,34,23282,참여,0.479,24
2025-06,수원시 영통구,원천동,생활용품,30대,634211,29,21869,참여,0.454,15
2025-06,수원시 영통구,원천동,생활용품,40대,448099,20,22404,미참여,0.41,15
2025-06,수원시 영통구,원천동,생활용품,50대,1352692,58,23322,미참여,0.281,14
2025-06,수원시 영통구,원천동,생활용품,60대 이상,669510,30,22317,미참여,0.276,10
2025-06,수원시 영통구,원천동,의류/잡화,20대,563114,16,35194,참여,0.298,17
2025-06,수원시 영통구,원천동,의류/잡화,30대,981431,28,35051,참여,0.38,13
2025-06,수원시 영통구,원천동,의류/잡화,40대,895383,21,42637,참여,0.416,14
2025-06,수원시 영통구,원천동,의류/잡화,50대,664901,16,41556,참여,0.318,14
2025-06,수원시 영통구,원천동,의류/잡화,60대 이상,886638,22,40301,미참여,0.513,18
2025-06,수원시 영통구,원천동,미용/생활서비스,20대,1145041,40,28626,참여,0.306,23
2025-06,수원시 영통구,원천동,미용/생활서비스,30대,1030958,34,30322,미참여,0.434,17
2025-06,수원시 영통구,원천동,미용/생활서비스,40대,1064563,31,34340,참여,0.379,25
2025-06,수원시 영통구,원천동,미용/생활서비스,50대,467887,17,27522,참여,0.296,18
2025-06,수원시 영통구,원천동,미용/생활서비스,60대 이상,898394,24,37433,참여,0.271,15
2025-06,수원시 영통구,원천동,교육/학원,20대,2373263,25,94930,참여,0.44,29
2025-06,수원시 영통구,원천동,교육/학원,30대,4444551,52,85472,참여,0.302,29
2025-06,수원시 영통구,원천동,교육/학원,40대,5915473,60,98591,참여,0.344,30
2025-06,수원시 영통구,원천동,교육/학원,50대,3562990,39,91358,미참여,0.284,29
2025-06,수원시 영통구,원천동,교육/학원,60대 이상,1770459,19,93182,미참여,0.454,17
2025-06,수원시 영통구,원천동,병원/약국,20대,755767,35,21593,참여,0.337,15
2025-06,수원시 영통구,원천동,병원/약국,30대,1077755,37,29128,참여,0.335,29
2025-06,수원시 영통구,원천동,병원/약국,40대,1206640,45,26814,미참여,0.353,29
2025-06,수원시 영통구,원천동,병원/약국,50대,1092181,37,29518,참여,0.226,15
2025-06,수원시 영통구,원천동,병원/약국,60대 이상,1308025,59,22169,참여,0.23,13
2025-06,수원시 영통구,원천동,편의점/마트,20대,565739,55,10286,참여,0.27,22
2025-06,수원시 영통구,원천동,편의점/마트,30대,481380,42,11461,참여,0.307,15
2025-06,수원시 영통구,원천동,편의점/마트,40대,511814,38,13468,참여,0.273,21
2025-06,수원시 영통구,원천동,편의점/마트,50대,233717,22,10623,참여,0.313,7
2025-06,수원시 영통구,원천동,편의점/마트,60대 이상,258836,22,11765,참여,0.353,32
2025-06,광주 북구,용봉동,한식/분식,20대,613332,34,18039,미참여,0.432,21
2025-06,광주 북구,용봉동,한식/분식,30대,610846,41,14898,참여,0.465,22
2025-06,광주 북구,용봉동,한식/분식,40대,895567,54,16584,미참여,0.448,22
2025-06,광주 북구,용봉동,한식/분식,50대,491477,29,16947,참여,0.439,30
2025-06,광주 북구,용봉동,한식/분식,60대 이상,521896,38,13734,참여,0.506,24
2025-06,광주 북구,용봉동,카페/디저트,20대,561632,58,9683,참여,0.306,12
2025-06,광주 북구,용봉동,카페/디저트,30대,256481,28,9160,참여,0.23,30
2025-06,광주 북구,용봉동,카페/디저트,40대,339321,39,8700,참여,0.373,22
2025-06,광주 북구,용봉동,카페/디저트,50대,310951,37,8404,미참여,0.398,19
2025-06,광주 북구,용봉동,카페/디저트,60대 이상,338600,34,9958,미참여,0.314,10
2025-06,광주 북구,용봉동,신선식품,20대,1834045,54,33963,참여,0.426,23
2025-06,광주 북구,용봉동,신선식품,30대,640746,20,32037,미참여,0.481,9
2025-06,광주 북구,용봉동,신선식품,40대,616981,20,30849,참여,0.499,14
2025-06,광주 북구,용봉동,신선식품,50대,906246,34,26654,미참여,0.319,6
2025-06,광주 북구,용봉동,신선식품,60대 이상,815280,31,26299,참여,0.469,22
2025-06,광주 북구,용봉동,생활용품,20대,615575,27,22799,참여,0.487,19
2025-06,광주 북구,용봉동,생활용품,30대,733144,29,25280,참여,0.216,15
2025-06,광주 북구,용봉동,생활용품,40대,1122037,47,23873,미참여,0.319,30
2025-06,광주 북구,용봉동,생활용품,50대,1407077,52,27059,미참여,0.453,17
2025-06,광주 북구,용봉동,생활용품,60대 이상,1326226,59,22478,미참여,0.337,33
2025-06,광주 북구,용봉동,의류/잡화,20대,694673,18,38592,참여,0.357,19
2025-06,광주 북구,용봉동,의류/잡화,30대,942712,26,36258,참여,0.165,19
2025-06,광주 북구,용봉동,의류/잡화,40대,644273,17,37898,미참여,0.386,18
2025-06,광주 북구,용봉동,의류/잡화,50대,1090531,29,37604,참여,0.317,19
2025-06,광주 북구,용봉동,의류/잡화,60대 이상,810959,21,38617,미참여,0.446,15
2025-06,광주 북구,용봉동,미용/생활서비스,20대,757847,25,30313,참여,0.317,28
2025-06,광주 북구,용봉동,미용/생활서비스,30대,1089878,30,36329,참여,0.42,25
2025-06,광주 북구,용봉동,미용/생활서비스,40대,989930,29,34135,참여,0.382,23
2025-06,광주 북구,용봉동,미용/생활서비스,50대,587337,17,34549,참여,0.344,15
2025-06,광주 북구,용봉동,미용/생활서비스,60대 이상,639335,19,33649,참여,0.247,19
2025-06,광주 북구,용봉동,교육/학원,20대,1009372,12,84114,참여,0.331,18
2025-06,광주 북구,용봉동,교육/학원,30대,2676796,35,76479,참여,0.335,20
2025-06,광주 북구,용봉동,교육/학원,40대,4664474,45,103654,참여,0.276,5
2025-06,광주 북구,용봉동,교육/학원,50대,2161174,24,90048,참여,0.258,11
2025-06,광주 북구,용봉동,교육/학원,60대 이상,2854784,32,89212,참여,0.332,7
2025-06,광주 북구,용봉동,병원/약국,20대,1433050,50,28661,미참여,0.301,24
2025-06,광주 북구,용봉동,병원/약국,30대,628298,28,22439,참여,0.222,34
2025-06,광주 북구,용봉동,병원/약국,40대,524354,25,20974,참여,0.401,27
2025-06,광주 북구,용봉동,병원/약국,50대,1064168,40,26604,미참여,0.513,19
2025-06,광주 북구,용봉동,병원/약국,60대 이상,2210119,76,29080,참여,0.435,20
2025-06,광주 북구,용봉동,편의점/마트,20대,473662,39,12145,참여,0.379,18
2025-06,광주 북구,용봉동,편의점/마트,30대,261490,19,13762,참여,0.247,16
2025-06,광주 북구,용봉동,편의점/마트,40대,628357,46,13659,참여,0.433,27
2025-06,광주 북구,용봉동,편의점/마트,50대,370603,36,10294,참여,0.419,20
2025-06,광주 북구,용봉동,편의점/마트,60대 이상,464087,37,12542,참여,0.489,31
2025-06,광주 북구,운암동,한식/분식,20대,915559,61,15009,미참여,0.415,12
2025-06,광주 북구,운암동,한식/분식,30대,601929,44,13680,참여,0.431,32
2025-06,광주 북구,운암동,한식/분식,40대,573009,39,14692,미참여,0.52,18
2025-06,광주 북구,운암동,한식/분식,50대,438095,31,14132,참여,0.379,28
2025-06,광주 북구,운암동,한식/분식,60대 이상,623369,43,14496,참여,0.54,19
2025-06,광주 북구,운암동,카페/디저트,20대,415401,54,7692,참여,0.301,30
2025-06,광주 북구,운암동,카페/디저트,30대,295130,41,7198,참여,0.353,16
2025-06,광주 북구,운암동,카페/디저트,40대,279029,30,9300,미참여,0.39,18
2025-06,광주 북구,운암동,카페/디저트,50대,179320,23,7796,참여,0.226,29
2025-06,광주 북구,운암동,카페/디저트,60대 이상,299291,34,8802,미참여,0.181,21
2025-06,광주 북구,운암동,신선식품,20대,868373,33,26314,미참여,0.492,25
2025-06,광주 북구,운암동,신선식품,30대,1176185,37,31788,참여,0.354,16
2025-06,광주 북구,운암동,신선식품,40대,1428500,43,33220,참여,0.437,25
2025-06,광주 북구,운암동,신선식품,50대,1316060,46,28610,참여,0.307,11
2025-06,광주 북구,운암동,신선식품,60대 이상,1721324,56,30737,미참여,0.458,26
2025-06,광주 북구,운암동,생활용품,20대,944996,36,26249,참여,0.29,14
2025-06,광주 북구,운암동,생활용품,30대,915403,36,25427,미참여,0.453,24
2025-06,광주 북구,운암동,생활용품,40대,1011505,39,25936,참여,0.32,21
2025-06,광주 북구,운암동,생활용품,50대,641152,24,26714,미참여,0.411,15
2025-06,광주 북구,운암동,생활용품,60대 이상,507370,27,18791,참여,0.266,34
2025-06,광주 북구,운암동,의류/잡화,20대,642011,19,33790,미참여,0.191,14
2025-06,광주 북구,운암동,의류/잡화,30대,983567,26,37829,참여,0.351,9
2025-06,광주 북구,운암동,의류/잡화,40대,702649,20,35132,미참여,0.176,21
2025-06,광주 북구,운암동,의류/잡화,50대,866196,20,43309,참여,0.395,11
2025-06,광주 북구,운암동,의류/잡화,60대 이상,1163698,32,36365,참여,0.438,26
2025-06,광주 북구,운암동,미용/생활서비스,20대,660672,19,34772,참여,0.317,29
2025-06,광주 북구,운암동,미용/생활서비스,30대,798012,31,25742,미참여,0.302,20
2025-06,광주 북구,운암동,미용/생활서비스,40대,518583,18,28810,참여,0.156,19
2025-06,광주 북구,운암동,미용/생활서비스,50대,509747,15,33983,참여,0.15,17
2025-06,광주 북구,운암동,미용/생활서비스,60대 이상,799395,23,34756,참여,0.351,5
2025-06,광주 북구,운암동,교육/학원,20대,2536837,27,93956,참여,0.367,22
2025-06,광주 북구,운암동,교육/학원,30대,3233742,40,80843,미참여,0.369,17
2025-06,광주 북구,운암동,교육/학원,40대,1946468,20,97323,미참여,0.325,9
2025-06,광주 북구,운암동,교육/학원,50대,1649122,20,82456,참여,0.486,21
2025-06,광주 북구,운암동,교육/학원,60대 이상,2260266,25,90410,미참여,0.403,24
2025-06,광주 북구,운암동,병원/약국,20대,1055571,36,29321,참여,0.42,26
2025-06,광주 북구,운암동,병원/약국,30대,591845,21,28183,참여,0.46,20
2025-06,광주 북구,운암동,병원/약국,40대,783677,28,27988,참여,0.366,13
2025-06,광주 북구,운암동,병원/약국,50대,1224024,42,29143,참여,0.407,14
2025-06,광주 북구,운암동,병원/약국,60대 이상,988400,38,26010,참여,0.338,19
2025-06,광주 북구,운암동,편의점/마트,20대,647683,45,14392,참여,0.516,27
2025-06,광주 북구,운암동,편의점/마트,30대,375133,26,14428,참여,0.409,14
2025-06,광주 북구,운암동,편의점/마트,40대,440241,39,11288,참여,0.443,12
2025-06,광주 북구,운암동,편의점/마트,50대,316555,26,12175,참여,0.366,20
2025-06,광주 북구,운암동,편의점/마트,60대 이상,848447,63,13467,미참여,0.409,16
2025-06,광주 북구,일곡동,한식/분식,20대,449582,36,12488,참여,0.484,10
2025-06,광주 북구,일곡동,한식/분식,30대,858800,48,17891,참여,0.446,27
2025-06,광주 북구,일곡동,한식/분식,40대,665736,40,16643,참여,0.447,17
2025-06,광주 북구,일곡동,한식/분식,50대,968810,73,13271,참여,0.255,38
2025-06,광주 북구,일곡동,한식/분식,60대 이상,742824,54,13756,참여,0.3,25
2025-06,광주 북구,일곡동,카페/디저트,20대,493644,54,9141,참여,0.354,17
2025-06,광주 북구,일곡동,카페/디저트,30대,364107,38,9581,미참여,0.267,29
2025-06,광주 북구,일곡동,카페/디저트,40대,217129,25,8685,참여,0.399,21
2025-06,광주 북구,일곡동,카페/디저트,50대,170379,24,7099,참여,0.572,11
2025-06,광주 북구,일곡동,카페/디저트,60대 이상,349843,41,8532,참여,0.225,15
2025-06,광주 북구,일곡동,신선식품,20대,698138,25,27925,참여,0.626,4
2025-06,광주 북구,일곡동,신선식품,30대,774611,30,25820,미참여,0.308,22
2025-06,광주 북구,일곡동,신선식품,40대,1029791,35,29422,참여,0.477,20
2025-06,광주 북구,일곡동,신선식품,50대,1240043,39,31795,참여,0.419,8
2025-06,광주 북구,일곡동,신선식품,60대 이상,2096465,66,31764,참여,0.477,19
2025-06,광주 북구,일곡동,생활용품,20대,826370,33,25041,미참여,0.253,26
2025-06,광주 북구,일곡동,생활용품,30대,644958,28,23034,참여,0.373,19
2025-06,광주 북구,일곡동,생활용품,40대,1275067,47,27129,참여,0.31,28
2025-06,광주 북구,일곡동,생활용품,50대,963250,38,25348,참여,0.329,24
2025-06,광주 북구,일곡동,생활용품,60대 이상,919441,40,22986,참여,0.335,33
2025-06,광주 북구,일곡동,의류/잡화,20대,897380,28,32049,참여,0.245,25
2025-06,광주 북구,일곡동,의류/잡화,30대,784368,20,39218,미참여,0.206,22
2025-06,광주 북구,일곡동,의류/잡화,40대,1026258,28,36652,미참여,0.173,21
2025-06,광주 북구,일곡동,의류/잡화,50대,687850,18,38213,참여,0.461,22
2025-06,광주 북구,일곡동,의류/잡화,60대 이상,1020603,25,40824,참여,0.316,25
2025-06,광주 북구,일곡동,미용/생활서비스,20대,980527,35,28015,미참여,0.388,11
2025-06,광주 북구,일곡동,미용/생활서비스,30대,917194,27,33970,참여,0.496,22
2025-06,광주 북구,일곡동,미용/생활서비스,40대,1161660,31,37472,참여,0.434,22
2025-06,광주 북구,일곡동,미용/생활서비스,50대,826659,28,29523,참여,0.261,11
2025-06,광주 북구,일곡동,미용/생활서비스,60대 이상,1260349,36,35009,미참여,0.125,18
2025-06,광주 북구,일곡동,교육/학원,20대,1656628,21,78887,참여,0.437,21
2025-06,광주 북구,일곡동,교육/학원,30대,2084428,26,80170,참여,0.32,15
2025-06,광주 북구,일곡동,교육/학원,40대,2668389,28,95299,미참여,0.459,13
2025-06,광주 북구,일곡동,교육/학원,50대,1683127,21,80148,참여,0.298,15
2025-06,광주 북구,일곡동,교육/학원,60대 이상,1262414,16,78900,미참여,0.368,19
2025-06,광주 북구,일곡동,병원/약국,20대,1214415,48,25300,미참여,0.31,17
2025-06,광주 북구,일곡동,병원/약국,30대,1028189,39,26363,참여,0.451,7
2025-06,광주 북구,일곡동,병원/약국,40대,437465,21,20831,참여,0.415,19
2025-06,광주 북구,일곡동,병원/약국,50대,807579,33,24472,참여,0.163,22
2025-06,광주 북구,일곡동,병원/약국,60대 이상,1841891,62,29707,미참여,0.406,12
2025-06,광주 북구,일곡동,편의점/마트,20대,388746,35,11107,참여,0.422,19
2025-06,광주 북구,일곡동,편의점/마트,30대,301353,25,12054,미참여,0.604,7
2025-06,광주 북구,일곡동,편의점/마트,40대,306950,28,10962,참여,0.309,19
2025-06,광주 북구,일곡동,편의점/마트,50대,499018,46,10848,참여,0.479,13
2025-06,광주 북구,일곡동,편의점/마트,60대 이상,590041,51,11569,미참여,0.375,19
2025-06,광주 북구,두암동,한식/분식,20대,1144829,72,15900,참여,0.529,17
2025-06,광주 북구,두암동,한식/분식,30대,955279,53,18024,참여,0.539,24
2025-06,광주 북구,두암동,한식/분식,40대,626619,49,12788,미참여,0.518,17
2025-06,광주 북구,두암동,한식/분식,50대,1100560,61,18041,참여,0.537,36
2025-06,광주 북구,두암동,한식/분식,60대 이상,753940,51,14783,미참여,0.521,28
2025-06,광주 북구,두암동,카페/디저트,20대,356767,49,7280,참여,0.341,21
2025-06,광주 북구,두암동,카페/디저트,30대,504166,62,8131,참여,0.335,21
2025-06,광주 북구,두암동,카페/디저트,40대,214178,30,7139,참여,0.443,37
2025-06,광주 북구,두암동,카페/디저트,50대,310366,32,9698,미참여,0.341,17
2025-06,광주 북구,두암동,카페/디저트,60대 이상,304104,33,9215,참여,0.215,1
2025-06,광주 북구,두암동,신선식품,20대,841083,35,24030,참여,0.382,27
2025-06,광주 북구,두암동,신선식품,30대,1008167,33,30550,미참여,0.542,21
2025-06,광주 북구,두암동,신선식품,40대,1995426,66,30233,미참여,0.381,7
2025-06,광주 북구,두암동,신선식품,50대,1190744,38,31335,참여,0.416,13
2025-06,광주 북구,두암동,신선식품,60대 이상,1025192,40,25629,참여,0.415,19
2025-06,광주 북구,두암동,생활용품,20대,996996,37,26945,참여,0.428,33
2025-06,광주 북구,두암동,생활용품,30대,644033,33,19516,참여,0.461,8
2025-06,광주 북구,두암동,생활용품,40대,570808,29,19683,참여,0.289,16
2025-06,광주 북구,두암동,생활용품,50대,1235112,47,26278,참여,0.295,19
2025-06,광주 북구,두암동,생활용품,60대 이상,895234,38,23558,미참여,0.12,24
2025-06,광주 북구,두암동,의류/잡화,20대,815899,22,37086,참여,0.431,14
2025-06,광주 북구,두암동,의류/잡화,30대,713120,18,39617,미참여,0.392,15
2025-06,광주 북구,두암동,의류/잡화,40대,995652,23,43289,미참여,0.21,10
2025-06,광주 북구,두암동,의류/잡화,50대,752327,22,34196,참여,0.336,35
2025-06,광주 북구,두암동,의류/잡화,60대 이상,1045218,27,38711,미참여,0.337,16
2025-06,광주 북구,두암동,미용/생활서비스,20대,897574,30,29919,참여,0.265,19
2025-06,광주 북구,두암동,미용/생활서비스,30대,873326,31,28171,참여,0.33,21
2025-06,광주 북구,두암동,미용/생활서비스,40대,805826,29,27787,참여,0.314,12
2025-06,광주 북구,두암동,미용/생활서비스,50대,923212,27,34193,미참여,0.413,20
2025-06,광주 북구,두암동,미용/생활서비스,60대 이상,911106,25,36444,참여,0.44,12
2025-06,광주 북구,두암동,교육/학원,20대,1256578,16,78536,참여,0.351,12
2025-06,광주 북구,두암동,교육/학원,30대,3110210,31,100329,미참여,0.313,20
2025-06,광주 북구,두암동,교육/학원,40대,2782695,29,95955,미참여,0.272,16
2025-06,광주 북구,두암동,교육/학원,50대,2617761,26,100683,참여,0.372,12
2025-06,광주 북구,두암동,교육/학원,60대 이상,2467418,24,102809,참여,0.468,16
2025-06,광주 북구,두암동,병원/약국,20대,330796,13,25445,미참여,0.212,17
2025-06,광주 북구,두암동,병원/약국,30대,946435,43,22010,참여,0.215,17
2025-06,광주 북구,두암동,병원/약국,40대,680479,25,27219,미참여,0.258,15
2025-06,광주 북구,두암동,병원/약국,50대,766559,36,21293,미참여,0.273,25
2025-06,광주 북구,두암동,병원/약국,60대 이상,980987,36,27249,참여,0.355,24
2025-06,광주 북구,두암동,편의점/마트,20대,863732,69,12517,참여,0.578,24
2025-06,광주 북구,두암동,편의점/마트,30대,364354,27,13494,참여,0.476,17
2025-06,광주 북구,두암동,편의점/마트,40대,469701,37,12694,참여,0.484,8
2025-06,광주 북구,두암동,편의점/마트,50대,363129,29,12521,참여,0.281,16
2025-06,광주 북구,두암동,편의점/마트,60대 이상,456847,40,11421,참여,0.397,24
2025-06,광주 동구,충장동,한식/분식,20대,753504,50,15070,참여,0.422,24
2025-06,광주 동구,충장동,한식/분식,30대,846150,51,16591,참여,0.523,27
2025-06,광주 동구,충장동,한식/분식,40대,902742,63,14329,참여,0.557,26
2025-06,광주 동구,충장동,한식/분식,50대,587947,37,15890,미참여,0.503,4
2025-06,광주 동구,충장동,한식/분식,60대 이상,842145,48,17544,참여,0.454,16
2025-06,광주 동구,충장동,카페/디저트,20대,380682,48,7930,참여,0.418,11
2025-06,광주 동구,충장동,카페/디저트,30대,737848,73,10107,참여,0.345,25
2025-06,광주 동구,충장동,카페/디저트,40대,513712,55,9340,참여,0.472,18
2025-06,광주 동구,충장동,카페/디저트,50대,519395,57,9112,미참여,0.375,25
2025-06,광주 동구,충장동,카페/디저트,60대 이상,290273,33,8796,미참여,0.298,19
2025-06,광주 동구,충장동,신선식품,20대,1093688,39,28043,참여,0.274,8
2025-06,광주 동구,충장동,신선식품,30대,736694,28,26310,참여,0.3,16
2025-06,광주 동구,충장동,신선식품,40대,1496449,50,29928,참여,0.411,22
2025-06,광주 동구,충장동,신선식품,50대,882501,37,23851,미참여,0.398,20
2025-06,광주 동구,충장동,신선식품,60대 이상,1757447,64,27460,미참여,0.584,13
2025-06,광주 동구,충장동,생활용품,20대,908505,39,23295,미참여,0.279,32
2025-06,광주 동구,충장동,생활용품,30대,405440,20,20272,미참여,0.324,24
2025-06,광주 동구,충장동,생활용품,40대,599622,22,27255,미참여,0.394,17
2025-06,광주 동구,충장동,생활용품,50대,587837,23,25558,참여,0.415,10
2025-06,광주 동구,충장동,생활용품,60대 이상,554390,26,21322,참여,0.345,11
2025-06,광주 동구,충장동,의류/잡화,20대,770340,24,32097,참여,0.338,21
2025-06,광주 동구,충장동,의류/잡화,30대,750391,25,30015,미참여,0.29,10
2025-06,광주 동구,충장동,의류/잡화,40대,678476,20,33923,미참여,0.386,17
2025-06,광주 동구,충장동,의류/잡화,50대,958140,22,43551,참여,0.515,38
2025-06,광주 동구,충장동,의류/잡화,60대 이상,1388420,32,43388,참여,0.369,19
2025-06,광주 동구,충장동,미용/생활서비스,20대,716463,26,27556,미참여,0.255,16
2025-06,광주 동구,충장동,미용/생활서비스,30대,589375,23,25625,참여,0.283,29
2025-06,광주 동구,충장동,미용/생활서비스,40대,863118,30,28770,미참여,0.288,21
2025-06,광주 동구,충장동,미용/생활서비스,50대,1154078,33,34972,참여,0.248,21
2025-06,광주 동구,충장동,미용/생활서비스,60대 이상,936922,28,33461,참여,0.269,24
2025-06,광주 동구,충장동,교육/학원,20대,2340238,25,93609,참여,0.374,30
2025-06,광주 동구,충장동,교육/학원,30대,2140509,21,101929,참여,0.12,13
2025-06,광주 동구,충장동,교육/학원,40대,2290826,26,88108,미참여,0.418,5
2025-06,광주 동구,충장동,교육/학원,50대,1392871,14,99490,참여,0.378,18
2025-06,광주 동구,충장동,교육/학원,60대 이상,1684129,20,84206,미참여,0.351,28
2025-06,광주 동구,충장동,병원/약국,20대,814499,37,22013,참여,0.467,26
2025-06,광주 동구,충장동,병원/약국,30대,878869,32,27464,참여,0.497,10
2025-06,광주 동구,충장동,병원/약국,40대,854062,37,23082,미참여,0.37,13
2025-06,광주 동구,충장동,병원/약국,50대,828737,34,24374,미참여,0.266,18
2025-06,광주 동구,충장동,병원/약국,60대 이상,1051784,42,25042,참여,0.469,17
2025-06,광주 동구,충장동,편의점/마트,20대,581756,42,13851,참여,0.432,14
2025-06,광주 동구,충장동,편의점/마트,30대,395480,33,11984,참여,0.455,9
2025-06,광주 동구,충장동,편의점/마트,40대,531715,40,13292,참여,0.454,16
2025-06,광주 동구,충장동,편의점/마트,50대,497986,42,11856,참여,0.425,22
2025-06,광주 동구,충장동,편의점/마트,60대 이상,497508,41,12134,참여,0.313,16
2025-06,광주 동구,동명동,한식/분식,20대,403223,32,12600,참여,0.475,15
2025-06,광주 동구,동명동,한식/분식,30대,605929,37,16376,참여,0.451,19
2025-06,광주 동구,동명동,한식/분식,40대,1016879,59,17235,미참여,0.556,29
2025-06,광주 동구,동명동,한식/분식,50대,562211,36,15616,참여,0.561,42
2025-06,광주 동구,동명동,한식/분식,60대 이상,735947,52,14152,참여,0.532,23
2025-06,광주 동구,동명동,카페/디저트,20대,679821,72,9441,참여,0.338,35
2025-06,광주 동구,동명동,카페/디저트,30대,438238,60,7303,참여,0.263,25
2025-06,광주 동구,동명동,카페/디저트,40대,366188,39,9389,참여,0.399,30
2025-06,광주 동구,동명동,카페/디저트,50대,352336,39,9034,참여,0.498,4
2025-06,광주 동구,동명동,카페/디저트,60대 이상,131001,17,7705,미참여,0.33,28
2025-06,광주 동구,동명동,신선식품,20대,1173146,48,24440,참여,0.442,14
2025-06,광주 동구,동명동,신선식품,30대,1609166,46,34981,참여,0.4,13
2025-06,광주 동구,동명동,신선식품,40대,881723,31,28442,미참여,0.322,30
2025-06,광주 동구,동명동,신선식품,50대,1577713,56,28173,참여,0.352,30
2025-06,광주 동구,동명동,신선식품,60대 이상,2491200,75,33216,참여,0.356,30
2025-06,광주 동구,동명동,생활용품,20대,609152,32,19036,참여,0.334,8
2025-06,광주 동구,동명동,생활용품,30대,777139,30,25904,참여,0.469,9
2025-06,광주 동구,동명동,생활용품,40대,530715,25,21228,참여,0.428,16
2025-06,광주 동구,동명동,생활용품,50대,770312,31,24848,참여,0.19,10
2025-06,광주 동구,동명동,생활용품,60대 이상,1150323,46,25007,미참여,0.37,21
2025-06,광주 동구,동명동,의류/잡화,20대,1059948,29,36549,참여,0.518,31
2025-06,광주 동구,동명동,의류/잡화,30대,638020,20,31901,미참여,0.233,14
2025-06,광주 동구,동명동,의류/잡화,40대,1286004,39,32974,참여,0.163,17
2025-06,광주 동구,동명동,의류/잡화,50대,1161989,32,36312,미참여,0.326,20
2025-06,광주 동구,동명동,의류/잡화,60대 이상,754976,23,32825,참여,0.313,20
2025-06,광주 동구,동명동,미용/생활서비스,20대,1116782,33,33841,미참여,0.436,12
2025-06,광주 동구,동명동,미용/생활서비스,30대,1039848,37,28104,미참여,0.405,11
2025-06,광주 동구,동명동,미용/생활서비스,40대,805884,26,30995,참여,0.418,1
2025-06,광주 동구,동명동,미용/생활서비스,50대,1034285,35,29551,미참여,0.335,14
2025-06,광주 동구,동명동,미용/생활서비스,60대 이상,647239,18,35957,참여,0.444,11
2025-06,광주 동구,동명동,교육/학원,20대,2185932,23,95040,참여,0.423,17
2025-06,광주 동구,동명동,교육/학원,30대,1841067,21,87669,참여,0.196,7
2025-06,광주 동구,동명동,교육/학원,40대,3106440,30,103548,참여,0.336,19
2025-06,광주 동구,동명동,교육/학원,50대,1485340,20,74267,참여,0.428,12
2025-06,광주 동구,동명동,교육/학원,60대 이상,1732466,23,75324,미참여,0.395,23
2025-06,광주 동구,동명동,병원/약국,20대,833281,31,26880,참여,0.208,8
2025-06,광주 동구,동명동,병원/약국,30대,600344,28,21440,참여,0.484,22
2025-06,광주 동구,동명동,병원/약국,40대,616378,28,22013,미참여,0.373,21
2025-06,광주 동구,동명동,병원/약국,50대,630833,24,26284,미참여,0.292,20
2025-06,광주 동구,동명동,병원/약국,60대 이상,892017,42,21238,미참여,0.322,15
2025-06,광주 동구,동명동,편의점/마트,20대,711214,55,12931,참여,0.486,32
2025-06,광주 동구,동명동,편의점/마트,30대,280555,19,14766,미참여,0.448,17
2025-06,광주 동구,동명동,편의점/마트,40대,534395,47,11370,참여,0.267,32
2025-06,광주 동구,동명동,편의점/마트,50대,306627,21,14601,미참여,0.491,30
2025-06,광주 동구,동명동,편의점/마트,60대 이상,429556,30,14318,미참여,0.418,10
2025-06,광주 동구,서남동,한식/분식,20대,915711,53,17277,참여,0.553,9
2025-06,광주 동구,서남동,한식/분식,30대,1059581,61,17370,미참여,0.508,24
2025-06,광주 동구,서남동,한식/분식,40대,949221,68,13959,참여,0.409,41
2025-06,광주 동구,서남동,한식/분식,50대,549697,36,15269,미참여,0.369,28
2025-06,광주 동구,서남동,한식/분식,60대 이상,492399,34,14482,미참여,0.424,29
2025-06,광주 동구,서남동,카페/디저트,20대,231928,27,8589,참여,0.473,35
2025-06,광주 동구,서남동,카페/디저트,30대,440550,51,8638,참여,0.312,37
2025-06,광주 동구,서남동,카페/디저트,40대,489256,48,10192,참여,0.307,37
2025-06,광주 동구,서남동,카페/디저트,50대,444698,46,9667,참여,0.502,20
2025-06,광주 동구,서남동,카페/디저트,60대 이상,286107,32,8940,미참여,0.48,24
2025-06,광주 동구,서남동,신선식품,20대,1180745,39,30275,미참여,0.213,24
2025-06,광주 동구,서남동,신선식품,30대,1175279,38,30928,미참여,0.479,25
2025-06,광주 동구,서남동,신선식품,40대,1907808,62,30771,참여,0.343,10
2025-06,광주 동구,서남동,신선식품,50대,1752537,62,28266,미참여,0.418,19
2025-06,광주 동구,서남동,신선식품,60대 이상,1241792,40,31044,미참여,0.291,21
2025-06,광주 동구,서남동,생활용품,20대,814748,32,25460,참여,0.337,11
2025-06,광주 동구,서남동,생활용품,30대,744843,36,20690,참여,0.316,13
2025-06,광주 동구,서남동,생활용품,40대,904757,42,21541,참여,0.363,30
2025-06,광주 동구,서남동,생활용품,50대,740730,29,25542,미참여,0.156,20
2025-06,광주 동구,서남동,생활용품,60대 이상,676989,36,18805,참여,0.317,19
2025-06,광주 동구,서남동,의류/잡화,20대,1298219,35,37091,참여,0.322,21
2025-06,광주 동구,서남동,의류/잡화,30대,1321496,34,38867,미참여,0.247,38
2025-06,광주 동구,서남동,의류/잡화,40대,995945,30,33198,미참여,0.295,44
2025-06,광주 동구,서남동,의류/잡화,50대,1273009,32,39781,참여,0.296,22
2025-06,광주 동구,서남동,의류/잡화,60대 이상,925602,25,37024,참여,0.389,38
2025-06,광주 동구,서남동,미용/생활서비스,20대,487194,19,25641,미참여,0.233,31
2025-06,광주 동구,서남동,미용/생활서비스,30대,627411,17,36906,미참여,0.264,12
2025-06,광주 동구,서남동,미용/생활서비스,40대,586906,21,27947,참여,0.558,10
2025-06,광주 동구,서남동,미용/생활서비스,50대,796291,27,29492,참여,0.268,18
2025-06,광주 동구,서남동,미용/생활서비스,60대 이상,1336111,36,37114,미참여,0.346,10
2025-06,광주 동구,서남동,교육/학원,20대,1930985,19,101630,참여,0.269,28
2025-06,광주 동구,서남동,교육/학원,30대,1780087,18,98893,미참여,0.266,21
2025-06,광주 동구,서남동,교육/학원,40대,2273510,22,103341,참여,0.295,21
2025-06,광주 동구,서남동,교육/학원,50대,1469008,16,91813,참여,0.355,15
2025-06,광주 동구,서남동,교육/학원,60대 이상,2108926,24,87871,참여,0.481,25
2025-06,광주 동구,서남동,병원/약국,20대,696272,26,26779,참여,0.297,1
2025-06,광주 동구,서남동,병원/약국,30대,681914,25,27276,참여,0.241,25
2025-06,광주 동구,서남동,병원/약국,40대,718028,27,26593,미참여,0.404,9
2025-06,광주 동구,서남동,병원/약국,50대,604006,25,24160,미참여,0.331,10
2025-06,광주 동구,서남동,병원/약국,60대 이상,1788498,80,22356,참여,0.422,23
2025-06,광주 동구,서남동,편의점/마트,20대,305623,25,12224,미참여,0.336,29
2025-06,광주 동구,서남동,편의점/마트,30대,256519,19,13501,참여,0.377,28
2025-06,광주 동구,서남동,편의점/마트,40대,358003,32,11187,참여,0.353,11
2025-06,광주 동구,서남동,편의점/마트,50대,298916,28,10675,참여,0.19,38
2025-06,광주 동구,서남동,편의점/마트,60대 이상,261259,20,13062,참여,0.498,10
2025-06,광주 동구,학동,한식/분식,20대,885142,61,14510,참여,0.384,29
2025-06,광주 동구,학동,한식/분식,30대,759215,56,13557,미참여,0.56,12
2025-06,광주 동구,학동,한식/분식,40대,1121009,65,17246,참여,0.448,29
2025-06,광주 동구,학동,한식/분식,50대,681181,53,12852,미참여,0.33,20
2025-06,광주 동구,학동,한식/분식,60대 이상,931704,72,12940,미참여,0.46,28
2025-06,광주 동구,학동,카페/디저트,20대,653910,77,8492,참여,0.481,10
2025-06,광주 동구,학동,카페/디저트,30대,417763,46,9081,미참여,0.384,22
2025-06,광주 동구,학동,카페/디저트,40대,328831,40,8220,참여,0.267,9
2025-06,광주 동구,학동,카페/디저트,50대,158940,21,7568,참여,0.358,15
2025-06,광주 동구,학동,카페/디저트,60대 이상,319025,43,7419,참여,0.351,21
2025-06,광주 동구,학동,신선식품,20대,524815,16,32800,참여,0.362,33
2025-06,광주 동구,학동,신선식품,30대,913116,31,29455,미참여,0.443,9
2025-06,광주 동구,학동,신선식품,40대,798478,32,24952,참여,0.506,27
2025-06,광주 동구,학동,신선식품,50대,1892121,69,27422,참여,0.363,12
2025-06,광주 동구,학동,신선식품,60대 이상,1414102,48,29460,참여,0.263,8
2025-06,광주 동구,학동,생활용품,20대,469314,25,18772,미참여,0.514,21
2025-06,광주 동구,학동,생활용품,30대,614367,31,19818,참여,0.254,22
2025-06,광주 동구,학동,생활용품,40대,831161,35,23747,참여,0.233,10
2025-06,광주 동구,학동,생활용품,50대,924515,43,21500,미참여,0.452,6
2025-06,광주 동구,학동,생활용품,60대 이상,1002560,41,24452,참여,0.443,26
2025-06,광주 동구,학동,의류/잡화,20대,1001284,31,32299,참여,0.364,19
2025-06,광주 동구,학동,의류/잡화,30대,1118515,31,36081,참여,0.337,12
2025-06,광주 동구,학동,의류/잡화,40대,1546785,40,38669,참여,0.425,27
2025-06,광주 동구,학동,의류/잡화,50대,1335426,31,43078,참여,0.492,35
2025-06,광주 동구,학동,의류/잡화,60대 이상,1058808,26,40723,미참여,0.467,20
2025-06,광주 동구,학동,미용/생활서비스,20대,1381155,40,34528,참여,0.417,24
2025-06,광주 동구,학동,미용/생활서비스,30대,1297766,40,32444,미참여,0.449,36
2025-06,광주 동구,학동,미용/생활서비스,40대,653989,23,28434,미참여,0.459,36
2025-06,광주 동구,학동,미용/생활서비스,50대,963076,29,33209,참여,0.419,35
2025-06,광주 동구,학동,미용/생활서비스,60대 이상,675045,22,30683,참여,0.373,13
2025-06,광주 동구,학동,교육/학원,20대,1880687,21,89556,참여,0.397,17
2025-06,광주 동구,학동,교육/학원,30대,1871732,20,93586,미참여,0.543,12
2025-06,광주 동구,학동,교육/학원,40대,2467995,29,85103,참여,0.316,24
2025-06,광주 동구,학동,교육/학원,50대,1963370,20,98168,참여,0.409,16
2025-06,광주 동구,학동,교육/학원,60대 이상,1872977,18,104054,미참여,0.26,8
2025-06,광주 동구,학동,병원/약국,20대,840658,31,27118,미참여,0.367,26
2025-06,광주 동구,학동,병원/약국,30대,1104555,38,29067,참여,0.349,4
2025-06,광주 동구,학동,병원/약국,40대,676225,29,23318,참여,0.137,27
2025-06,광주 동구,학동,병원/약국,50대,1294715,49,26422,참여,0.291,6
2025-06,광주 동구,학동,병원/약국,60대 이상,972921,44,22111,참여,0.256,16
2025-06,광주 동구,학동,편의점/마트,20대,392852,37,10617,참여,0.434,13
2025-06,광주 동구,학동,편의점/마트,30대,642077,43,14932,참여,0.422,16
2025-06,광주 동구,학동,편의점/마트,40대,273283,25,10931,참여,0.46,18
2025-06,광주 동구,학동,편의점/마트,50대,291626,28,10415,미참여,0.316,19
2025-06,광주 동구,학동,편의점/마트,60대 이상,255078,24,10628,미참여,0.443,11
2025-07,수원시 팔달구,행궁동,한식/분식,20대,509658,33,15444,미참여,0.453,27
2025-07,수원시 팔달구,행궁동,한식/분식,30대,409417,28,14622,미참여,0.585,14
2025-07,수원시 팔달구,행궁동,한식/분식,40대,882135,63,14002,미참여,0.475,42
2025-07,수원시 팔달구,행궁동,한식/분식,50대,708918,40,17722,미참여,0.384,7
2025-07,수원시 팔달구,행궁동,한식/분식,60대 이상,450548,29,15536,미참여,0.408,29
2025-07,수원시 팔달구,행궁동,카페/디저트,20대,298684,30,9956,미참여,0.333,1
2025-07,수원시 팔달구,행궁동,카페/디저트,30대,240387,31,7754,미참여,0.381,26
2025-07,수원시 팔달구,행궁동,카페/디저트,40대,213350,28,7619,미참여,0.279,11
2025-07,수원시 팔달구,행궁동,카페/디저트,50대,163647,16,10227,미참여,0.494,31
2025-07,수원시 팔달구,행궁동,카페/디저트,60대 이상,161008,17,9471,미참여,0.456,12
2025-07,수원시 팔달구,행궁동,신선식품,20대,930773,27,34473,미참여,0.369,21
2025-07,수원시 팔달구,행궁동,신선식품,30대,641735,25,25669,미참여,0.439,13
2025-07,수원시 팔달구,행궁동,신선식품,40대,1874257,55,34077,미참여,0.393,18
2025-07,수원시 팔달구,행궁동,신선식품,50대,1216252,37,32871,미참여,0.59,20
2025-07,수원시 팔달구,행궁동,신선식품,60대 이상,1054651,41,25723,미참여,0.454,15
2025-07,수원시 팔달구,행궁동,생활용품,20대,652986,30,21766,미참여,0.271,18
2025-07,수원시 팔달구,행궁동,생활용품,30대,880232,43,20470,미참여,0.3,19
2025-07,수원시 팔달구,행궁동,생활용품,40대,855644,35,24446,미참여,0.29,30
2025-07,수원시 팔달구,행궁동,생활용품,50대,619616,26,23831,미참여,0.432,18
2025-07,수원시 팔달구,행궁동,생활용품,60대 이상,990803,37,26778,미참여,0.408,14
2025-07,수원시 팔달구,행궁동,의류/잡화,20대,837062,20,41853,미참여,0.296,17
2025-07,수원시 팔달구,행궁동,의류/잡화,30대,1004094,25,40163,미참여,0.366,20
2025-07,수원시 팔달구,행궁동,의류/잡화,40대,1135290,26,43665,미참여,0.418,20
2025-07,수원시 팔달구,행궁동,의류/잡화,50대,534223,16,33388,미참여,0.372,22
2025-07,수원시 팔달구,행궁동,의류/잡화,60대 이상,1123174,31,36231,미참여,0.309,15
2025-07,수원시 팔달구,행궁동,미용/생활서비스,20대,542540,15,36169,미참여,0.549,21
2025-07,수원시 팔달구,행궁동,미용/생활서비스,30대,1057895,36,29385,미참여,0.431,26
2025-07,수원시 팔달구,행궁동,미용/생활서비스,40대,426142,16,26633,미참여,0.5,33
2025-07,수원시 팔달구,행궁동,미용/생활서비스,50대,410543,11,37322,미참여,0.319,23
2025-07,수원시 팔달구,행궁동,미용/생활서비스,60대 이상,843834,25,33753,미참여,0.425,17
2025-07,수원시 팔달구,행궁동,교육/학원,20대,1378870,15,91924,미참여,0.336,12
2025-07,수원시 팔달구,행궁동,교육/학원,30대,1527442,16,95465,미참여,0.494,6
2025-07,수원시 팔달구,행궁동,교육/학원,40대,1418119,19,74637,미참여,0.373,19
2025-07,수원시 팔달구,행궁동,교육/학원,50대,1788289,17,105193,미참여,0.416,18
2025-07,수원시 팔달구,행궁동,교육/학원,60대 이상,1452061,15,96804,미참여,0.255,19
2025-07,수원시 팔달구,행궁동,병원/약국,20대,728421,32,22763,미참여,0.32,23
2025-07,수원시 팔달구,행궁동,병원/약국,30대,597766,27,22139,미참여,0.209,21
2025-07,수원시 팔달구,행궁동,병원/약국,40대,518166,19,27271,미참여,0.279,21
2025-07,수원시 팔달구,행궁동,병원/약국,50대,784727,34,23080,미참여,0.214,10
2025-07,수원시 팔달구,행궁동,병원/약국,60대 이상,930158,36,25837,미참여,0.381,23
2025-07,수원시 팔달구,행궁동,편의점/마트,20대,282123,24,11755,미참여,0.451,18
2025-07,수원시 팔달구,행궁동,편의점/마트,30대,332025,30,11067,미참여,0.435,23
2025-07,수원시 팔달구,행궁동,편의점/마트,40대,325564,26,12521,미참여,0.568,21
2025-07,수원시 팔달구,행궁동,편의점/마트,50대,673378,47,14327,미참여,0.362,30
2025-07,수원시 팔달구,행궁동,편의점/마트,60대 이상,364523,26,14020,미참여,0.555,20
2025-07,수원시 팔달구,매산동,한식/분식,20대,668115,37,18057,미참여,0.489,19
2025-07,수원시 팔달구,매산동,한식/분식,30대,449775,26,17299,미참여,0.47,9
2025-07,수원시 팔달구,매산동,한식/분식,40대,877182,66,13290,미참여,0.373,20
2025-07,수원시 팔달구,매산동,한식/분식,50대,637575,37,17231,미참여,0.383,13
2025-07,수원시 팔달구,매산동,한식/분식,60대 이상,540103,43,12560,미참여,0.415,5
2025-07,수원시 팔달구,매산동,카페/디저트,20대,354210,44,8050,미참여,0.312,12
2025-07,수원시 팔달구,매산동,카페/디저트,30대,189807,26,7300,미참여,0.315,17
2025-07,수원시 팔달구,매산동,카페/디저트,40대,272616,32,8519,미참여,0.333,23
2025-07,수원시 팔달구,매산동,카페/디저트,50대,189775,25,7591,미참여,0.295,16
2025-07,수원시 팔달구,매산동,카페/디저트,60대 이상,171728,19,9038,미참여,0.322,23
2025-07,수원시 팔달구,매산동,신선식품,20대,749412,30,24980,미참여,0.584,12
2025-07,수원시 팔달구,매산동,신선식품,30대,1145840,35,32738,미참여,0.535,12
2025-07,수원시 팔달구,매산동,신선식품,40대,1576441,46,34270,미참여,0.205,16
2025-07,수원시 팔달구,매산동,신선식품,50대,1117461,40,27936,미참여,0.668,27
2025-07,수원시 팔달구,매산동,신선식품,60대 이상,1359244,42,32362,미참여,0.35,27
2025-07,수원시 팔달구,매산동,생활용품,20대,717768,33,21750,미참여,0.427,23
2025-07,수원시 팔달구,매산동,생활용품,30대,922754,40,23068,미참여,0.369,29
2025-07,수원시 팔달구,매산동,생활용품,40대,968103,49,19757,미참여,0.295,35
2025-07,수원시 팔달구,매산동,생활용품,50대,859458,37,23228,미참여,0.391,7
2025-07,수원시 팔달구,매산동,생활용품,60대 이상,1110216,46,24135,미참여,0.363,21
2025-07,수원시 팔달구,매산동,의류/잡화,20대,671998,18,37333,미참여,0.243,14
2025-07,수원시 팔달구,매산동,의류/잡화,30대,904629,21,43077,미참여,0.299,22
2025-07,수원시 팔달구,매산동,의류/잡화,40대,624892,15,41659,미참여,0.339,7
2025-07,수원시 팔달구,매산동,의류/잡화,50대,658032,20,32901,미참여,0.349,20
2025-07,수원시 팔달구,매산동,의류/잡화,60대 이상,633172,19,33324,미참여,0.291,11
2025-07,수원시 팔달구,매산동,미용/생활서비스,20대,416294,16,26018,미참여,0.393,21
2025-07,수원시 팔달구,매산동,미용/생활서비스,30대,727136,20,36356,미참여,0.316,9
2025-07,수원시 팔달구,매산동,미용/생활서비스,40대,609420,19,32074,미참여,0.438,27
2025-07,수원시 팔달구,매산동,미용/생활서비스,50대,682987,25,27319,미참여,0.507,13
2025-07,수원시 팔달구,매산동,미용/생활서비스,60대 이상,769271,23,33446,미참여,0.397,16
2025-07,수원시 팔달구,매산동,교육/학원,20대,1855221,18,103067,미참여,0.171,11
2025-07,수원시 팔달구,매산동,교육/학원,30대,2495096,24,103962,미참여,0.365,10
2025-07,수원시 팔달구,매산동,교육/학원,40대,2846698,28,101667,미참여,0.353,24
2025-07,수원시 팔달구,매산동,교육/학원,50대,1477529,15,98501,미참여,0.409,21
2025-07,수원시 팔달구,매산동,교육/학원,60대 이상,1354737,14,96766,미참여,0.356,25
2025-07,수원시 팔달구,매산동,병원/약국,20대,566855,24,23618,미참여,0.328,19
2025-07,수원시 팔달구,매산동,병원/약국,30대,860093,30,28669,미참여,0.353,11
2025-07,수원시 팔달구,매산동,병원/약국,40대,521068,20,26053,미참여,0.288,22
2025-07,수원시 팔달구,매산동,병원/약국,50대,514137,19,27059,미참여,0.492,21
2025-07,수원시 팔달구,매산동,병원/약국,60대 이상,782037,37,21136,미참여,0.431,19
2025-07,수원시 팔달구,매산동,편의점/마트,20대,360148,35,10289,미참여,0.474,11
2025-07,수원시 팔달구,매산동,편의점/마트,30대,546669,46,11884,미참여,0.342,13
2025-07,수원시 팔달구,매산동,편의점/마트,40대,464846,31,14995,미참여,0.358,5
2025-07,수원시 팔달구,매산동,편의점/마트,50대,260409,23,11322,미참여,0.585,13
2025-07,수원시 팔달구,매산동,편의점/마트,60대 이상,324574,28,11591,미참여,0.439,35
2025-07,수원시 팔달구,고등동,한식/분식,20대,354296,28,12653,미참여,0.568,34
2025-07,수원시 팔달구,고등동,한식/분식,30대,510261,40,12756,미참여,0.587,23
2025-07,수원시 팔달구,고등동,한식/분식,40대,744090,49,15185,미참여,0.434,16
2025-07,수원시 팔달구,고등동,한식/분식,50대,533552,37,14420,미참여,0.482,16
2025-07,수원시 팔달구,고등동,한식/분식,60대 이상,484064,30,16135,미참여,0.219,35
2025-07,수원시 팔달구,고등동,카페/디저트,20대,458791,49,9363,미참여,0.444,18
2025-07,수원시 팔달구,고등동,카페/디저트,30대,247141,28,8826,미참여,0.403,3
2025-07,수원시 팔달구,고등동,카페/디저트,40대,266742,29,9198,미참여,0.342,17
2025-07,수원시 팔달구,고등동,카페/디저트,50대,221391,30,7379,미참여,0.373,8
2025-07,수원시 팔달구,고등동,카페/디저트,60대 이상,170033,24,7084,미참여,0.446,19
2025-07,수원시 팔달구,고등동,신선식품,20대,1001398,30,33379,미참여,0.402,12
2025-07,수원시 팔달구,고등동,신선식품,30대,900546,26,34636,미참여,0.512,18
2025-07,수원시 팔달구,고등동,신선식품,40대,1034511,37,27959,미참여,0.533,10
2025-07,수원시 팔달구,고등동,신선식품,50대,1205389,37,32578,미참여,0.462,4
2025-07,수원시 팔달구,고등동,신선식품,60대 이상,1123076,42,26739,미참여,0.556,36
2025-07,수원시 팔달구,고등동,생활용품,20대,610653,32,19082,미참여,0.509,8
2025-07,수원시 팔달구,고등동,생활용품,30대,615811,32,19244,미참여,0.523,29
2025-07,수원시 팔달구,고등동,생활용품,40대,570113,22,25914,미참여,0.37,10
2025-07,수원시 팔달구,고등동,생활용품,50대,1066792,50,21335,미참여,0.4,27
2025-07,수원시 팔달구,고등동,생활용품,60대 이상,843853,34,24819,미참여,0.365,32
2025-07,수원시 팔달구,고등동,의류/잡화,20대,862510,22,39205,미참여,0.336,21
2025-07,수원시 팔달구,고등동,의류/잡화,30대,579563,17,34091,미참여,0.305,24
2025-07,수원시 팔달구,고등동,의류/잡화,40대,980748,25,39229,미참여,0.528,17
2025-07,수원시 팔달구,고등동,의류/잡화,50대,1152978,32,36030,미참여,0.196,19
2025-07,수원시 팔달구,고등동,의류/잡화,60대 이상,681568,16,42598,미참여,0.413,16
2025-07,수원시 팔달구,고등동,미용/생활서비스,20대,643197,22,29236,미참여,0.155,7
2025-07,수원시 팔달구,고등동,미용/생활서비스,30대,472512,16,29532,미참여,0.223,28
2025-07,수원시 팔달구,고등동,미용/생활서비스,40대,513511,17,30206,미참여,0.27,22
2025-07,수원시 팔달구,고등동,미용/생활서비스,50대,659677,20,32983,미참여,0.398,1
2025-07,수원시 팔달구,고등동,미용/생활서비스,60대 이상,469121,18,26062,미참여,0.328,15
2025-07,수원시 팔달구,고등동,교육/학원,20대,2029938,24,84580,미참여,0.531,18
2025-07,수원시 팔달구,고등동,교육/학원,30대,2284674,22,103848,미참여,0.434,23
2025-07,수원시 팔달구,고등동,교육/학원,40대,2868787,29,98923,미참여,0.552,32
2025-07,수원시 팔달구,고등동,교육/학원,50대,1443784,18,80210,미참여,0.273,22
2025-07,수원시 팔달구,고등동,교육/학원,60대 이상,1028378,14,73455,미참여,0.352,27
2025-07,수원시 팔달구,고등동,병원/약국,20대,659108,29,22727,미참여,0.29,21
2025-07,수원시 팔달구,고등동,병원/약국,30대,662483,23,28803,미참여,0.324,10
2025-07,수원시 팔달구,고등동,병원/약국,40대,480879,20,24043,미참여,0.363,11
2025-07,수원시 팔달구,고등동,병원/약국,50대,904235,33,27401,미참여,0.345,26
2025-07,수원시 팔달구,고등동,병원/약국,60대 이상,898443,33,27225,미참여,0.412,18
2025-07,수원시 팔달구,고등동,편의점/마트,20대,517028,37,13973,미참여,0.49,12
2025-07,수원시 팔달구,고등동,편의점/마트,30대,440083,30,14669,미참여,0.563,18
2025-07,수원시 팔달구,고등동,편의점/마트,40대,492245,37,13303,미참여,0.329,15
2025-07,수원시 팔달구,고등동,편의점/마트,50대,426302,35,12180,미참여,0.518,19
2025-07,수원시 팔달구,고등동,편의점/마트,60대 이상,330022,28,11786,미참여,0.431,9
2025-07,수원시 팔달구,인계동,한식/분식,20대,746636,49,15237,미참여,0.4,27
2025-07,수원시 팔달구,인계동,한식/분식,30대,819855,52,15766,미참여,0.473,28
2025-07,수원시 팔달구,인계동,한식/분식,40대,1024308,60,17071,미참여,0.548,26
2025-07,수원시 팔달구,인계동,한식/분식,50대,831998,55,15127,미참여,0.42,26
2025-07,수원시 팔달구,인계동,한식/분식,60대 이상,452936,29,15618,미참여,0.313,41
2025-07,수원시 팔달구,인계동,카페/디저트,20대,511283,61,8381,미참여,0.239,30
2025-07,수원시 팔달구,인계동,카페/디저트,30대,215052,28,7680,미참여,0.311,14
2025-07,수원시 팔달구,인계동,카페/디저트,40대,174258,25,6970,미참여,0.341,20
2025-07,수원시 팔달구,인계동,카페/디저트,50대,232477,31,7499,미참여,0.34,3
2025-07,수원시 팔달구,인계동,카페/디저트,60대 이상,175415,21,8353,미참여,0.486,31
2025-07,수원시 팔달구,인계동,신선식품,20대,585355,20,29267,미참여,0.404,33
2025-07,수원시 팔달구,인계동,신선식품,30대,612044,19,32212,미참여,0.424,10
2025-07,수원시 팔달구,인계동,신선식품,40대,1144140,38,30108,미참여,0.441,15
2025-07,수원시 팔달구,인계동,신선식품,50대,1881117,55,34202,미참여,0.443,19
2025-07,수원시 팔달구,인계동,신선식품,60대 이상,1242083,37,33569,미참여,0.406,16
2025-07,수원시 팔달구,인계동,생활용품,20대,614297,23,26708,미참여,0.287,18
2025-07,수원시 팔달구,인계동,생활용품,30대,817383,37,22091,미참여,0.335,23
2025-07,수원시 팔달구,인계동,생활용품,40대,624932,33,18937,미참여,0.31,20
2025-07,수원시 팔달구,인계동,생활용품,50대,774021,40,19350,미참여,0.374,33
2025-07,수원시 팔달구,인계동,생활용품,60대 이상,838824,42,19972,미참여,0.33,33
2025-07,수원시 팔달구,인계동,의류/잡화,20대,739313,23,32144,미참여,0.393,28
2025-07,수원시 팔달구,인계동,의류/잡화,30대,595832,18,33101,미참여,0.217,11
2025-07,수원시 팔달구,인계동,의류/잡화,40대,493628,14,35259,미참여,0.215,12
2025-07,수원시 팔달구,인계동,의류/잡화,50대,1021170,24,42548,미참여,0.458,15
2025-07,수원시 팔달구,인계동,의류/잡화,60대 이상,483468,14,34533,미참여,0.202,8
2025-07,수원시 팔달구,인계동,미용/생활서비스,20대,488735,19,25722,미참여,0.12,13
2025-07,수원시 팔달구,인계동,미용/생활서비스,30대,368121,13,28317,미참여,0.346,18
2025-07,수원시 팔달구,인계동,미용/생활서비스,40대,559551,20,27977,미참여,0.442,30
2025-07,수원시 팔달구,인계동,미용/생활서비스,50대,683036,21,32525,미참여,0.306,22
2025-07,수원시 팔달구,인계동,미용/생활서비스,60대 이상,734326,22,33378,미참여,0.303,24
2025-07,수원시 팔달구,인계동,교육/학원,20대,2040949,20,102047,미참여,0.548,18
2025-07,수원시 팔달구,인계동,교육/학원,30대,2221288,27,82269,미참여,0.309,25
2025-07,수원시 팔달구,인계동,교육/학원,40대,1213207,14,86657,미참여,0.367,12
2025-07,수원시 팔달구,인계동,교육/학원,50대,1211158,16,75697,미참여,0.318,4
2025-07,수원시 팔달구,인계동,교육/학원,60대 이상,2026126,21,96482,미참여,0.172,13
2025-07,수원시 팔달구,인계동,병원/약국,20대,820630,33,24867,미참여,0.534,11
2025-07,수원시 팔달구,인계동,병원/약국,30대,528957,20,26447,미참여,0.364,1
2025-07,수원시 팔달구,인계동,병원/약국,40대,705870,26,27148,미참여,0.208,18
2025-07,수원시 팔달구,인계동,병원/약국,50대,735319,36,20425,미참여,0.508,28
2025-07,수원시 팔달구,인계동,병원/약국,60대 이상,756275,32,23633,미참여,0.318,27
2025-07,수원시 팔달구,인계동,편의점/마트,20대,518831,36,14411,미참여,0.497,8
2025-07,수원시 팔달구,인계동,편의점/마트,30대,233466,18,12970,미참여,0.402,13
2025-07,수원시 팔달구,인계동,편의점/마트,40대,428635,37,11584,미참여,0.33,13
2025-07,수원시 팔달구,인계동,편의점/마트,50대,300849,21,14326,미참여,0.497,20
2025-07,수원시 팔달구,인계동,편의점/마트,60대 이상,232251,17,13661,미참여,0.428,17
2025-07,수원시 영통구,영통동,한식/분식,20대,125349,9,13927,미참여,0.356,6
2025-07,수원시 영통구,영통동,한식/분식,30대,330997,25,13239,미참여,0.529,31
2025-07,수원시 영통구,영통동,한식/분식,40대,440096,31,14196,미참여,0.242,25
2025-07,수원시 영통구,영통동,한식/분식,50대,386081,26,14849,미참여,0.5,12
2025-07,수원시 영통구,영통동,한식/분식,60대 이상,512568,29,17674,미참여,0.431,25
2025-07,수원시 영통구,영통동,카페/디저트,20대,364565,40,9114,미참여,0.502,21
2025-07,수원시 영통구,영통동,카페/디저트,30대,433704,44,9856,미참여,0.33,31
2025-07,수원시 영통구,영통동,카페/디저트,40대,209259,29,7215,미참여,0.261,24
2025-07,수원시 영통구,영통동,카페/디저트,50대,311116,43,7235,미참여,0.19,23
2025-07,수원시 영통구,영통동,카페/디저트,60대 이상,253349,32,7917,미참여,0.378,32
2025-07,수원시 영통구,영통동,신선식품,20대,708689,27,26247,미참여,0.399,18
2025-07,수원시 영통구,영통동,신선식품,30대,552061,21,26288,미참여,0.462,23
2025-07,수원시 영통구,영통동,신선식품,40대,1058137,35,30232,미참여,0.424,9
2025-07,수원시 영통구,영통동,신선식품,50대,824761,33,24992,미참여,0.555,15
2025-07,수원시 영통구,영통동,신선식품,60대 이상,1092515,40,27312,미참여,0.566,30
2025-07,수원시 영통구,영통동,생활용품,20대,664483,28,23731,미참여,0.266,28
2025-07,수원시 영통구,영통동,생활용품,30대,699802,37,18913,미참여,0.299,29
2025-07,수원시 영통구,영통동,생활용품,40대,922721,38,24282,미참여,0.297,11
2025-07,수원시 영통구,영통동,생활용품,50대,825142,36,22920,미참여,0.372,12
2025-07,수원시 영통구,영통동,생활용품,60대 이상,685629,31,22117,미참여,0.367,18
2025-07,수원시 영통구,영통동,의류/잡화,20대,570932,19,30049,미참여,0.281,14
2025-07,수원시 영통구,영통동,의류/잡화,30대,753805,18,41878,미참여,0.418,26
2025-07,수원시 영통구,영통동,의류/잡화,40대,757942,22,34451,미참여,0.437,9
2025-07,수원시 영통구,영통동,의류/잡화,50대,1018273,34,29949,미참여,0.39,20
2025-07,수원시 영통구,영통동,의류/잡화,60대 이상,638039,17,37531,미참여,0.474,21
2025-07,수원시 영통구,영통동,미용/생활서비스,20대,431798,15,28786,미참여,0.299,14
2025-07,수원시 영통구,영통동,미용/생활서비스,30대,576898,17,33935,미참여,0.406,18
2025-07,수원시 영통구,영통동,미용/생활서비스,40대,680332,23,29579,미참여,0.379,13
2025-07,수원시 영통구,영통동,미용/생활서비스,50대,572196,17,33658,미참여,0.364,23
2025-07,수원시 영통구,영통동,미용/생활서비스,60대 이상,830343,27,30753,미참여,0.322,25
2025-07,수원시 영통구,영통동,교육/학원,20대,2721570,26,104675,미참여,0.324,5
2025-07,수원시 영통구,영통동,교육/학원,30대,2637906,29,90962,미참여,0.235,21
2025-07,수원시 영통구,영통동,교육/학원,40대,1829590,19,96294,미참여,0.482,25
2025-07,수원시 영통구,영통동,교육/학원,50대,3175567,39,81424,미참여,0.401,16
2025-07,수원시 영통구,영통동,교육/학원,60대 이상,1912151,19,100639,미참여,0.415,19
2025-07,수원시 영통구,영통동,병원/약국,20대,706800,34,20788,미참여,0.227,12
2025-07,수원시 영통구,영통동,병원/약국,30대,493152,18,27397,미참여,0.421,19
2025-07,수원시 영통구,영통동,병원/약국,40대,408197,20,20409,미참여,0.353,28
2025-07,수원시 영통구,영통동,병원/약국,50대,736166,30,24538,미참여,0.242,18
2025-07,수원시 영통구,영통동,병원/약국,60대 이상,883662,39,22658,미참여,0.321,17
2025-07,수원시 영통구,영통동,편의점/마트,20대,407213,29,14041,미참여,0.395,24
2025-07,수원시 영통구,영통동,편의점/마트,30대,400298,27,14825,미참여,0.498,25
2025-07,수원시 영통구,영통동,편의점/마트,40대,306855,28,10959,미참여,0.51,27
2025-07,수원시 영통구,영통동,편의점/마트,50대,354848,31,11446,미참여,0.602,18
2025-07,수원시 영통구,영통동,편의점/마트,60대 이상,329757,30,10991,미참여,0.339,37
2025-07,수원시 영통구,광교동,한식/분식,20대,469953,31,15159,미참여,0.383,19
2025-07,수원시 영통구,광교동,한식/분식,30대,693429,39,17780,미참여,0.266,30
2025-07,수원시 영통구,광교동,한식/분식,40대,636467,36,17679,미참여,0.47,3
2025-07,수원시 영통구,광교동,한식/분식,50대,471238,33,14279,미참여,0.421,24
2025-07,수원시 영통구,광교동,한식/분식,60대 이상,421411,25,16856,미참여,0.623,19
2025-07,수원시 영통구,광교동,카페/디저트,20대,356300,39,9135,미참여,0.324,17
2025-07,수원시 영통구,광교동,카페/디저트,30대,199700,26,7680,미참여,0.194,11
2025-07,수원시 영통구,광교동,카페/디저트,40대,236384,24,9849,미참여,0.424,21
2025-07,수원시 영통구,광교동,카페/디저트,50대,260739,30,8691,미참여,0.322,19
2025-07,수원시 영통구,광교동,카페/디저트,60대 이상,330970,38,8709,미참여,0.345,23
2025-07,수원시 영통구,광교동,신선식품,20대,793704,27,29396,미참여,0.475,11
2025-07,수원시 영통구,광교동,신선식품,30대,1185000,34,34852,미참여,0.435,2
2025-07,수원시 영통구,광교동,신선식품,40대,1401443,50,28028,미참여,0.367,28
2025-07,수원시 영통구,광교동,신선식품,50대,1660574,62,26783,미참여,0.365,12
2025-07,수원시 영통구,광교동,신선식품,60대 이상,1187954,34,34939,미참여,0.454,23
2025-07,수원시 영통구,광교동,생활용품,20대,853078,36,23696,미참여,0.321,11
2025-07,수원시 영통구,광교동,생활용품,30대,818475,31,26402,미참여,0.279,25
2025-07,수원시 영통구,광교동,생활용품,40대,748014,29,25793,미참여,0.454,20
2025-07,수원시 영통구,광교동,생활용품,50대,540469,23,23498,미참여,0.504,3
2025-07,수원시 영통구,광교동,생활용품,60대 이상,613991,26,23615,미참여,0.409,38
2025-07,수원시 영통구,광교동,의류/잡화,20대,652858,21,31088,미참여,0.258,12
2025-07,수원시 영통구,광교동,의류/잡화,30대,482194,15,32146,미참여,0.323,25
2025-07,수원시 영통구,광교동,의류/잡화,40대,295466,9,32829,미참여,0.402,23
2025-07,수원시 영통구,광교동,의류/잡화,50대,916051,24,38168,미참여,0.326,16
2025-07,수원시 영통구,광교동,의류/잡화,60대 이상,919511,24,38312,미참여,0.12,17
2025-07,수원시 영통구,광교동,미용/생활서비스,20대,1039815,31,33542,미참여,0.405,19
2025-07,수원시 영통구,광교동,미용/생활서비스,30대,694257,26,26702,미참여,0.298,33
2025-07,수원시 영통구,광교동,미용/생활서비스,40대,754737,26,29028,미참여,0.367,26
2025-07,수원시 영통구,광교동,미용/생활서비스,50대,567056,21,27002,미참여,0.453,14
2025-07,수원시 영통구,광교동,미용/생활서비스,60대 이상,671078,20,33553,미참여,0.409,20
2025-07,수원시 영통구,광교동,교육/학원,20대,1979023,24,82459,미참여,0.439,13
2025-07,수원시 영통구,광교동,교육/학원,30대,4020147,42,95717,미참여,0.246,30
2025-07,수원시 영통구,광교동,교육/학원,40대,2984813,32,93275,미참여,0.327,19
2025-07,수원시 영통구,광교동,교육/학원,50대,2401068,27,88928,미참여,0.318,18
2025-07,수원시 영통구,광교동,교육/학원,60대 이상,1496974,17,88057,미참여,0.367,24
2025-07,수원시 영통구,광교동,병원/약국,20대,946473,33,28681,미참여,0.343,22
2025-07,수원시 영통구,광교동,병원/약국,30대,751795,27,27844,미참여,0.339,25
2025-07,수원시 영통구,광교동,병원/약국,40대,530993,24,22124,미참여,0.208,12
2025-07,수원시 영통구,광교동,병원/약국,50대,571261,23,24837,미참여,0.405,13
2025-07,수원시 영통구,광교동,병원/약국,60대 이상,786248,32,24570,미참여,0.525,1
2025-07,수원시 영통구,광교동,편의점/마트,20대,520890,49,10630,미참여,0.358,33
2025-07,수원시 영통구,광교동,편의점/마트,30대,367825,33,11146,미참여,0.419,26
2025-07,수원시 영통구,광교동,편의점/마트,40대,228667,21,10888,미참여,0.6,26
2025-07,수원시 영통구,광교동,편의점/마트,50대,337091,27,12484,미참여,0.448,20
2025-07,수원시 영통구,광교동,편의점/마트,60대 이상,313336,21,14920,미참여,0.245,30
2025-07,수원시 영통구,매탄동,한식/분식,20대,500356,33,15162,미참여,0.473,12
2025-07,수원시 영통구,매탄동,한식/분식,30대,644526,37,17419,미참여,0.393,13
2025-07,수원시 영통구,매탄동,한식/분식,40대,424274,29,14630,미참여,0.327,17
2025-07,수원시 영통구,매탄동,한식/분식,50대,268931,21,12806,미참여,0.505,30
2025-07,수원시 영통구,매탄동,한식/분식,60대 이상,485529,32,15172,미참여,0.324,23
2025-07,수원시 영통구,매탄동,카페/디저트,20대,477360,56,8524,미참여,0.506,22
2025-07,수원시 영통구,매탄동,카페/디저트,30대,263024,33,7970,미참여,0.201,18
2025-07,수원시 영통구,매탄동,카페/디저트,40대,370731,39,9505,미참여,0.381,15
2025-07,수원시 영통구,매탄동,카페/디저트,50대,537470,60,8957,미참여,0.297,24
2025-07,수원시 영통구,매탄동,카페/디저트,60대 이상,404212,42,9624,미참여,0.195,24
2025-07,수원시 영통구,매탄동,신선식품,20대,654785,26,25184,미참여,0.289,10
2025-07,수원시 영통구,매탄동,신선식품,30대,1474530,46,32055,미참여,0.377,15
2025-07,수원시 영통구,매탄동,신선식품,40대,782994,31,25257,미참여,0.309,22
2025-07,수원시 영통구,매탄동,신선식품,50대,1403548,47,29862,미참여,0.311,24
2025-07,수원시 영통구,매탄동,신선식품,60대 이상,1211718,40,30292,미참여,0.361,19
2025-07,수원시 영통구,매탄동,생활용품,20대,964210,36,26783,미참여,0.396,11
2025-07,수원시 영통구,매탄동,생활용품,30대,880839,35,25166,미참여,0.365,14
2025-07,수원시 영통구,매탄동,생활용품,40대,758008,30,25266,미참여,0.236,11
2025-07,수원시 영통구,매탄동,생활용품,50대,838549,32,26204,미참여,0.36,29
2025-07,수원시 영통구,매탄동,생활용품,60대 이상,958811,38,25231,미참여,0.352,26
2025-07,수원시 영통구,매탄동,의류/잡화,20대,755292,21,35966,미참여,0.416,19
2025-07,수원시 영통구,매탄동,의류/잡화,30대,532167,14,38011,미참여,0.377,23
2025-07,수원시 영통구,매탄동,의류/잡화,40대,557862,17,32815,미참여,0.458,13
2025-07,수원시 영통구,매탄동,의류/잡화,50대,737928,18,40996,미참여,0.444,12
2025-07,수원시 영통구,매탄동,의류/잡화,60대 이상,536906,17,31582,미참여,0.294,14
2025-07,수원시 영통구,매탄동,미용/생활서비스,20대,830066,25,33202,미참여,0.392,7
2025-07,수원시 영통구,매탄동,미용/생활서비스,30대,470084,15,31338,미참여,0.311,28
2025-07,수원시 영통구,매탄동,미용/생활서비스,40대,486763,13,37443,미참여,0.355,1
2025-07,수원시 영통구,매탄동,미용/생활서비스,50대,971453,31,31337,미참여,0.2,8
2025-07,수원시 영통구,매탄동,미용/생활서비스,60대 이상,1141600,33,34593,미참여,0.243,19
2025-07,수원시 영통구,매탄동,교육/학원,20대,1393918,16,87119,미참여,0.291,29
2025-07,수원시 영통구,매탄동,교육/학원,30대,3690429,39,94626,미참여,0.249,10
2025-07,수원시 영통구,매탄동,교육/학원,40대,2620376,36,72788,미참여,0.355,22
2025-07,수원시 영통구,매탄동,교육/학원,50대,1621268,21,77203,미참여,0.358,26
2025-07,수원시 영통구,매탄동,교육/학원,60대 이상,1806955,24,75289,미참여,0.466,41
2025-07,수원시 영통구,매탄동,병원/약국,20대,564861,22,25675,미참여,0.422,18
2025-07,수원시 영통구,매탄동,병원/약국,30대,727931,28,25997,미참여,0.387,23
2025-07,수원시 영통구,매탄동,병원/약국,40대,420414,16,26275,미참여,0.311,19
2025-07,수원시 영통구,매탄동,병원/약국,50대,1510883,52,29055,미참여,0.307,9
2025-07,수원시 영통구,매탄동,병원/약국,60대 이상,908813,31,29316,미참여,0.409,10
2025-07,수원시 영통구,매탄동,편의점/마트,20대,227621,22,10346,미참여,0.32,13
2025-07,수원시 영통구,매탄동,편의점/마트,30대,452229,44,10277,미참여,0.379,10
2025-07,수원시 영통구,매탄동,편의점/마트,40대,362742,25,14509,미참여,0.518,26
2025-07,수원시 영통구,매탄동,편의점/마트,50대,257659,18,14314,미참여,0.483,11
2025-07,수원시 영통구,매탄동,편의점/마트,60대 이상,370977,28,13249,미참여,0.515,16
2025-07,수원시 영통구,원천동,한식/분식,20대,255650,20,12782,미참여,0.318,21
2025-07,수원시 영통구,원천동,한식/분식,30대,550243,42,13101,미참여,0.489,17
2025-07,수원시 영통구,원천동,한식/분식,40대,760016,43,17674,미참여,0.539,16
2025-07,수원시 영통구,원천동,한식/분식,50대,327488,26,12595,미참여,0.44,17
2025-07,수원시 영통구,원천동,한식/분식,60대 이상,538976,37,14566,미참여,0.183,33
2025-07,수원시 영통구,원천동,카페/디저트,20대,418347,50,8366,미참여,0.35,22
2025-07,수원시 영통구,원천동,카페/디저트,30대,518531,52,9971,미참여,0.264,30
2025-07,수원시 영통구,원천동,카페/디저트,40대,239434,24,9976,미참여,0.33,21
2025-07,수원시 영통구,원천동,카페/디저트,50대,321705,32,10053,미참여,0.234,32
2025-07,수원시 영통구,원천동,카페/디저트,60대 이상,223556,25,8942,미참여,0.429,16
2025-07,수원시 영통구,원천동,신선식품,20대,548446,21,26116,미참여,0.466,26
2025-07,수원시 영통구,원천동,신선식품,30대,1231307,39,31571,미참여,0.308,13
2025-07,수원시 영통구,원천동,신선식품,40대,850673,30,28355,미참여,0.477,17
2025-07,수원시 영통구,원천동,신선식품,50대,1205275,35,34436,미참여,0.441,18
2025-07,수원시 영통구,원천동,신선식품,60대 이상,1737895,50,34757,미참여,0.277,19
2025-07,수원시 영통구,원천동,생활용품,20대,600692,24,25028,미참여,0.509,27
2025-07,수원시 영통구,원천동,생활용품,30대,668047,28,23858,미참여,0.236,10
2025-07,수원시 영통구,원천동,생활용품,40대,788000,31,25419,미참여,0.352,26
2025-07,수원시 영통구,원천동,생활용품,50대,806757,36,22409,미참여,0.299,28
2025-07,수원시 영통구,원천동,생활용품,60대 이상,566347,27,20975,미참여,0.373,17
2025-07,수원시 영통구,원천동,의류/잡화,20대,671262,20,33563,미참여,0.483,21
2025-07,수원시 영통구,원천동,의류/잡화,30대,506182,16,31636,미참여,0.38,22
2025-07,수원시 영통구,원천동,의류/잡화,40대,513599,12,42799,미참여,0.22,3
2025-07,수원시 영통구,원천동,의류/잡화,50대,339190,11,30835,미참여,0.389,12
2025-07,수원시 영통구,원천동,의류/잡화,60대 이상,558223,18,31012,미참여,0.362,15
2025-07,수원시 영통구,원천동,미용/생활서비스,20대,812132,23,35310,미참여,0.424,18
2025-07,수원시 영통구,원천동,미용/생활서비스,30대,645176,21,30722,미참여,0.5,21
2025-07,수원시 영통구,원천동,미용/생활서비스,40대,715734,25,28629,미참여,0.329,23
2025-07,수원시 영통구,원천동,미용/생활서비스,50대,681881,23,29647,미참여,0.241,26
2025-07,수원시 영통구,원천동,미용/생활서비스,60대 이상,276125,10,27612,미참여,0.407,13
2025-07,수원시 영통구,원천동,교육/학원,20대,2448260,28,87437,미참여,0.332,28
2025-07,수원시 영통구,원천동,교육/학원,30대,2671317,29,92114,미참여,0.419,18
2025-07,수원시 영통구,원천동,교육/학원,40대,3080904,31,99384,미참여,0.397,22
2025-07,수원시 영통구,원천동,교육/학원,50대,2196057,30,73201,미참여,0.354,17
2025-07,수원시 영통구,원천동,교육/학원,60대 이상,1727706,21,82271,미참여,0.134,22
2025-07,수원시 영통구,원천동,병원/약국,20대,716104,25,28644,미참여,0.399,22
2025-07,수원시 영통구,원천동,병원/약국,30대,819983,34,24117,미참여,0.33,12
2025-07,수원시 영통구,원천동,병원/약국,40대,444583,17,26151,미참여,0.475,11
2025-07,수원시 영통구,원천동,병원/약국,50대,702052,26,27002,미참여,0.382,18
2025-07,수원시 영통구,원천동,병원/약국,60대 이상,734296,32,22946,미참여,0.463,18
2025-07,수원시 영통구,원천동,편의점/마트,20대,352586,33,10684,미참여,0.333,14
2025-07,수원시 영통구,원천동,편의점/마트,30대,671453,46,14596,미참여,0.416,20
2025-07,수원시 영통구,원천동,편의점/마트,40대,389848,34,11466,미참여,0.499,15
2025-07,수원시 영통구,원천동,편의점/마트,50대,276246,22,12556,미참여,0.518,26
2025-07,수원시 영통구,원천동,편의점/마트,60대 이상,437126,38,11503,미참여,0.563,8
2025-07,광주 북구,용봉동,한식/분식,20대,370054,24,15418,미참여,0.593,21
2025-07,광주 북구,용봉동,한식/분식,30대,584141,38,15372,미참여,0.395,29
2025-07,광주 북구,용봉동,한식/분식,40대,462249,30,15408,미참여,0.349,9
2025-07,광주 북구,용봉동,한식/분식,50대,736705,47,15674,미참여,0.499,29
2025-07,광주 북구,용봉동,한식/분식,60대 이상,388969,29,13412,미참여,0.448,34
2025-07,광주 북구,용봉동,카페/디저트,20대,357831,44,8132,미참여,0.284,20
2025-07,광주 북구,용봉동,카페/디저트,30대,292464,35,8356,미참여,0.445,36
2025-07,광주 북구,용봉동,카페/디저트,40대,285795,29,9855,미참여,0.316,16
2025-07,광주 북구,용봉동,카페/디저트,50대,182369,22,8289,미참여,0.26,13
2025-07,광주 북구,용봉동,카페/디저트,60대 이상,250955,34,7381,미참여,0.406,27
2025-07,광주 북구,용봉동,신선식품,20대,618141,23,26875,미참여,0.433,20
2025-07,광주 북구,용봉동,신선식품,30대,567727,21,27034,미참여,0.532,12
2025-07,광주 북구,용봉동,신선식품,40대,760339,23,33058,미참여,0.321,12
2025-07,광주 북구,용봉동,신선식품,50대,1440149,52,27695,미참여,0.416,27
2025-07,광주 북구,용봉동,신선식품,60대 이상,1593312,53,30062,미참여,0.431,5
2025-07,광주 북구,용봉동,생활용품,20대,606966,27,22480,미참여,0.451,24
2025-07,광주 북구,용봉동,생활용품,30대,899751,36,24993,미참여,0.148,26
2025-07,광주 북구,용봉동,생활용품,40대,695852,28,24851,미참여,0.286,28
2025-07,광주 북구,용봉동,생활용품,50대,797092,38,20976,미참여,0.33,21
2025-07,광주 북구,용봉동,생활용품,60대 이상,1122461,48,23384,미참여,0.316,19
2025-07,광주 북구,용봉동,의류/잡화,20대,947712,30,31590,미참여,0.124,16
2025-07,광주 북구,용봉동,의류/잡화,30대,504446,13,38803,미참여,0.273,24
2025-07,광주 북구,용봉동,의류/잡화,40대,619051,16,38690,미참여,0.364,11
2025-07,광주 북구,용봉동,의류/잡화,50대,407949,13,31380,미참여,0.45,18
2025-07,광주 북구,용봉동,의류/잡화,60대 이상,800920,19,42153,미참여,0.442,15
2025-07,광주 북구,용봉동,미용/생활서비스,20대,646240,20,32312,미참여,0.27,9
2025-07,광주 북구,용봉동,미용/생활서비스,30대,651732,20,32586,미참여,0.331,21
2025-07,광주 북구,용봉동,미용/생활서비스,40대,1103378,34,32452,미참여,0.291,16
2025-07,광주 북구,용봉동,미용/생활서비스,50대,753261,23,32750,미참여,0.273,9
2025-07,광주 북구,용봉동,미용/생활서비스,60대 이상,929797,25,37191,미참여,0.41,13
2025-07,광주 북구,용봉동,교육/학원,20대,1618154,21,77054,미참여,0.395,21
2025-07,광주 북구,용봉동,교육/학원,30대,3856984,46,83847,미참여,0.267,1
2025-07,광주 북구,용봉동,교육/학원,40대,1715919,20,85795,미참여,0.167,18
2025-07,광주 북구,용봉동,교육/학원,50대,1238206,17,72835,미참여,0.546,23
2025-07,광주 북구,용봉동,교육/학원,60대 이상,2494379,33,75587,미참여,0.38,10
2025-07,광주 북구,용봉동,병원/약국,20대,494886,22,22494,미참여,0.343,17
2025-07,광주 북구,용봉동,병원/약국,30대,630490,24,26270,미참여,0.281,13
2025-07,광주 북구,용봉동,병원/약국,40대,638315,26,24550,미참여,0.268,19
2025-07,광주 북구,용봉동,병원/약국,50대,520946,25,20837,미참여,0.421,17
2025-07,광주 북구,용봉동,병원/약국,60대 이상,895090,43,20816,미참여,0.417,32
2025-07,광주 북구,용봉동,편의점/마트,20대,391913,34,11526,미참여,0.357,23
2025-07,광주 북구,용봉동,편의점/마트,30대,397114,35,11346,미참여,0.319,19
2025-07,광주 북구,용봉동,편의점/마트,40대,288180,26,11083,미참여,0.444,10
2025-07,광주 북구,용봉동,편의점/마트,50대,250765,21,11941,미참여,0.513,15
2025-07,광주 북구,용봉동,편의점/마트,60대 이상,176670,17,10392,미참여,0.616,34
2025-07,광주 북구,운암동,한식/분식,20대,802316,53,15138,미참여,0.46,23
2025-07,광주 북구,운암동,한식/분식,30대,842878,48,17559,미참여,0.432,24
2025-07,광주 북구,운암동,한식/분식,40대,529280,32,16540,미참여,0.48,10
2025-07,광주 북구,운암동,한식/분식,50대,1001907,58,17274,미참여,0.248,15
2025-07,광주 북구,운암동,한식/분식,60대 이상,605517,36,16819,미참여,0.405,27
2025-07,광주 북구,운암동,카페/디저트,20대,393124,49,8022,미참여,0.27,16
2025-07,광주 북구,운암동,카페/디저트,30대,470840,53,8883,미참여,0.363,11
2025-07,광주 북구,운암동,카페/디저트,40대,192898,24,8037,미참여,0.382,19
2025-07,광주 북구,운암동,카페/디저트,50대,241087,33,7305,미참여,0.357,10
2025-07,광주 북구,운암동,카페/디저트,60대 이상,226020,24,9417,미참여,0.368,28
2025-07,광주 북구,운암동,신선식품,20대,1055070,33,31971,미참여,0.381,29
2025-07,광주 북구,운암동,신선식품,30대,928348,37,25090,미참여,0.482,18
2025-07,광주 북구,운암동,신선식품,40대,972231,37,26276,미참여,0.323,19
2025-07,광주 북구,운암동,신선식품,50대,1207730,43,28086,미참여,0.36,9
2025-07,광주 북구,운암동,신선식품,60대 이상,1491836,47,31741,미참여,0.387,16
2025-07,광주 북구,운암동,생활용품,20대,624808,23,27165,미참여,0.423,24
2025-07,광주 북구,운암동,생활용품,30대,515086,19,27109,미참여,0.316,5
2025-07,광주 북구,운암동,생활용품,40대,608711,26,23411,미참여,0.349,21
2025-07,광주 북구,운암동,생활용품,50대,947168,45,21048,미참여,0.397,15
2025-07,광주 북구,운암동,생활용품,60대 이상,922982,39,23666,미참여,0.364,18
2025-07,광주 북구,운암동,의류/잡화,20대,946095,22,43004,미참여,0.271,14
2025-07,광주 북구,운암동,의류/잡화,30대,433681,14,30977,미참여,0.264,21
2025-07,광주 북구,운암동,의류/잡화,40대,970456,23,42193,미참여,0.356,13
2025-07,광주 북구,운암동,의류/잡화,50대,775444,24,32310,미참여,0.357,7
2025-07,광주 북구,운암동,의류/잡화,60대 이상,786132,19,41375,미참여,0.238,16
2025-07,광주 북구,운암동,미용/생활서비스,20대,1057370,38,27825,미참여,0.32,1
2025-07,광주 북구,운암동,미용/생활서비스,30대,602128,19,31690,미참여,0.218,17
2025-07,광주 북구,운암동,미용/생활서비스,40대,775610,24,32317,미참여,0.125,17
2025-07,광주 북구,운암동,미용/생활서비스,50대,751936,22,34178,미참여,0.425,6
2025-07,광주 북구,운암동,미용/생활서비스,60대 이상,708015,22,32182,미참여,0.32,29
2025-07,광주 북구,운암동,교육/학원,20대,1893426,20,94671,미참여,0.399,21
2025-07,광주 북구,운암동,교육/학원,30대,1847393,21,87971,미참여,0.379,16
2025-07,광주 북구,운암동,교육/학원,40대,1173302,12,97775,미참여,0.402,18
2025-07,광주 북구,운암동,교육/학원,50대,1047760,13,80596,미참여,0.279,17
2025-07,광주 북구,운암동,교육/학원,60대 이상,1319721,13,101517,미참여,0.367,17
2025-07,광주 북구,운암동,병원/약국,20대,890028,34,26177,미참여,0.316,18
2025-07,광주 북구,운암동,병원/약국,30대,833847,29,28753,미참여,0.324,18
2025-07,광주 북구,운암동,병원/약국,40대,525686,19,27667,미참여,0.261,15
2025-07,광주 북구,운암동,병원/약국,50대,797755,30,26591,미참여,0.363,24
2025-07,광주 북구,운암동,병원/약국,60대 이상,1122397,48,23383,미참여,0.214,11
2025-07,광주 북구,운암동,편의점/마트,20대,743517,51,14578,미참여,0.495,11
2025-07,광주 북구,운암동,편의점/마트,30대,365447,27,13535,미참여,0.535,15
2025-07,광주 북구,운암동,편의점/마트,40대,395708,29,13645,미참여,0.615,30
2025-07,광주 북구,운암동,편의점/마트,50대,388514,27,14389,미참여,0.378,15
2025-07,광주 북구,운암동,편의점/마트,60대 이상,208897,20,10444,미참여,0.513,30
2025-07,광주 북구,일곡동,한식/분식,20대,664430,39,17036,미참여,0.491,22
2025-07,광주 북구,일곡동,한식/분식,30대,488134,37,13192,미참여,0.439,22
2025-07,광주 북구,일곡동,한식/분식,40대,585816,45,13018,미참여,0.307,18
2025-07,광주 북구,일곡동,한식/분식,50대,599536,36,16653,미참여,0.478,24
2025-07,광주 북구,일곡동,한식/분식,60대 이상,382790,28,13671,미참여,0.426,12
2025-07,광주 북구,일곡동,카페/디저트,20대,429123,42,10217,미참여,0.129,17
2025-07,광주 북구,일곡동,카페/디저트,30대,237995,29,8206,미참여,0.419,9
2025-07,광주 북구,일곡동,카페/디저트,40대,178043,20,8902,미참여,0.325,17
2025-07,광주 북구,일곡동,카페/디저트,50대,239326,27,8863,미참여,0.287,13
2025-07,광주 북구,일곡동,카페/디저트,60대 이상,299311,35,8551,미참여,0.481,18
2025-07,광주 북구,일곡동,신선식품,20대,709661,25,28386,미참여,0.339,24
2025-07,광주 북구,일곡동,신선식품,30대,760466,25,30418,미참여,0.423,14
2025-07,광주 북구,일곡동,신선식품,40대,1228929,44,27930,미참여,0.474,10
2025-07,광주 북구,일곡동,신선식품,50대,1009894,40,25247,미참여,0.4,14
2025-07,광주 북구,일곡동,신선식품,60대 이상,1168834,43,27182,미참여,0.268,18
2025-07,광주 북구,일곡동,생활용품,20대,748871,36,20801,미참여,0.531,21
2025-07,광주 북구,일곡동,생활용품,30대,539632,25,21585,미참여,0.315,11
2025-07,광주 북구,일곡동,생활용품,40대,710289,35,20293,미참여,0.299,7
2025-07,광주 북구,일곡동,생활용품,50대,748639,28,26737,미참여,0.345,17
2025-07,광주 북구,일곡동,생활용품,60대 이상,809392,43,18823,미참여,0.417,23
2025-07,광주 북구,일곡동,의류/잡화,20대,885327,22,40242,미참여,0.306,18
2025-07,광주 북구,일곡동,의류/잡화,30대,359588,12,29965,미참여,0.238,15
2025-07,광주 북구,일곡동,의류/잡화,40대,878311,24,36596,미참여,0.335,6
2025-07,광주 북구,일곡동,의류/잡화,50대,634696,16,39668,미참여,0.385,29
2025-07,광주 북구,일곡동,의류/잡화,60대 이상,546149,15,36409,미참여,0.261,17
2025-07,광주 북구,일곡동,미용/생활서비스,20대,429925,15,28661,미참여,0.281,13
2025-07,광주 북구,일곡동,미용/생활서비스,30대,758702,23,32987,미참여,0.443,10
2025-07,광주 북구,일곡동,미용/생활서비스,40대,757097,26,29119,미참여,0.332,21
2025-07,광주 북구,일곡동,미용/생활서비스,50대,708294,27,26233,미참여,0.469,22
2025-07,광주 북구,일곡동,미용/생활서비스,60대 이상,639465,19,33656,미참여,0.334,24
2025-07,광주 북구,일곡동,교육/학원,20대,1422914,17,83700,미참여,0.305,21
2025-07,광주 북구,일곡동,교육/학원,30대,1640213,21,78105,미참여,0.463,9
2025-07,광주 북구,일곡동,교육/학원,40대,1608029,19,84633,미참여,0.247,12
2025-07,광주 북구,일곡동,교육/학원,50대,1602363,21,76303,미참여,0.342,21
2025-07,광주 북구,일곡동,교육/학원,60대 이상,896435,12,74702,미참여,0.325,26
2025-07,광주 북구,일곡동,병원/약국,20대,478613,20,23930,미참여,0.493,18
2025-07,광주 북구,일곡동,병원/약국,30대,441294,21,21014,미참여,0.391,13
2025-07,광주 북구,일곡동,병원/약국,40대,620510,23,26978,미참여,0.388,22
2025-07,광주 북구,일곡동,병원/약국,50대,662822,29,22855,미참여,0.174,20
2025-07,광주 북구,일곡동,병원/약국,60대 이상,1259843,46,27387,미참여,0.286,14
2025-07,광주 북구,일곡동,편의점/마트,20대,349498,27,12944,미참여,0.447,20
2025-07,광주 북구,일곡동,편의점/마트,30대,440178,30,14672,미참여,0.419,9
2025-07,광주 북구,일곡동,편의점/마트,40대,354446,24,14768,미참여,0.425,6
2025-07,광주 북구,일곡동,편의점/마트,50대,513621,49,10482,미참여,0.264,14
2025-07,광주 북구,일곡동,편의점/마트,60대 이상,396694,34,11667,미참여,0.349,20
2025-07,광주 북구,두암동,한식/분식,20대,886843,60,14780,미참여,0.38,12
2025-07,광주 북구,두암동,한식/분식,30대,675809,53,12751,미참여,0.494,23
2025-07,광주 북구,두암동,한식/분식,40대,509510,36,14153,미참여,0.482,40
2025-07,광주 북구,두암동,한식/분식,50대,697680,40,17442,미참여,0.553,26
2025-07,광주 북구,두암동,한식/분식,60대 이상,464088,35,13259,미참여,0.493,31
2025-07,광주 북구,두암동,카페/디저트,20대,314750,34,9257,미참여,0.173,21
2025-07,광주 북구,두암동,카페/디저트,30대,495988,52,9538,미참여,0.307,20
2025-07,광주 북구,두암동,카페/디저트,40대,322117,32,10066,미참여,0.366,8
2025-07,광주 북구,두암동,카페/디저트,50대,184305,26,7088,미참여,0.419,12
2025-07,광주 북구,두암동,카페/디저트,60대 이상,240661,29,8298,미참여,0.376,11
2025-07,광주 북구,두암동,신선식품,20대,851599,26,32753,미참여,0.599,10
2025-07,광주 북구,두암동,신선식품,30대,807621,28,28843,미참여,0.382,15
2025-07,광주 북구,두암동,신선식품,40대,1153209,36,32033,미참여,0.382,10
2025-07,광주 북구,두암동,신선식품,50대,1107388,44,25167,미참여,0.401,7
2025-07,광주 북구,두암동,신선식품,60대 이상,1265420,51,24812,미참여,0.312,16
2025-07,광주 북구,두암동,생활용품,20대,706918,28,25247,미참여,0.263,18
2025-07,광주 북구,두암동,생활용품,30대,979943,36,27220,미참여,0.224,31
2025-07,광주 북구,두암동,생활용품,40대,771270,37,20845,미참여,0.322,19
2025-07,광주 북구,두암동,생활용품,50대,1059073,41,25831,미참여,0.652,12
2025-07,광주 북구,두암동,생활용품,60대 이상,772598,36,21461,미참여,0.436,18
2025-07,광주 북구,두암동,의류/잡화,20대,919936,22,41815,미참여,0.318,11
2025-07,광주 북구,두암동,의류/잡화,30대,485778,14,34698,미참여,0.385,14
2025-07,광주 북구,두암동,의류/잡화,40대,528456,15,35230,미참여,0.329,16
2025-07,광주 북구,두암동,의류/잡화,50대,630432,19,33180,미참여,0.217,11
2025-07,광주 북구,두암동,의류/잡화,60대 이상,993070,24,41377,미참여,0.431,10
2025-07,광주 북구,두암동,미용/생활서비스,20대,493934,18,27440,미참여,0.435,16
2025-07,광주 북구,두암동,미용/생활서비스,30대,508663,19,26771,미참여,0.28,10
2025-07,광주 북구,두암동,미용/생활서비스,40대,697962,22,31725,미참여,0.372,14
2025-07,광주 북구,두암동,미용/생활서비스,50대,736812,23,32035,미참여,0.372,13
2025-07,광주 북구,두암동,미용/생활서비스,60대 이상,809002,29,27896,미참여,0.376,19
2025-07,광주 북구,두암동,교육/학원,20대,1292042,16,80752,미참여,0.433,26
2025-07,광주 북구,두암동,교육/학원,30대,1271312,17,74783,미참여,0.493,13
2025-07,광주 북구,두암동,교육/학원,40대,1978287,20,98914,미참여,0.359,21
2025-07,광주 북구,두암동,교육/학원,50대,2254576,29,77744,미참여,0.304,21
2025-07,광주 북구,두암동,교육/학원,60대 이상,1803287,19,94909,미참여,0.22,13
2025-07,광주 북구,두암동,병원/약국,20대,548575,22,24935,미참여,0.248,15
2025-07,광주 북구,두암동,병원/약국,30대,604657,29,20850,미참여,0.277,16
2025-07,광주 북구,두암동,병원/약국,40대,612055,24,25502,미참여,0.426,11
2025-07,광주 북구,두암동,병원/약국,50대,1085516,37,29338,미참여,0.522,5
2025-07,광주 북구,두암동,병원/약국,60대 이상,1161963,52,22345,미참여,0.275,18
2025-07,광주 북구,두암동,편의점/마트,20대,544858,39,13970,미참여,0.296,21
2025-07,광주 북구,두암동,편의점/마트,30대,309224,23,13444,미참여,0.499,18
2025-07,광주 북구,두암동,편의점/마트,40대,395903,34,11644,미참여,0.366,7
2025-07,광주 북구,두암동,편의점/마트,50대,344594,25,13783,미참여,0.26,29
2025-07,광주 북구,두암동,편의점/마트,60대 이상,405040,28,14465,미참여,0.45,29
2025-07,광주 동구,충장동,한식/분식,20대,814323,56,14541,미참여,0.293,32
2025-07,광주 동구,충장동,한식/분식,30대,326168,23,14181,미참여,0.356,21
2025-07,광주 동구,충장동,한식/분식,40대,1007194,56,17985,미참여,0.352,25
2025-07,광주 동구,충장동,한식/분식,50대,397923,30,13264,미참여,0.506,15
2025-07,광주 동구,충장동,한식/분식,60대 이상,591020,37,15973,미참여,0.466,25
2025-07,광주 동구,충장동,카페/디저트,20대,487986,57,8561,미참여,0.387,19
2025-07,광주 동구,충장동,카페/디저트,30대,459038,45,10200,미참여,0.309,22
2025-07,광주 동구,충장동,카페/디저트,40대,245942,24,10247,미참여,0.362,14
2025-07,광주 동구,충장동,카페/디저트,50대,333032,37,9000,미참여,0.298,10
2025-07,광주 동구,충장동,카페/디저트,60대 이상,300536,40,7513,미참여,0.29,17
2025-07,광주 동구,충장동,신선식품,20대,646268,26,24856,미참여,0.368,11
2025-07,광주 동구,충장동,신선식품,30대,860282,36,23896,미참여,0.542,28
2025-07,광주 동구,충장동,신선식품,40대,1216664,44,27651,미참여,0.363,10
2025-07,광주 동구,충장동,신선식품,50대,1449235,43,33703,미참여,0.322,33
2025-07,광주 동구,충장동,신선식품,60대 이상,1115065,42,26549,미참여,0.357,16
2025-07,광주 동구,충장동,생활용품,20대,523962,24,21831,미참여,0.416,25
2025-07,광주 동구,충장동,생활용품,30대,645037,24,26876,미참여,0.379,19
2025-07,광주 동구,충장동,생활용품,40대,373552,19,19660,미참여,0.291,20
2025-07,광주 동구,충장동,생활용품,50대,1084336,47,23070,미참여,0.396,25
2025-07,광주 동구,충장동,생활용품,60대 이상,1051735,40,26293,미참여,0.308,14
2025-07,광주 동구,충장동,의류/잡화,20대,928294,23,40360,미참여,0.608,16
2025-07,광주 동구,충장동,의류/잡화,30대,647061,19,34055,미참여,0.251,16
2025-07,광주 동구,충장동,의류/잡화,40대,992805,30,33093,미참여,0.362,14
2025-07,광주 동구,충장동,의류/잡화,50대,896480,23,38977,미참여,0.234,29
2025-07,광주 동구,충장동,의류/잡화,60대 이상,1066992,25,42679,미참여,0.298,30
2025-07,광주 동구,충장동,미용/생활서비스,20대,921330,35,26323,미참여,0.305,15
2025-07,광주 동구,충장동,미용/생활서비스,30대,646384,22,29381,미참여,0.476,24
2025-07,광주 동구,충장동,미용/생활서비스,40대,804762,27,29806,미참여,0.393,23
2025-07,광주 동구,충장동,미용/생활서비스,50대,576789,21,27466,미참여,0.568,26
2025-07,광주 동구,충장동,미용/생활서비스,60대 이상,624503,19,32868,미참여,0.436,17
2025-07,광주 동구,충장동,교육/학원,20대,1681990,16,105124,미참여,0.37,25
2025-07,광주 동구,충장동,교육/학원,30대,2207795,24,91991,미참여,0.502,9
2025-07,광주 동구,충장동,교육/학원,40대,1509250,20,75462,미참여,0.314,7
2025-07,광주 동구,충장동,교육/학원,50대,1418948,16,88684,미참여,0.399,12
2025-07,광주 동구,충장동,교육/학원,60대 이상,1696524,21,80786,미참여,0.435,29
2025-07,광주 동구,충장동,병원/약국,20대,647804,25,25912,미참여,0.28,10
2025-07,광주 동구,충장동,병원/약국,30대,692280,26,26626,미참여,0.193,10
2025-07,광주 동구,충장동,병원/약국,40대,617336,22,28060,미참여,0.501,6
2025-07,광주 동구,충장동,병원/약국,50대,683854,29,23581,미참여,0.426,15
2025-07,광주 동구,충장동,병원/약국,60대 이상,1092195,51,21415,미참여,0.413,13
2025-07,광주 동구,충장동,편의점/마트,20대,370766,29,12785,미참여,0.439,10
2025-07,광주 동구,충장동,편의점/마트,30대,374658,26,14409,미참여,0.528,15
2025-07,광주 동구,충장동,편의점/마트,40대,391896,31,12641,미참여,0.386,26
2025-07,광주 동구,충장동,편의점/마트,50대,647548,47,13777,미참여,0.312,10
2025-07,광주 동구,충장동,편의점/마트,60대 이상,513484,37,13877,미참여,0.5,18
2025-07,광주 동구,동명동,한식/분식,20대,900472,51,17656,미참여,0.442,17
2025-07,광주 동구,동명동,한식/분식,30대,670109,39,17182,미참여,0.394,5
2025-07,광주 동구,동명동,한식/분식,40대,533132,41,13003,미참여,0.441,11
2025-07,광주 동구,동명동,한식/분식,50대,413583,24,17232,미참여,0.313,11
2025-07,광주 동구,동명동,한식/분식,60대 이상,947391,60,15789,미참여,0.353,5
2025-07,광주 동구,동명동,카페/디저트,20대,500213,69,7249,미참여,0.391,12
2025-07,광주 동구,동명동,카페/디저트,30대,365526,50,7310,미참여,0.3,38
2025-07,광주 동구,동명동,카페/디저트,40대,284272,34,8360,미참여,0.247,23
2025-07,광주 동구,동명동,카페/디저트,50대,278610,30,9287,미참여,0.372,27
2025-07,광주 동구,동명동,카페/디저트,60대 이상,197721,26,7604,미참여,0.298,24
2025-07,광주 동구,동명동,신선식품,20대,849075,26,32656,미참여,0.495,15
2025-07,광주 동구,동명동,신선식품,30대,1120784,37,30291,미참여,0.459,13
2025-07,광주 동구,동명동,신선식품,40대,1468289,49,29965,미참여,0.247,24
2025-07,광주 동구,동명동,신선식품,50대,912564,34,26840,미참여,0.485,10
2025-07,광주 동구,동명동,신선식품,60대 이상,2292533,66,34735,미참여,0.446,25
2025-07,광주 동구,동명동,생활용품,20대,760076,29,26209,미참여,0.378,25
2025-07,광주 동구,동명동,생활용품,30대,559404,22,25427,미참여,0.267,9
2025-07,광주 동구,동명동,생활용품,40대,767191,41,18711,미참여,0.343,22
2025-07,광주 동구,동명동,생활용품,50대,631541,28,22555,미참여,0.411,14
2025-07,광주 동구,동명동,생활용품,60대 이상,565622,25,22624,미참여,0.536,12
2025-07,광주 동구,동명동,의류/잡화,20대,1161368,27,43013,미참여,0.231,18
2025-07,광주 동구,동명동,의류/잡화,30대,605138,18,33618,미참여,0.353,33
2025-07,광주 동구,동명동,의류/잡화,40대,690623,18,38367,미참여,0.3,20
2025-07,광주 동구,동명동,의류/잡화,50대,532580,14,38041,미참여,0.269,19
2025-07,광주 동구,동명동,의류/잡화,60대 이상,1221028,28,43608,미참여,0.251,20
2025-07,광주 동구,동명동,미용/생활서비스,20대,896527,30,29884,미참여,0.432,17
2025-07,광주 동구,동명동,미용/생활서비스,30대,475109,13,36546,미참여,0.21,18
2025-07,광주 동구,동명동,미용/생활서비스,40대,424900,16,26556,미참여,0.607,19
2025-07,광주 동구,동명동,미용/생활서비스,50대,699957,22,31816,미참여,0.325,15
2025-07,광주 동구,동명동,미용/생활서비스,60대 이상,521190,17,30658,미참여,0.295,25
2025-07,광주 동구,동명동,교육/학원,20대,2013617,21,95886,미참여,0.371,19
2025-07,광주 동구,동명동,교육/학원,30대,2686983,26,103345,미참여,0.16,23
2025-07,광주 동구,동명동,교육/학원,40대,2161833,23,93992,미참여,0.339,14
2025-07,광주 동구,동명동,교육/학원,50대,2723449,26,104748,미참여,0.576,25
2025-07,광주 동구,동명동,교육/학원,60대 이상,1956184,21,93151,미참여,0.46,23
2025-07,광주 동구,동명동,병원/약국,20대,775380,31,25012,미참여,0.381,14
2025-07,광주 동구,동명동,병원/약국,30대,1024908,39,26279,미참여,0.358,13
2025-07,광주 동구,동명동,병원/약국,40대,612395,22,27836,미참여,0.12,20
2025-07,광주 동구,동명동,병원/약국,50대,572638,25,22905,미참여,0.283,26
2025-07,광주 동구,동명동,병원/약국,60대 이상,677142,24,28214,미참여,0.193,13
2025-07,광주 동구,동명동,편의점/마트,20대,349777,26,13452,미참여,0.362,10
2025-07,광주 동구,동명동,편의점/마트,30대,275533,21,13120,미참여,0.436,13
2025-07,광주 동구,동명동,편의점/마트,40대,154235,13,11864,미참여,0.522,14
2025-07,광주 동구,동명동,편의점/마트,50대,337494,25,13499,미참여,0.501,6
2025-07,광주 동구,동명동,편의점/마트,60대 이상,370730,34,10903,미참여,0.334,11
2025-07,광주 동구,서남동,한식/분식,20대,804112,48,16752,미참여,0.417,17
2025-07,광주 동구,서남동,한식/분식,30대,556458,35,15898,미참여,0.38,15
2025-07,광주 동구,서남동,한식/분식,40대,1048676,62,16914,미참여,0.438,27
2025-07,광주 동구,서남동,한식/분식,50대,841480,50,16829,미참여,0.415,24
2025-07,광주 동구,서남동,한식/분식,60대 이상,752660,43,17503,미참여,0.518,13
2025-07,광주 동구,서남동,카페/디저트,20대,265475,28,9481,미참여,0.322,27
2025-07,광주 동구,서남동,카페/디저트,30대,336684,33,10202,미참여,0.316,27
2025-07,광주 동구,서남동,카페/디저트,40대,276339,30,9211,미참여,0.36,21
2025-07,광주 동구,서남동,카페/디저트,50대,325780,33,9872,미참여,0.126,25
2025-07,광주 동구,서남동,카페/디저트,60대 이상,355281,39,9109,미참여,0.218,27
2025-07,광주 동구,서남동,신선식품,20대,1006911,32,31465,미참여,0.494,14
2025-07,광주 동구,서남동,신선식품,30대,641195,20,32059,미참여,0.407,20
2025-07,광주 동구,서남동,신선식품,40대,856905,30,28563,미참여,0.494,9
2025-07,광주 동구,서남동,신선식품,50대,1149043,39,29462,미참여,0.443,17
2025-07,광주 동구,서남동,신선식품,60대 이상,914954,37,24728,미참여,0.432,14
2025-07,광주 동구,서남동,생활용품,20대,392675,19,20667,미참여,0.48,24
2025-07,광주 동구,서남동,생활용품,30대,563198,23,24486,미참여,0.308,20
2025-07,광주 동구,서남동,생활용품,40대,798281,42,19006,미참여,0.357,21
2025-07,광주 동구,서남동,생활용품,50대,1385024,55,25182,미참여,0.498,5
2025-07,광주 동구,서남동,생활용품,60대 이상,1124118,43,26142,미참여,0.41,19
2025-07,광주 동구,서남동,의류/잡화,20대,1680698,39,43094,미참여,0.352,18
2025-07,광주 동구,서남동,의류/잡화,30대,1151988,31,37160,미참여,0.469,31
2025-07,광주 동구,서남동,의류/잡화,40대,955648,28,34130,미참여,0.327,22
2025-07,광주 동구,서남동,의류/잡화,50대,850014,26,32692,미참여,0.349,18
2025-07,광주 동구,서남동,의류/잡화,60대 이상,817206,19,43010,미참여,0.283,27
2025-07,광주 동구,서남동,미용/생활서비스,20대,746842,24,31118,미참여,0.328,14
2025-07,광주 동구,서남동,미용/생활서비스,30대,751798,22,34172,미참여,0.394,16
2025-07,광주 동구,서남동,미용/생활서비스,40대,642641,19,33823,미참여,0.313,17
2025-07,광주 동구,서남동,미용/생활서비스,50대,498725,18,27706,미참여,0.163,14
2025-07,광주 동구,서남동,미용/생활서비스,60대 이상,470463,17,27674,미참여,0.328,19
2025-07,광주 동구,서남동,교육/학원,20대,1787941,24,74497,미참여,0.347,27
2025-07,광주 동구,서남동,교육/학원,30대,2068336,20,103416,미참여,0.253,5
2025-07,광주 동구,서남동,교육/학원,40대,1923767,20,96188,미참여,0.25,17
2025-07,광주 동구,서남동,교육/학원,50대,1052139,13,80933,미참여,0.464,5
2025-07,광주 동구,서남동,교육/학원,60대 이상,2236998,22,101681,미참여,0.308,13
2025-07,광주 동구,서남동,병원/약국,20대,486410,21,23162,미참여,0.348,18
2025-07,광주 동구,서남동,병원/약국,30대,682362,28,24370,미참여,0.416,24
2025-07,광주 동구,서남동,병원/약국,40대,962322,43,22379,미참여,0.332,10
2025-07,광주 동구,서남동,병원/약국,50대,575580,26,22137,미참여,0.492,25
2025-07,광주 동구,서남동,병원/약국,60대 이상,1106121,47,23534,미참여,0.41,15
2025-07,광주 동구,서남동,편의점/마트,20대,373188,25,14927,미참여,0.471,25
2025-07,광주 동구,서남동,편의점/마트,30대,196661,17,11568,미참여,0.551,29
2025-07,광주 동구,서남동,편의점/마트,40대,515459,37,13931,미참여,0.546,17
2025-07,광주 동구,서남동,편의점/마트,50대,402839,38,10601,미참여,0.498,32
2025-07,광주 동구,서남동,편의점/마트,60대 이상,423981,35,12113,미참여,0.534,28
2025-07,광주 동구,학동,한식/분식,20대,429454,29,14808,미참여,0.549,22
2025-07,광주 동구,학동,한식/분식,30대,534508,39,13705,미참여,0.491,17
2025-07,광주 동구,학동,한식/분식,40대,780831,49,15935,미참여,0.503,43
2025-07,광주 동구,학동,한식/분식,50대,484922,31,15642,미참여,0.287,19
2025-07,광주 동구,학동,한식/분식,60대 이상,479085,38,12607,미참여,0.382,22
2025-07,광주 동구,학동,카페/디저트,20대,446249,51,8749,미참여,0.484,16
2025-07,광주 동구,학동,카페/디저트,30대,215680,29,7437,미참여,0.38,23
2025-07,광주 동구,학동,카페/디저트,40대,238443,28,8515,미참여,0.327,33
2025-07,광주 동구,학동,카페/디저트,50대,244884,26,9418,미참여,0.318,25
2025-07,광주 동구,학동,카페/디저트,60대 이상,224244,23,9749,미참여,0.451,6
2025-07,광주 동구,학동,신선식품,20대,486348,20,24317,미참여,0.65,11
2025-07,광주 동구,학동,신선식품,30대,458511,14,32750,미참여,0.356,19
2025-07,광주 동구,학동,신선식품,40대,1133571,33,34350,미참여,0.482,18
2025-07,광주 동구,학동,신선식품,50대,1270481,39,32576,미참여,0.49,20
2025-07,광주 동구,학동,신선식품,60대 이상,1335443,46,29031,미참여,0.585,8
2025-07,광주 동구,학동,생활용품,20대,563542,21,26835,미참여,0.201,15
2025-07,광주 동구,학동,생활용품,30대,592153,23,25745,미참여,0.315,19
2025-07,광주 동구,학동,생활용품,40대,754879,33,22875,미참여,0.429,9
2025-07,광주 동구,학동,생활용품,50대,711669,28,25416,미참여,0.18,16
2025-07,광주 동구,학동,생활용품,60대 이상,633935,33,19210,미참여,0.442,22
2025-07,광주 동구,학동,의류/잡화,20대,773428,20,38671,미참여,0.326,7
2025-07,광주 동구,학동,의류/잡화,30대,796054,22,36184,미참여,0.226,28
2025-07,광주 동구,학동,의류/잡화,40대,690617,21,32886,미참여,0.449,24
2025-07,광주 동구,학동,의류/잡화,50대,948573,23,41242,미참여,0.444,1
2025-07,광주 동구,학동,의류/잡화,60대 이상,963405,23,41887,미참여,0.348,28
2025-07,광주 동구,학동,미용/생활서비스,20대,520066,20,26003,미참여,0.262,24
2025-07,광주 동구,학동,미용/생활서비스,30대,427873,15,28524,미참여,0.406,17
2025-07,광주 동구,학동,미용/생활서비스,40대,584284,22,26558,미참여,0.44,9
2025-07,광주 동구,학동,미용/생활서비스,50대,605542,23,26327,미참여,0.379,2
2025-07,광주 동구,학동,미용/생활서비스,60대 이상,438448,14,31317,미참여,0.3,29
2025-07,광주 동구,학동,교육/학원,20대,2293483,28,81910,미참여,0.364,22
2025-07,광주 동구,학동,교육/학원,30대,2222946,24,92622,미참여,0.247,16
2025-07,광주 동구,학동,교육/학원,40대,2354209,28,84078,미참여,0.305,13
2025-07,광주 동구,학동,교육/학원,50대,1422300,17,83664,미참여,0.312,5
2025-07,광주 동구,학동,교육/학원,60대 이상,1505419,18,83634,미참여,0.4,26
2025-07,광주 동구,학동,병원/약국,20대,512068,25,20482,미참여,0.352,17
2025-07,광주 동구,학동,병원/약국,30대,438205,20,21910,미참여,0.396,21
2025-07,광주 동구,학동,병원/약국,40대,870871,33,26390,미참여,0.446,16
2025-07,광주 동구,학동,병원/약국,50대,699561,32,21861,미참여,0.317,19
2025-07,광주 동구,학동,병원/약국,60대 이상,962590,47,20480,미참여,0.369,11
2025-07,광주 동구,학동,편의점/마트,20대,499930,35,14283,미참여,0.466,27
2025-07,광주 동구,학동,편의점/마트,30대,318725,25,12749,미참여,0.373,16
2025-07,광주 동구,학동,편의점/마트,40대,224867,21,10707,미참여,0.602,28
2025-07,광주 동구,학동,편의점/마트,50대,486391,47,10348,미참여,0.364,28
2025-07,광주 동구,학동,편의점/마트,60대 이상,341821,25,13672,미참여,0.411,10
2025-08,수원시 팔달구,행궁동,한식/분식,20대,727195,45,16159,미참여,0.235,41
2025-08,수원시 팔달구,행궁동,한식/분식,30대,1087737,72,15107,미참여,0.297,36
2025-08,수원시 팔달구,행궁동,한식/분식,40대,1077939,67,16088,미참여,0.372,22
2025-08,수원시 팔달구,행궁동,한식/분식,50대,983018,62,15855,미참여,0.53,7
2025-08,수원시 팔달구,행궁동,한식/분식,60대 이상,728836,55,13251,미참여,0.419,30
2025-08,수원시 팔달구,행궁동,카페/디저트,20대,318620,36,8850,미참여,0.367,36
2025-08,수원시 팔달구,행궁동,카페/디저트,30대,181776,24,7574,미참여,0.423,23
2025-08,수원시 팔달구,행궁동,카페/디저트,40대,309185,31,9973,미참여,0.212,23
2025-08,수원시 팔달구,행궁동,카페/디저트,50대,387189,38,10189,미참여,0.381,16
2025-08,수원시 팔달구,행궁동,카페/디저트,60대 이상,278996,35,7971,미참여,0.404,19
2025-08,수원시 팔달구,행궁동,신선식품,20대,1353693,39,34710,미참여,0.408,15
2025-08,수원시 팔달구,행궁동,신선식품,30대,1017998,42,24238,미참여,0.469,27
2025-08,수원시 팔달구,행궁동,신선식품,40대,1604094,46,34871,미참여,0.437,15
2025-08,수원시 팔달구,행궁동,신선식품,50대,1144938,36,31803,미참여,0.622,35
2025-08,수원시 팔달구,행궁동,신선식품,60대 이상,1867315,67,27870,미참여,0.414,9
2025-08,수원시 팔달구,행궁동,생활용품,20대,899428,38,23669,미참여,0.353,30
2025-08,수원시 팔달구,행궁동,생활용품,30대,671801,35,19194,미참여,0.445,1
2025-08,수원시 팔달구,행궁동,생활용품,40대,865469,35,24727,미참여,0.216,20
2025-08,수원시 팔달구,행궁동,생활용품,50대,1231001,46,26760,미참여,0.256,30
2025-08,수원시 팔달구,행궁동,생활용품,60대 이상,704317,26,27089,미참여,0.212,25
2025-08,수원시 팔달구,행궁동,의류/잡화,20대,747112,24,31129,미참여,0.364,12
2025-08,수원시 팔달구,행궁동,의류/잡화,30대,584581,19,30767,미참여,0.339,19
2025-08,수원시 팔달구,행궁동,의류/잡화,40대,290254,9,32250,미참여,0.491,14
2025-08,수원시 팔달구,행궁동,의류/잡화,50대,643938,19,33891,미참여,0.306,20
2025-08,수원시 팔달구,행궁동,의류/잡화,60대 이상,551101,13,42392,미참여,0.361,14
2025-08,수원시 팔달구,행궁동,미용/생활서비스,20대,809296,26,31126,미참여,0.422,21
2025-08,수원시 팔달구,행궁동,미용/생활서비스,30대,474608,17,27918,미참여,0.325,17
2025-08,수원시 팔달구,행궁동,미용/생활서비스,40대,509349,14,36382,미참여,0.454,15
2025-08,수원시 팔달구,행궁동,미용/생활서비스,50대,797250,24,33218,미참여,0.34,17
2025-08,수원시 팔달구,행궁동,미용/생활서비스,60대 이상,560257,17,32956,미참여,0.262,21
2025-08,수원시 팔달구,행궁동,교육/학원,20대,1724358,20,86217,미참여,0.273,15
2025-08,수원시 팔달구,행궁동,교육/학원,30대,2127457,23,92498,미참여,0.263,31
2025-08,수원시 팔달구,행궁동,교육/학원,40대,2501187,28,89328,미참여,0.251,23
2025-08,수원시 팔달구,행궁동,교육/학원,50대,1271739,12,105978,미참여,0.415,16
2025-08,수원시 팔달구,행궁동,교육/학원,60대 이상,1093743,13,84134,미참여,0.259,31
2025-08,수원시 팔달구,행궁동,병원/약국,20대,774915,33,23482,미참여,0.439,27
2025-08,수원시 팔달구,행궁동,병원/약국,30대,736356,25,29454,미참여,0.376,15
2025-08,수원시 팔달구,행궁동,병원/약국,40대,865141,33,26216,미참여,0.355,26
2025-08,수원시 팔달구,행궁동,병원/약국,50대,939701,33,28475,미참여,0.295,10
2025-08,수원시 팔달구,행궁동,병원/약국,60대 이상,791284,35,22608,미참여,0.422,24
2025-08,수원시 팔달구,행궁동,편의점/마트,20대,517905,35,14797,미참여,0.346,11
2025-08,수원시 팔달구,행궁동,편의점/마트,30대,436649,32,13645,미참여,0.487,23
2025-08,수원시 팔달구,행궁동,편의점/마트,40대,424857,34,12495,미참여,0.439,21
2025-08,수원시 팔달구,행궁동,편의점/마트,50대,234262,20,11713,미참여,0.499,15
2025-08,수원시 팔달구,행궁동,편의점/마트,60대 이상,285257,27,10565,미참여,0.316,19
2025-08,수원시 팔달구,매산동,한식/분식,20대,590943,42,14070,미참여,0.29,34
2025-08,수원시 팔달구,매산동,한식/분식,30대,570922,40,14273,미참여,0.381,33
2025-08,수원시 팔달구,매산동,한식/분식,40대,674047,38,17738,미참여,0.456,10
2025-08,수원시 팔달구,매산동,한식/분식,50대,340572,27,12613,미참여,0.383,33
2025-08,수원시 팔달구,매산동,한식/분식,60대 이상,570177,35,16290,미참여,0.428,32
2025-08,수원시 팔달구,매산동,카페/디저트,20대,174115,24,7254,미참여,0.321,18
2025-08,수원시 팔달구,매산동,카페/디저트,30대,247971,27,9184,미참여,0.23,9
2025-08,수원시 팔달구,매산동,카페/디저트,40대,183315,26,7050,미참여,0.37,13
2025-08,수원시 팔달구,매산동,카페/디저트,50대,147946,20,7397,미참여,0.382,11
2025-08,수원시 팔달구,매산동,카페/디저트,60대 이상,204055,24,8502,미참여,0.288,22
2025-08,수원시 팔달구,매산동,신선식품,20대,528650,22,24029,미참여,0.394,12
2025-08,수원시 팔달구,매산동,신선식품,30대,1538831,49,31404,미참여,0.361,24
2025-08,수원시 팔달구,매산동,신선식품,40대,1088715,40,27217,미참여,0.347,19
2025-08,수원시 팔달구,매산동,신선식품,50대,1201314,39,30802,미참여,0.438,26
2025-08,수원시 팔달구,매산동,신선식품,60대 이상,1312344,45,29163,미참여,0.246,18
2025-08,수원시 팔달구,매산동,생활용품,20대,860051,38,22632,미참여,0.414,17
2025-08,수원시 팔달구,매산동,생활용품,30대,819311,43,19053,미참여,0.469,14
2025-08,수원시 팔달구,매산동,생활용품,40대,632487,27,23425,미참여,0.452,28
2025-08,수원시 팔달구,매산동,생활용품,50대,814997,30,27166,미참여,0.399,21
2025-08,수원시 팔달구,매산동,생활용품,60대 이상,1039679,46,22601,미참여,0.183,23
2025-08,수원시 팔달구,매산동,의류/잡화,20대,825574,21,39313,미참여,0.434,15
2025-08,수원시 팔달구,매산동,의류/잡화,30대,907142,23,39440,미참여,0.401,37
2025-08,수원시 팔달구,매산동,의류/잡화,40대,540209,18,30011,미참여,0.363,28
2025-08,수원시 팔달구,매산동,의류/잡화,50대,652180,20,32609,미참여,0.366,11
2025-08,수원시 팔달구,매산동,의류/잡화,60대 이상,825370,22,37516,미참여,0.366,17
2025-08,수원시 팔달구,매산동,미용/생활서비스,20대,858216,24,35759,미참여,0.306,13
2025-08,수원시 팔달구,매산동,미용/생활서비스,30대,840651,23,36550,미참여,0.342,18
2025-08,수원시 팔달구,매산동,미용/생활서비스,40대,726584,24,30274,미참여,0.474,16
2025-08,수원시 팔달구,매산동,미용/생활서비스,50대,727458,22,33066,미참여,0.43,27
2025-08,수원시 팔달구,매산동,미용/생활서비스,60대 이상,649121,18,36062,미참여,0.413,32
2025-08,수원시 팔달구,매산동,교육/학원,20대,1499209,16,93700,미참여,0.464,16
2025-08,수원시 팔달구,매산동,교육/학원,30대,1609278,18,89404,미참여,0.33,21
2025-08,수원시 팔달구,매산동,교육/학원,40대,1897738,18,105429,미참여,0.135,29
2025-08,수원시 팔달구,매산동,교육/학원,50대,2521184,25,100847,미참여,0.446,27
2025-08,수원시 팔달구,매산동,교육/학원,60대 이상,1452091,19,76425,미참여,0.28,13
2025-08,수원시 팔달구,매산동,병원/약국,20대,906564,32,28330,미참여,0.392,19
2025-08,수원시 팔달구,매산동,병원/약국,30대,403054,18,22391,미참여,0.275,5
2025-08,수원시 팔달구,매산동,병원/약국,40대,760632,31,24536,미참여,0.411,5
2025-08,수원시 팔달구,매산동,병원/약국,50대,868737,29,29956,미참여,0.259,15
2025-08,수원시 팔달구,매산동,병원/약국,60대 이상,981361,39,25163,미참여,0.418,25
2025-08,수원시 팔달구,매산동,편의점/마트,20대,470601,36,13072,미참여,0.505,19
2025-08,수원시 팔달구,매산동,편의점/마트,30대,389819,27,14437,미참여,0.423,10
2025-08,수원시 팔달구,매산동,편의점/마트,40대,378834,30,12627,미참여,0.487,14
2025-08,수원시 팔달구,매산동,편의점/마트,50대,357962,27,13257,미참여,0.357,28
2025-08,수원시 팔달구,매산동,편의점/마트,60대 이상,473224,36,13145,미참여,0.63,22
2025-08,수원시 팔달구,고등동,한식/분식,20대,448407,30,14946,미참여,0.401,4
2025-08,수원시 팔달구,고등동,한식/분식,30대,653186,46,14199,미참여,0.607,23
2025-08,수원시 팔달구,고등동,한식/분식,40대,659421,47,14030,미참여,0.391,20
2025-08,수원시 팔달구,고등동,한식/분식,50대,547156,41,13345,미참여,0.302,17
2025-08,수원시 팔달구,고등동,한식/분식,60대 이상,773576,50,15471,미참여,0.425,24
2025-08,수원시 팔달구,고등동,카페/디저트,20대,164312,21,7824,미참여,0.259,18
2025-08,수원시 팔달구,고등동,카페/디저트,30대,362579,51,7109,미참여,0.382,20
2025-08,수원시 팔달구,고등동,카페/디저트,40대,271252,38,7138,미참여,0.353,15
2025-08,수원시 팔달구,고등동,카페/디저트,50대,187562,20,9378,미참여,0.267,15
2025-08,수원시 팔달구,고등동,카페/디저트,60대 이상,219911,23,9561,미참여,0.32,36
2025-08,수원시 팔달구,고등동,신선식품,20대,1307118,39,33515,미참여,0.572,28
2025-08,수원시 팔달구,고등동,신선식품,30대,799228,29,27559,미참여,0.369,33
2025-08,수원시 팔달구,고등동,신선식품,40대,942142,30,31404,미참여,0.218,18
2025-08,수원시 팔달구,고등동,신선식품,50대,1127355,40,28183,미참여,0.599,14
2025-08,수원시 팔달구,고등동,신선식품,60대 이상,1218403,47,25923,미참여,0.395,18
2025-08,수원시 팔달구,고등동,생활용품,20대,878819,37,23751,미참여,0.204,21
2025-08,수원시 팔달구,고등동,생활용품,30대,840690,36,23352,미참여,0.342,22
2025-08,수원시 팔달구,고등동,생활용품,40대,360274,17,21192,미참여,0.383,27
2025-08,수원시 팔달구,고등동,생활용품,50대,942058,36,26168,미참여,0.356,1
2025-08,수원시 팔달구,고등동,생활용품,60대 이상,946194,35,27034,미참여,0.254,24
2025-08,수원시 팔달구,고등동,의류/잡화,20대,1031642,24,42985,미참여,0.286,21
2025-08,수원시 팔달구,고등동,의류/잡화,30대,918338,21,43730,미참여,0.469,18
2025-08,수원시 팔달구,고등동,의류/잡화,40대,390666,9,43407,미참여,0.332,21
2025-08,수원시 팔달구,고등동,의류/잡화,50대,618128,17,36360,미참여,0.366,20
2025-08,수원시 팔달구,고등동,의류/잡화,60대 이상,442172,14,31583,미참여,0.347,23
2025-08,수원시 팔달구,고등동,미용/생활서비스,20대,523360,18,29075,미참여,0.339,11
2025-08,수원시 팔달구,고등동,미용/생활서비스,30대,867828,24,36159,미참여,0.359,14
2025-08,수원시 팔달구,고등동,미용/생활서비스,40대,869827,30,28994,미참여,0.342,7
2025-08,수원시 팔달구,고등동,미용/생활서비스,50대,608887,23,26473,미참여,0.421,23
2025-08,수원시 팔달구,고등동,미용/생활서비스,60대 이상,937892,28,33496,미참여,0.314,17
2025-08,수원시 팔달구,고등동,교육/학원,20대,1649286,17,97016,미참여,0.36,24
2025-08,수원시 팔달구,고등동,교육/학원,30대,1163585,13,89506,미참여,0.367,12
2025-08,수원시 팔달구,고등동,교육/학원,40대,2336358,22,106198,미참여,0.276,17
2025-08,수원시 팔달구,고등동,교육/학원,50대,1032123,14,73723,미참여,0.47,1
2025-08,수원시 팔달구,고등동,교육/학원,60대 이상,838338,11,76212,미참여,0.317,22
2025-08,수원시 팔달구,고등동,병원/약국,20대,908625,31,29310,미참여,0.335,26
2025-08,수원시 팔달구,고등동,병원/약국,30대,617807,29,21303,미참여,0.287,22
2025-08,수원시 팔달구,고등동,병원/약국,40대,505142,24,21047,미참여,0.483,18
2025-08,수원시 팔달구,고등동,병원/약국,50대,936758,32,29273,미참여,0.463,24
2025-08,수원시 팔달구,고등동,병원/약국,60대 이상,1224448,51,24008,미참여,0.32,15
2025-08,수원시 팔달구,고등동,편의점/마트,20대,451128,39,11567,미참여,0.425,13
2025-08,수원시 팔달구,고등동,편의점/마트,30대,368736,27,13656,미참여,0.574,22
2025-08,수원시 팔달구,고등동,편의점/마트,40대,301977,23,13129,미참여,0.366,22
2025-08,수원시 팔달구,고등동,편의점/마트,50대,249239,19,13117,미참여,0.43,34
2025-08,수원시 팔달구,고등동,편의점/마트,60대 이상,381728,29,13163,미참여,0.485,15
2025-08,수원시 팔달구,인계동,한식/분식,20대,610040,37,16487,미참여,0.425,21
2025-08,수원시 팔달구,인계동,한식/분식,30대,623398,41,15204,미참여,0.444,17
2025-08,수원시 팔달구,인계동,한식/분식,40대,646959,48,13478,미참여,0.433,41
2025-08,수원시 팔달구,인계동,한식/분식,50대,694492,49,14173,미참여,0.46,35
2025-08,수원시 팔달구,인계동,한식/분식,60대 이상,513495,29,17706,미참여,0.413,28
2025-08,수원시 팔달구,인계동,카페/디저트,20대,403348,50,8066,미참여,0.181,19
2025-08,수원시 팔달구,인계동,카페/디저트,30대,152581,15,10172,미참여,0.32,7
2025-08,수원시 팔달구,인계동,카페/디저트,40대,157018,18,8723,미참여,0.256,27
2025-08,수원시 팔달구,인계동,카페/디저트,50대,192008,24,8000,미참여,0.296,22
2025-08,수원시 팔달구,인계동,카페/디저트,60대 이상,178074,23,7742,미참여,0.386,33
2025-08,수원시 팔달구,인계동,신선식품,20대,879807,28,31421,미참여,0.402,16
2025-08,수원시 팔달구,인계동,신선식품,30대,775913,30,25863,미참여,0.574,25
2025-08,수원시 팔달구,인계동,신선식품,40대,1286963,42,30641,미참여,0.451,15
2025-08,수원시 팔달구,인계동,신선식품,50대,1067680,40,26692,미참여,0.322,41
2025-08,수원시 팔달구,인계동,신선식품,60대 이상,1365466,43,31755,미참여,0.473,14
2025-08,수원시 팔달구,인계동,생활용품,20대,511019,27,18926,미참여,0.173,17
2025-08,수원시 팔달구,인계동,생활용품,30대,1052422,50,21048,미참여,0.165,31
2025-08,수원시 팔달구,인계동,생활용품,40대,508539,26,19559,미참여,0.387,23
2025-08,수원시 팔달구,인계동,생활용품,50대,700398,33,21224,미참여,0.296,20
2025-08,수원시 팔달구,인계동,생활용품,60대 이상,1336037,52,25693,미참여,0.231,29
2025-08,수원시 팔달구,인계동,의류/잡화,20대,700493,19,36868,미참여,0.494,17
2025-08,수원시 팔달구,인계동,의류/잡화,30대,835718,23,36335,미참여,0.454,12
2025-08,수원시 팔달구,인계동,의류/잡화,40대,654331,20,32716,미참여,0.313,10
2025-08,수원시 팔달구,인계동,의류/잡화,50대,608231,14,43445,미참여,0.386,11
2025-08,수원시 팔달구,인계동,의류/잡화,60대 이상,610484,16,38155,미참여,0.514,26
2025-08,수원시 팔달구,인계동,미용/생활서비스,20대,1179800,32,36868,미참여,0.364,30
2025-08,수원시 팔달구,인계동,미용/생활서비스,30대,736609,22,33482,미참여,0.244,21
2025-08,수원시 팔달구,인계동,미용/생활서비스,40대,497927,15,33195,미참여,0.285,26
2025-08,수원시 팔달구,인계동,미용/생활서비스,50대,635468,18,35303,미참여,0.358,25
2025-08,수원시 팔달구,인계동,미용/생활서비스,60대 이상,746207,23,32443,미참여,0.171,10
2025-08,수원시 팔달구,인계동,교육/학원,20대,1696553,16,106034,미참여,0.241,12
2025-08,수원시 팔달구,인계동,교육/학원,30대,2475934,25,99037,미참여,0.362,18
2025-08,수원시 팔달구,인계동,교육/학원,40대,2475054,29,85346,미참여,0.489,9
2025-08,수원시 팔달구,인계동,교육/학원,50대,1242425,15,82828,미참여,0.452,14
2025-08,수원시 팔달구,인계동,교육/학원,60대 이상,1712932,18,95162,미참여,0.325,30
2025-08,수원시 팔달구,인계동,병원/약국,20대,559055,19,29423,미참여,0.221,24
2025-08,수원시 팔달구,인계동,병원/약국,30대,601046,23,26132,미참여,0.481,29
2025-08,수원시 팔달구,인계동,병원/약국,40대,473688,23,20595,미참여,0.271,15
2025-08,수원시 팔달구,인계동,병원/약국,50대,661340,23,28753,미참여,0.211,23
2025-08,수원시 팔달구,인계동,병원/약국,60대 이상,654133,32,20441,미참여,0.344,16
2025-08,수원시 팔달구,인계동,편의점/마트,20대,356991,31,11515,미참여,0.31,18
2025-08,수원시 팔달구,인계동,편의점/마트,30대,215557,21,10264,미참여,0.274,14
2025-08,수원시 팔달구,인계동,편의점/마트,40대,393124,31,12681,미참여,0.596,23
2025-08,수원시 팔달구,인계동,편의점/마트,50대,481803,39,12353,미참여,0.531,14
2025-08,수원시 팔달구,인계동,편의점/마트,60대 이상,485333,36,13481,미참여,0.627,20
2025-08,수원시 영통구,영통동,한식/분식,20대,277123,20,13856,미참여,0.544,17
2025-08,수원시 영통구,영통동,한식/분식,30대,398310,25,15932,미참여,0.454,17
2025-08,수원시 영통구,영통동,한식/분식,40대,538758,32,16836,미참여,0.463,8
2025-08,수원시 영통구,영통동,한식/분식,50대,374374,25,14974,미참여,0.466,18
2025-08,수원시 영통구,영통동,한식/분식,60대 이상,364997,29,12586,미참여,0.53,15
2025-08,수원시 영통구,영통동,카페/디저트,20대,517625,67,7725,미참여,0.449,22
2025-08,수원시 영통구,영통동,카페/디저트,30대,320941,34,9439,미참여,0.352,22
2025-08,수원시 영통구,영통동,카페/디저트,40대,322277,33,9765,미참여,0.453,29
2025-08,수원시 영통구,영통동,카페/디저트,50대,126698,17,7452,미참여,0.343,42
2025-08,수원시 영통구,영통동,카페/디저트,60대 이상,345949,35,9884,미참여,0.4,32
2025-08,수원시 영통구,영통동,신선식품,20대,1179803,49,24077,미참여,0.439,23
2025-08,수원시 영통구,영통동,신선식품,30대,707244,24,29468,미참여,0.273,11
2025-08,수원시 영통구,영통동,신선식품,40대,1000209,42,23814,미참여,0.393,23
2025-08,수원시 영통구,영통동,신선식품,50대,1102098,46,23958,미참여,0.462,12
2025-08,수원시 영통구,영통동,신선식품,60대 이상,1277721,43,29714,미참여,0.304,7
2025-08,수원시 영통구,영통동,생활용품,20대,677020,31,21839,미참여,0.385,16
2025-08,수원시 영통구,영통동,생활용품,30대,674409,33,20436,미참여,0.42,26
2025-08,수원시 영통구,영통동,생활용품,40대,858729,40,21468,미참여,0.412,17
2025-08,수원시 영통구,영통동,생활용품,50대,442193,23,19225,미참여,0.514,19
2025-08,수원시 영통구,영통동,생활용품,60대 이상,829942,40,20748,미참여,0.544,13
2025-08,수원시 영통구,영통동,의류/잡화,20대,1267835,30,42261,미참여,0.22,7
2025-08,수원시 영통구,영통동,의류/잡화,30대,765400,20,38270,미참여,0.409,17
2025-08,수원시 영통구,영통동,의류/잡화,40대,1156948,29,39894,미참여,0.228,16
2025-08,수원시 영통구,영통동,의류/잡화,50대,786805,19,41410,미참여,0.227,22
2025-08,수원시 영통구,영통동,의류/잡화,60대 이상,749198,18,41622,미참여,0.34,19
2025-08,수원시 영통구,영통동,미용/생활서비스,20대,654967,25,26198,미참여,0.295,8
2025-08,수원시 영통구,영통동,미용/생활서비스,30대,994986,29,34309,미참여,0.446,9
2025-08,수원시 영통구,영통동,미용/생활서비스,40대,619787,24,25824,미참여,0.265,8
2025-08,수원시 영통구,영통동,미용/생활서비스,50대,685269,21,32631,미참여,0.196,27
2025-08,수원시 영통구,영통동,미용/생활서비스,60대 이상,637399,23,27713,미참여,0.227,17
2025-08,수원시 영통구,영통동,교육/학원,20대,2603461,33,78892,미참여,0.406,26
2025-08,수원시 영통구,영통동,교육/학원,30대,4650752,59,78826,미참여,0.34,23
2025-08,수원시 영통구,영통동,교육/학원,40대,2181126,22,99142,미참여,0.361,23
2025-08,수원시 영통구,영통동,교육/학원,50대,1433968,14,102426,미참여,0.346,37
2025-08,수원시 영통구,영통동,교육/학원,60대 이상,1768432,20,88421,미참여,0.433,6
2025-08,수원시 영통구,영통동,병원/약국,20대,676491,26,26018,미참여,0.411,25
2025-08,수원시 영통구,영통동,병원/약국,30대,802081,37,21677,미참여,0.318,24
2025-08,수원시 영통구,영통동,병원/약국,40대,376656,15,25110,미참여,0.338,20
2025-08,수원시 영통구,영통동,병원/약국,50대,976763,44,22199,미참여,0.479,18
2025-08,수원시 영통구,영통동,병원/약국,60대 이상,920124,31,29681,미참여,0.332,19
2025-08,수원시 영통구,영통동,편의점/마트,20대,445231,31,14362,미참여,0.335,23
2025-08,수원시 영통구,영통동,편의점/마트,30대,299485,21,14261,미참여,0.411,20
2025-08,수원시 영통구,영통동,편의점/마트,40대,373035,36,10362,미참여,0.423,29
2025-08,수원시 영통구,영통동,편의점/마트,50대,395153,31,12746,미참여,0.509,35
2025-08,수원시 영통구,영통동,편의점/마트,60대 이상,388125,29,13383,미참여,0.312,18
2025-08,수원시 영통구,광교동,한식/분식,20대,293586,21,13980,미참여,0.472,23
2025-08,수원시 영통구,광교동,한식/분식,30대,290210,18,16122,미참여,0.402,10
2025-08,수원시 영통구,광교동,한식/분식,40대,453867,32,14183,미참여,0.532,17
2025-08,수원시 영통구,광교동,한식/분식,50대,351012,25,14040,미참여,0.306,22
2025-08,수원시 영통구,광교동,한식/분식,60대 이상,462886,29,15961,미참여,0.261,23
2025-08,수원시 영통구,광교동,카페/디저트,20대,446708,48,9306,미참여,0.385,31
2025-08,수원시 영통구,광교동,카페/디저트,30대,422608,54,7826,미참여,0.296,19
2025-08,수원시 영통구,광교동,카페/디저트,40대,239489,28,8553,미참여,0.291,36
2025-08,수원시 영통구,광교동,카페/디저트,50대,268943,37,7268,미참여,0.339,6
2025-08,수원시 영통구,광교동,카페/디저트,60대 이상,279697,35,7991,미참여,0.338,32
2025-08,수원시 영통구,광교동,신선식품,20대,853942,32,26685,미참여,0.479,15
2025-08,수원시 영통구,광교동,신선식품,30대,787020,32,24594,미참여,0.362,7
2025-08,수원시 영통구,광교동,신선식품,40대,1388750,48,28932,미참여,0.39,22
2025-08,수원시 영통구,광교동,신선식품,50대,880800,31,28412,미참여,0.48,26
2025-08,수원시 영통구,광교동,신선식품,60대 이상,1161937,45,25820,미참여,0.4,27
2025-08,수원시 영통구,광교동,생활용품,20대,358141,18,19896,미참여,0.397,15
2025-08,수원시 영통구,광교동,생활용품,30대,392453,18,21802,미참여,0.274,26
2025-08,수원시 영통구,광교동,생활용품,40대,354860,18,19714,미참여,0.444,23
2025-08,수원시 영통구,광교동,생활용품,50대,840229,37,22708,미참여,0.402,16
2025-08,수원시 영통구,광교동,생활용품,60대 이상,659623,26,25370,미참여,0.367,32
2025-08,수원시 영통구,광교동,의류/잡화,20대,948672,29,32712,미참여,0.279,20
2025-08,수원시 영통구,광교동,의류/잡화,30대,611421,16,38213,미참여,0.459,13
2025-08,수원시 영통구,광교동,의류/잡화,40대,597219,20,29860,미참여,0.306,15
2025-08,수원시 영통구,광교동,의류/잡화,50대,693960,20,34698,미참여,0.346,27
2025-08,수원시 영통구,광교동,의류/잡화,60대 이상,759970,18,42220,미참여,0.343,24
2025-08,수원시 영통구,광교동,미용/생활서비스,20대,706738,24,29447,미참여,0.383,14
2025-08,수원시 영통구,광교동,미용/생활서비스,30대,620172,21,29532,미참여,0.504,6
2025-08,수원시 영통구,광교동,미용/생활서비스,40대,966515,28,34518,미참여,0.352,11
2025-08,수원시 영통구,광교동,미용/생활서비스,50대,538524,19,28343,미참여,0.311,24
2025-08,수원시 영통구,광교동,미용/생활서비스,60대 이상,552871,21,26327,미참여,0.455,8
2025-08,수원시 영통구,광교동,교육/학원,20대,2003252,20,100162,미참여,0.267,25
2025-08,수원시 영통구,광교동,교육/학원,30대,2565261,26,98663,미참여,0.331,19
2025-08,수원시 영통구,광교동,교육/학원,40대,2015511,23,87630,미참여,0.359,25
2025-08,수원시 영통구,광교동,교육/학원,50대,2398204,27,88822,미참여,0.299,21
2025-08,수원시 영통구,광교동,교육/학원,60대 이상,1126816,14,80486,미참여,0.323,8
2025-08,수원시 영통구,광교동,병원/약국,20대,797014,31,25710,미참여,0.327,9
2025-08,수원시 영통구,광교동,병원/약국,30대,536433,19,28233,미참여,0.388,28
2025-08,수원시 영통구,광교동,병원/약국,40대,387979,17,22822,미참여,0.313,25
2025-08,수원시 영통구,광교동,병원/약국,50대,652708,25,26108,미참여,0.196,30
2025-08,수원시 영통구,광교동,병원/약국,60대 이상,1093679,40,27341,미참여,0.249,22
2025-08,수원시 영통구,광교동,편의점/마트,20대,477294,41,11641,미참여,0.356,22
2025-08,수원시 영통구,광교동,편의점/마트,30대,664390,52,12776,미참여,0.399,22
2025-08,수원시 영통구,광교동,편의점/마트,40대,390269,28,13938,미참여,0.296,29
2025-08,수원시 영통구,광교동,편의점/마트,50대,459722,37,12424,미참여,0.457,25
2025-08,수원시 영통구,광교동,편의점/마트,60대 이상,441919,33,13391,미참여,0.41,27
2025-08,수원시 영통구,매탄동,한식/분식,20대,479213,29,16524,미참여,0.398,4
2025-08,수원시 영통구,매탄동,한식/분식,30대,328324,20,16416,미참여,0.39,17
2025-08,수원시 영통구,매탄동,한식/분식,40대,795397,48,16570,미참여,0.544,23
2025-08,수원시 영통구,매탄동,한식/분식,50대,480732,35,13735,미참여,0.356,15
2025-08,수원시 영통구,매탄동,한식/분식,60대 이상,370693,22,16849,미참여,0.399,19
2025-08,수원시 영통구,매탄동,카페/디저트,20대,427977,57,7508,미참여,0.343,13
2025-08,수원시 영통구,매탄동,카페/디저트,30대,365830,39,9380,미참여,0.412,16
2025-08,수원시 영통구,매탄동,카페/디저트,40대,342327,40,8558,미참여,0.364,25
2025-08,수원시 영통구,매탄동,카페/디저트,50대,211252,23,9184,미참여,0.33,28
2025-08,수원시 영통구,매탄동,카페/디저트,60대 이상,328282,38,8639,미참여,0.426,22
2025-08,수원시 영통구,매탄동,신선식품,20대,1154537,33,34985,미참여,0.316,23
2025-08,수원시 영통구,매탄동,신선식품,30대,646908,19,34047,미참여,0.427,11
2025-08,수원시 영통구,매탄동,신선식품,40대,719960,27,26665,미참여,0.497,6
2025-08,수원시 영통구,매탄동,신선식품,50대,1249142,38,32872,미참여,0.319,15
2025-08,수원시 영통구,매탄동,신선식품,60대 이상,1985336,61,32546,미참여,0.391,11
2025-08,수원시 영통구,매탄동,생활용품,20대,700048,30,23334,미참여,0.361,22
2025-08,수원시 영통구,매탄동,생활용품,30대,654395,25,26175,미참여,0.348,18
2025-08,수원시 영통구,매탄동,생활용품,40대,852619,41,20795,미참여,0.146,25
2025-08,수원시 영통구,매탄동,생활용품,50대,822741,34,24198,미참여,0.366,15
2025-08,수원시 영통구,매탄동,생활용품,60대 이상,617239,31,19910,미참여,0.312,18
2025-08,수원시 영통구,매탄동,의류/잡화,20대,647967,15,43197,미참여,0.351,18
2025-08,수원시 영통구,매탄동,의류/잡화,30대,792549,19,41713,미참여,0.279,18
2025-08,수원시 영통구,매탄동,의류/잡화,40대,852890,22,38767,미참여,0.406,23
2025-08,수원시 영통구,매탄동,의류/잡화,50대,717965,18,39886,미참여,0.329,19
2025-08,수원시 영통구,매탄동,의류/잡화,60대 이상,526905,14,37636,미참여,0.469,21
2025-08,수원시 영통구,매탄동,미용/생활서비스,20대,755504,28,26982,미참여,0.371,19
2025-08,수원시 영통구,매탄동,미용/생활서비스,30대,485995,15,32399,미참여,0.374,13
2025-08,수원시 영통구,매탄동,미용/생활서비스,40대,901181,30,30039,미참여,0.331,11
2025-08,수원시 영통구,매탄동,미용/생활서비스,50대,700530,24,29188,미참여,0.358,25
2025-08,수원시 영통구,매탄동,미용/생활서비스,60대 이상,865152,26,33275,미참여,0.444,13
2025-08,수원시 영통구,매탄동,교육/학원,20대,1620696,17,95335,미참여,0.489,33
2025-08,수원시 영통구,매탄동,교육/학원,30대,2332622,26,89716,미참여,0.39,25
2025-08,수원시 영통구,매탄동,교육/학원,40대,2555111,28,91253,미참여,0.243,43
2025-08,수원시 영통구,매탄동,교육/학원,50대,1958077,27,72521,미참여,0.451,28
2025-08,수원시 영통구,매탄동,교육/학원,60대 이상,1786202,17,105070,미참여,0.329,1
2025-08,수원시 영통구,매탄동,병원/약국,20대,522826,25,20913,미참여,0.348,18
2025-08,수원시 영통구,매탄동,병원/약국,30대,721014,32,22531,미참여,0.347,17
2025-08,수원시 영통구,매탄동,병원/약국,40대,686384,25,27455,미참여,0.331,32
2025-08,수원시 영통구,매탄동,병원/약국,50대,1222611,55,22229,미참여,0.295,15
2025-08,수원시 영통구,매탄동,병원/약국,60대 이상,878648,43,20433,미참여,0.579,18
2025-08,수원시 영통구,매탄동,편의점/마트,20대,408995,31,13193,미참여,0.471,14
2025-08,수원시 영통구,매탄동,편의점/마트,30대,454647,36,12629,미참여,0.512,18
2025-08,수원시 영통구,매탄동,편의점/마트,40대,335953,30,11198,미참여,0.294,27
2025-08,수원시 영통구,매탄동,편의점/마트,50대,288444,21,13735,미참여,0.443,21
2025-08,수원시 영통구,매탄동,편의점/마트,60대 이상,303352,23,13189,미참여,0.5,29
2025-08,수원시 영통구,원천동,한식/분식,20대,556886,39,14279,미참여,0.559,20
2025-08,수원시 영통구,원천동,한식/분식,30대,665234,44,15118,미참여,0.377,27
2025-08,수원시 영통구,원천동,한식/분식,40대,427228,33,12946,미참여,0.611,20
2025-08,수원시 영통구,원천동,한식/분식,50대,316275,24,13178,미참여,0.561,14
2025-08,수원시 영통구,원천동,한식/분식,60대 이상,619573,36,17210,미참여,0.421,3
2025-08,수원시 영통구,원천동,카페/디저트,20대,545310,65,8389,미참여,0.418,21
2025-08,수원시 영통구,원천동,카페/디저트,30대,246984,30,8232,미참여,0.228,17
2025-08,수원시 영통구,원천동,카페/디저트,40대,357268,37,9655,미참여,0.371,27
2025-08,수원시 영통구,원천동,카페/디저트,50대,334552,34,9839,미참여,0.317,26
2025-08,수원시 영통구,원천동,카페/디저트,60대 이상,212369,24,8848,미참여,0.4,23
2025-08,수원시 영통구,원천동,신선식품,20대,458511,19,24132,미참여,0.468,16
2025-08,수원시 영통구,원천동,신선식품,30대,756808,22,34400,미참여,0.395,28
2025-08,수원시 영통구,원천동,신선식품,40대,1469809,51,28819,미참여,0.379,3
2025-08,수원시 영통구,원천동,신선식품,50대,1848783,64,28887,미참여,0.349,3
2025-08,수원시 영통구,원천동,신선식품,60대 이상,1406606,48,29304,미참여,0.477,23
2025-08,수원시 영통구,원천동,생활용품,20대,491576,26,18906,미참여,0.223,26
2025-08,수원시 영통구,원천동,생활용품,30대,489617,24,20400,미참여,0.319,11
2025-08,수원시 영통구,원천동,생활용품,40대,437109,23,19004,미참여,0.277,13
2025-08,수원시 영통구,원천동,생활용품,50대,781055,30,26035,미참여,0.269,18
2025-08,수원시 영통구,원천동,생활용품,60대 이상,535421,24,22309,미참여,0.209,19
2025-08,수원시 영통구,원천동,의류/잡화,20대,601891,19,31678,미참여,0.302,30
2025-08,수원시 영통구,원천동,의류/잡화,30대,606661,16,37916,미참여,0.277,17
2025-08,수원시 영통구,원천동,의류/잡화,40대,571370,15,38091,미참여,0.39,19
2025-08,수원시 영통구,원천동,의류/잡화,50대,540837,15,36055,미참여,0.228,29
2025-08,수원시 영통구,원천동,의류/잡화,60대 이상,529451,16,33090,미참여,0.392,22
2025-08,수원시 영통구,원천동,미용/생활서비스,20대,358971,11,32633,미참여,0.289,8
2025-08,수원시 영통구,원천동,미용/생활서비스,30대,498065,17,29297,미참여,0.151,19
2025-08,수원시 영통구,원천동,미용/생활서비스,40대,647417,21,30829,미참여,0.218,15
2025-08,수원시 영통구,원천동,미용/생활서비스,50대,752100,22,34186,미참여,0.285,17
2025-08,수원시 영통구,원천동,미용/생활서비스,60대 이상,686741,19,36144,미참여,0.37,19
2025-08,수원시 영통구,원천동,교육/학원,20대,1920466,25,76818,미참여,0.321,17
2025-08,수원시 영통구,원천동,교육/학원,30대,3142597,33,95230,미참여,0.327,17
2025-08,수원시 영통구,원천동,교육/학원,40대,2449982,26,94230,미참여,0.456,14
2025-08,수원시 영통구,원천동,교육/학원,50대,2668276,35,76236,미참여,0.445,21
2025-08,수원시 영통구,원천동,교육/학원,60대 이상,1644690,19,86562,미참여,0.245,25
2025-08,수원시 영통구,원천동,병원/약국,20대,554591,19,29189,미참여,0.387,2
2025-08,수원시 영통구,원천동,병원/약국,30대,492462,20,24623,미참여,0.404,19
2025-08,수원시 영통구,원천동,병원/약국,40대,552051,26,21232,미참여,0.289,14
2025-08,수원시 영통구,원천동,병원/약국,50대,928946,31,29966,미참여,0.431,20
2025-08,수원시 영통구,원천동,병원/약국,60대 이상,785766,27,29102,미참여,0.314,6
2025-08,수원시 영통구,원천동,편의점/마트,20대,981346,67,14646,미참여,0.643,11
2025-08,수원시 영통구,원천동,편의점/마트,30대,304267,26,11702,미참여,0.443,13
2025-08,수원시 영통구,원천동,편의점/마트,40대,262320,23,11405,미참여,0.211,21
2025-08,수원시 영통구,원천동,편의점/마트,50대,297995,23,12956,미참여,0.432,31
2025-08,수원시 영통구,원천동,편의점/마트,60대 이상,352735,30,11757,미참여,0.39,21
2025-08,광주 북구,용봉동,한식/분식,20대,529841,39,13585,미참여,0.426,9
2025-08,광주 북구,용봉동,한식/분식,30대,397818,28,14207,미참여,0.467,26
2025-08,광주 북구,용봉동,한식/분식,40대,1086457,62,17523,미참여,0.436,23
2025-08,광주 북구,용봉동,한식/분식,50대,668113,39,17131,미참여,0.321,34
2025-08,광주 북구,용봉동,한식/분식,60대 이상,603296,47,12836,미참여,0.522,24
2025-08,광주 북구,용봉동,카페/디저트,20대,336815,47,7166,미참여,0.502,14
2025-08,광주 북구,용봉동,카페/디저트,30대,253845,34,7466,미참여,0.314,20
2025-08,광주 북구,용봉동,카페/디저트,40대,163892,22,7449,미참여,0.29,31
2025-08,광주 북구,용봉동,카페/디저트,50대,293140,31,9456,미참여,0.172,30
2025-08,광주 북구,용봉동,카페/디저트,60대 이상,169589,24,7066,미참여,0.437,20
2025-08,광주 북구,용봉동,신선식품,20대,1241239,43,28866,미참여,0.484,12
2025-08,광주 북구,용봉동,신선식품,30대,614253,21,29250,미참여,0.438,17
2025-08,광주 북구,용봉동,신선식품,40대,955842,29,32960,미참여,0.17,15
2025-08,광주 북구,용봉동,신선식품,50대,1421666,47,30248,미참여,0.311,16
2025-08,광주 북구,용봉동,신선식품,60대 이상,1235403,45,27453,미참여,0.479,14
2025-08,광주 북구,용봉동,생활용품,20대,742204,31,23942,미참여,0.309,21
2025-08,광주 북구,용봉동,생활용품,30대,748368,37,20226,미참여,0.391,32
2025-08,광주 북구,용봉동,생활용품,40대,619242,29,21353,미참여,0.176,21
2025-08,광주 북구,용봉동,생활용품,50대,1211116,50,24222,미참여,0.264,14
2025-08,광주 북구,용봉동,생활용품,60대 이상,647512,32,20234,미참여,0.349,28
2025-08,광주 북구,용봉동,의류/잡화,20대,1244818,35,35566,미참여,0.392,11
2025-08,광주 북구,용봉동,의류/잡화,30대,1106234,28,39508,미참여,0.271,14
2025-08,광주 북구,용봉동,의류/잡화,40대,691840,17,40696,미참여,0.281,31
2025-08,광주 북구,용봉동,의류/잡화,50대,689131,17,40537,미참여,0.338,23
2025-08,광주 북구,용봉동,의류/잡화,60대 이상,324974,10,32497,미참여,0.134,14
2025-08,광주 북구,용봉동,미용/생활서비스,20대,808217,22,36737,미참여,0.198,15
2025-08,광주 북구,용봉동,미용/생활서비스,30대,498687,18,27704,미참여,0.357,25
2025-08,광주 북구,용봉동,미용/생활서비스,40대,439249,17,25838,미참여,0.47,14
2025-08,광주 북구,용봉동,미용/생활서비스,50대,793893,28,28353,미참여,0.282,9
2025-08,광주 북구,용봉동,미용/생활서비스,60대 이상,1190885,32,37215,미참여,0.298,21
2025-08,광주 북구,용봉동,교육/학원,20대,1285685,16,80355,미참여,0.41,11
2025-08,광주 북구,용봉동,교육/학원,30대,2693924,29,92893,미참여,0.44,28
2025-08,광주 북구,용봉동,교육/학원,40대,981990,13,75537,미참여,0.447,9
2025-08,광주 북구,용봉동,교육/학원,50대,1893312,23,82317,미참여,0.402,31
2025-08,광주 북구,용봉동,교육/학원,60대 이상,1891291,24,78803,미참여,0.455,18
2025-08,광주 북구,용봉동,병원/약국,20대,923715,40,23092,미참여,0.237,7
2025-08,광주 북구,용봉동,병원/약국,30대,556830,22,25310,미참여,0.375,19
2025-08,광주 북구,용봉동,병원/약국,40대,700034,25,28001,미참여,0.368,15
2025-08,광주 북구,용봉동,병원/약국,50대,1026415,38,27010,미참여,0.41,32
2025-08,광주 북구,용봉동,병원/약국,60대 이상,965466,43,22452,미참여,0.268,18
2025-08,광주 북구,용봉동,편의점/마트,20대,607048,52,11674,미참여,0.422,1
2025-08,광주 북구,용봉동,편의점/마트,30대,367203,25,14688,미참여,0.564,21
2025-08,광주 북구,용봉동,편의점/마트,40대,331235,27,12267,미참여,0.468,18
2025-08,광주 북구,용봉동,편의점/마트,50대,530643,38,13964,미참여,0.436,15
2025-08,광주 북구,용봉동,편의점/마트,60대 이상,564408,43,13125,미참여,0.492,10
2025-08,광주 북구,운암동,한식/분식,20대,1077393,61,17662,미참여,0.349,9
2025-08,광주 북구,운암동,한식/분식,30대,607687,34,17873,미참여,0.691,26
2025-08,광주 북구,운암동,한식/분식,40대,505658,40,12641,미참여,0.395,20
2025-08,광주 북구,운암동,한식/분식,50대,541623,34,15930,미참여,0.384,23
2025-08,광주 북구,운암동,한식/분식,60대 이상,647575,39,16604,미참여,0.383,7
2025-08,광주 북구,운암동,카페/디저트,20대,487506,56,8705,미참여,0.27,16
2025-08,광주 북구,운암동,카페/디저트,30대,305845,39,7842,미참여,0.331,17
2025-08,광주 북구,운암동,카페/디저트,40대,214941,25,8597,미참여,0.38,9
2025-08,광주 북구,운암동,카페/디저트,50대,219068,26,8425,미참여,0.262,22
2025-08,광주 북구,운암동,카페/디저트,60대 이상,175100,19,9215,미참여,0.12,22
2025-08,광주 북구,운암동,신선식품,20대,1275367,41,31106,미참여,0.313,14
2025-08,광주 북구,운암동,신선식품,30대,572181,19,30114,미참여,0.332,11
2025-08,광주 북구,운암동,신선식품,40대,1337930,41,32632,미참여,0.575,23
2025-08,광주 북구,운암동,신선식품,50대,1229174,41,29979,미참여,0.252,19
2025-08,광주 북구,운암동,신선식품,60대 이상,1027515,38,27039,미참여,0.495,16
2025-08,광주 북구,운암동,생활용품,20대,796250,38,20953,미참여,0.4,44
2025-08,광주 북구,운암동,생활용품,30대,469357,24,19556,미참여,0.442,18
2025-08,광주 북구,운암동,생활용품,40대,570193,27,21118,미참여,0.444,20
2025-08,광주 북구,운암동,생활용품,50대,530324,21,25253,미참여,0.334,19
2025-08,광주 북구,운암동,생활용품,60대 이상,640535,33,19410,미참여,0.284,27
2025-08,광주 북구,운암동,의류/잡화,20대,823651,27,30505,미참여,0.324,21
2025-08,광주 북구,운암동,의류/잡화,30대,723926,21,34472,미참여,0.259,15
2025-08,광주 북구,운암동,의류/잡화,40대,743503,19,39131,미참여,0.454,15
2025-08,광주 북구,운암동,의류/잡화,50대,773687,20,38684,미참여,0.295,8
2025-08,광주 북구,운암동,의류/잡화,60대 이상,537980,15,35865,미참여,0.388,9
2025-08,광주 북구,운암동,미용/생활서비스,20대,679152,22,30870,미참여,0.489,11
2025-08,광주 북구,운암동,미용/생활서비스,30대,924061,26,35540,미참여,0.23,11
2025-08,광주 북구,운암동,미용/생활서비스,40대,557562,16,34847,미참여,0.38,8
2025-08,광주 북구,운암동,미용/생활서비스,50대,855994,24,35666,미참여,0.372,25
2025-08,광주 북구,운암동,미용/생활서비스,60대 이상,893262,34,26272,미참여,0.365,22
2025-08,광주 북구,운암동,교육/학원,20대,2076794,20,103839,미참여,0.432,23
2025-08,광주 북구,운암동,교육/학원,30대,2375322,24,98971,미참여,0.31,19
2025-08,광주 북구,운암동,교육/학원,40대,904871,10,90487,미참여,0.363,20
2025-08,광주 북구,운암동,교육/학원,50대,1581789,18,87877,미참여,0.424,31
2025-08,광주 북구,운암동,교육/학원,60대 이상,929969,11,84542,미참여,0.449,28
2025-08,광주 북구,운암동,병원/약국,20대,601867,28,21495,미참여,0.269,19
2025-08,광주 북구,운암동,병원/약국,30대,646753,31,20863,미참여,0.423,17
2025-08,광주 북구,운암동,병원/약국,40대,876350,38,23061,미참여,0.352,18
2025-08,광주 북구,운암동,병원/약국,50대,700325,26,26935,미참여,0.374,20
2025-08,광주 북구,운암동,병원/약국,60대 이상,1743520,63,27674,미참여,0.406,13
2025-08,광주 북구,운암동,편의점/마트,20대,387465,29,13360,미참여,0.336,10
2025-08,광주 북구,운암동,편의점/마트,30대,167637,14,11974,미참여,0.52,12
2025-08,광주 북구,운암동,편의점/마트,40대,308671,24,12861,미참여,0.516,7
2025-08,광주 북구,운암동,편의점/마트,50대,218375,21,10398,미참여,0.5,17
2025-08,광주 북구,운암동,편의점/마트,60대 이상,343921,26,13227,미참여,0.434,12
2025-08,광주 북구,일곡동,한식/분식,20대,493713,37,13343,미참여,0.47,29
2025-08,광주 북구,일곡동,한식/분식,30대,633913,35,18111,미참여,0.52,19
2025-08,광주 북구,일곡동,한식/분식,40대,466963,35,13341,미참여,0.458,25
2025-08,광주 북구,일곡동,한식/분식,50대,408699,33,12384,미참여,0.288,28
2025-08,광주 북구,일곡동,한식/분식,60대 이상,451357,34,13275,미참여,0.463,10
2025-08,광주 북구,일곡동,카페/디저트,20대,443769,44,10085,미참여,0.294,10
2025-08,광주 북구,일곡동,카페/디저트,30대,189640,26,7293,미참여,0.278,9
2025-08,광주 북구,일곡동,카페/디저트,40대,223369,23,9711,미참여,0.371,42
2025-08,광주 북구,일곡동,카페/디저트,50대,233545,23,10154,미참여,0.229,9
2025-08,광주 북구,일곡동,카페/디저트,60대 이상,307597,39,7887,미참여,0.376,30
2025-08,광주 북구,일곡동,신선식품,20대,840347,27,31123,미참여,0.645,11
2025-08,광주 북구,일곡동,신선식품,30대,982245,36,27284,미참여,0.409,24
2025-08,광주 북구,일곡동,신선식품,40대,1196027,37,32325,미참여,0.678,22
2025-08,광주 북구,일곡동,신선식품,50대,712570,24,29690,미참여,0.59,21
2025-08,광주 북구,일곡동,신선식품,60대 이상,1294192,47,27536,미참여,0.418,18
2025-08,광주 북구,일곡동,생활용품,20대,717131,30,23904,미참여,0.309,1
2025-08,광주 북구,일곡동,생활용품,30대,815866,33,24723,미참여,0.321,20
2025-08,광주 북구,일곡동,생활용품,40대,682510,27,25278,미참여,0.22,21
2025-08,광주 북구,일곡동,생활용품,50대,1211081,48,25230,미참여,0.288,17
2025-08,광주 북구,일곡동,생활용품,60대 이상,826937,33,25058,미참여,0.397,12
2025-08,광주 북구,일곡동,의류/잡화,20대,666639,18,37035,미참여,0.349,27
2025-08,광주 북구,일곡동,의류/잡화,30대,531820,13,40909,미참여,0.287,23
2025-08,광주 북구,일곡동,의류/잡화,40대,796629,23,34636,미참여,0.462,8
2025-08,광주 북구,일곡동,의류/잡화,50대,637190,17,37481,미참여,0.438,20
2025-08,광주 북구,일곡동,의류/잡화,60대 이상,591826,14,42273,미참여,0.45,7
2025-08,광주 북구,일곡동,미용/생활서비스,20대,1086185,32,33943,미참여,0.494,25
2025-08,광주 북구,일곡동,미용/생활서비스,30대,460254,15,30683,미참여,0.267,20
2025-08,광주 북구,일곡동,미용/생활서비스,40대,815640,24,33985,미참여,0.261,14
2025-08,광주 북구,일곡동,미용/생활서비스,50대,673275,24,28053,미참여,0.481,16
2025-08,광주 북구,일곡동,미용/생활서비스,60대 이상,1197447,32,37420,미참여,0.439,24
2025-08,광주 북구,일곡동,교육/학원,20대,1904530,18,105807,미참여,0.485,17
2025-08,광주 북구,일곡동,교육/학원,30대,2536999,28,90607,미참여,0.316,16
2025-08,광주 북구,일곡동,교육/학원,40대,1650113,21,78576,미참여,0.413,20
2025-08,광주 북구,일곡동,교육/학원,50대,1678335,23,72971,미참여,0.252,11
2025-08,광주 북구,일곡동,교육/학원,60대 이상,1134154,14,81011,미참여,0.128,18
2025-08,광주 북구,일곡동,병원/약국,20대,676234,24,28176,미참여,0.242,17
2025-08,광주 북구,일곡동,병원/약국,30대,645346,26,24821,미참여,0.429,20
2025-08,광주 북구,일곡동,병원/약국,40대,463771,21,22084,미참여,0.26,21
2025-08,광주 북구,일곡동,병원/약국,50대,777879,29,26823,미참여,0.213,32
2025-08,광주 북구,일곡동,병원/약국,60대 이상,1406046,50,28120,미참여,0.424,22
2025-08,광주 북구,일곡동,편의점/마트,20대,493577,37,13339,미참여,0.448,16
2025-08,광주 북구,일곡동,편의점/마트,30대,330011,26,12692,미참여,0.496,27
2025-08,광주 북구,일곡동,편의점/마트,40대,404529,28,14447,미참여,0.385,11
2025-08,광주 북구,일곡동,편의점/마트,50대,230987,21,10999,미참여,0.482,12
2025-08,광주 북구,일곡동,편의점/마트,60대 이상,390343,30,13011,미참여,0.428,21
2025-08,광주 북구,두암동,한식/분식,20대,398346,29,13736,미참여,0.372,26
2025-08,광주 북구,두암동,한식/분식,30대,619536,41,15110,미참여,0.49,23
2025-08,광주 북구,두암동,한식/분식,40대,417181,28,14899,미참여,0.473,18
2025-08,광주 북구,두암동,한식/분식,50대,555184,32,17349,미참여,0.438,16
2025-08,광주 북구,두암동,한식/분식,60대 이상,575127,44,13071,미참여,0.398,16
2025-08,광주 북구,두암동,카페/디저트,20대,390851,48,8142,미참여,0.364,25
2025-08,광주 북구,두암동,카페/디저트,30대,297360,37,8036,미참여,0.351,25
2025-08,광주 북구,두암동,카페/디저트,40대,154383,21,7351,미참여,0.516,24
2025-08,광주 북구,두암동,카페/디저트,50대,169518,23,7370,미참여,0.309,28
2025-08,광주 북구,두암동,카페/디저트,60대 이상,181517,26,6981,미참여,0.236,30
2025-08,광주 북구,두암동,신선식품,20대,909242,28,32472,미참여,0.4,19
2025-08,광주 북구,두암동,신선식품,30대,829195,31,26748,미참여,0.631,13
2025-08,광주 북구,두암동,신선식품,40대,1020007,41,24878,미참여,0.519,20
2025-08,광주 북구,두암동,신선식품,50대,761850,23,33123,미참여,0.469,1
2025-08,광주 북구,두암동,신선식품,60대 이상,1127112,41,27490,미참여,0.292,25
2025-08,광주 북구,두암동,생활용품,20대,783875,35,22396,미참여,0.347,25
2025-08,광주 북구,두암동,생활용품,30대,585766,28,20920,미참여,0.396,24
2025-08,광주 북구,두암동,생활용품,40대,681938,31,21998,미참여,0.368,22
2025-08,광주 북구,두암동,생활용품,50대,1198033,52,23039,미참여,0.4,15
2025-08,광주 북구,두암동,생활용품,60대 이상,1203199,57,21108,미참여,0.364,23
2025-08,광주 북구,두암동,의류/잡화,20대,1140565,27,42243,미참여,0.356,17
2025-08,광주 북구,두암동,의류/잡화,30대,685357,20,34267,미참여,0.473,13
2025-08,광주 북구,두암동,의류/잡화,40대,383009,12,31917,미참여,0.288,26
2025-08,광주 북구,두암동,의류/잡화,50대,642547,18,35697,미참여,0.368,25
2025-08,광주 북구,두암동,의류/잡화,60대 이상,413753,11,37613,미참여,0.12,17
2025-08,광주 북구,두암동,미용/생활서비스,20대,947502,28,33839,미참여,0.434,9
2025-08,광주 북구,두암동,미용/생활서비스,30대,842477,29,29050,미참여,0.402,28
2025-08,광주 북구,두암동,미용/생활서비스,40대,468546,16,29284,미참여,0.177,1
2025-08,광주 북구,두암동,미용/생활서비스,50대,493867,17,29051,미참여,0.383,13
2025-08,광주 북구,두암동,미용/생활서비스,60대 이상,628218,22,28555,미참여,0.316,15
2025-08,광주 북구,두암동,교육/학원,20대,1574882,16,98430,미참여,0.37,13
2025-08,광주 북구,두암동,교육/학원,30대,1674563,19,88134,미참여,0.222,31
2025-08,광주 북구,두암동,교육/학원,40대,1178532,16,73658,미참여,0.436,3
2025-08,광주 북구,두암동,교육/학원,50대,2102435,20,105121,미참여,0.448,3
2025-08,광주 북구,두암동,교육/학원,60대 이상,1775905,19,93468,미참여,0.441,30
2025-08,광주 북구,두암동,병원/약국,20대,689725,24,28738,미참여,0.425,25
2025-08,광주 북구,두암동,병원/약국,30대,423688,15,28245,미참여,0.438,12
2025-08,광주 북구,두암동,병원/약국,40대,751282,32,23477,미참여,0.331,16
2025-08,광주 북구,두암동,병원/약국,50대,595255,20,29762,미참여,0.244,5
2025-08,광주 북구,두암동,병원/약국,60대 이상,964846,34,28377,미참여,0.245,22
2025-08,광주 북구,두암동,편의점/마트,20대,289350,20,14467,미참여,0.457,11
2025-08,광주 북구,두암동,편의점/마트,30대,417672,29,14402,미참여,0.435,28
2025-08,광주 북구,두암동,편의점/마트,40대,522100,36,14502,미참여,0.36,11
2025-08,광주 북구,두암동,편의점/마트,50대,377967,32,11811,미참여,0.544,17
2025-08,광주 북구,두암동,편의점/마트,60대 이상,317380,30,10579,미참여,0.452,39
2025-08,광주 동구,충장동,한식/분식,20대,301372,23,13103,미참여,0.646,18
2025-08,광주 동구,충장동,한식/분식,30대,575414,44,13077,미참여,0.386,9
2025-08,광주 동구,충장동,한식/분식,40대,1044060,63,16572,미참여,0.351,19
2025-08,광주 동구,충장동,한식/분식,50대,629406,48,13112,미참여,0.503,23
2025-08,광주 동구,충장동,한식/분식,60대 이상,888429,59,15058,미참여,0.362,16
2025-08,광주 동구,충장동,카페/디저트,20대,292807,34,8611,미참여,0.359,26
2025-08,광주 동구,충장동,카페/디저트,30대,264757,29,9129,미참여,0.322,30
2025-08,광주 동구,충장동,카페/디저트,40대,194902,24,8120,미참여,0.432,31
2025-08,광주 동구,충장동,카페/디저트,50대,133624,17,7860,미참여,0.295,14
2025-08,광주 동구,충장동,카페/디저트,60대 이상,439625,45,9769,미참여,0.382,25
2025-08,광주 동구,충장동,신선식품,20대,1256850,48,26184,미참여,0.507,22
2025-08,광주 동구,충장동,신선식품,30대,956844,32,29901,미참여,0.507,31
2025-08,광주 동구,충장동,신선식품,40대,891067,28,31823,미참여,0.37,19
2025-08,광주 동구,충장동,신선식품,50대,1384991,55,25181,미참여,0.456,29
2025-08,광주 동구,충장동,신선식품,60대 이상,852407,26,32784,미참여,0.316,23
2025-08,광주 동구,충장동,생활용품,20대,535776,26,20606,미참여,0.292,17
2025-08,광주 동구,충장동,생활용품,30대,562541,25,22501,미참여,0.359,16
2025-08,광주 동구,충장동,생활용품,40대,538657,20,26932,미참여,0.427,25
2025-08,광주 동구,충장동,생활용품,50대,817803,34,24053,미참여,0.276,27
2025-08,광주 동구,충장동,생활용품,60대 이상,907376,40,22684,미참여,0.308,15
2025-08,광주 동구,충장동,의류/잡화,20대,758054,18,42114,미참여,0.191,26
2025-08,광주 동구,충장동,의류/잡화,30대,912377,28,32584,미참여,0.261,26
2025-08,광주 동구,충장동,의류/잡화,40대,1019720,25,40788,미참여,0.331,23
2025-08,광주 동구,충장동,의류/잡화,50대,1077377,33,32647,미참여,0.322,20
2025-08,광주 동구,충장동,의류/잡화,60대 이상,717082,21,34146,미참여,0.169,27
2025-08,광주 동구,충장동,미용/생활서비스,20대,868616,25,34744,미참여,0.406,18
2025-08,광주 동구,충장동,미용/생활서비스,30대,381826,11,34711,미참여,0.248,18
2025-08,광주 동구,충장동,미용/생활서비스,40대,716916,24,29871,미참여,0.349,9
2025-08,광주 동구,충장동,미용/생활서비스,50대,641703,19,33773,미참여,0.272,16
2025-08,광주 동구,충장동,미용/생활서비스,60대 이상,709381,23,30842,미참여,0.241,20
2025-08,광주 동구,충장동,교육/학원,20대,2196894,24,91537,미참여,0.522,26
2025-08,광주 동구,충장동,교육/학원,30대,2116399,21,100780,미참여,0.409,26
2025-08,광주 동구,충장동,교육/학원,40대,2382767,24,99281,미참여,0.372,24
2025-08,광주 동구,충장동,교육/학원,50대,1458687,19,76773,미참여,0.552,20
2025-08,광주 동구,충장동,교육/학원,60대 이상,2585534,26,99443,미참여,0.474,20
2025-08,광주 동구,충장동,병원/약국,20대,773476,29,26671,미참여,0.433,23
2025-08,광주 동구,충장동,병원/약국,30대,620829,29,21407,미참여,0.326,32
2025-08,광주 동구,충장동,병원/약국,40대,727205,31,23458,미참여,0.227,6
2025-08,광주 동구,충장동,병원/약국,50대,954790,32,29837,미참여,0.261,17
2025-08,광주 동구,충장동,병원/약국,60대 이상,1197269,45,26605,미참여,0.31,10
2025-08,광주 동구,충장동,편의점/마트,20대,345077,28,12324,미참여,0.434,36
2025-08,광주 동구,충장동,편의점/마트,30대,245595,22,11163,미참여,0.509,21
2025-08,광주 동구,충장동,편의점/마트,40대,394769,29,13612,미참여,0.383,18
2025-08,광주 동구,충장동,편의점/마트,50대,481183,38,12662,미참여,0.44,22
2025-08,광주 동구,충장동,편의점/마트,60대 이상,464310,32,14509,미참여,0.362,17
2025-08,광주 동구,동명동,한식/분식,20대,408808,28,14600,미참여,0.319,13
2025-08,광주 동구,동명동,한식/분식,30대,716610,49,14624,미참여,0.329,30
2025-08,광주 동구,동명동,한식/분식,40대,884018,60,14733,미참여,0.358,27
2025-08,광주 동구,동명동,한식/분식,50대,890922,67,13297,미참여,0.606,14
2025-08,광주 동구,동명동,한식/분식,60대 이상,349940,23,15214,미참여,0.565,23
2025-08,광주 동구,동명동,카페/디저트,20대,296431,30,9881,미참여,0.367,31
2025-08,광주 동구,동명동,카페/디저트,30대,216018,28,7714,미참여,0.463,36
2025-08,광주 동구,동명동,카페/디저트,40대,302122,36,8392,미참여,0.362,21
2025-08,광주 동구,동명동,카페/디저트,50대,276017,28,9857,미참여,0.384,16
2025-08,광주 동구,동명동,카페/디저트,60대 이상,330947,36,9192,미참여,0.293,9
2025-08,광주 동구,동명동,신선식품,20대,824778,30,27492,미참여,0.4,34
2025-08,광주 동구,동명동,신선식품,30대,1115323,32,34853,미참여,0.348,10
2025-08,광주 동구,동명동,신선식품,40대,706943,29,24377,미참여,0.428,13
2025-08,광주 동구,동명동,신선식품,50대,737645,24,30735,미참여,0.492,14
2025-08,광주 동구,동명동,신선식품,60대 이상,709892,22,32267,미참여,0.421,22
2025-08,광주 동구,동명동,생활용품,20대,817742,33,24780,미참여,0.344,14
2025-08,광주 동구,동명동,생활용품,30대,1093512,42,26036,미참여,0.225,12
2025-08,광주 동구,동명동,생활용품,40대,243866,11,22169,미참여,0.313,30
2025-08,광주 동구,동명동,생활용품,50대,1240843,60,20680,미참여,0.201,10
2025-08,광주 동구,동명동,생활용품,60대 이상,742076,29,25588,미참여,0.395,1
2025-08,광주 동구,동명동,의류/잡화,20대,922828,22,41946,미참여,0.371,13
2025-08,광주 동구,동명동,의류/잡화,30대,638905,21,30424,미참여,0.281,19
2025-08,광주 동구,동명동,의류/잡화,40대,1246116,29,42969,미참여,0.266,30
2025-08,광주 동구,동명동,의류/잡화,50대,1018518,28,36375,미참여,0.268,13
2025-08,광주 동구,동명동,의류/잡화,60대 이상,653912,15,43594,미참여,0.36,30
2025-08,광주 동구,동명동,미용/생활서비스,20대,771035,21,36715,미참여,0.269,18
2025-08,광주 동구,동명동,미용/생활서비스,30대,643918,19,33890,미참여,0.376,20
2025-08,광주 동구,동명동,미용/생활서비스,40대,650146,21,30959,미참여,0.382,16
2025-08,광주 동구,동명동,미용/생활서비스,50대,1187724,35,33934,미참여,0.347,21
2025-08,광주 동구,동명동,미용/생활서비스,60대 이상,521223,20,26061,미참여,0.317,13
2025-08,광주 동구,동명동,교육/학원,20대,1684438,16,105277,미참여,0.385,16
2025-08,광주 동구,동명동,교육/학원,30대,2595879,27,96143,미참여,0.398,13
2025-08,광주 동구,동명동,교육/학원,40대,3445645,33,104413,미참여,0.314,19
2025-08,광주 동구,동명동,교육/학원,50대,1892718,22,86032,미참여,0.232,10
2025-08,광주 동구,동명동,교육/학원,60대 이상,2086531,22,94842,미참여,0.346,19
2025-08,광주 동구,동명동,병원/약국,20대,784574,33,23774,미참여,0.343,17
2025-08,광주 동구,동명동,병원/약국,30대,600306,25,24012,미참여,0.458,19
2025-08,광주 동구,동명동,병원/약국,40대,672594,29,23192,미참여,0.399,4
2025-08,광주 동구,동명동,병원/약국,50대,866523,29,29880,미참여,0.347,14
2025-08,광주 동구,동명동,병원/약국,60대 이상,1091459,38,28722,미참여,0.393,16
2025-08,광주 동구,동명동,편의점/마트,20대,426887,36,11857,미참여,0.391,2
2025-08,광주 동구,동명동,편의점/마트,30대,511148,38,13451,미참여,0.494,18
2025-08,광주 동구,동명동,편의점/마트,40대,423636,31,13665,미참여,0.441,15
2025-08,광주 동구,동명동,편의점/마트,50대,260793,24,10866,미참여,0.483,15
2025-08,광주 동구,동명동,편의점/마트,60대 이상,462998,32,14468,미참여,0.508,11
2025-08,광주 동구,서남동,한식/분식,20대,568423,35,16240,미참여,0.524,8
2025-08,광주 동구,서남동,한식/분식,30대,485731,33,14719,미참여,0.414,10
2025-08,광주 동구,서남동,한식/분식,40대,651891,51,12782,미참여,0.394,18
2025-08,광주 동구,서남동,한식/분식,50대,393930,28,14068,미참여,0.396,17
2025-08,광주 동구,서남동,한식/분식,60대 이상,495987,39,12717,미참여,0.541,23
2025-08,광주 동구,서남동,카페/디저트,20대,249571,28,8913,미참여,0.335,17
2025-08,광주 동구,서남동,카페/디저트,30대,369508,39,9474,미참여,0.579,8
2025-08,광주 동구,서남동,카페/디저트,40대,372441,38,9801,미참여,0.552,16
2025-08,광주 동구,서남동,카페/디저트,50대,182982,26,7037,미참여,0.328,27
2025-08,광주 동구,서남동,카페/디저트,60대 이상,108744,15,7249,미참여,0.561,1
2025-08,광주 동구,서남동,신선식품,20대,945435,33,28649,미참여,0.307,25
2025-08,광주 동구,서남동,신선식품,30대,688271,26,26471,미참여,0.431,12
2025-08,광주 동구,서남동,신선식품,40대,1441822,48,30037,미참여,0.445,24
2025-08,광주 동구,서남동,신선식품,50대,1262107,48,26293,미참여,0.554,27
2025-08,광주 동구,서남동,신선식품,60대 이상,997932,36,27720,미참여,0.545,17
2025-08,광주 동구,서남동,생활용품,20대,520428,26,20016,미참여,0.35,18
2025-08,광주 동구,서남동,생활용품,30대,580988,28,20749,미참여,0.304,34
2025-08,광주 동구,서남동,생활용품,40대,659973,26,25383,미참여,0.407,17
2025-08,광주 동구,서남동,생활용품,50대,699554,36,19432,미참여,0.469,1
2025-08,광주 동구,서남동,생활용품,60대 이상,494457,26,19017,미참여,0.242,1
2025-08,광주 동구,서남동,의류/잡화,20대,1256251,36,34895,미참여,0.485,5
2025-08,광주 동구,서남동,의류/잡화,30대,710306,20,35515,미참여,0.37,29
2025-08,광주 동구,서남동,의류/잡화,40대,775136,20,38756,미참여,0.379,26
2025-08,광주 동구,서남동,의류/잡화,50대,496315,15,33087,미참여,0.471,26
2025-08,광주 동구,서남동,의류/잡화,60대 이상,825777,26,31760,미참여,0.436,31
2025-08,광주 동구,서남동,미용/생활서비스,20대,822291,26,31626,미참여,0.391,28
2025-08,광주 동구,서남동,미용/생활서비스,30대,766078,24,31919,미참여,0.233,24
2025-08,광주 동구,서남동,미용/생활서비스,40대,550029,16,34376,미참여,0.384,14
2025-08,광주 동구,서남동,미용/생활서비스,50대,633168,20,31658,미참여,0.287,5
2025-08,광주 동구,서남동,미용/생활서비스,60대 이상,987614,29,34055,미참여,0.303,21
2025-08,광주 동구,서남동,교육/학원,20대,2122155,20,106107,미참여,0.315,8
2025-08,광주 동구,서남동,교육/학원,30대,1303463,18,72414,미참여,0.376,23
2025-08,광주 동구,서남동,교육/학원,40대,1760913,17,103583,미참여,0.263,26
2025-08,광주 동구,서남동,교육/학원,50대,890849,9,98983,미참여,0.349,30
2025-08,광주 동구,서남동,교육/학원,60대 이상,2121043,22,96411,미참여,0.334,13
2025-08,광주 동구,서남동,병원/약국,20대,708424,27,26237,미참여,0.276,16
2025-08,광주 동구,서남동,병원/약국,30대,463078,16,28942,미참여,0.309,25
2025-08,광주 동구,서남동,병원/약국,40대,683707,26,26296,미참여,0.298,19
2025-08,광주 동구,서남동,병원/약국,50대,614127,26,23620,미참여,0.243,21
2025-08,광주 동구,서남동,병원/약국,60대 이상,1195327,48,24902,미참여,0.338,29
2025-08,광주 동구,서남동,편의점/마트,20대,265392,21,12637,미참여,0.284,26
2025-08,광주 동구,서남동,편의점/마트,30대,593348,40,14833,미참여,0.489,12
2025-08,광주 동구,서남동,편의점/마트,40대,266552,23,11589,미참여,0.499,25
2025-08,광주 동구,서남동,편의점/마트,50대,292436,20,14621,미참여,0.29,10
2025-08,광주 동구,서남동,편의점/마트,60대 이상,400228,30,13340,미참여,0.328,13
2025-08,광주 동구,학동,한식/분식,20대,782303,47,16644,미참여,0.568,42
2025-08,광주 동구,학동,한식/분식,30대,398774,32,12461,미참여,0.398,31
2025-08,광주 동구,학동,한식/분식,40대,882833,55,16051,미참여,0.628,11
2025-08,광주 동구,학동,한식/분식,50대,514741,35,14706,미참여,0.383,21
2025-08,광주 동구,학동,한식/분식,60대 이상,279835,16,17489,미참여,0.472,24
2025-08,광주 동구,학동,카페/디저트,20대,407813,46,8865,미참여,0.578,29
2025-08,광주 동구,학동,카페/디저트,30대,404399,40,10109,미참여,0.34,26
2025-08,광주 동구,학동,카페/디저트,40대,79372,11,7215,미참여,0.303,20
2025-08,광주 동구,학동,카페/디저트,50대,233859,32,7308,미참여,0.395,26
2025-08,광주 동구,학동,카페/디저트,60대 이상,221713,23,9639,미참여,0.173,26
2025-08,광주 동구,학동,신선식품,20대,703733,23,30597,미참여,0.428,6
2025-08,광주 동구,학동,신선식품,30대,723199,25,28927,미참여,0.473,16
2025-08,광주 동구,학동,신선식품,40대,933989,31,30128,미참여,0.401,18
2025-08,광주 동구,학동,신선식품,50대,1643594,49,33542,미참여,0.354,13
2025-08,광주 동구,학동,신선식품,60대 이상,920637,37,24882,미참여,0.368,15
2025-08,광주 동구,학동,생활용품,20대,683197,27,25303,미참여,0.364,29
2025-08,광주 동구,학동,생활용품,30대,612940,32,19154,미참여,0.268,11
2025-08,광주 동구,학동,생활용품,40대,515042,25,20601,미참여,0.354,18
2025-08,광주 동구,학동,생활용품,50대,850229,43,19772,미참여,0.219,26
2025-08,광주 동구,학동,생활용품,60대 이상,733627,38,19305,미참여,0.389,9
2025-08,광주 동구,학동,의류/잡화,20대,1150568,27,42613,미참여,0.51,22
2025-08,광주 동구,학동,의류/잡화,30대,828794,20,41439,미참여,0.542,31
2025-08,광주 동구,학동,의류/잡화,40대,1301548,35,37187,미참여,0.327,20
2025-08,광주 동구,학동,의류/잡화,50대,802297,21,38204,미참여,0.291,21
2025-08,광주 동구,학동,의류/잡화,60대 이상,1094040,34,32177,미참여,0.453,33
2025-08,광주 동구,학동,미용/생활서비스,20대,860994,24,35874,미참여,0.247,12
2025-08,광주 동구,학동,미용/생활서비스,30대,602467,20,30123,미참여,0.315,5
2025-08,광주 동구,학동,미용/생활서비스,40대,667776,25,26711,미참여,0.439,14
2025-08,광주 동구,학동,미용/생활서비스,50대,885232,28,31615,미참여,0.308,14
2025-08,광주 동구,학동,미용/생활서비스,60대 이상,819441,26,31516,미참여,0.325,9
2025-08,광주 동구,학동,교육/학원,20대,2547843,24,106160,미참여,0.26,16
2025-08,광주 동구,학동,교육/학원,30대,1839318,18,102184,미참여,0.491,21
2025-08,광주 동구,학동,교육/학원,40대,1108233,11,100748,미참여,0.384,23
2025-08,광주 동구,학동,교육/학원,50대,1217600,16,76100,미참여,0.381,31
2025-08,광주 동구,학동,교육/학원,60대 이상,2132320,21,101539,미참여,0.326,25
2025-08,광주 동구,학동,병원/약국,20대,430153,17,25303,미참여,0.407,15
2025-08,광주 동구,학동,병원/약국,30대,856576,32,26768,미참여,0.443,23
2025-08,광주 동구,학동,병원/약국,40대,543824,23,23644,미참여,0.398,15
2025-08,광주 동구,학동,병원/약국,50대,470044,23,20436,미참여,0.383,22
2025-08,광주 동구,학동,병원/약국,60대 이상,1442957,50,28859,미참여,0.22,14
2025-08,광주 동구,학동,편의점/마트,20대,390228,37,10546,미참여,0.297,12
2025-08,광주 동구,학동,편의점/마트,30대,416919,28,14889,미참여,0.45,17
2025-08,광주 동구,학동,편의점/마트,40대,297509,21,14167,미참여,0.328,14
2025-08,광주 동구,학동,편의점/마트,50대,525336,49,10721,미참여,0.284,30
2025-08,광주 동구,학동,편의점/마트,60대 이상,225384,18,12521,미참여,0.559,27
2025-09,수원시 팔달구,행궁동,한식/분식,20대,1041384,69,15092,참여,0.525,20
2025-09,수원시 팔달구,행궁동,한식/분식,30대,1056872,66,16013,미참여,0.513,33
2025-09,수원시 팔달구,행궁동,한식/분식,40대,769070,45,17090,참여,0.549,1
2025-09,수원시 팔달구,행궁동,한식/분식,50대,967940,74,13080,참여,0.276,26
2025-09,수원시 팔달구,행궁동,한식/분식,60대 이상,667239,46,14505,미참여,0.454,36
2025-09,수원시 팔달구,행궁동,카페/디저트,20대,362518,46,7880,참여,0.544,21
2025-09,수원시 팔달구,행궁동,카페/디저트,30대,468913,59,7947,참여,0.557,7
2025-09,수원시 팔달구,행궁동,카페/디저트,40대,186036,25,7441,참여,0.584,22
2025-09,수원시 팔달구,행궁동,카페/디저트,50대,296850,31,9575,참여,0.438,17
2025-09,수원시 팔달구,행궁동,카페/디저트,60대 이상,228890,23,9951,참여,0.415,1
2025-09,수원시 팔달구,행궁동,신선식품,20대,1893479,57,33218,참여,0.44,30
2025-09,수원시 팔달구,행궁동,신선식품,30대,1012204,39,25953,참여,0.367,16
2025-09,수원시 팔달구,행궁동,신선식품,40대,1261759,43,29343,참여,0.396,23
2025-09,수원시 팔달구,행궁동,신선식품,50대,1879867,58,32411,참여,0.367,19
2025-09,수원시 팔달구,행궁동,신선식품,60대 이상,1390586,47,29586,참여,0.469,23
2025-09,수원시 팔달구,행궁동,생활용품,20대,996215,37,26924,참여,0.486,27
2025-09,수원시 팔달구,행궁동,생활용품,30대,815340,31,26301,미참여,0.244,32
2025-09,수원시 팔달구,행궁동,생활용품,40대,1178947,44,26794,미참여,0.443,19
2025-09,수원시 팔달구,행궁동,생활용품,50대,1077189,51,21121,미참여,0.315,12
2025-09,수원시 팔달구,행궁동,생활용품,60대 이상,1036943,41,25291,미참여,0.345,13
2025-09,수원시 팔달구,행궁동,의류/잡화,20대,1326040,31,42775,참여,0.505,10
2025-09,수원시 팔달구,행궁동,의류/잡화,30대,742671,24,30944,참여,0.375,7
2025-09,수원시 팔달구,행궁동,의류/잡화,40대,774144,22,35188,참여,0.5,20
2025-09,수원시 팔달구,행궁동,의류/잡화,50대,1054285,33,31948,참여,0.232,13
2025-09,수원시 팔달구,행궁동,의류/잡화,60대 이상,840440,28,30015,참여,0.268,20
2025-09,수원시 팔달구,행궁동,미용/생활서비스,20대,1035811,30,34527,미참여,0.332,24
2025-09,수원시 팔달구,행궁동,미용/생활서비스,30대,893350,35,25524,참여,0.333,25
2025-09,수원시 팔달구,행궁동,미용/생활서비스,40대,619628,20,30981,참여,0.423,13
2025-09,수원시 팔달구,행궁동,미용/생활서비스,50대,1257822,36,34939,참여,0.306,15
2025-09,수원시 팔달구,행궁동,미용/생활서비스,60대 이상,717765,27,26583,미참여,0.428,6
2025-09,수원시 팔달구,행궁동,교육/학원,20대,1892770,25,75710,미참여,0.333,9
2025-09,수원시 팔달구,행궁동,교육/학원,30대,1348873,18,74937,미참여,0.268,30
2025-09,수원시 팔달구,행궁동,교육/학원,40대,2301030,27,85223,미참여,0.379,15
2025-09,수원시 팔달구,행궁동,교육/학원,50대,3110898,30,103696,참여,0.303,8
2025-09,수원시 팔달구,행궁동,교육/학원,60대 이상,2063603,26,79369,참여,0.325,17
2025-09,수원시 팔달구,행궁동,병원/약국,20대,492553,19,25923,참여,0.242,20
2025-09,수원시 팔달구,행궁동,병원/약국,30대,774297,35,22122,미참여,0.295,24
2025-09,수원시 팔달구,행궁동,병원/약국,40대,267066,11,24278,참여,0.223,19
2025-09,수원시 팔달구,행궁동,병원/약국,50대,812270,33,24614,참여,0.169,22
2025-09,수원시 팔달구,행궁동,병원/약국,60대 이상,1572842,57,27593,참여,0.362,25
2025-09,수원시 팔달구,행궁동,편의점/마트,20대,457915,43,10649,참여,0.616,17
2025-09,수원시 팔달구,행궁동,편의점/마트,30대,342715,33,10385,참여,0.415,9
2025-09,수원시 팔달구,행궁동,편의점/마트,40대,361977,32,11311,미참여,0.308,17
2025-09,수원시 팔달구,행궁동,편의점/마트,50대,321529,25,12861,참여,0.511,21
2025-09,수원시 팔달구,행궁동,편의점/마트,60대 이상,356528,26,13712,참여,0.345,17
2025-09,수원시 팔달구,매산동,한식/분식,20대,779368,43,18124,미참여,0.354,17
2025-09,수원시 팔달구,매산동,한식/분식,30대,915883,58,15791,참여,0.427,11
2025-09,수원시 팔달구,매산동,한식/분식,40대,598795,46,13017,참여,0.612,32
2025-09,수원시 팔달구,매산동,한식/분식,50대,383132,31,12359,참여,0.537,32
2025-09,수원시 팔달구,매산동,한식/분식,60대 이상,616251,48,12838,미참여,0.409,22
2025-09,수원시 팔달구,매산동,카페/디저트,20대,374975,48,7811,미참여,0.282,26
2025-09,수원시 팔달구,매산동,카페/디저트,30대,217004,30,7233,참여,0.241,10
2025-09,수원시 팔달구,매산동,카페/디저트,40대,218381,28,7799,미참여,0.372,20
2025-09,수원시 팔달구,매산동,카페/디저트,50대,235634,23,10244,참여,0.263,16
2025-09,수원시 팔달구,매산동,카페/디저트,60대 이상,229508,31,7403,참여,0.306,21
2025-09,수원시 팔달구,매산동,신선식품,20대,1088763,37,29426,참여,0.329,27
2025-09,수원시 팔달구,매산동,신선식품,30대,1399920,51,27449,미참여,0.546,17
2025-09,수원시 팔달구,매산동,신선식품,40대,1253866,44,28496,참여,0.389,4
2025-09,수원시 팔달구,매산동,신선식품,50대,1308162,50,26163,참여,0.348,20
2025-09,수원시 팔달구,매산동,신선식품,60대 이상,1022629,37,27638,미참여,0.657,27
2025-09,수원시 팔달구,매산동,생활용품,20대,1292696,55,23503,참여,0.285,16
2025-09,수원시 팔달구,매산동,생활용품,30대,1013882,43,23578,참여,0.371,25
2025-09,수원시 팔달구,매산동,생활용품,40대,813607,34,23929,참여,0.483,6
2025-09,수원시 팔달구,매산동,생활용품,50대,1448968,64,22640,참여,0.157,29
2025-09,수원시 팔달구,매산동,생활용품,60대 이상,908529,41,22159,참여,0.453,20
2025-09,수원시 팔달구,매산동,의류/잡화,20대,581875,16,36367,참여,0.18,21
2025-09,수원시 팔달구,매산동,의류/잡화,30대,510520,13,39270,미참여,0.321,10
2025-09,수원시 팔달구,매산동,의류/잡화,40대,719096,18,39949,미참여,0.407,6
2025-09,수원시 팔달구,매산동,의류/잡화,50대,897599,21,42742,참여,0.178,21
2025-09,수원시 팔달구,매산동,의류/잡화,60대 이상,778190,23,33834,참여,0.383,11
2025-09,수원시 팔달구,매산동,미용/생활서비스,20대,908347,31,29301,미참여,0.222,9
2025-09,수원시 팔달구,매산동,미용/생활서비스,30대,645275,24,26886,미참여,0.345,12
2025-09,수원시 팔달구,매산동,미용/생활서비스,40대,927221,34,27271,미참여,0.556,17
2025-09,수원시 팔달구,매산동,미용/생활서비스,50대,366892,13,28222,참여,0.3,19
2025-09,수원시 팔달구,매산동,미용/생활서비스,60대 이상,628349,24,26181,미참여,0.313,30
2025-09,수원시 팔달구,매산동,교육/학원,20대,3067787,35,87651,참여,0.448,28
2025-09,수원시 팔달구,매산동,교육/학원,30대,2215265,21,105488,미참여,0.269,28
2025-09,수원시 팔달구,매산동,교육/학원,40대,1907164,24,79465,참여,0.591,22
2025-09,수원시 팔달구,매산동,교육/학원,50대,2108238,22,95829,참여,0.246,12
2025-09,수원시 팔달구,매산동,교육/학원,60대 이상,1288883,14,92063,참여,0.349,23
2025-09,수원시 팔달구,매산동,병원/약국,20대,805986,31,25999,미참여,0.397,20
2025-09,수원시 팔달구,매산동,병원/약국,30대,395307,16,24706,미참여,0.232,14
2025-09,수원시 팔달구,매산동,병원/약국,40대,452199,22,20554,미참여,0.322,17
2025-09,수원시 팔달구,매산동,병원/약국,50대,972177,38,25583,미참여,0.292,11
2025-09,수원시 팔달구,매산동,병원/약국,60대 이상,976565,46,21229,참여,0.29,7
2025-09,수원시 팔달구,매산동,편의점/마트,20대,546209,47,11621,참여,0.344,16
2025-09,수원시 팔달구,매산동,편의점/마트,30대,280770,26,10798,미참여,0.388,27
2025-09,수원시 팔달구,매산동,편의점/마트,40대,399079,31,12873,참여,0.543,23
2025-09,수원시 팔달구,매산동,편의점/마트,50대,424437,29,14635,미참여,0.436,26
2025-09,수원시 팔달구,매산동,편의점/마트,60대 이상,507461,42,12082,참여,0.415,25
2025-09,수원시 팔달구,고등동,한식/분식,20대,889800,50,17796,미참여,0.665,34
2025-09,수원시 팔달구,고등동,한식/분식,30대,802971,62,12951,미참여,0.492,16
2025-09,수원시 팔달구,고등동,한식/분식,40대,1443235,85,16979,참여,0.428,24
2025-09,수원시 팔달구,고등동,한식/분식,50대,814295,63,12925,참여,0.362,1
2025-09,수원시 팔달구,고등동,한식/분식,60대 이상,1018083,61,16689,참여,0.303,32
2025-09,수원시 팔달구,고등동,카페/디저트,20대,339148,41,8271,참여,0.393,5
2025-09,수원시 팔달구,고등동,카페/디저트,30대,408854,56,7300,참여,0.24,12
2025-09,수원시 팔달구,고등동,카페/디저트,40대,310890,35,8882,참여,0.407,16
2025-09,수원시 팔달구,고등동,카페/디저트,50대,309741,33,9386,참여,0.205,29
2025-09,수원시 팔달구,고등동,카페/디저트,60대 이상,174098,18,9672,참여,0.356,2
2025-09,수원시 팔달구,고등동,신선식품,20대,1554909,46,33802,참여,0.402,12
2025-09,수원시 팔달구,고등동,신선식품,30대,1110560,46,24142,참여,0.389,34
2025-09,수원시 팔달구,고등동,신선식품,40대,747923,29,25790,미참여,0.503,26
2025-09,수원시 팔달구,고등동,신선식품,50대,1347236,56,24057,참여,0.577,11
2025-09,수원시 팔달구,고등동,신선식품,60대 이상,1666389,48,34716,참여,0.448,13
2025-09,수원시 팔달구,고등동,생활용품,20대,926776,38,24388,참여,0.338,38
2025-09,수원시 팔달구,고등동,생활용품,30대,1178352,50,23567,미참여,0.393,23
2025-09,수원시 팔달구,고등동,생활용품,40대,989972,41,24145,참여,0.303,22
2025-09,수원시 팔달구,고등동,생활용품,50대,1145414,42,27271,참여,0.253,18
2025-09,수원시 팔달구,고등동,생활용품,60대 이상,830702,31,26796,미참여,0.385,25
2025-09,수원시 팔달구,고등동,의류/잡화,20대,1086635,26,41793,참여,0.401,31
2025-09,수원시 팔달구,고등동,의류/잡화,30대,743318,18,41295,미참여,0.302,10
2025-09,수원시 팔달구,고등동,의류/잡화,40대,556159,16,34759,참여,0.351,29
2025-09,수원시 팔달구,고등동,의류/잡화,50대,968848,29,33408,참여,0.365,20
2025-09,수원시 팔달구,고등동,의류/잡화,60대 이상,853612,21,40648,참여,0.296,16
2025-09,수원시 팔달구,고등동,미용/생활서비스,20대,442560,13,34043,참여,0.452,17
2025-09,수원시 팔달구,고등동,미용/생활서비스,30대,670535,25,26821,참여,0.396,14
2025-09,수원시 팔달구,고등동,미용/생활서비스,40대,1066582,33,32320,미참여,0.359,13
2025-09,수원시 팔달구,고등동,미용/생활서비스,50대,656723,19,34564,참여,0.308,12
2025-09,수원시 팔달구,고등동,미용/생활서비스,60대 이상,712250,26,27394,참여,0.33,15
2025-09,수원시 팔달구,고등동,교육/학원,20대,2465752,27,91324,참여,0.349,20
2025-09,수원시 팔달구,고등동,교육/학원,30대,3112541,30,103751,미참여,0.447,12
2025-09,수원시 팔달구,고등동,교육/학원,40대,3072289,31,99106,참여,0.24,26
2025-09,수원시 팔달구,고등동,교육/학원,50대,937052,10,93705,참여,0.344,31
2025-09,수원시 팔달구,고등동,교육/학원,60대 이상,1656243,17,97426,참여,0.258,21
2025-09,수원시 팔달구,고등동,병원/약국,20대,680235,23,29575,참여,0.419,18
2025-09,수원시 팔달구,고등동,병원/약국,30대,536475,20,26823,미참여,0.498,19
2025-09,수원시 팔달구,고등동,병원/약국,40대,915510,33,27742,참여,0.389,26
2025-09,수원시 팔달구,고등동,병원/약국,50대,711438,34,20924,참여,0.21,23
2025-09,수원시 팔달구,고등동,병원/약국,60대 이상,633865,29,21857,미참여,0.386,28
2025-09,수원시 팔달구,고등동,편의점/마트,20대,480193,40,12004,참여,0.555,9
2025-09,수원시 팔달구,고등동,편의점/마트,30대,573607,45,12746,참여,0.318,20
2025-09,수원시 팔달구,고등동,편의점/마트,40대,374014,30,12467,참여,0.441,17
2025-09,수원시 팔달구,고등동,편의점/마트,50대,545561,40,13639,참여,0.343,19
2025-09,수원시 팔달구,고등동,편의점/마트,60대 이상,244495,23,10630,미참여,0.465,20
2025-09,수원시 팔달구,인계동,한식/분식,20대,507706,40,12692,미참여,0.459,15
2025-09,수원시 팔달구,인계동,한식/분식,30대,1195069,68,17574,미참여,0.382,21
2025-09,수원시 팔달구,인계동,한식/분식,40대,1044638,75,13928,참여,0.465,9
2025-09,수원시 팔달구,인계동,한식/분식,50대,520860,33,15783,참여,0.486,24
2025-09,수원시 팔달구,인계동,한식/분식,60대 이상,621092,42,14787,미참여,0.25,19
2025-09,수원시 팔달구,인계동,카페/디저트,20대,413716,53,7805,참여,0.231,13
2025-09,수원시 팔달구,인계동,카페/디저트,30대,305315,36,8480,참여,0.368,7
2025-09,수원시 팔달구,인계동,카페/디저트,40대,211815,29,7303,미참여,0.319,22
2025-09,수원시 팔달구,인계동,카페/디저트,50대,254302,28,9082,미참여,0.344,14
2025-09,수원시 팔달구,인계동,카페/디저트,60대 이상,225180,22,10235,참여,0.462,15
2025-09,수원시 팔달구,인계동,신선식품,20대,1008570,29,34778,참여,0.474,13
2025-09,수원시 팔달구,인계동,신선식품,30대,1079055,39,27668,참여,0.403,9
2025-09,수원시 팔달구,인계동,신선식품,40대,1375993,57,24140,참여,0.489,32
2025-09,수원시 팔달구,인계동,신선식품,50대,1926113,65,29632,미참여,0.461,10
2025-09,수원시 팔달구,인계동,신선식품,60대 이상,1922360,77,24965,참여,0.424,20
2025-09,수원시 팔달구,인계동,생활용품,20대,1034007,45,22977,참여,0.349,15
2025-09,수원시 팔달구,인계동,생활용품,30대,1294638,49,26421,참여,0.42,15
2025-09,수원시 팔달구,인계동,생활용품,40대,1393543,61,22844,참여,0.376,21
2025-09,수원시 팔달구,인계동,생활용품,50대,1002894,42,23878,참여,0.39,27
2025-09,수원시 팔달구,인계동,생활용품,60대 이상,1016758,46,22103,참여,0.353,14
2025-09,수원시 팔달구,인계동,의류/잡화,20대,932839,22,42401,참여,0.237,17
2025-09,수원시 팔달구,인계동,의류/잡화,30대,746779,19,39304,미참여,0.344,10
2025-09,수원시 팔달구,인계동,의류/잡화,40대,838679,23,36464,참여,0.322,10
2025-09,수원시 팔달구,인계동,의류/잡화,50대,1046208,24,43592,미참여,0.421,26
2025-09,수원시 팔달구,인계동,의류/잡화,60대 이상,828252,23,36010,참여,0.3,26
2025-09,수원시 팔달구,인계동,미용/생활서비스,20대,489172,15,32611,미참여,0.54,11
2025-09,수원시 팔달구,인계동,미용/생활서비스,30대,1129227,34,33212,참여,0.184,18
2025-09,수원시 팔달구,인계동,미용/생활서비스,40대,664559,24,27689,미참여,0.413,13
2025-09,수원시 팔달구,인계동,미용/생활서비스,50대,752877,23,32733,참여,0.429,21
2025-09,수원시 팔달구,인계동,미용/생활서비스,60대 이상,575588,19,30294,미참여,0.143,10
2025-09,수원시 팔달구,인계동,교육/학원,20대,1339402,18,74411,미참여,0.39,10
2025-09,수원시 팔달구,인계동,교육/학원,30대,2762948,29,95274,참여,0.307,13
2025-09,수원시 팔달구,인계동,교육/학원,40대,1904132,21,90672,참여,0.423,5
2025-09,수원시 팔달구,인계동,교육/학원,50대,1803554,24,75148,미참여,0.419,22
2025-09,수원시 팔달구,인계동,교육/학원,60대 이상,2058297,21,98014,참여,0.361,20
2025-09,수원시 팔달구,인계동,병원/약국,20대,453916,18,25217,참여,0.223,20
2025-09,수원시 팔달구,인계동,병원/약국,30대,751046,30,25034,미참여,0.23,12
2025-09,수원시 팔달구,인계동,병원/약국,40대,843478,38,22196,미참여,0.4,26
2025-09,수원시 팔달구,인계동,병원/약국,50대,1139849,46,24779,참여,0.294,19
2025-09,수원시 팔달구,인계동,병원/약국,60대 이상,854420,41,20839,참여,0.444,13
2025-09,수원시 팔달구,인계동,편의점/마트,20대,978671,66,14828,참여,0.473,15
2025-09,수원시 팔달구,인계동,편의점/마트,30대,299346,27,11086,참여,0.442,18
2025-09,수원시 팔달구,인계동,편의점/마트,40대,381329,27,14123,참여,0.458,30
2025-09,수원시 팔달구,인계동,편의점/마트,50대,345123,32,10785,참여,0.369,25
2025-09,수원시 팔달구,인계동,편의점/마트,60대 이상,557740,45,12394,미참여,0.345,17
2025-09,수원시 영통구,영통동,한식/분식,20대,714953,48,14894,참여,0.515,17
2025-09,수원시 영통구,영통동,한식/분식,30대,337736,27,12508,참여,0.281,9
2025-09,수원시 영통구,영통동,한식/분식,40대,673341,41,16422,참여,0.386,21
2025-09,수원시 영통구,영통동,한식/분식,50대,408079,32,12752,미참여,0.4,14
2025-09,수원시 영통구,영통동,한식/분식,60대 이상,812223,52,15619,참여,0.461,30
2025-09,수원시 영통구,영통동,카페/디저트,20대,369793,40,9244,미참여,0.181,29
2025-09,수원시 영통구,영통동,카페/디저트,30대,374248,41,9128,참여,0.344,24
2025-09,수원시 영통구,영통동,카페/디저트,40대,271806,34,7994,참여,0.353,23
2025-09,수원시 영통구,영통동,카페/디저트,50대,209217,27,7748,참여,0.17,21
2025-09,수원시 영통구,영통동,카페/디저트,60대 이상,414742,50,8294,참여,0.316,21
2025-09,수원시 영통구,영통동,신선식품,20대,1004192,31,32393,참여,0.494,10
2025-09,수원시 영통구,영통동,신선식품,30대,921316,36,25592,참여,0.442,17
2025-09,수원시 영통구,영통동,신선식품,40대,2217606,81,27377,참여,0.498,14
2025-09,수원시 영통구,영통동,신선식품,50대,1632931,59,27676,미참여,0.563,19
2025-09,수원시 영통구,영통동,신선식품,60대 이상,1522058,44,34592,참여,0.401,3
2025-09,수원시 영통구,영통동,생활용품,20대,667275,25,26691,참여,0.31,14
2025-09,수원시 영통구,영통동,생활용품,30대,560396,28,20014,미참여,0.347,11
2025-09,수원시 영통구,영통동,생활용품,40대,536078,22,24367,참여,0.35,27
2025-09,수원시 영통구,영통동,생활용품,50대,969626,40,24240,미참여,0.365,18
2025-09,수원시 영통구,영통동,생활용품,60대 이상,484825,24,20201,참여,0.291,10
2025-09,수원시 영통구,영통동,의류/잡화,20대,509571,17,29974,참여,0.323,26
2025-09,수원시 영통구,영통동,의류/잡화,30대,762328,18,42351,참여,0.29,15
2025-09,수원시 영통구,영통동,의류/잡화,40대,1127868,28,40281,참여,0.506,20
2025-09,수원시 영통구,영통동,의류/잡화,50대,580060,18,32225,참여,0.403,13
2025-09,수원시 영통구,영통동,의류/잡화,60대 이상,546924,16,34182,참여,0.244,17
2025-09,수원시 영통구,영통동,미용/생활서비스,20대,875316,26,33666,미참여,0.392,24
2025-09,수원시 영통구,영통동,미용/생활서비스,30대,710916,21,33853,참여,0.359,30
2025-09,수원시 영통구,영통동,미용/생활서비스,40대,1053091,29,36313,참여,0.165,16
2025-09,수원시 영통구,영통동,미용/생활서비스,50대,717618,23,31200,미참여,0.451,25
2025-09,수원시 영통구,영통동,미용/생활서비스,60대 이상,922086,31,29744,미참여,0.214,24
2025-09,수원시 영통구,영통동,교육/학원,20대,1647926,21,78472,참여,0.469,32
2025-09,수원시 영통구,영통동,교육/학원,30대,4445260,51,87161,미참여,0.401,20
2025-09,수원시 영통구,영통동,교육/학원,40대,3060409,32,95637,참여,0.399,23
2025-09,수원시 영통구,영통동,교육/학원,50대,2464825,30,82160,미참여,0.365,22
2025-09,수원시 영통구,영통동,교육/학원,60대 이상,2789315,28,99618,참여,0.223,18
2025-09,수원시 영통구,영통동,병원/약국,20대,923813,32,28869,참여,0.398,20
2025-09,수원시 영통구,영통동,병원/약국,30대,495087,21,23575,미참여,0.426,8
2025-09,수원시 영통구,영통동,병원/약국,40대,722075,28,25788,참여,0.277,21
2025-09,수원시 영통구,영통동,병원/약국,50대,1301645,54,24104,참여,0.343,10
2025-09,수원시 영통구,영통동,병원/약국,60대 이상,1572504,60,26208,참여,0.302,16
2025-09,수원시 영통구,영통동,편의점/마트,20대,700490,50,14009,참여,0.469,32
2025-09,수원시 영통구,영통동,편의점/마트,30대,330825,26,12724,참여,0.243,25
2025-09,수원시 영통구,영통동,편의점/마트,40대,849018,63,13476,미참여,0.309,22
2025-09,수원시 영통구,영통동,편의점/마트,50대,494708,44,11243,미참여,0.363,27
2025-09,수원시 영통구,영통동,편의점/마트,60대 이상,647618,45,14391,참여,0.263,17
2025-09,수원시 영통구,광교동,한식/분식,20대,496945,30,16564,참여,0.362,8
2025-09,수원시 영통구,광교동,한식/분식,30대,581615,39,14913,참여,0.446,12
2025-09,수원시 영통구,광교동,한식/분식,40대,1021496,64,15960,참여,0.422,11
2025-09,수원시 영통구,광교동,한식/분식,50대,676110,45,15024,미참여,0.475,12
2025-09,수원시 영통구,광교동,한식/분식,60대 이상,401280,28,14331,참여,0.304,16
2025-09,수원시 영통구,광교동,카페/디저트,20대,560596,56,10010,참여,0.43,13
2025-09,수원시 영통구,광교동,카페/디저트,30대,398979,39,10230,참여,0.242,26
2025-09,수원시 영통구,광교동,카페/디저트,40대,476779,48,9932,참여,0.427,35
2025-09,수원시 영통구,광교동,카페/디저트,50대,310101,32,9690,참여,0.241,21
2025-09,수원시 영통구,광교동,카페/디저트,60대 이상,319417,43,7428,미참여,0.211,27
2025-09,수원시 영통구,광교동,신선식품,20대,1292465,41,31523,참여,0.412,28
2025-09,수원시 영통구,광교동,신선식품,30대,783356,28,27977,참여,0.415,24
2025-09,수원시 영통구,광교동,신선식품,40대,1851871,69,26838,참여,0.457,1
2025-09,수원시 영통구,광교동,신선식품,50대,749908,30,24996,참여,0.429,5
2025-09,수원시 영통구,광교동,신선식품,60대 이상,1189508,47,25308,미참여,0.38,19
2025-09,수원시 영통구,광교동,생활용품,20대,415018,22,18864,미참여,0.442,16
2025-09,수원시 영통구,광교동,생활용품,30대,688005,32,21500,참여,0.448,11
2025-09,수원시 영통구,광교동,생활용품,40대,830600,31,26793,미참여,0.503,34
2025-09,수원시 영통구,광교동,생활용품,50대,694014,35,19828,미참여,0.14,22
2025-09,수원시 영통구,광교동,생활용품,60대 이상,1324702,49,27034,미참여,0.366,18
2025-09,수원시 영통구,광교동,의류/잡화,20대,1416816,33,42933,참여,0.409,24
2025-09,수원시 영통구,광교동,의류/잡화,30대,696689,21,33175,참여,0.385,27
2025-09,수원시 영통구,광교동,의류/잡화,40대,1075390,26,41361,참여,0.297,23
2025-09,수원시 영통구,광교동,의류/잡화,50대,299994,10,29999,참여,0.27,16
2025-09,수원시 영통구,광교동,의류/잡화,60대 이상,493832,12,41152,참여,0.398,9
2025-09,수원시 영통구,광교동,미용/생활서비스,20대,823395,25,32935,미참여,0.399,18
2025-09,수원시 영통구,광교동,미용/생활서비스,30대,442543,17,26031,참여,0.388,18
2025-09,수원시 영통구,광교동,미용/생활서비스,40대,729055,23,31698,참여,0.242,17
2025-09,수원시 영통구,광교동,미용/생활서비스,50대,992840,27,36771,미참여,0.364,14
2025-09,수원시 영통구,광교동,미용/생활서비스,60대 이상,1044817,34,30729,미참여,0.269,18
2025-09,수원시 영통구,광교동,교육/학원,20대,5309016,52,102096,미참여,0.428,34
2025-09,수원시 영통구,광교동,교육/학원,30대,3086662,33,93535,참여,0.457,30
2025-09,수원시 영통구,광교동,교육/학원,40대,3350354,37,90550,참여,0.315,26
2025-09,수원시 영통구,광교동,교육/학원,50대,1969962,19,103682,참여,0.433,30
2025-09,수원시 영통구,광교동,교육/학원,60대 이상,1575870,20,78793,참여,0.38,26
2025-09,수원시 영통구,광교동,병원/약국,20대,776283,34,22831,참여,0.129,28
2025-09,수원시 영통구,광교동,병원/약국,30대,755516,26,29058,참여,0.43,29
2025-09,수원시 영통구,광교동,병원/약국,40대,487102,20,24355,미참여,0.446,17
2025-09,수원시 영통구,광교동,병원/약국,50대,1379702,50,27594,미참여,0.542,29
2025-09,수원시 영통구,광교동,병원/약국,60대 이상,797847,35,22795,미참여,0.451,31
2025-09,수원시 영통구,광교동,편의점/마트,20대,677760,46,14733,참여,0.498,21
2025-09,수원시 영통구,광교동,편의점/마트,30대,477072,35,13630,참여,0.479,23
2025-09,수원시 영통구,광교동,편의점/마트,40대,446709,35,12763,참여,0.496,19
2025-09,수원시 영통구,광교동,편의점/마트,50대,431848,40,10796,미참여,0.388,17
2025-09,수원시 영통구,광교동,편의점/마트,60대 이상,544233,41,13273,참여,0.406,24
2025-09,수원시 영통구,매탄동,한식/분식,20대,485879,29,16754,미참여,0.338,27
2025-09,수원시 영통구,매탄동,한식/분식,30대,522380,37,14118,참여,0.642,19
2025-09,수원시 영통구,매탄동,한식/분식,40대,481139,39,12336,참여,0.464,7
2025-09,수원시 영통구,매탄동,한식/분식,50대,805411,60,13423,참여,0.305,26
2025-09,수원시 영통구,매탄동,한식/분식,60대 이상,483291,39,12392,참여,0.541,9
2025-09,수원시 영통구,매탄동,카페/디저트,20대,573457,67,8559,참여,0.249,6
2025-09,수원시 영통구,매탄동,카페/디저트,30대,689028,78,8833,참여,0.416,27
2025-09,수원시 영통구,매탄동,카페/디저트,40대,252620,33,7655,미참여,0.622,18
2025-09,수원시 영통구,매탄동,카페/디저트,50대,223763,29,7715,미참여,0.524,12
2025-09,수원시 영통구,매탄동,카페/디저트,60대 이상,433592,45,9635,참여,0.279,25
2025-09,수원시 영통구,매탄동,신선식품,20대,907561,29,31295,참여,0.229,10
2025-09,수원시 영통구,매탄동,신선식품,30대,1520799,45,33795,미참여,0.481,16
2025-09,수원시 영통구,매탄동,신선식품,40대,1153621,42,27467,미참여,0.329,14
2025-09,수원시 영통구,매탄동,신선식품,50대,1351012,41,32951,미참여,0.48,14
2025-09,수원시 영통구,매탄동,신선식품,60대 이상,1543964,63,24507,미참여,0.447,22
2025-09,수원시 영통구,매탄동,생활용품,20대,938146,36,26059,미참여,0.343,12
2025-09,수원시 영통구,매탄동,생활용품,30대,797308,32,24915,참여,0.394,15
2025-09,수원시 영통구,매탄동,생활용품,40대,398391,17,23434,참여,0.223,16
2025-09,수원시 영통구,매탄동,생활용품,50대,598556,29,20639,참여,0.278,26
2025-09,수원시 영통구,매탄동,생활용품,60대 이상,792445,32,24763,참여,0.254,15
2025-09,수원시 영통구,매탄동,의류/잡화,20대,1017596,24,42399,참여,0.452,8
2025-09,수원시 영통구,매탄동,의류/잡화,30대,788901,20,39445,참여,0.38,19
2025-09,수원시 영통구,매탄동,의류/잡화,40대,787963,25,31518,참여,0.461,14
2025-09,수원시 영통구,매탄동,의류/잡화,50대,905280,22,41149,참여,0.36,12
2025-09,수원시 영통구,매탄동,의류/잡화,60대 이상,630701,17,37100,미참여,0.299,17
2025-09,수원시 영통구,매탄동,미용/생활서비스,20대,865720,28,30918,참여,0.361,16
2025-09,수원시 영통구,매탄동,미용/생활서비스,30대,1262861,45,28063,참여,0.334,28
2025-09,수원시 영통구,매탄동,미용/생활서비스,40대,877041,33,26577,참여,0.399,25
2025-09,수원시 영통구,매탄동,미용/생활서비스,50대,804213,22,36555,미참여,0.537,23
2025-09,수원시 영통구,매탄동,미용/생활서비스,60대 이상,914961,25,36598,미참여,0.356,13
2025-09,수원시 영통구,매탄동,교육/학원,20대,1869244,24,77885,참여,0.275,19
2025-09,수원시 영통구,매탄동,교육/학원,30대,4578991,51,89784,미참여,0.367,36
2025-09,수원시 영통구,매탄동,교육/학원,40대,2932686,39,75197,미참여,0.301,21
2025-09,수원시 영통구,매탄동,교육/학원,50대,2605416,33,78952,참여,0.264,20
2025-09,수원시 영통구,매탄동,교육/학원,60대 이상,2058429,20,102921,미참여,0.258,38
2025-09,수원시 영통구,매탄동,병원/약국,20대,917290,44,20847,참여,0.25,19
2025-09,수원시 영통구,매탄동,병원/약국,30대,658109,25,26324,미참여,0.344,21
2025-09,수원시 영통구,매탄동,병원/약국,40대,778526,29,26845,참여,0.285,13
2025-09,수원시 영통구,매탄동,병원/약국,50대,1625448,61,26646,참여,0.289,13
2025-09,수원시 영통구,매탄동,병원/약국,60대 이상,1702401,66,25793,참여,0.498,28
2025-09,수원시 영통구,매탄동,편의점/마트,20대,389210,34,11447,참여,0.374,22
2025-09,수원시 영통구,매탄동,편의점/마트,30대,411037,33,12455,참여,0.46,13
2025-09,수원시 영통구,매탄동,편의점/마트,40대,442989,36,12305,참여,0.496,17
2025-09,수원시 영통구,매탄동,편의점/마트,50대,574290,42,13673,참여,0.274,16
2025-09,수원시 영통구,매탄동,편의점/마트,60대 이상,248273,22,11285,참여,0.405,16
2025-09,수원시 영통구,원천동,한식/분식,20대,471891,28,16853,미참여,0.265,17
2025-09,수원시 영통구,원천동,한식/분식,30대,882646,57,15485,참여,0.364,26
2025-09,수원시 영통구,원천동,한식/분식,40대,356035,25,14241,미참여,0.511,21
2025-09,수원시 영통구,원천동,한식/분식,50대,526961,33,15968,참여,0.521,18
2025-09,수원시 영통구,원천동,한식/분식,60대 이상,830546,55,15100,미참여,0.31,8
2025-09,수원시 영통구,원천동,카페/디저트,20대,357401,47,7604,미참여,0.347,7
2025-09,수원시 영통구,원천동,카페/디저트,30대,414641,52,7973,참여,0.313,34
2025-09,수원시 영통구,원천동,카페/디저트,40대,466217,46,10135,참여,0.295,40
2025-09,수원시 영통구,원천동,카페/디저트,50대,303723,43,7063,미참여,0.367,29
2025-09,수원시 영통구,원천동,카페/디저트,60대 이상,371130,37,10030,미참여,0.219,20
2025-09,수원시 영통구,원천동,신선식품,20대,1113978,32,34811,참여,0.465,5
2025-09,수원시 영통구,원천동,신선식품,30대,787142,24,32797,참여,0.344,10
2025-09,수원시 영통구,원천동,신선식품,40대,669965,23,29128,미참여,0.3,9
2025-09,수원시 영통구,원천동,신선식품,50대,2653867,77,34465,미참여,0.593,9
2025-09,수원시 영통구,원천동,신선식품,60대 이상,731033,29,25208,참여,0.653,14
2025-09,수원시 영통구,원천동,생활용품,20대,613282,29,21147,미참여,0.438,20
2025-09,수원시 영통구,원천동,생활용품,30대,443440,20,22172,미참여,0.177,22
2025-09,수원시 영통구,원천동,생활용품,40대,857969,36,23832,참여,0.293,10
2025-09,수원시 영통구,원천동,생활용품,50대,744503,29,25672,참여,0.384,25
2025-09,수원시 영통구,원천동,생활용품,60대 이상,1165995,51,22862,참여,0.283,16
2025-09,수원시 영통구,원천동,의류/잡화,20대,726510,19,38237,참여,0.478,17
2025-09,수원시 영통구,원천동,의류/잡화,30대,752997,25,30119,미참여,0.377,7
2025-09,수원시 영통구,원천동,의류/잡화,40대,517510,12,43125,참여,0.318,6
2025-09,수원시 영통구,원천동,의류/잡화,50대,775492,26,29826,참여,0.381,13
2025-09,수원시 영통구,원천동,의류/잡화,60대 이상,655997,17,38588,참여,0.311,1
2025-09,수원시 영통구,원천동,미용/생활서비스,20대,985785,27,36510,미참여,0.317,15
2025-09,수원시 영통구,원천동,미용/생활서비스,30대,705557,23,30676,미참여,0.372,14
2025-09,수원시 영통구,원천동,미용/생활서비스,40대,910152,29,31384,미참여,0.373,27
2025-09,수원시 영통구,원천동,미용/생활서비스,50대,821134,25,32845,참여,0.401,19
2025-09,수원시 영통구,원천동,미용/생활서비스,60대 이상,1066032,33,32304,참여,0.427,26
2025-09,수원시 영통구,원천동,교육/학원,20대,3471237,33,105189,참여,0.304,26
2025-09,수원시 영통구,원천동,교육/학원,30대,2765475,33,83802,참여,0.322,28
2025-09,수원시 영통구,원천동,교육/학원,40대,3485239,35,99578,참여,0.418,16
2025-09,수원시 영통구,원천동,교육/학원,50대,2599162,33,78762,참여,0.317,17
2025-09,수원시 영통구,원천동,교육/학원,60대 이상,1468899,18,81605,미참여,0.298,26
2025-09,수원시 영통구,원천동,병원/약국,20대,1039078,47,22108,미참여,0.434,18
2025-09,수원시 영통구,원천동,병원/약국,30대,606765,29,20922,참여,0.461,21
2025-09,수원시 영통구,원천동,병원/약국,40대,1254272,44,28506,참여,0.391,16
2025-09,수원시 영통구,원천동,병원/약국,50대,796813,35,22766,미참여,0.403,21
2025-09,수원시 영통구,원천동,병원/약국,60대 이상,1030173,46,22395,참여,0.287,26
2025-09,수원시 영통구,원천동,편의점/마트,20대,678470,49,13846,참여,0.281,24
2025-09,수원시 영통구,원천동,편의점/마트,30대,558485,43,12988,참여,0.437,25
2025-09,수원시 영통구,원천동,편의점/마트,40대,356890,33,10814,미참여,0.479,14
2025-09,수원시 영통구,원천동,편의점/마트,50대,492780,36,13688,참여,0.505,17
2025-09,수원시 영통구,원천동,편의점/마트,60대 이상,476816,40,11920,참여,0.371,17
2025-09,광주 북구,용봉동,한식/분식,20대,823276,46,17897,참여,0.426,6
2025-09,광주 북구,용봉동,한식/분식,30대,597877,35,17082,미참여,0.366,28
2025-09,광주 북구,용봉동,한식/분식,40대,1098608,67,16397,미참여,0.371,30
2025-09,광주 북구,용봉동,한식/분식,50대,442370,33,13405,미참여,0.391,31
2025-09,광주 북구,용봉동,한식/분식,60대 이상,478315,32,14947,미참여,0.519,25
2025-09,광주 북구,용봉동,카페/디저트,20대,422058,60,7034,참여,0.308,18
2025-09,광주 북구,용봉동,카페/디저트,30대,443207,44,10072,참여,0.218,23
2025-09,광주 북구,용봉동,카페/디저트,40대,292024,32,9125,참여,0.341,25
2025-09,광주 북구,용봉동,카페/디저트,50대,271004,27,10037,미참여,0.232,16
2025-09,광주 북구,용봉동,카페/디저트,60대 이상,496384,56,8864,참여,0.266,25
2025-09,광주 북구,용봉동,신선식품,20대,907437,30,30247,미참여,0.401,20
2025-09,광주 북구,용봉동,신선식품,30대,1226786,46,26669,참여,0.562,17
2025-09,광주 북구,용봉동,신선식품,40대,1437496,47,30585,참여,0.293,10
2025-09,광주 북구,용봉동,신선식품,50대,2132430,66,32309,참여,0.406,17
2025-09,광주 북구,용봉동,신선식품,60대 이상,1476570,53,27859,참여,0.379,24
2025-09,광주 북구,용봉동,생활용품,20대,943200,36,26200,참여,0.288,11
2025-09,광주 북구,용봉동,생활용품,30대,823395,32,25731,미참여,0.395,28
2025-09,광주 북구,용봉동,생활용품,40대,970302,48,20214,참여,0.371,34
2025-09,광주 북구,용봉동,생활용품,50대,944876,35,26996,미참여,0.308,17
2025-09,광주 북구,용봉동,생활용품,60대 이상,912407,47,19412,미참여,0.251,21
2025-09,광주 북구,용봉동,의류/잡화,20대,1072411,25,42896,미참여,0.46,15
2025-09,광주 북구,용봉동,의류/잡화,30대,1222916,29,42169,미참여,0.294,12
2025-09,광주 북구,용봉동,의류/잡화,40대,409913,12,34159,미참여,0.342,25
2025-09,광주 북구,용봉동,의류/잡화,50대,986935,31,31836,참여,0.247,6
2025-09,광주 북구,용봉동,의류/잡화,60대 이상,1263311,34,37156,미참여,0.344,28
2025-09,광주 북구,용봉동,미용/생활서비스,20대,432931,16,27058,참여,0.354,12
2025-09,광주 북구,용봉동,미용/생활서비스,30대,613533,17,36090,참여,0.337,15
2025-09,광주 북구,용봉동,미용/생활서비스,40대,1153252,33,34947,미참여,0.374,20
2025-09,광주 북구,용봉동,미용/생활서비스,50대,713863,26,27456,참여,0.384,20
2025-09,광주 북구,용봉동,미용/생활서비스,60대 이상,564568,20,28228,참여,0.269,26
2025-09,광주 북구,용봉동,교육/학원,20대,2031466,23,88324,미참여,0.441,9
2025-09,광주 북구,용봉동,교육/학원,30대,2385239,29,82249,참여,0.464,13
2025-09,광주 북구,용봉동,교육/학원,40대,1929733,19,101564,참여,0.449,22
2025-09,광주 북구,용봉동,교육/학원,50대,2004693,22,91122,참여,0.534,2
2025-09,광주 북구,용봉동,교육/학원,60대 이상,1532375,21,72970,참여,0.194,20
2025-09,광주 북구,용봉동,병원/약국,20대,887885,30,29596,참여,0.288,23
2025-09,광주 북구,용봉동,병원/약국,30대,928246,41,22640,참여,0.37,15
2025-09,광주 북구,용봉동,병원/약국,40대,781649,37,21125,참여,0.378,2
2025-09,광주 북구,용봉동,병원/약국,50대,867721,42,20660,미참여,0.41,19
2025-09,광주 북구,용봉동,병원/약국,60대 이상,1514903,58,26119,참여,0.278,17
2025-09,광주 북구,용봉동,편의점/마트,20대,520157,46,11307,참여,0.479,21
2025-09,광주 북구,용봉동,편의점/마트,30대,312521,21,14881,참여,0.494,22
2025-09,광주 북구,용봉동,편의점/마트,40대,356234,24,14843,참여,0.545,14
2025-09,광주 북구,용봉동,편의점/마트,50대,542161,39,13901,미참여,0.433,15
2025-09,광주 북구,용봉동,편의점/마트,60대 이상,438337,30,14611,참여,0.404,20
2025-09,광주 북구,운암동,한식/분식,20대,895975,54,16592,참여,0.327,13
2025-09,광주 북구,운암동,한식/분식,30대,962044,71,13549,미참여,0.279,22
2025-09,광주 북구,운암동,한식/분식,40대,898044,53,16944,미참여,0.414,19
2025-09,광주 북구,운암동,한식/분식,50대,864563,51,16952,참여,0.344,11
2025-09,광주 북구,운암동,한식/분식,60대 이상,668808,41,16312,참여,0.43,12
2025-09,광주 북구,운암동,카페/디저트,20대,444905,60,7415,참여,0.475,15
2025-09,광주 북구,운암동,카페/디저트,30대,330369,41,8057,미참여,0.307,4
2025-09,광주 북구,운암동,카페/디저트,40대,295555,37,7987,참여,0.348,34
2025-09,광주 북구,운암동,카페/디저트,50대,128069,15,8537,참여,0.242,20
2025-09,광주 북구,운암동,카페/디저트,60대 이상,453783,46,9864,참여,0.418,36
2025-09,광주 북구,운암동,신선식품,20대,928203,28,33150,참여,0.35,24
2025-09,광주 북구,운암동,신선식품,30대,1359625,41,33161,참여,0.511,21
2025-09,광주 북구,운암동,신선식품,40대,1209552,44,27489,참여,0.57,15
2025-09,광주 북구,운암동,신선식품,50대,438787,15,29252,미참여,0.518,11
2025-09,광주 북구,운암동,신선식품,60대 이상,849161,29,29281,참여,0.493,8
2025-09,광주 북구,운암동,생활용품,20대,660594,27,24466,미참여,0.368,23
2025-09,광주 북구,운암동,생활용품,30대,1100102,43,25583,미참여,0.413,16
2025-09,광주 북구,운암동,생활용품,40대,592235,26,22778,참여,0.157,31
2025-09,광주 북구,운암동,생활용품,50대,1025448,42,24415,참여,0.34,15
2025-09,광주 북구,운암동,생활용품,60대 이상,1041423,48,21696,미참여,0.318,30
2025-09,광주 북구,운암동,의류/잡화,20대,737346,21,35111,참여,0.346,27
2025-09,광주 북구,운암동,의류/잡화,30대,665164,18,36953,미참여,0.268,24
2025-09,광주 북구,운암동,의류/잡화,40대,796124,24,33171,미참여,0.243,20
2025-09,광주 북구,운암동,의류/잡화,50대,778606,23,33852,참여,0.314,19
2025-09,광주 북구,운암동,의류/잡화,60대 이상,590874,19,31098,미참여,0.471,7
2025-09,광주 북구,운암동,미용/생활서비스,20대,934901,31,30158,미참여,0.387,12
2025-09,광주 북구,운암동,미용/생활서비스,30대,412426,15,27495,참여,0.249,7
2025-09,광주 북구,운암동,미용/생활서비스,40대,1135146,35,32432,참여,0.295,24
2025-09,광주 북구,운암동,미용/생활서비스,50대,680507,24,28354,미참여,0.388,13
2025-09,광주 북구,운암동,미용/생활서비스,60대 이상,857864,26,32994,참여,0.259,31
2025-09,광주 북구,운암동,교육/학원,20대,2101957,21,100093,미참여,0.278,23
2025-09,광주 북구,운암동,교육/학원,30대,3208136,33,97216,미참여,0.316,18
2025-09,광주 북구,운암동,교육/학원,40대,1309240,18,72735,미참여,0.336,14
2025-09,광주 북구,운암동,교육/학원,50대,1771208,19,93221,참여,0.507,9
2025-09,광주 북구,운암동,교육/학원,60대 이상,1073318,12,89443,참여,0.477,21
2025-09,광주 북구,운암동,병원/약국,20대,577909,26,22227,참여,0.382,21
2025-09,광주 북구,운암동,병원/약국,30대,668391,24,27849,참여,0.403,16
2025-09,광주 북구,운암동,병원/약국,40대,705516,24,29396,미참여,0.277,27
2025-09,광주 북구,운암동,병원/약국,50대,693291,27,25677,미참여,0.242,10
2025-09,광주 북구,운암동,병원/약국,60대 이상,2028773,84,24152,참여,0.346,16
2025-09,광주 북구,운암동,편의점/마트,20대,738147,57,12949,미참여,0.467,19
2025-09,광주 북구,운암동,편의점/마트,30대,392155,31,12650,참여,0.312,14
2025-09,광주 북구,운암동,편의점/마트,40대,370616,32,11581,미참여,0.455,17
2025-09,광주 북구,운암동,편의점/마트,50대,347344,24,14472,미참여,0.42,23
2025-09,광주 북구,운암동,편의점/마트,60대 이상,567623,38,14937,참여,0.429,14
2025-09,광주 북구,일곡동,한식/분식,20대,770638,48,16054,미참여,0.563,30
2025-09,광주 북구,일곡동,한식/분식,30대,795574,46,17295,미참여,0.432,13
2025-09,광주 북구,일곡동,한식/분식,40대,785508,45,17455,미참여,0.395,22
2025-09,광주 북구,일곡동,한식/분식,50대,567913,43,13207,미참여,0.365,19
2025-09,광주 북구,일곡동,한식/분식,60대 이상,463569,35,13244,참여,0.474,29
2025-09,광주 북구,일곡동,카페/디저트,20대,552748,59,9368,참여,0.24,13
2025-09,광주 북구,일곡동,카페/디저트,30대,263021,29,9069,참여,0.283,22
2025-09,광주 북구,일곡동,카페/디저트,40대,279397,29,9634,참여,0.381,30
2025-09,광주 북구,일곡동,카페/디저트,50대,330355,36,9176,미참여,0.339,16
2025-09,광주 북구,일곡동,카페/디저트,60대 이상,236766,27,8769,미참여,0.306,24
2025-09,광주 북구,일곡동,신선식품,20대,822320,24,34263,참여,0.444,4
2025-09,광주 북구,일곡동,신선식품,30대,1261754,38,33204,미참여,0.58,10
2025-09,광주 북구,일곡동,신선식품,40대,1813345,52,34872,미참여,0.452,15
2025-09,광주 북구,일곡동,신선식품,50대,1124740,43,26156,미참여,0.4,21
2025-09,광주 북구,일곡동,신선식품,60대 이상,929757,31,29992,참여,0.4,18
2025-09,광주 북구,일곡동,생활용품,20대,1162401,44,26418,참여,0.279,19
2025-09,광주 북구,일곡동,생활용품,30대,743896,28,26567,미참여,0.355,17
2025-09,광주 북구,일곡동,생활용품,40대,623903,26,23996,참여,0.271,18
2025-09,광주 북구,일곡동,생활용품,50대,1782515,72,24757,참여,0.41,10
2025-09,광주 북구,일곡동,생활용품,60대 이상,754716,30,25157,참여,0.329,18
2025-09,광주 북구,일곡동,의류/잡화,20대,1086898,26,41803,미참여,0.36,13
2025-09,광주 북구,일곡동,의류/잡화,30대,955037,23,41523,참여,0.349,18
2025-09,광주 북구,일곡동,의류/잡화,40대,979757,23,42598,참여,0.414,9
2025-09,광주 북구,일곡동,의류/잡화,50대,1659883,39,42561,참여,0.342,2
2025-09,광주 북구,일곡동,의류/잡화,60대 이상,1269162,31,40940,참여,0.35,12
2025-09,광주 북구,일곡동,미용/생활서비스,20대,1128991,33,34211,참여,0.273,21
2025-09,광주 북구,일곡동,미용/생활서비스,30대,523325,14,37380,참여,0.431,12
2025-09,광주 북구,일곡동,미용/생활서비스,40대,1261080,38,33186,미참여,0.402,13
2025-09,광주 북구,일곡동,미용/생활서비스,50대,775896,21,36947,참여,0.285,26
2025-09,광주 북구,일곡동,미용/생활서비스,60대 이상,773404,23,33626,미참여,0.423,22
2025-09,광주 북구,일곡동,교육/학원,20대,942793,13,72522,참여,0.391,28
2025-09,광주 북구,일곡동,교육/학원,30대,3015550,38,79356,미참여,0.312,19
2025-09,광주 북구,일곡동,교육/학원,40대,2747470,30,91582,참여,0.318,17
2025-09,광주 북구,일곡동,교육/학원,50대,1946250,23,84619,참여,0.388,6
2025-09,광주 북구,일곡동,교육/학원,60대 이상,1272692,12,106057,미참여,0.437,22
2025-09,광주 북구,일곡동,병원/약국,20대,662110,25,26484,참여,0.288,22
2025-09,광주 북구,일곡동,병원/약국,30대,423705,16,26481,참여,0.376,16
2025-09,광주 북구,일곡동,병원/약국,40대,850726,31,27442,참여,0.244,13
2025-09,광주 북구,일곡동,병원/약국,50대,1199205,43,27888,참여,0.192,21
2025-09,광주 북구,일곡동,병원/약국,60대 이상,1007246,47,21430,미참여,0.277,24
2025-09,광주 북구,일곡동,편의점/마트,20대,343514,33,10409,참여,0.478,11
2025-09,광주 북구,일곡동,편의점/마트,30대,316809,28,11314,미참여,0.331,20
2025-09,광주 북구,일곡동,편의점/마트,40대,561595,39,14399,미참여,0.325,23
2025-09,광주 북구,일곡동,편의점/마트,50대,870621,59,14756,참여,0.35,16
2025-09,광주 북구,일곡동,편의점/마트,60대 이상,374727,32,11710,미참여,0.467,19
2025-09,광주 북구,두암동,한식/분식,20대,881052,62,14210,미참여,0.401,25
2025-09,광주 북구,두암동,한식/분식,30대,712680,41,17382,참여,0.453,30
2025-09,광주 북구,두암동,한식/분식,40대,761544,58,13130,참여,0.269,26
2025-09,광주 북구,두암동,한식/분식,50대,1011199,57,17740,참여,0.435,31
2025-09,광주 북구,두암동,한식/분식,60대 이상,681001,50,13620,참여,0.455,33
2025-09,광주 북구,두암동,카페/디저트,20대,444500,46,9663,참여,0.434,24
2025-09,광주 북구,두암동,카페/디저트,30대,474016,48,9875,미참여,0.374,21
2025-09,광주 북구,두암동,카페/디저트,40대,408383,40,10209,참여,0.334,9
2025-09,광주 북구,두암동,카페/디저트,50대,210287,29,7251,미참여,0.431,9
2025-09,광주 북구,두암동,카페/디저트,60대 이상,408087,40,10202,미참여,0.306,24
2025-09,광주 북구,두암동,신선식품,20대,590996,24,24624,미참여,0.336,6
2025-09,광주 북구,두암동,신선식품,30대,1242995,37,33594,미참여,0.498,20
2025-09,광주 북구,두암동,신선식품,40대,1913847,55,34797,참여,0.421,18
2025-09,광주 북구,두암동,신선식품,50대,1928518,80,24106,미참여,0.494,11
2025-09,광주 북구,두암동,신선식품,60대 이상,1420215,44,32277,참여,0.585,11
2025-09,광주 북구,두암동,생활용품,20대,659125,27,24412,미참여,0.52,14
2025-09,광주 북구,두암동,생활용품,30대,974535,38,25645,참여,0.185,34
2025-09,광주 북구,두암동,생활용품,40대,813241,37,21979,참여,0.471,21
2025-09,광주 북구,두암동,생활용품,50대,1182821,46,25713,미참여,0.238,11
2025-09,광주 북구,두암동,생활용품,60대 이상,1172191,53,22116,참여,0.271,31
2025-09,광주 북구,두암동,의류/잡화,20대,546875,15,36458,미참여,0.314,16
2025-09,광주 북구,두암동,의류/잡화,30대,974315,25,38972,참여,0.3,13
2025-09,광주 북구,두암동,의류/잡화,40대,674266,16,42141,참여,0.285,5
2025-09,광주 북구,두암동,의류/잡화,50대,592187,17,34834,참여,0.3,17
2025-09,광주 북구,두암동,의류/잡화,60대 이상,1026978,25,41079,참여,0.4,17
2025-09,광주 북구,두암동,미용/생활서비스,20대,1151832,34,33877,참여,0.429,28
2025-09,광주 북구,두암동,미용/생활서비스,30대,789502,22,35886,참여,0.249,14
2025-09,광주 북구,두암동,미용/생활서비스,40대,808280,26,31087,미참여,0.332,22
2025-09,광주 북구,두암동,미용/생활서비스,50대,562275,19,29593,미참여,0.421,11
2025-09,광주 북구,두암동,미용/생활서비스,60대 이상,690101,25,27604,참여,0.391,7
2025-09,광주 북구,두암동,교육/학원,20대,955980,10,95598,참여,0.42,7
2025-09,광주 북구,두암동,교육/학원,30대,3046960,29,105067,참여,0.413,19
2025-09,광주 북구,두암동,교육/학원,40대,2112386,25,84495,참여,0.294,14
2025-09,광주 북구,두암동,교육/학원,50대,2033932,21,96853,참여,0.307,10
2025-09,광주 북구,두암동,교육/학원,60대 이상,2155029,27,79815,미참여,0.408,16
2025-09,광주 북구,두암동,병원/약국,20대,820283,29,28285,참여,0.381,23
2025-09,광주 북구,두암동,병원/약국,30대,801978,37,21675,참여,0.291,21
2025-09,광주 북구,두암동,병원/약국,40대,607701,21,28938,참여,0.272,4
2025-09,광주 북구,두암동,병원/약국,50대,1144855,48,23851,참여,0.302,18
2025-09,광주 북구,두암동,병원/약국,60대 이상,2210744,78,28342,참여,0.274,18
2025-09,광주 북구,두암동,편의점/마트,20대,530532,45,11789,참여,0.289,16
2025-09,광주 북구,두암동,편의점/마트,30대,664942,55,12089,참여,0.376,22
2025-09,광주 북구,두암동,편의점/마트,40대,558925,38,14708,미참여,0.471,20
2025-09,광주 북구,두암동,편의점/마트,50대,344445,25,13777,참여,0.419,19
2025-09,광주 북구,두암동,편의점/마트,60대 이상,413760,40,10344,미참여,0.513,10
2025-09,광주 동구,충장동,한식/분식,20대,597220,44,13573,참여,0.353,5
2025-09,광주 동구,충장동,한식/분식,30대,603400,44,13713,참여,0.442,21
2025-09,광주 동구,충장동,한식/분식,40대,706953,44,16067,참여,0.409,18
2025-09,광주 동구,충장동,한식/분식,50대,840727,47,17887,참여,0.463,21
2025-09,광주 동구,충장동,한식/분식,60대 이상,291308,19,15332,참여,0.456,21
2025-09,광주 동구,충장동,카페/디저트,20대,333945,38,8788,미참여,0.36,29
2025-09,광주 동구,충장동,카페/디저트,30대,379789,39,9738,참여,0.368,30
2025-09,광주 동구,충장동,카페/디저트,40대,340620,38,8963,참여,0.424,29
2025-09,광주 동구,충장동,카페/디저트,50대,403398,42,9604,참여,0.337,32
2025-09,광주 동구,충장동,카페/디저트,60대 이상,382508,41,9329,참여,0.263,30
2025-09,광주 동구,충장동,신선식품,20대,1229319,36,34147,참여,0.347,10
2025-09,광주 동구,충장동,신선식품,30대,864074,32,27002,참여,0.384,9
2025-09,광주 동구,충장동,신선식품,40대,986722,38,25966,미참여,0.406,11
2025-09,광주 동구,충장동,신선식품,50대,1432682,42,34111,참여,0.539,26
2025-09,광주 동구,충장동,신선식품,60대 이상,784625,24,32692,참여,0.564,28
2025-09,광주 동구,충장동,생활용품,20대,825481,44,18760,미참여,0.462,10
2025-09,광주 동구,충장동,생활용품,30대,905452,38,23827,참여,0.426,8
2025-09,광주 동구,충장동,생활용품,40대,515861,27,19105,미참여,0.24,13
2025-09,광주 동구,충장동,생활용품,50대,658194,34,19358,참여,0.41,1
2025-09,광주 동구,충장동,생활용품,60대 이상,540539,26,20789,참여,0.499,8
2025-09,광주 동구,충장동,의류/잡화,20대,1341717,31,43281,참여,0.338,20
2025-09,광주 동구,충장동,의류/잡화,30대,1029069,31,33195,미참여,0.333,21
2025-09,광주 동구,충장동,의류/잡화,40대,1256859,38,33075,참여,0.448,23
2025-09,광주 동구,충장동,의류/잡화,50대,1020968,30,34032,참여,0.358,34
2025-09,광주 동구,충장동,의류/잡화,60대 이상,1089913,33,33027,참여,0.297,32
2025-09,광주 동구,충장동,미용/생활서비스,20대,702704,20,35135,참여,0.242,16
2025-09,광주 동구,충장동,미용/생활서비스,30대,486572,16,30410,참여,0.293,22
2025-09,광주 동구,충장동,미용/생활서비스,40대,408099,15,27206,참여,0.526,20
2025-09,광주 동구,충장동,미용/생활서비스,50대,840997,25,33639,미참여,0.331,17
2025-09,광주 동구,충장동,미용/생활서비스,60대 이상,546327,21,26015,참여,0.201,34
2025-09,광주 동구,충장동,교육/학원,20대,2154383,25,86175,참여,0.264,23
2025-09,광주 동구,충장동,교육/학원,30대,3830156,38,100793,참여,0.266,24
2025-09,광주 동구,충장동,교육/학원,40대,1605368,20,80268,참여,0.27,13
2025-09,광주 동구,충장동,교육/학원,50대,729172,10,72917,미참여,0.307,15
2025-09,광주 동구,충장동,교육/학원,60대 이상,3199719,31,103216,미참여,0.389,20
2025-09,광주 동구,충장동,병원/약국,20대,1221654,51,23954,참여,0.256,27
2025-09,광주 동구,충장동,병원/약국,30대,940239,43,21866,미참여,0.405,14
2025-09,광주 동구,충장동,병원/약국,40대,617204,21,29390,참여,0.34,12
2025-09,광주 동구,충장동,병원/약국,50대,654909,22,29768,참여,0.43,5
2025-09,광주 동구,충장동,병원/약국,60대 이상,1057870,40,26446,참여,0.42,21
2025-09,광주 동구,충장동,편의점/마트,20대,603212,50,12064,참여,0.362,14
2025-09,광주 동구,충장동,편의점/마트,30대,367434,29,12670,참여,0.406,13
2025-09,광주 동구,충장동,편의점/마트,40대,490584,39,12579,참여,0.501,17
2025-09,광주 동구,충장동,편의점/마트,50대,366049,28,13073,참여,0.474,28
2025-09,광주 동구,충장동,편의점/마트,60대 이상,540874,41,13192,미참여,0.445,16
2025-09,광주 동구,동명동,한식/분식,20대,448264,34,13184,참여,0.39,17
2025-09,광주 동구,동명동,한식/분식,30대,460457,35,13155,참여,0.434,26
2025-09,광주 동구,동명동,한식/분식,40대,1045772,83,12599,미참여,0.344,11
2025-09,광주 동구,동명동,한식/분식,50대,753424,45,16742,참여,0.577,30
2025-09,광주 동구,동명동,한식/분식,60대 이상,758879,48,15809,미참여,0.338,19
2025-09,광주 동구,동명동,카페/디저트,20대,289653,40,7241,참여,0.349,12
2025-09,광주 동구,동명동,카페/디저트,30대,454680,46,9884,참여,0.257,25
2025-09,광주 동구,동명동,카페/디저트,40대,128164,17,7539,참여,0.369,25
2025-09,광주 동구,동명동,카페/디저트,50대,349995,39,8974,미참여,0.421,19
2025-09,광주 동구,동명동,카페/디저트,60대 이상,440875,46,9584,참여,0.403,27
2025-09,광주 동구,동명동,신선식품,20대,985777,34,28993,참여,0.551,9
2025-09,광주 동구,동명동,신선식품,30대,1091896,32,34121,참여,0.412,22
2025-09,광주 동구,동명동,신선식품,40대,996907,41,24314,참여,0.477,26
2025-09,광주 동구,동명동,신선식품,50대,1328993,46,28891,미참여,0.397,23
2025-09,광주 동구,동명동,신선식품,60대 이상,1285288,45,28561,참여,0.33,21
2025-09,광주 동구,동명동,생활용품,20대,644454,24,26852,미참여,0.258,23
2025-09,광주 동구,동명동,생활용품,30대,774294,32,24196,참여,0.3,16
2025-09,광주 동구,동명동,생활용품,40대,751977,34,22116,미참여,0.347,24
2025-09,광주 동구,동명동,생활용품,50대,808967,32,25280,참여,0.191,20
2025-09,광주 동구,동명동,생활용품,60대 이상,805848,31,25995,참여,0.156,27
2025-09,광주 동구,동명동,의류/잡화,20대,1413927,33,42846,참여,0.253,32
2025-09,광주 동구,동명동,의류/잡화,30대,1359771,33,41205,미참여,0.303,44
2025-09,광주 동구,동명동,의류/잡화,40대,860871,21,40993,참여,0.411,28
2025-09,광주 동구,동명동,의류/잡화,50대,746252,25,29850,참여,0.366,22
2025-09,광주 동구,동명동,의류/잡화,60대 이상,860434,24,35851,참여,0.326,9
2025-09,광주 동구,동명동,미용/생활서비스,20대,913747,30,30458,미참여,0.306,10
2025-09,광주 동구,동명동,미용/생활서비스,30대,942123,35,26917,참여,0.355,16
2025-09,광주 동구,동명동,미용/생활서비스,40대,422416,16,26401,참여,0.364,24
2025-09,광주 동구,동명동,미용/생활서비스,50대,974968,33,29544,미참여,0.271,7
2025-09,광주 동구,동명동,미용/생활서비스,60대 이상,723088,20,36154,참여,0.513,11
2025-09,광주 동구,동명동,교육/학원,20대,1756492,18,97582,참여,0.28,23
2025-09,광주 동구,동명동,교육/학원,30대,1831098,22,83231,미참여,0.145,31
2025-09,광주 동구,동명동,교육/학원,40대,1962705,25,78508,미참여,0.462,12
2025-09,광주 동구,동명동,교육/학원,50대,1119241,15,74616,참여,0.535,22
2025-09,광주 동구,동명동,교육/학원,60대 이상,1506423,20,75321,참여,0.365,7
2025-09,광주 동구,동명동,병원/약국,20대,601900,29,20755,참여,0.214,15
2025-09,광주 동구,동명동,병원/약국,30대,1048220,40,26205,미참여,0.271,27
2025-09,광주 동구,동명동,병원/약국,40대,614078,21,29241,참여,0.165,20
2025-09,광주 동구,동명동,병원/약국,50대,776928,26,29881,미참여,0.353,16
2025-09,광주 동구,동명동,병원/약국,60대 이상,1115189,51,21866,미참여,0.29,10
2025-09,광주 동구,동명동,편의점/마트,20대,595522,57,10447,참여,0.362,16
2025-09,광주 동구,동명동,편의점/마트,30대,497820,43,11577,미참여,0.366,21
2025-09,광주 동구,동명동,편의점/마트,40대,731922,58,12619,참여,0.347,12
2025-09,광주 동구,동명동,편의점/마트,50대,336755,33,10204,참여,0.552,21
2025-09,광주 동구,동명동,편의점/마트,60대 이상,474829,32,14838,미참여,0.441,31
2025-09,광주 동구,서남동,한식/분식,20대,582676,43,13550,참여,0.254,10
2025-09,광주 동구,서남동,한식/분식,30대,809140,50,16182,미참여,0.392,20
2025-09,광주 동구,서남동,한식/분식,40대,922364,55,16770,미참여,0.425,29
2025-09,광주 동구,서남동,한식/분식,50대,565487,33,17135,참여,0.448,15
2025-09,광주 동구,서남동,한식/분식,60대 이상,1006407,58,17351,참여,0.475,18
2025-09,광주 동구,서남동,카페/디저트,20대,495635,71,6980,참여,0.449,17
2025-09,광주 동구,서남동,카페/디저트,30대,447052,53,8434,미참여,0.381,33
2025-09,광주 동구,서남동,카페/디저트,40대,323521,34,9515,미참여,0.4,22
2025-09,광주 동구,서남동,카페/디저트,50대,319694,44,7265,참여,0.395,19
2025-09,광주 동구,서남동,카페/디저트,60대 이상,519862,61,8522,미참여,0.169,38
2025-09,광주 동구,서남동,신선식품,20대,1243842,43,28926,미참여,0.537,19
2025-09,광주 동구,서남동,신선식품,30대,799782,27,29621,참여,0.521,23
2025-09,광주 동구,서남동,신선식품,40대,1643897,49,33548,참여,0.337,19
2025-09,광주 동구,서남동,신선식품,50대,1666793,70,23811,참여,0.402,10
2025-09,광주 동구,서남동,신선식품,60대 이상,1161159,36,32254,참여,0.141,14
2025-09,광주 동구,서남동,생활용품,20대,676861,26,26033,참여,0.349,30
2025-09,광주 동구,서남동,생활용품,30대,490163,21,23341,미참여,0.518,16
2025-09,광주 동구,서남동,생활용품,40대,415848,16,25990,참여,0.524,1
2025-09,광주 동구,서남동,생활용품,50대,929995,40,23249,참여,0.397,22
2025-09,광주 동구,서남동,생활용품,60대 이상,1332727,54,24680,참여,0.413,27
2025-09,광주 동구,서남동,의류/잡화,20대,627345,20,31367,참여,0.419,9
2025-09,광주 동구,서남동,의류/잡화,30대,801879,22,36449,미참여,0.399,33
2025-09,광주 동구,서남동,의류/잡화,40대,1139865,29,39305,참여,0.428,24
2025-09,광주 동구,서남동,의류/잡화,50대,1088480,26,41864,참여,0.328,39
2025-09,광주 동구,서남동,의류/잡화,60대 이상,1010570,27,37428,참여,0.302,31
2025-09,광주 동구,서남동,미용/생활서비스,20대,885931,31,28578,참여,0.389,9
2025-09,광주 동구,서남동,미용/생활서비스,30대,695866,24,28994,참여,0.453,6
2025-09,광주 동구,서남동,미용/생활서비스,40대,1157549,34,34045,참여,0.306,32
2025-09,광주 동구,서남동,미용/생활서비스,50대,971740,28,34705,참여,0.44,12
2025-09,광주 동구,서남동,미용/생활서비스,60대 이상,944949,30,31498,미참여,0.29,36
2025-09,광주 동구,서남동,교육/학원,20대,2603222,26,100123,미참여,0.542,18
2025-09,광주 동구,서남동,교육/학원,30대,3897993,38,102578,참여,0.415,15
2025-09,광주 동구,서남동,교육/학원,40대,2135105,24,88962,참여,0.362,23
2025-09,광주 동구,서남동,교육/학원,50대,1729995,23,75217,참여,0.371,6
2025-09,광주 동구,서남동,교육/학원,60대 이상,1939602,23,84330,참여,0.321,21
2025-09,광주 동구,서남동,병원/약국,20대,587612,22,26709,참여,0.422,27
2025-09,광주 동구,서남동,병원/약국,30대,816600,29,28158,미참여,0.307,28
2025-09,광주 동구,서남동,병원/약국,40대,449572,19,23661,미참여,0.282,9
2025-09,광주 동구,서남동,병원/약국,50대,877160,32,27411,미참여,0.298,15
2025-09,광주 동구,서남동,병원/약국,60대 이상,1080394,48,22508,미참여,0.251,22
2025-09,광주 동구,서남동,편의점/마트,20대,446236,35,12749,미참여,0.361,17
2025-09,광주 동구,서남동,편의점/마트,30대,605665,50,12113,미참여,0.466,13
2025-09,광주 동구,서남동,편의점/마트,40대,529233,36,14700,미참여,0.48,19
2025-09,광주 동구,서남동,편의점/마트,50대,424087,33,12851,참여,0.496,18
2025-09,광주 동구,서남동,편의점/마트,60대 이상,473791,34,13935,참여,0.465,19
2025-09,광주 동구,학동,한식/분식,20대,432024,27,16000,참여,0.403,18
2025-09,광주 동구,학동,한식/분식,30대,762300,52,14659,참여,0.565,37
2025-09,광주 동구,학동,한식/분식,40대,663071,50,13261,참여,0.473,23
2025-09,광주 동구,학동,한식/분식,50대,437591,31,14115,참여,0.248,26
2025-09,광주 동구,학동,한식/분식,60대 이상,1385237,90,15391,미참여,0.518,35
2025-09,광주 동구,학동,카페/디저트,20대,272485,31,8789,참여,0.314,32
2025-09,광주 동구,학동,카페/디저트,30대,299278,38,7875,참여,0.345,16
2025-09,광주 동구,학동,카페/디저트,40대,262462,37,7093,참여,0.586,20
2025-09,광주 동구,학동,카페/디저트,50대,256184,32,8005,미참여,0.28,32
2025-09,광주 동구,학동,카페/디저트,60대 이상,257186,33,7793,참여,0.387,20
2025-09,광주 동구,학동,신선식품,20대,1242979,40,31074,참여,0.529,20
2025-09,광주 동구,학동,신선식품,30대,1263365,39,32393,참여,0.53,26
2025-09,광주 동구,학동,신선식품,40대,1606242,46,34918,참여,0.383,11
2025-09,광주 동구,학동,신선식품,50대,1465746,61,24028,참여,0.361,28
2025-09,광주 동구,학동,신선식품,60대 이상,1349306,42,32126,참여,0.408,19
2025-09,광주 동구,학동,생활용품,20대,811303,30,27043,미참여,0.414,11
2025-09,광주 동구,학동,생활용품,30대,1089840,50,21796,미참여,0.41,30
2025-09,광주 동구,학동,생활용품,40대,670655,30,22355,미참여,0.446,14
2025-09,광주 동구,학동,생활용품,50대,654535,28,23376,참여,0.398,17
2025-09,광주 동구,학동,생활용품,60대 이상,1270613,58,21907,참여,0.271,16
2025-09,광주 동구,학동,의류/잡화,20대,1754840,41,42800,참여,0.492,9
2025-09,광주 동구,학동,의류/잡화,30대,727093,19,38268,참여,0.293,19
2025-09,광주 동구,학동,의류/잡화,40대,1006913,30,33563,미참여,0.229,21
2025-09,광주 동구,학동,의류/잡화,50대,710507,21,33833,미참여,0.38,27
2025-09,광주 동구,학동,의류/잡화,60대 이상,974422,23,42366,참여,0.416,35
2025-09,광주 동구,학동,미용/생활서비스,20대,984330,37,26603,참여,0.295,1
2025-09,광주 동구,학동,미용/생활서비스,30대,501131,16,31320,미참여,0.475,11
2025-09,광주 동구,학동,미용/생활서비스,40대,847975,23,36868,미참여,0.365,17
2025-09,광주 동구,학동,미용/생활서비스,50대,734852,25,29394,참여,0.255,17
2025-09,광주 동구,학동,미용/생활서비스,60대 이상,719679,26,27679,미참여,0.394,33
2025-09,광주 동구,학동,교육/학원,20대,1721950,18,95663,참여,0.386,5
2025-09,광주 동구,학동,교육/학원,30대,2509317,32,78416,참여,0.422,1
2025-09,광주 동구,학동,교육/학원,40대,2278494,24,94937,참여,0.357,16
2025-09,광주 동구,학동,교육/학원,50대,2193203,28,78328,참여,0.258,23
2025-09,광주 동구,학동,교육/학원,60대 이상,2357982,29,81309,참여,0.336,23
2025-09,광주 동구,학동,병원/약국,20대,843313,41,20568,미참여,0.344,12
2025-09,광주 동구,학동,병원/약국,30대,694052,30,23135,참여,0.221,12
2025-09,광주 동구,학동,병원/약국,40대,529582,24,22065,미참여,0.313,22
2025-09,광주 동구,학동,병원/약국,50대,616157,30,20538,참여,0.391,28
2025-09,광주 동구,학동,병원/약국,60대 이상,1329579,59,22535,참여,0.453,23
2025-09,광주 동구,학동,편의점/마트,20대,381976,33,11575,참여,0.447,15
2025-09,광주 동구,학동,편의점/마트,30대,438949,36,12193,미참여,0.364,20
2025-09,광주 동구,학동,편의점/마트,40대,463240,42,11029,참여,0.49,19
2025-09,광주 동구,학동,편의점/마트,50대,338480,24,14103,참여,0.399,19
2025-09,광주 동구,학동,편의점/마트,60대 이상,305028,26,11731,참여,0.571,12
2025-10,수원시 팔달구,행궁동,한식/분식,20대,529790,31,17090,미참여,0.49,11
2025-10,수원시 팔달구,행궁동,한식/분식,30대,1358363,89,15262,참여,0.329,38
2025-10,수원시 팔달구,행궁동,한식/분식,40대,924538,52,17779,참여,0.384,36
2025-10,수원시 팔달구,행궁동,한식/분식,50대,950101,55,17274,미참여,0.583,16
2025-10,수원시 팔달구,행궁동,한식/분식,60대 이상,1312310,79,16611,미참여,0.482,29
2025-10,수원시 팔달구,행궁동,카페/디저트,20대,400140,46,8698,미참여,0.205,23
2025-10,수원시 팔달구,행궁동,카페/디저트,30대,255246,27,9453,미참여,0.447,19
2025-10,수원시 팔달구,행궁동,카페/디저트,40대,226740,30,7558,참여,0.343,8
2025-10,수원시 팔달구,행궁동,카페/디저트,50대,167739,18,9318,참여,0.442,27
2025-10,수원시 팔달구,행궁동,카페/디저트,60대 이상,165726,20,8286,참여,0.418,22
2025-10,수원시 팔달구,행궁동,신선식품,20대,1184702,47,25206,참여,0.562,27
2025-10,수원시 팔달구,행궁동,신선식품,30대,1318429,53,24876,미참여,0.441,26
2025-10,수원시 팔달구,행궁동,신선식품,40대,1140285,41,27811,미참여,0.377,12
2025-10,수원시 팔달구,행궁동,신선식품,50대,1297871,51,25448,미참여,0.623,8
2025-10,수원시 팔달구,행궁동,신선식품,60대 이상,1692665,63,26867,참여,0.476,8
2025-10,수원시 팔달구,행궁동,생활용품,20대,1071908,40,26797,참여,0.349,22
2025-10,수원시 팔달구,행궁동,생활용품,30대,472303,24,19679,참여,0.475,10
2025-10,수원시 팔달구,행궁동,생활용품,40대,658178,30,21939,미참여,0.377,28
2025-10,수원시 팔달구,행궁동,생활용품,50대,850852,42,20258,미참여,0.163,23
2025-10,수원시 팔달구,행궁동,생활용품,60대 이상,1578298,63,25052,미참여,0.426,14
2025-10,수원시 팔달구,행궁동,의류/잡화,20대,614790,19,32357,참여,0.154,17
2025-10,수원시 팔달구,행궁동,의류/잡화,30대,740714,20,37035,미참여,0.428,19
2025-10,수원시 팔달구,행궁동,의류/잡화,40대,871822,20,43591,참여,0.44,15
2025-10,수원시 팔달구,행궁동,의류/잡화,50대,564821,16,35301,미참여,0.469,11
2025-10,수원시 팔달구,행궁동,의류/잡화,60대 이상,526648,16,32915,미참여,0.28,30
2025-10,수원시 팔달구,행궁동,미용/생활서비스,20대,294178,9,32686,참여,0.332,19
2025-10,수원시 팔달구,행궁동,미용/생활서비스,30대,711340,23,30927,참여,0.362,8
2025-10,수원시 팔달구,행궁동,미용/생활서비스,40대,719930,22,32724,미참여,0.227,32
2025-10,수원시 팔달구,행궁동,미용/생활서비스,50대,733618,23,31896,참여,0.21,20
2025-10,수원시 팔달구,행궁동,미용/생활서비스,60대 이상,730299,23,31752,미참여,0.348,26
2025-10,수원시 팔달구,행궁동,교육/학원,20대,1214352,16,75897,참여,0.216,10
2025-10,수원시 팔달구,행궁동,교육/학원,30대,2080935,25,83237,미참여,0.206,24
2025-10,수원시 팔달구,행궁동,교육/학원,40대,1940820,25,77632,미참여,0.442,7
2025-10,수원시 팔달구,행궁동,교육/학원,50대,1532709,15,102180,미참여,0.325,24
2025-10,수원시 팔달구,행궁동,교육/학원,60대 이상,1536925,21,73186,미참여,0.613,15
2025-10,수원시 팔달구,행궁동,병원/약국,20대,747602,31,24116,미참여,0.414,14
2025-10,수원시 팔달구,행궁동,병원/약국,30대,760139,31,24520,참여,0.251,13
2025-10,수원시 팔달구,행궁동,병원/약국,40대,1192271,40,29806,미참여,0.36,17
2025-10,수원시 팔달구,행궁동,병원/약국,50대,1195904,54,22146,참여,0.357,28
2025-10,수원시 팔달구,행궁동,병원/약국,60대 이상,2178942,76,28670,미참여,0.376,23
2025-10,수원시 팔달구,행궁동,편의점/마트,20대,491005,45,10911,미참여,0.325,15
2025-10,수원시 팔달구,행궁동,편의점/마트,30대,562579,48,11720,참여,0.447,18
2025-10,수원시 팔달구,행궁동,편의점/마트,40대,279951,23,12171,참여,0.52,19
2025-10,수원시 팔달구,행궁동,편의점/마트,50대,335851,25,13434,참여,0.327,5
2025-10,수원시 팔달구,행궁동,편의점/마트,60대 이상,493734,38,12993,참여,0.488,29
2025-10,수원시 팔달구,매산동,한식/분식,20대,355193,22,16145,미참여,0.418,39
2025-10,수원시 팔달구,매산동,한식/분식,30대,681825,50,13636,참여,0.419,24
2025-10,수원시 팔달구,매산동,한식/분식,40대,554021,43,12884,미참여,0.324,30
2025-10,수원시 팔달구,매산동,한식/분식,50대,1161338,72,16129,미참여,0.476,23
2025-10,수원시 팔달구,매산동,한식/분식,60대 이상,578822,37,15643,참여,0.324,38
2025-10,수원시 팔달구,매산동,카페/디저트,20대,602354,61,9874,참여,0.366,15
2025-10,수원시 팔달구,매산동,카페/디저트,30대,286336,37,7738,미참여,0.437,8
2025-10,수원시 팔달구,매산동,카페/디저트,40대,231323,25,9252,참여,0.342,17
2025-10,수원시 팔달구,매산동,카페/디저트,50대,246736,27,9138,참여,0.389,15
2025-10,수원시 팔달구,매산동,카페/디저트,60대 이상,226628,30,7554,미참여,0.326,26
2025-10,수원시 팔달구,매산동,신선식품,20대,968533,38,25487,미참여,0.359,18
2025-10,수원시 팔달구,매산동,신선식품,30대,797617,31,25729,참여,0.48,17
2025-10,수원시 팔달구,매산동,신선식품,40대,2029353,61,33268,참여,0.352,23
2025-10,수원시 팔달구,매산동,신선식품,50대,1571848,45,34929,참여,0.313,1
2025-10,수원시 팔달구,매산동,신선식품,60대 이상,1254015,51,24588,참여,0.287,18
2025-10,수원시 팔달구,매산동,생활용품,20대,1574199,70,22488,미참여,0.231,24
2025-10,수원시 팔달구,매산동,생활용품,30대,1118759,42,26637,미참여,0.376,29
2025-10,수원시 팔달구,매산동,생활용품,40대,1218754,54,22569,참여,0.291,16
2025-10,수원시 팔달구,매산동,생활용품,50대,599373,28,21406,미참여,0.296,15
2025-10,수원시 팔달구,매산동,생활용품,60대 이상,992791,49,20261,참여,0.283,19
2025-10,수원시 팔달구,매산동,의류/잡화,20대,798757,25,31950,참여,0.342,14
2025-10,수원시 팔달구,매산동,의류/잡화,30대,525982,16,32873,참여,0.379,17
2025-10,수원시 팔달구,매산동,의류/잡화,40대,1020978,25,40839,참여,0.3,17
2025-10,수원시 팔달구,매산동,의류/잡화,50대,668880,21,31851,미참여,0.496,18
2025-10,수원시 팔달구,매산동,의류/잡화,60대 이상,525297,14,37521,참여,0.471,14
2025-10,수원시 팔달구,매산동,미용/생활서비스,20대,716496,24,29854,참여,0.421,15
2025-10,수원시 팔달구,매산동,미용/생활서비스,30대,930895,36,25858,미참여,0.458,20
2025-10,수원시 팔달구,매산동,미용/생활서비스,40대,403466,15,26897,미참여,0.368,12
2025-10,수원시 팔달구,매산동,미용/생활서비스,50대,981093,27,36336,참여,0.251,12
2025-10,수원시 팔달구,매산동,미용/생활서비스,60대 이상,909278,30,30309,미참여,0.373,15
2025-10,수원시 팔달구,매산동,교육/학원,20대,1513852,17,89050,참여,0.183,7
2025-10,수원시 팔달구,매산동,교육/학원,30대,1961840,22,89174,참여,0.439,19
2025-10,수원시 팔달구,매산동,교육/학원,40대,2620298,31,84525,미참여,0.508,15
2025-10,수원시 팔달구,매산동,교육/학원,50대,1844027,25,73761,참여,0.447,23
2025-10,수원시 팔달구,매산동,교육/학원,60대 이상,1007900,12,83991,참여,0.493,27
2025-10,수원시 팔달구,매산동,병원/약국,20대,845890,31,27286,참여,0.477,26
2025-10,수원시 팔달구,매산동,병원/약국,30대,739891,30,24663,미참여,0.349,28
2025-10,수원시 팔달구,매산동,병원/약국,40대,982332,35,28066,참여,0.529,13
2025-10,수원시 팔달구,매산동,병원/약국,50대,402766,14,28769,참여,0.265,25
2025-10,수원시 팔달구,매산동,병원/약국,60대 이상,950258,36,26396,참여,0.338,26
2025-10,수원시 팔달구,매산동,편의점/마트,20대,557283,41,13592,미참여,0.408,14
2025-10,수원시 팔달구,매산동,편의점/마트,30대,478606,42,11395,참여,0.488,15
2025-10,수원시 팔달구,매산동,편의점/마트,40대,667150,49,13615,미참여,0.505,27
2025-10,수원시 팔달구,매산동,편의점/마트,50대,280445,26,10786,참여,0.406,7
2025-10,수원시 팔달구,매산동,편의점/마트,60대 이상,514307,39,13187,미참여,0.48,1
2025-10,수원시 팔달구,고등동,한식/분식,20대,600749,47,12781,참여,0.369,29
2025-10,수원시 팔달구,고등동,한식/분식,30대,1162164,72,16141,미참여,0.455,29
2025-10,수원시 팔달구,고등동,한식/분식,40대,876525,50,17530,참여,0.469,15
2025-10,수원시 팔달구,고등동,한식/분식,50대,581296,37,15710,미참여,0.603,27
2025-10,수원시 팔달구,고등동,한식/분식,60대 이상,664502,41,16207,참여,0.584,33
2025-10,수원시 팔달구,고등동,카페/디저트,20대,377667,49,7707,참여,0.353,25
2025-10,수원시 팔달구,고등동,카페/디저트,30대,334239,42,7958,미참여,0.354,14
2025-10,수원시 팔달구,고등동,카페/디저트,40대,194837,25,7793,참여,0.432,14
2025-10,수원시 팔달구,고등동,카페/디저트,50대,179562,25,7182,미참여,0.353,19
2025-10,수원시 팔달구,고등동,카페/디저트,60대 이상,266683,27,9877,미참여,0.384,24
2025-10,수원시 팔달구,고등동,신선식품,20대,1120414,38,29484,참여,0.403,24
2025-10,수원시 팔달구,고등동,신선식품,30대,1617696,50,32353,참여,0.339,19
2025-10,수원시 팔달구,고등동,신선식품,40대,1524244,52,29312,미참여,0.385,21
2025-10,수원시 팔달구,고등동,신선식품,50대,1298231,42,30910,참여,0.55,21
2025-10,수원시 팔달구,고등동,신선식품,60대 이상,1656297,50,33125,미참여,0.424,23
2025-10,수원시 팔달구,고등동,생활용품,20대,728778,33,22084,미참여,0.647,26
2025-10,수원시 팔달구,고등동,생활용품,30대,902875,37,24402,참여,0.364,36
2025-10,수원시 팔달구,고등동,생활용품,40대,1379720,53,26032,참여,0.317,14
2025-10,수원시 팔달구,고등동,생활용품,50대,965086,46,20980,참여,0.414,25
2025-10,수원시 팔달구,고등동,생활용품,60대 이상,690645,36,19184,참여,0.474,21
2025-10,수원시 팔달구,고등동,의류/잡화,20대,1564876,38,41180,미참여,0.395,18
2025-10,수원시 팔달구,고등동,의류/잡화,30대,1360898,38,35813,미참여,0.346,10
2025-10,수원시 팔달구,고등동,의류/잡화,40대,720091,17,42358,참여,0.45,13
2025-10,수원시 팔달구,고등동,의류/잡화,50대,779191,21,37104,미참여,0.249,8
2025-10,수원시 팔달구,고등동,의류/잡화,60대 이상,868092,26,33388,참여,0.278,12
2025-10,수원시 팔달구,고등동,미용/생활서비스,20대,930236,32,29069,참여,0.316,11
2025-10,수원시 팔달구,고등동,미용/생활서비스,30대,599343,21,28540,참여,0.479,21
2025-10,수원시 팔달구,고등동,미용/생활서비스,40대,1198529,36,33292,미참여,0.297,12
2025-10,수원시 팔달구,고등동,미용/생활서비스,50대,741126,24,30880,참여,0.288,26
2025-10,수원시 팔달구,고등동,미용/생활서비스,60대 이상,1084937,30,36164,미참여,0.31,17
2025-10,수원시 팔달구,고등동,교육/학원,20대,2021714,24,84238,참여,0.408,16
2025-10,수원시 팔달구,고등동,교육/학원,30대,2433702,25,97348,미참여,0.127,24
2025-10,수원시 팔달구,고등동,교육/학원,40대,3089352,30,102978,참여,0.351,17
2025-10,수원시 팔달구,고등동,교육/학원,50대,2116466,22,96203,미참여,0.483,29
2025-10,수원시 팔달구,고등동,교육/학원,60대 이상,1395281,14,99662,참여,0.273,13
2025-10,수원시 팔달구,고등동,병원/약국,20대,606551,26,23328,참여,0.497,15
2025-10,수원시 팔달구,고등동,병원/약국,30대,692450,33,20983,참여,0.262,25
2025-10,수원시 팔달구,고등동,병원/약국,40대,1334076,47,28384,참여,0.332,18
2025-10,수원시 팔달구,고등동,병원/약국,50대,779888,30,25996,참여,0.463,5
2025-10,수원시 팔달구,고등동,병원/약국,60대 이상,1716139,58,29588,미참여,0.312,10
2025-10,수원시 팔달구,고등동,편의점/마트,20대,989217,69,14336,참여,0.589,13
2025-10,수원시 팔달구,고등동,편의점/마트,30대,479486,37,12959,참여,0.599,15
2025-10,수원시 팔달구,고등동,편의점/마트,40대,347622,31,11213,참여,0.367,13
2025-10,수원시 팔달구,고등동,편의점/마트,50대,259898,24,10829,참여,0.424,21
2025-10,수원시 팔달구,고등동,편의점/마트,60대 이상,402840,33,12207,참여,0.45,18
2025-10,수원시 팔달구,인계동,한식/분식,20대,1039800,65,15996,참여,0.666,21
2025-10,수원시 팔달구,인계동,한식/분식,30대,822620,48,17137,참여,0.525,18
2025-10,수원시 팔달구,인계동,한식/분식,40대,1136314,64,17754,참여,0.323,5
2025-10,수원시 팔달구,인계동,한식/분식,50대,768441,44,17464,참여,0.431,38
2025-10,수원시 팔달구,인계동,한식/분식,60대 이상,849274,47,18069,참여,0.26,23
2025-10,수원시 팔달구,인계동,카페/디저트,20대,400466,50,8009,참여,0.256,22
2025-10,수원시 팔달구,인계동,카페/디저트,30대,400798,40,10019,미참여,0.353,17
2025-10,수원시 팔달구,인계동,카페/디저트,40대,170203,17,10011,미참여,0.294,26
2025-10,수원시 팔달구,인계동,카페/디저트,50대,261103,32,8159,참여,0.366,22
2025-10,수원시 팔달구,인계동,카페/디저트,60대 이상,297715,30,9923,참여,0.213,24
2025-10,수원시 팔달구,인계동,신선식품,20대,927591,34,27282,참여,0.496,27
2025-10,수원시 팔달구,인계동,신선식품,30대,1393887,44,31679,미참여,0.392,27
2025-10,수원시 팔달구,인계동,신선식품,40대,1240112,40,31002,미참여,0.428,18
2025-10,수원시 팔달구,인계동,신선식품,50대,1480916,54,27424,미참여,0.451,27
2025-10,수원시 팔달구,인계동,신선식품,60대 이상,1173174,40,29329,미참여,0.534,23
2025-10,수원시 팔달구,인계동,생활용품,20대,863110,38,22713,참여,0.341,30
2025-10,수원시 팔달구,인계동,생활용품,30대,1150475,47,24478,참여,0.18,21
2025-10,수원시 팔달구,인계동,생활용품,40대,796031,38,20948,참여,0.346,12
2025-10,수원시 팔달구,인계동,생활용품,50대,1394949,66,21135,미참여,0.452,30
2025-10,수원시 팔달구,인계동,생활용품,60대 이상,1020272,53,19250,참여,0.358,30
2025-10,수원시 팔달구,인계동,의류/잡화,20대,868544,21,41359,미참여,0.276,18
2025-10,수원시 팔달구,인계동,의류/잡화,30대,927870,31,29931,미참여,0.442,24
2025-10,수원시 팔달구,인계동,의류/잡화,40대,973524,23,42327,참여,0.271,26
2025-10,수원시 팔달구,인계동,의류/잡화,50대,1490130,35,42575,참여,0.526,3
2025-10,수원시 팔달구,인계동,의류/잡화,60대 이상,482229,16,30139,미참여,0.334,1
2025-10,수원시 팔달구,인계동,미용/생활서비스,20대,690929,24,28788,참여,0.358,22
2025-10,수원시 팔달구,인계동,미용/생활서비스,30대,1315970,36,36554,참여,0.322,31
2025-10,수원시 팔달구,인계동,미용/생활서비스,40대,499381,15,33292,참여,0.12,12
2025-10,수원시 팔달구,인계동,미용/생활서비스,50대,752245,26,28932,참여,0.367,21
2025-10,수원시 팔달구,인계동,미용/생활서비스,60대 이상,694727,24,28946,참여,0.407,9
2025-10,수원시 팔달구,인계동,교육/학원,20대,1721015,20,86050,참여,0.249,12
2025-10,수원시 팔달구,인계동,교육/학원,30대,2880746,37,77858,미참여,0.371,8
2025-10,수원시 팔달구,인계동,교육/학원,40대,1240149,15,82676,참여,0.286,26
2025-10,수원시 팔달구,인계동,교육/학원,50대,1910089,19,100531,미참여,0.164,11
2025-10,수원시 팔달구,인계동,교육/학원,60대 이상,1649909,17,97053,참여,0.227,23
2025-10,수원시 팔달구,인계동,병원/약국,20대,585240,26,22509,참여,0.405,17
2025-10,수원시 팔달구,인계동,병원/약국,30대,952789,42,22685,미참여,0.458,22
2025-10,수원시 팔달구,인계동,병원/약국,40대,1160481,41,28304,미참여,0.347,1
2025-10,수원시 팔달구,인계동,병원/약국,50대,1010765,35,28879,참여,0.463,19
2025-10,수원시 팔달구,인계동,병원/약국,60대 이상,1149185,52,22099,미참여,0.398,21
2025-10,수원시 팔달구,인계동,편의점/마트,20대,431970,41,10535,참여,0.278,27
2025-10,수원시 팔달구,인계동,편의점/마트,30대,473731,35,13535,참여,0.432,16
2025-10,수원시 팔달구,인계동,편의점/마트,40대,461689,32,14427,참여,0.499,11
2025-10,수원시 팔달구,인계동,편의점/마트,50대,261939,23,11388,미참여,0.447,24
2025-10,수원시 팔달구,인계동,편의점/마트,60대 이상,368453,28,13159,참여,0.422,24
2025-10,수원시 영통구,영통동,한식/분식,20대,545453,35,15584,미참여,0.549,26
2025-10,수원시 영통구,영통동,한식/분식,30대,418442,32,13076,참여,0.415,13
2025-10,수원시 영통구,영통동,한식/분식,40대,529897,41,12924,참여,0.249,23
2025-10,수원시 영통구,영통동,한식/분식,50대,377034,26,14501,참여,0.502,23
2025-10,수원시 영통구,영통동,한식/분식,60대 이상,522493,38,13749,미참여,0.313,25
2025-10,수원시 영통구,영통동,카페/디저트,20대,448461,57,7867,미참여,0.366,26
2025-10,수원시 영통구,영통동,카페/디저트,30대,562920,70,8041,참여,0.46,24
2025-10,수원시 영통구,영통동,카페/디저트,40대,266225,33,8067,미참여,0.48,41
2025-10,수원시 영통구,영통동,카페/디저트,50대,287085,37,7759,미참여,0.396,14
2025-10,수원시 영통구,영통동,카페/디저트,60대 이상,392408,56,7007,미참여,0.296,26
2025-10,수원시 영통구,영통동,신선식품,20대,1225817,42,29186,참여,0.479,23
2025-10,수원시 영통구,영통동,신선식품,30대,1460429,51,28635,미참여,0.361,25
2025-10,수원시 영통구,영통동,신선식품,40대,1386213,42,33005,미참여,0.298,20
2025-10,수원시 영통구,영통동,신선식품,50대,1806027,54,33444,참여,0.622,12
2025-10,수원시 영통구,영통동,신선식품,60대 이상,1907383,58,32885,미참여,0.513,28
2025-10,수원시 영통구,영통동,생활용품,20대,540131,24,22505,참여,0.342,19
2025-10,수원시 영통구,영통동,생활용품,30대,913291,37,24683,참여,0.455,18
2025-10,수원시 영통구,영통동,생활용품,40대,612556,24,25523,참여,0.504,18
2025-10,수원시 영통구,영통동,생활용품,50대,669212,34,19682,참여,0.516,20
2025-10,수원시 영통구,영통동,생활용품,60대 이상,907810,34,26700,미참여,0.371,18
2025-10,수원시 영통구,영통동,의류/잡화,20대,796253,21,37916,참여,0.338,15
2025-10,수원시 영통구,영통동,의류/잡화,30대,1262236,31,40717,참여,0.384,15
2025-10,수원시 영통구,영통동,의류/잡화,40대,962299,31,31041,미참여,0.257,9
2025-10,수원시 영통구,영통동,의류/잡화,50대,825725,25,33029,미참여,0.345,5
2025-10,수원시 영통구,영통동,의류/잡화,60대 이상,838275,25,33531,미참여,0.356,23
2025-10,수원시 영통구,영통동,미용/생활서비스,20대,567369,20,28368,미참여,0.225,19
2025-10,수원시 영통구,영통동,미용/생활서비스,30대,657406,25,26296,미참여,0.341,18
2025-10,수원시 영통구,영통동,미용/생활서비스,40대,667363,19,35124,참여,0.192,19
2025-10,수원시 영통구,영통동,미용/생활서비스,50대,621957,23,27041,참여,0.331,20
2025-10,수원시 영통구,영통동,미용/생활서비스,60대 이상,1005437,30,33514,참여,0.214,18
2025-10,수원시 영통구,영통동,교육/학원,20대,1531550,16,95721,미참여,0.388,22
2025-10,수원시 영통구,영통동,교육/학원,30대,5433425,58,93679,미참여,0.487,18
2025-10,수원시 영통구,영통동,교육/학원,40대,3123682,38,82202,미참여,0.336,9
2025-10,수원시 영통구,영통동,교육/학원,50대,1848059,21,88002,미참여,0.545,26
2025-10,수원시 영통구,영통동,교육/학원,60대 이상,2389096,27,88485,미참여,0.39,26
2025-10,수원시 영통구,영통동,병원/약국,20대,673514,25,26940,미참여,0.367,23
2025-10,수원시 영통구,영통동,병원/약국,30대,759684,37,20532,참여,0.364,19
2025-10,수원시 영통구,영통동,병원/약국,40대,684471,28,24445,참여,0.305,37
2025-10,수원시 영통구,영통동,병원/약국,50대,1245789,44,28313,미참여,0.338,20
2025-10,수원시 영통구,영통동,병원/약국,60대 이상,1213166,44,27571,참여,0.451,3
2025-10,수원시 영통구,영통동,편의점/마트,20대,544349,41,13276,참여,0.362,15
2025-10,수원시 영통구,영통동,편의점/마트,30대,208213,20,10410,참여,0.268,13
2025-10,수원시 영통구,영통동,편의점/마트,40대,556204,40,13905,참여,0.535,10
2025-10,수원시 영통구,영통동,편의점/마트,50대,438615,36,12183,참여,0.495,27
2025-10,수원시 영통구,영통동,편의점/마트,60대 이상,715876,53,13507,참여,0.472,30
2025-10,수원시 영통구,광교동,한식/분식,20대,732946,57,12858,참여,0.423,13
2025-10,수원시 영통구,광교동,한식/분식,30대,394258,31,12718,미참여,0.486,22
2025-10,수원시 영통구,광교동,한식/분식,40대,291807,18,16211,미참여,0.598,3
2025-10,수원시 영통구,광교동,한식/분식,50대,415053,27,15372,참여,0.444,31
2025-10,수원시 영통구,광교동,한식/분식,60대 이상,311069,22,14139,미참여,0.474,5
2025-10,수원시 영통구,광교동,카페/디저트,20대,429678,45,9548,미참여,0.396,19
2025-10,수원시 영통구,광교동,카페/디저트,30대,251345,30,8378,미참여,0.419,10
2025-10,수원시 영통구,광교동,카페/디저트,40대,392772,42,9351,미참여,0.377,26
2025-10,수원시 영통구,광교동,카페/디저트,50대,437332,53,8251,참여,0.404,23
2025-10,수원시 영통구,광교동,카페/디저트,60대 이상,247281,31,7976,참여,0.255,19
2025-10,수원시 영통구,광교동,신선식품,20대,1061654,42,25277,참여,0.406,16
2025-10,수원시 영통구,광교동,신선식품,30대,609765,25,24390,미참여,0.396,11
2025-10,수원시 영통구,광교동,신선식품,40대,1295345,41,31593,참여,0.409,14
2025-10,수원시 영통구,광교동,신선식품,50대,1323777,53,24976,참여,0.46,17
2025-10,수원시 영통구,광교동,신선식품,60대 이상,845606,30,28186,참여,0.499,4
2025-10,수원시 영통구,광교동,생활용품,20대,799581,31,25792,참여,0.335,19
2025-10,수원시 영통구,광교동,생활용품,30대,410504,20,20525,미참여,0.341,37
2025-10,수원시 영통구,광교동,생활용품,40대,915428,46,19900,미참여,0.556,11
2025-10,수원시 영통구,광교동,생활용품,50대,1404775,54,26014,참여,0.438,17
2025-10,수원시 영통구,광교동,생활용품,60대 이상,1140649,43,26526,미참여,0.381,23
2025-10,수원시 영통구,광교동,의류/잡화,20대,1143535,38,30093,참여,0.441,24
2025-10,수원시 영통구,광교동,의류/잡화,30대,843693,24,35153,참여,0.35,16
2025-10,수원시 영통구,광교동,의류/잡화,40대,751411,23,32670,참여,0.486,7
2025-10,수원시 영통구,광교동,의류/잡화,50대,731586,19,38504,참여,0.512,16
2025-10,수원시 영통구,광교동,의류/잡화,60대 이상,580138,19,30533,참여,0.436,1
2025-10,수원시 영통구,광교동,미용/생활서비스,20대,748299,26,28780,참여,0.357,27
2025-10,수원시 영통구,광교동,미용/생활서비스,30대,680691,26,26180,미참여,0.24,23
2025-10,수원시 영통구,광교동,미용/생활서비스,40대,602901,21,28709,참여,0.307,13
2025-10,수원시 영통구,광교동,미용/생활서비스,50대,946035,37,25568,미참여,0.13,29
2025-10,수원시 영통구,광교동,미용/생활서비스,60대 이상,1321786,37,35723,미참여,0.528,21
2025-10,수원시 영통구,광교동,교육/학원,20대,1356189,17,79775,참여,0.502,25
2025-10,수원시 영통구,광교동,교육/학원,30대,3534256,44,80324,참여,0.478,8
2025-10,수원시 영통구,광교동,교육/학원,40대,2495236,24,103968,미참여,0.278,30
2025-10,수원시 영통구,광교동,교육/학원,50대,3147925,38,82840,참여,0.271,12
2025-10,수원시 영통구,광교동,교육/학원,60대 이상,2877441,31,92820,미참여,0.355,40
2025-10,수원시 영통구,광교동,병원/약국,20대,901861,33,27329,미참여,0.382,7
2025-10,수원시 영통구,광교동,병원/약국,30대,986334,42,23484,참여,0.163,14
2025-10,수원시 영통구,광교동,병원/약국,40대,723646,33,21928,미참여,0.377,4
2025-10,수원시 영통구,광교동,병원/약국,50대,778701,28,27810,참여,0.3,20
2025-10,수원시 영통구,광교동,병원/약국,60대 이상,1251606,55,22756,참여,0.377,24
2025-10,수원시 영통구,광교동,편의점/마트,20대,570590,53,10765,참여,0.422,29
2025-10,수원시 영통구,광교동,편의점/마트,30대,530868,39,13612,미참여,0.361,18
2025-10,수원시 영통구,광교동,편의점/마트,40대,404016,36,11222,참여,0.493,16
2025-10,수원시 영통구,광교동,편의점/마트,50대,344248,30,11474,참여,0.518,22
2025-10,수원시 영통구,광교동,편의점/마트,60대 이상,258767,23,11250,미참여,0.457,10
2025-10,수원시 영통구,매탄동,한식/분식,20대,427875,25,17115,미참여,0.498,7
2025-10,수원시 영통구,매탄동,한식/분식,30대,602745,35,17221,참여,0.479,12
2025-10,수원시 영통구,매탄동,한식/분식,40대,440566,33,13350,참여,0.348,8
2025-10,수원시 영통구,매탄동,한식/분식,50대,706549,49,14419,참여,0.458,30
2025-10,수원시 영통구,매탄동,한식/분식,60대 이상,541900,38,14260,참여,0.337,10
2025-10,수원시 영통구,매탄동,카페/디저트,20대,380249,46,8266,미참여,0.379,27
2025-10,수원시 영통구,매탄동,카페/디저트,30대,298864,36,8301,미참여,0.385,37
2025-10,수원시 영통구,매탄동,카페/디저트,40대,360082,43,8374,참여,0.249,13
2025-10,수원시 영통구,매탄동,카페/디저트,50대,265199,30,8839,미참여,0.351,17
2025-10,수원시 영통구,매탄동,카페/디저트,60대 이상,325674,45,7237,참여,0.242,23
2025-10,수원시 영통구,매탄동,신선식품,20대,1251354,45,27807,미참여,0.413,8
2025-10,수원시 영통구,매탄동,신선식품,30대,1121339,36,31148,참여,0.257,23
2025-10,수원시 영통구,매탄동,신선식품,40대,1880001,54,34814,미참여,0.418,27
2025-10,수원시 영통구,매탄동,신선식품,50대,2076157,64,32439,참여,0.507,1
2025-10,수원시 영통구,매탄동,신선식품,60대 이상,966424,30,32214,참여,0.375,10
2025-10,수원시 영통구,매탄동,생활용품,20대,509837,26,19609,참여,0.402,20
2025-10,수원시 영통구,매탄동,생활용품,30대,667407,34,19629,참여,0.258,8
2025-10,수원시 영통구,매탄동,생활용품,40대,656317,25,26252,참여,0.366,11
2025-10,수원시 영통구,매탄동,생활용품,50대,1533715,56,27387,미참여,0.329,8
2025-10,수원시 영통구,매탄동,생활용품,60대 이상,872558,32,27267,참여,0.375,8
2025-10,수원시 영통구,매탄동,의류/잡화,20대,1099306,26,42281,참여,0.484,20
2025-10,수원시 영통구,매탄동,의류/잡화,30대,609190,15,40612,참여,0.271,22
2025-10,수원시 영통구,매탄동,의류/잡화,40대,904346,28,32298,참여,0.365,25
2025-10,수원시 영통구,매탄동,의류/잡화,50대,1456005,35,41600,미참여,0.321,7
2025-10,수원시 영통구,매탄동,의류/잡화,60대 이상,722698,19,38036,미참여,0.305,12
2025-10,수원시 영통구,매탄동,미용/생활서비스,20대,822035,30,27401,참여,0.441,19
2025-10,수원시 영통구,매탄동,미용/생활서비스,30대,546742,17,32161,참여,0.287,16
2025-10,수원시 영통구,매탄동,미용/생활서비스,40대,1002353,30,33411,참여,0.212,2
2025-10,수원시 영통구,매탄동,미용/생활서비스,50대,666092,25,26643,미참여,0.276,15
2025-10,수원시 영통구,매탄동,미용/생활서비스,60대 이상,1157265,31,37331,미참여,0.44,11
2025-10,수원시 영통구,매탄동,교육/학원,20대,1688283,16,105517,참여,0.287,25
2025-10,수원시 영통구,매탄동,교육/학원,30대,2772886,35,79225,미참여,0.327,20
2025-10,수원시 영통구,매탄동,교육/학원,40대,4089168,40,102229,미참여,0.548,36
2025-10,수원시 영통구,매탄동,교육/학원,50대,1908612,23,82983,참여,0.247,28
2025-10,수원시 영통구,매탄동,교육/학원,60대 이상,2561429,35,73183,미참여,0.341,32
2025-10,수원시 영통구,매탄동,병원/약국,20대,545683,20,27284,참여,0.284,20
2025-10,수원시 영통구,매탄동,병원/약국,30대,422382,17,24846,참여,0.382,18
2025-10,수원시 영통구,매탄동,병원/약국,40대,938949,36,26081,참여,0.326,16
2025-10,수원시 영통구,매탄동,병원/약국,50대,1020035,41,24878,참여,0.389,18
2025-10,수원시 영통구,매탄동,병원/약국,60대 이상,1095226,43,25470,참여,0.218,21
2025-10,수원시 영통구,매탄동,편의점/마트,20대,593519,50,11870,참여,0.544,24
2025-10,수원시 영통구,매탄동,편의점/마트,30대,475328,39,12187,참여,0.521,33
2025-10,수원시 영통구,매탄동,편의점/마트,40대,531846,36,14773,미참여,0.607,28
2025-10,수원시 영통구,매탄동,편의점/마트,50대,516454,40,12911,미참여,0.354,30
2025-10,수원시 영통구,매탄동,편의점/마트,60대 이상,399519,30,13317,미참여,0.474,14
2025-10,수원시 영통구,원천동,한식/분식,20대,323468,18,17970,미참여,0.412,17
2025-10,수원시 영통구,원천동,한식/분식,30대,632720,45,14060,참여,0.359,24
2025-10,수원시 영통구,원천동,한식/분식,40대,554108,40,13852,참여,0.31,19
2025-10,수원시 영통구,원천동,한식/분식,50대,706407,42,16819,미참여,0.434,22
2025-10,수원시 영통구,원천동,한식/분식,60대 이상,732534,42,17441,미참여,0.327,12
2025-10,수원시 영통구,원천동,카페/디저트,20대,373321,50,7466,참여,0.252,24
2025-10,수원시 영통구,원천동,카페/디저트,30대,525229,59,8902,참여,0.288,35
2025-10,수원시 영통구,원천동,카페/디저트,40대,335499,36,9319,참여,0.385,35
2025-10,수원시 영통구,원천동,카페/디저트,50대,428367,43,9962,참여,0.299,24
2025-10,수원시 영통구,원천동,카페/디저트,60대 이상,223954,31,7224,참여,0.221,12
2025-10,수원시 영통구,원천동,신선식품,20대,702001,27,26000,참여,0.405,6
2025-10,수원시 영통구,원천동,신선식품,30대,1131972,42,26951,미참여,0.484,22
2025-10,수원시 영통구,원천동,신선식품,40대,1974740,67,29473,미참여,0.435,23
2025-10,수원시 영통구,원천동,신선식품,50대,700709,25,28028,참여,0.484,7
2025-10,수원시 영통구,원천동,신선식품,60대 이상,1959311,66,29686,참여,0.407,24
2025-10,수원시 영통구,원천동,생활용품,20대,902148,36,25059,참여,0.314,15
2025-10,수원시 영통구,원천동,생활용품,30대,657953,25,26318,미참여,0.12,16
2025-10,수원시 영통구,원천동,생활용품,40대,651595,30,21719,참여,0.506,21
2025-10,수원시 영통구,원천동,생활용품,50대,1178331,52,22660,미참여,0.322,21
2025-10,수원시 영통구,원천동,생활용품,60대 이상,657731,26,25297,참여,0.565,11
2025-10,수원시 영통구,원천동,의류/잡화,20대,678021,17,39883,미참여,0.362,16
2025-10,수원시 영통구,원천동,의류/잡화,30대,826305,20,41315,참여,0.483,33
2025-10,수원시 영통구,원천동,의류/잡화,40대,692972,19,36472,미참여,0.468,14
2025-10,수원시 영통구,원천동,의류/잡화,50대,711264,18,39514,참여,0.309,16
2025-10,수원시 영통구,원천동,의류/잡화,60대 이상,947010,28,33821,참여,0.291,22
2025-10,수원시 영통구,원천동,미용/생활서비스,20대,821740,29,28335,참여,0.336,13
2025-10,수원시 영통구,원천동,미용/생활서비스,30대,440261,12,36688,미참여,0.421,11
2025-10,수원시 영통구,원천동,미용/생활서비스,40대,996573,29,34364,미참여,0.521,23
2025-10,수원시 영통구,원천동,미용/생활서비스,50대,893194,27,33081,참여,0.337,13
2025-10,수원시 영통구,원천동,미용/생활서비스,60대 이상,899792,27,33325,미참여,0.138,8
2025-10,수원시 영통구,원천동,교육/학원,20대,2332989,25,93319,참여,0.528,42
2025-10,수원시 영통구,원천동,교육/학원,30대,2903786,34,85405,참여,0.272,29
2025-10,수원시 영통구,원천동,교육/학원,40대,4073874,42,96997,참여,0.54,28
2025-10,수원시 영통구,원천동,교육/학원,50대,3630657,39,93093,참여,0.382,15
2025-10,수원시 영통구,원천동,교육/학원,60대 이상,2535804,32,79243,참여,0.309,10
2025-10,수원시 영통구,원천동,병원/약국,20대,474023,23,20609,참여,0.529,18
2025-10,수원시 영통구,원천동,병원/약국,30대,974560,36,27071,참여,0.406,28
2025-10,수원시 영통구,원천동,병원/약국,40대,957404,46,20813,참여,0.446,9
2025-10,수원시 영통구,원천동,병원/약국,50대,745050,29,25691,참여,0.484,14
2025-10,수원시 영통구,원천동,병원/약국,60대 이상,1138430,39,29190,미참여,0.507,6
2025-10,수원시 영통구,원천동,편의점/마트,20대,795427,59,13481,참여,0.623,15
2025-10,수원시 영통구,원천동,편의점/마트,30대,331167,29,11419,참여,0.331,18
2025-10,수원시 영통구,원천동,편의점/마트,40대,339368,25,13574,참여,0.432,28
2025-10,수원시 영통구,원천동,편의점/마트,50대,659297,48,13735,미참여,0.625,15
2025-10,수원시 영통구,원천동,편의점/마트,60대 이상,596128,46,12959,참여,0.43,10
2025-10,광주 북구,용봉동,한식/분식,20대,581808,47,12378,참여,0.601,31
2025-10,광주 북구,용봉동,한식/분식,30대,630329,45,14007,미참여,0.461,11
2025-10,광주 북구,용봉동,한식/분식,40대,767264,47,16324,참여,0.448,28
2025-10,광주 북구,용봉동,한식/분식,50대,405084,23,17612,참여,0.367,7
2025-10,광주 북구,용봉동,한식/분식,60대 이상,537210,34,15800,참여,0.423,30
2025-10,광주 북구,용봉동,카페/디저트,20대,416219,51,8161,미참여,0.479,6
2025-10,광주 북구,용봉동,카페/디저트,30대,347609,45,7724,참여,0.365,23
2025-10,광주 북구,용봉동,카페/디저트,40대,321637,45,7147,참여,0.472,31
2025-10,광주 북구,용봉동,카페/디저트,50대,263713,27,9767,참여,0.35,18
2025-10,광주 북구,용봉동,카페/디저트,60대 이상,293546,37,7933,참여,0.411,14
2025-10,광주 북구,용봉동,신선식품,20대,905234,27,33527,참여,0.307,19
2025-10,광주 북구,용봉동,신선식품,30대,1499874,43,34880,참여,0.314,18
2025-10,광주 북구,용봉동,신선식품,40대,1024884,38,26970,미참여,0.43,14
2025-10,광주 북구,용봉동,신선식품,50대,2242606,65,34501,미참여,0.442,27
2025-10,광주 북구,용봉동,신선식품,60대 이상,1280546,46,27837,참여,0.283,19
2025-10,광주 북구,용봉동,생활용품,20대,739579,34,21752,미참여,0.278,8
2025-10,광주 북구,용봉동,생활용품,30대,995971,37,26918,참여,0.325,22
2025-10,광주 북구,용봉동,생활용품,40대,790713,29,27265,참여,0.396,11
2025-10,광주 북구,용봉동,생활용품,50대,1211344,59,20531,참여,0.467,23
2025-10,광주 북구,용봉동,생활용품,60대 이상,1085772,41,26482,참여,0.48,26
2025-10,광주 북구,용봉동,의류/잡화,20대,1210491,35,34585,미참여,0.446,24
2025-10,광주 북구,용봉동,의류/잡화,30대,1329391,32,41543,참여,0.266,18
2025-10,광주 북구,용봉동,의류/잡화,40대,1030738,27,38175,참여,0.385,9
2025-10,광주 북구,용봉동,의류/잡화,50대,970529,28,34661,참여,0.484,20
2025-10,광주 북구,용봉동,의류/잡화,60대 이상,749742,23,32597,미참여,0.423,15
2025-10,광주 북구,용봉동,미용/생활서비스,20대,817244,25,32689,미참여,0.319,19
2025-10,광주 북구,용봉동,미용/생활서비스,30대,964247,34,28360,참여,0.329,13
2025-10,광주 북구,용봉동,미용/생활서비스,40대,883777,28,31563,미참여,0.309,12
2025-10,광주 북구,용봉동,미용/생활서비스,50대,894955,28,31962,참여,0.269,19
2025-10,광주 북구,용봉동,미용/생활서비스,60대 이상,729030,23,31696,참여,0.338,1
2025-10,광주 북구,용봉동,교육/학원,20대,1680940,23,73084,미참여,0.345,20
2025-10,광주 북구,용봉동,교육/학원,30대,2651473,25,106058,참여,0.48,7
2025-10,광주 북구,용봉동,교육/학원,40대,3096026,30,103200,참여,0.385,13
2025-10,광주 북구,용봉동,교육/학원,50대,2286613,22,103936,참여,0.258,27
2025-10,광주 북구,용봉동,교육/학원,60대 이상,1841161,22,83689,미참여,0.417,10
2025-10,광주 북구,용봉동,병원/약국,20대,926812,31,29897,참여,0.406,26
2025-10,광주 북구,용봉동,병원/약국,30대,857318,31,27655,참여,0.326,30
2025-10,광주 북구,용봉동,병원/약국,40대,711474,31,22950,미참여,0.356,24
2025-10,광주 북구,용봉동,병원/약국,50대,713007,29,24586,미참여,0.424,36
2025-10,광주 북구,용봉동,병원/약국,60대 이상,900950,37,24350,미참여,0.347,7
2025-10,광주 북구,용봉동,편의점/마트,20대,376540,27,13945,미참여,0.518,11
2025-10,광주 북구,용봉동,편의점/마트,30대,529342,46,11507,참여,0.478,7
2025-10,광주 북구,용봉동,편의점/마트,40대,304907,29,10514,참여,0.363,14
2025-10,광주 북구,용봉동,편의점/마트,50대,425854,35,12167,참여,0.426,28
2025-10,광주 북구,용봉동,편의점/마트,60대 이상,410499,31,13241,참여,0.506,13
2025-10,광주 북구,운암동,한식/분식,20대,633468,45,14077,참여,0.396,33
2025-10,광주 북구,운암동,한식/분식,30대,832980,60,13883,미참여,0.549,14
2025-10,광주 북구,운암동,한식/분식,40대,640526,38,16855,참여,0.497,21
2025-10,광주 북구,운암동,한식/분식,50대,553942,38,14577,참여,0.44,34
2025-10,광주 북구,운암동,한식/분식,60대 이상,584316,47,12432,참여,0.422,24
2025-10,광주 북구,운암동,카페/디저트,20대,477691,60,7961,미참여,0.37,25
2025-10,광주 북구,운암동,카페/디저트,30대,399608,41,9746,참여,0.328,20
2025-10,광주 북구,운암동,카페/디저트,40대,130721,17,7689,참여,0.341,25
2025-10,광주 북구,운암동,카페/디저트,50대,306637,35,8761,미참여,0.249,17
2025-10,광주 북구,운암동,카페/디저트,60대 이상,265647,32,8301,미참여,0.352,23
2025-10,광주 북구,운암동,신선식품,20대,897448,37,24255,참여,0.472,12
2025-10,광주 북구,운암동,신선식품,30대,1292733,42,30779,참여,0.406,5
2025-10,광주 북구,운암동,신선식품,40대,720392,23,31321,참여,0.506,17
2025-10,광주 북구,운암동,신선식품,50대,1774521,53,33481,참여,0.483,18
2025-10,광주 북구,운암동,신선식품,60대 이상,1955536,62,31540,참여,0.313,25
2025-10,광주 북구,운암동,생활용품,20대,753598,35,21531,참여,0.314,10
2025-10,광주 북구,운암동,생활용품,30대,963143,41,23491,참여,0.363,18
2025-10,광주 북구,운암동,생활용품,40대,1001997,53,18905,참여,0.331,30
2025-10,광주 북구,운암동,생활용품,50대,925722,36,25714,참여,0.382,20
2025-10,광주 북구,운암동,생활용품,60대 이상,678150,26,26082,미참여,0.19,11
2025-10,광주 북구,운암동,의류/잡화,20대,1153345,28,41190,미참여,0.218,24
2025-10,광주 북구,운암동,의류/잡화,30대,809615,27,29985,참여,0.322,16
2025-10,광주 북구,운암동,의류/잡화,40대,426881,12,35573,참여,0.274,15
2025-10,광주 북구,운암동,의류/잡화,50대,1248326,37,33738,참여,0.2,26
2025-10,광주 북구,운암동,의류/잡화,60대 이상,692814,20,34640,참여,0.314,10
2025-10,광주 북구,운암동,미용/생활서비스,20대,699234,20,34961,참여,0.27,7
2025-10,광주 북구,운암동,미용/생활서비스,30대,1392114,53,26266,미참여,0.439,16
2025-10,광주 북구,운암동,미용/생활서비스,40대,943933,33,28604,참여,0.447,7
2025-10,광주 북구,운암동,미용/생활서비스,50대,956208,33,28976,미참여,0.29,19
2025-10,광주 북구,운암동,미용/생활서비스,60대 이상,707242,19,37223,참여,0.193,27
2025-10,광주 북구,운암동,교육/학원,20대,1674452,21,79735,참여,0.254,28
2025-10,광주 북구,운암동,교육/학원,30대,2361158,27,87450,참여,0.37,4
2025-10,광주 북구,운암동,교육/학원,40대,1976931,20,98846,참여,0.547,10
2025-10,광주 북구,운암동,교육/학원,50대,1608931,22,73133,참여,0.339,1
2025-10,광주 북구,운암동,교육/학원,60대 이상,2198433,24,91601,참여,0.372,14
2025-10,광주 북구,운암동,병원/약국,20대,812955,35,23227,미참여,0.395,11
2025-10,광주 북구,운암동,병원/약국,30대,735890,33,22299,참여,0.532,17
2025-10,광주 북구,운암동,병원/약국,40대,721745,28,25776,참여,0.397,14
2025-10,광주 북구,운암동,병원/약국,50대,1201131,53,22662,참여,0.525,5
2025-10,광주 북구,운암동,병원/약국,60대 이상,999967,41,24389,참여,0.375,22
2025-10,광주 북구,운암동,편의점/마트,20대,448529,30,14950,참여,0.565,15
2025-10,광주 북구,운암동,편의점/마트,30대,559655,41,13650,참여,0.467,10
2025-10,광주 북구,운암동,편의점/마트,40대,421622,31,13600,미참여,0.433,22
2025-10,광주 북구,운암동,편의점/마트,50대,711517,51,13951,참여,0.453,25
2025-10,광주 북구,운암동,편의점/마트,60대 이상,271032,23,11784,참여,0.389,15
2025-10,광주 북구,일곡동,한식/분식,20대,811959,51,15920,참여,0.48,22
2025-10,광주 북구,일곡동,한식/분식,30대,335485,25,13419,참여,0.601,23
2025-10,광주 북구,일곡동,한식/분식,40대,1152758,73,15791,참여,0.303,20
2025-10,광주 북구,일곡동,한식/분식,50대,448910,36,12469,참여,0.42,15
2025-10,광주 북구,일곡동,한식/분식,60대 이상,1086230,82,13246,참여,0.355,16
2025-10,광주 북구,일곡동,카페/디저트,20대,458266,58,7901,참여,0.452,9
2025-10,광주 북구,일곡동,카페/디저트,30대,543173,53,10248,참여,0.349,26
2025-10,광주 북구,일곡동,카페/디저트,40대,434856,47,9252,참여,0.335,7
2025-10,광주 북구,일곡동,카페/디저트,50대,223181,27,8265,미참여,0.193,24
2025-10,광주 북구,일곡동,카페/디저트,60대 이상,176314,22,8014,미참여,0.311,21
2025-10,광주 북구,일곡동,신선식품,20대,1242401,46,27008,미참여,0.329,10
2025-10,광주 북구,일곡동,신선식품,30대,789500,24,32895,미참여,0.413,19
2025-10,광주 북구,일곡동,신선식품,40대,1009198,38,26557,미참여,0.464,19
2025-10,광주 북구,일곡동,신선식품,50대,1120181,39,28722,참여,0.476,17
2025-10,광주 북구,일곡동,신선식품,60대 이상,1117287,37,30196,참여,0.462,11
2025-10,광주 북구,일곡동,생활용품,20대,773973,30,25799,참여,0.317,13
2025-10,광주 북구,일곡동,생활용품,30대,770772,37,20831,참여,0.12,25
2025-10,광주 북구,일곡동,생활용품,40대,1148944,44,26112,참여,0.341,17
2025-10,광주 북구,일곡동,생활용품,50대,951564,46,20686,미참여,0.256,25
2025-10,광주 북구,일곡동,생활용품,60대 이상,1226060,58,21138,참여,0.375,27
2025-10,광주 북구,일곡동,의류/잡화,20대,974954,23,42389,참여,0.585,31
2025-10,광주 북구,일곡동,의류/잡화,30대,326190,9,36243,미참여,0.464,9
2025-10,광주 북구,일곡동,의류/잡화,40대,927442,27,34349,참여,0.271,9
2025-10,광주 북구,일곡동,의류/잡화,50대,934879,22,42494,참여,0.457,10
2025-10,광주 북구,일곡동,의류/잡화,60대 이상,812043,19,42739,미참여,0.4,4
2025-10,광주 북구,일곡동,미용/생활서비스,20대,802503,29,27672,참여,0.511,22
2025-10,광주 북구,일곡동,미용/생활서비스,30대,1154015,31,37226,참여,0.337,19
2025-10,광주 북구,일곡동,미용/생활서비스,40대,776725,27,28767,미참여,0.3,21
2025-10,광주 북구,일곡동,미용/생활서비스,50대,1285642,37,34747,참여,0.306,18
2025-10,광주 북구,일곡동,미용/생활서비스,60대 이상,972141,29,33522,미참여,0.296,20
2025-10,광주 북구,일곡동,교육/학원,20대,1780029,17,104707,참여,0.272,26
2025-10,광주 북구,일곡동,교육/학원,30대,1670727,21,79558,미참여,0.384,28
2025-10,광주 북구,일곡동,교육/학원,40대,3236549,33,98077,미참여,0.386,12
2025-10,광주 북구,일곡동,교육/학원,50대,1500273,18,83348,미참여,0.255,32
2025-10,광주 북구,일곡동,교육/학원,60대 이상,1480993,17,87117,참여,0.348,28
2025-10,광주 북구,일곡동,병원/약국,20대,842276,38,22165,참여,0.454,3
2025-10,광주 북구,일곡동,병원/약국,30대,600459,22,27293,참여,0.434,13
2025-10,광주 북구,일곡동,병원/약국,40대,954353,35,27267,참여,0.537,16
2025-10,광주 북구,일곡동,병원/약국,50대,1311416,53,24743,미참여,0.273,31
2025-10,광주 북구,일곡동,병원/약국,60대 이상,1153178,44,26208,참여,0.588,10
2025-10,광주 북구,일곡동,편의점/마트,20대,388980,37,10512,참여,0.386,9
2025-10,광주 북구,일곡동,편의점/마트,30대,285231,24,11884,미참여,0.503,8
2025-10,광주 북구,일곡동,편의점/마트,40대,244624,22,11119,참여,0.34,13
2025-10,광주 북구,일곡동,편의점/마트,50대,401179,35,11462,참여,0.308,3
2025-10,광주 북구,일곡동,편의점/마트,60대 이상,422041,38,11106,참여,0.458,22
2025-10,광주 북구,두암동,한식/분식,20대,661524,41,16134,미참여,0.241,14
2025-10,광주 북구,두암동,한식/분식,30대,674405,46,14660,미참여,0.64,22
2025-10,광주 북구,두암동,한식/분식,40대,1007709,80,12596,미참여,0.458,24
2025-10,광주 북구,두암동,한식/분식,50대,634274,40,15856,미참여,0.29,8
2025-10,광주 북구,두암동,한식/분식,60대 이상,1459186,91,16035,참여,0.369,7
2025-10,광주 북구,두암동,카페/디저트,20대,535173,66,8108,미참여,0.316,19
2025-10,광주 북구,두암동,카페/디저트,30대,335975,38,8841,미참여,0.424,36
2025-10,광주 북구,두암동,카페/디저트,40대,388843,51,7624,참여,0.381,23
2025-10,광주 북구,두암동,카페/디저트,50대,207192,27,7673,참여,0.297,26
2025-10,광주 북구,두암동,카페/디저트,60대 이상,308132,40,7703,미참여,0.386,29
2025-10,광주 북구,두암동,신선식품,20대,455867,18,25325,참여,0.538,12
2025-10,광주 북구,두암동,신선식품,30대,1307153,51,25630,참여,0.451,15
2025-10,광주 북구,두암동,신선식품,40대,1034019,38,27211,참여,0.403,8
2025-10,광주 북구,두암동,신선식품,50대,1068366,43,24845,참여,0.401,14
2025-10,광주 북구,두암동,신선식품,60대 이상,1928542,65,29669,미참여,0.415,17
2025-10,광주 북구,두암동,생활용품,20대,543105,26,20888,미참여,0.447,7
2025-10,광주 북구,두암동,생활용품,30대,800445,41,19523,미참여,0.373,30
2025-10,광주 북구,두암동,생활용품,40대,1063171,45,23626,참여,0.295,34
2025-10,광주 북구,두암동,생활용품,50대,957020,41,23341,미참여,0.423,17
2025-10,광주 북구,두암동,생활용품,60대 이상,1171081,51,22962,참여,0.369,22
2025-10,광주 북구,두암동,의류/잡화,20대,1057197,28,37757,참여,0.209,27
2025-10,광주 북구,두암동,의류/잡화,30대,1051066,28,37538,참여,0.387,22
2025-10,광주 북구,두암동,의류/잡화,40대,739758,18,41097,참여,0.275,5
2025-10,광주 북구,두암동,의류/잡화,50대,846651,20,42332,참여,0.17,1
2025-10,광주 북구,두암동,의류/잡화,60대 이상,1318567,35,37673,참여,0.457,17
2025-10,광주 북구,두암동,미용/생활서비스,20대,988075,32,30877,미참여,0.342,11
2025-10,광주 북구,두암동,미용/생활서비스,30대,1454077,42,34620,미참여,0.287,11
2025-10,광주 북구,두암동,미용/생활서비스,40대,848213,30,28273,참여,0.319,6
2025-10,광주 북구,두암동,미용/생활서비스,50대,966897,36,26858,참여,0.232,10
2025-10,광주 북구,두암동,미용/생활서비스,60대 이상,891097,31,28745,참여,0.391,20
2025-10,광주 북구,두암동,교육/학원,20대,1947869,26,74918,참여,0.397,20
2025-10,광주 북구,두암동,교육/학원,30대,1941692,20,97084,참여,0.366,34
2025-10,광주 북구,두암동,교육/학원,40대,1624478,21,77356,참여,0.42,11
2025-10,광주 북구,두암동,교육/학원,50대,1740778,17,102398,참여,0.431,22
2025-10,광주 북구,두암동,교육/학원,60대 이상,1012064,12,84338,참여,0.389,23
2025-10,광주 북구,두암동,병원/약국,20대,337579,15,22505,참여,0.396,24
2025-10,광주 북구,두암동,병원/약국,30대,685003,31,22096,미참여,0.375,24
2025-10,광주 북구,두암동,병원/약국,40대,794968,32,24842,미참여,0.487,27
2025-10,광주 북구,두암동,병원/약국,50대,565847,24,23576,참여,0.146,17
2025-10,광주 북구,두암동,병원/약국,60대 이상,1022115,36,28392,참여,0.27,4
2025-10,광주 북구,두암동,편의점/마트,20대,424394,34,12482,참여,0.397,10
2025-10,광주 북구,두암동,편의점/마트,30대,369782,25,14791,참여,0.456,19
2025-10,광주 북구,두암동,편의점/마트,40대,252203,23,10965,미참여,0.501,17
2025-10,광주 북구,두암동,편의점/마트,50대,406337,28,14512,참여,0.303,16
2025-10,광주 북구,두암동,편의점/마트,60대 이상,428061,32,13376,참여,0.53,12
2025-10,광주 동구,충장동,한식/분식,20대,900883,52,17324,미참여,0.446,17
2025-10,광주 동구,충장동,한식/분식,30대,734418,43,17079,참여,0.384,25
2025-10,광주 동구,충장동,한식/분식,40대,964162,60,16069,참여,0.378,15
2025-10,광주 동구,충장동,한식/분식,50대,537164,37,14517,미참여,0.384,24
2025-10,광주 동구,충장동,한식/분식,60대 이상,1020322,59,17293,참여,0.447,4
2025-10,광주 동구,충장동,카페/디저트,20대,500604,71,7050,미참여,0.411,41
2025-10,광주 동구,충장동,카페/디저트,30대,369715,44,8402,미참여,0.303,26
2025-10,광주 동구,충장동,카페/디저트,40대,302977,36,8416,참여,0.4,25
2025-10,광주 동구,충장동,카페/디저트,50대,218253,29,7525,미참여,0.26,21
2025-10,광주 동구,충장동,카페/디저트,60대 이상,335036,33,10152,참여,0.322,22
2025-10,광주 동구,충장동,신선식품,20대,1109078,37,29975,참여,0.296,10
2025-10,광주 동구,충장동,신선식품,30대,916339,27,33938,참여,0.355,9
2025-10,광주 동구,충장동,신선식품,40대,940492,37,25418,참여,0.365,9
2025-10,광주 동구,충장동,신선식품,50대,1932682,62,31172,미참여,0.315,21
2025-10,광주 동구,충장동,신선식품,60대 이상,1369845,40,34246,참여,0.383,3
2025-10,광주 동구,충장동,생활용품,20대,739286,34,21743,미참여,0.292,1
2025-10,광주 동구,충장동,생활용품,30대,565687,24,23570,참여,0.143,22
2025-10,광주 동구,충장동,생활용품,40대,729573,30,24319,참여,0.443,8
2025-10,광주 동구,충장동,생활용품,50대,1015920,52,19536,미참여,0.415,17
2025-10,광주 동구,충장동,생활용품,60대 이상,905893,33,27451,참여,0.348,26
2025-10,광주 동구,충장동,의류/잡화,20대,1628751,39,41762,참여,0.34,22
2025-10,광주 동구,충장동,의류/잡화,30대,702573,18,39031,참여,0.36,21
2025-10,광주 동구,충장동,의류/잡화,40대,1048462,30,34948,참여,0.23,22
2025-10,광주 동구,충장동,의류/잡화,50대,1025164,25,41006,참여,0.488,35
2025-10,광주 동구,충장동,의류/잡화,60대 이상,1192745,34,35080,참여,0.348,17
2025-10,광주 동구,충장동,미용/생활서비스,20대,827886,24,34495,참여,0.292,17
2025-10,광주 동구,충장동,미용/생활서비스,30대,717145,28,25612,미참여,0.436,11
2025-10,광주 동구,충장동,미용/생활서비스,40대,621454,18,34525,미참여,0.338,19
2025-10,광주 동구,충장동,미용/생활서비스,50대,1176113,36,32669,참여,0.454,25
2025-10,광주 동구,충장동,미용/생활서비스,60대 이상,703458,21,33498,참여,0.235,23
2025-10,광주 동구,충장동,교육/학원,20대,1374994,13,105768,참여,0.365,22
2025-10,광주 동구,충장동,교육/학원,30대,2081159,26,80044,참여,0.319,20
2025-10,광주 동구,충장동,교육/학원,40대,2021610,25,80864,미참여,0.416,7
2025-10,광주 동구,충장동,교육/학원,50대,1368950,16,85559,참여,0.475,19
2025-10,광주 동구,충장동,교육/학원,60대 이상,1862828,24,77617,미참여,0.312,28
2025-10,광주 동구,충장동,병원/약국,20대,1117677,46,24297,미참여,0.342,24
2025-10,광주 동구,충장동,병원/약국,30대,468373,22,21289,참여,0.485,11
2025-10,광주 동구,충장동,병원/약국,40대,405556,19,21345,참여,0.528,18
2025-10,광주 동구,충장동,병원/약국,50대,698260,29,24077,참여,0.287,14
2025-10,광주 동구,충장동,병원/약국,60대 이상,1655763,63,26281,참여,0.379,2
2025-10,광주 동구,충장동,편의점/마트,20대,466655,34,13725,참여,0.439,25
2025-10,광주 동구,충장동,편의점/마트,30대,526949,39,13511,참여,0.524,13
2025-10,광주 동구,충장동,편의점/마트,40대,505203,46,10982,참여,0.456,26
2025-10,광주 동구,충장동,편의점/마트,50대,290597,23,12634,참여,0.494,13
2025-10,광주 동구,충장동,편의점/마트,60대 이상,544007,49,11102,참여,0.314,16
2025-10,광주 동구,동명동,한식/분식,20대,558975,41,13633,미참여,0.452,3
2025-10,광주 동구,동명동,한식/분식,30대,645804,47,13740,참여,0.351,21
2025-10,광주 동구,동명동,한식/분식,40대,937831,71,13208,미참여,0.421,19
2025-10,광주 동구,동명동,한식/분식,50대,977209,54,18096,미참여,0.347,14
2025-10,광주 동구,동명동,한식/분식,60대 이상,744105,60,12401,참여,0.496,31
2025-10,광주 동구,동명동,카페/디저트,20대,329541,37,8906,미참여,0.4,17
2025-10,광주 동구,동명동,카페/디저트,30대,408174,44,9276,미참여,0.419,20
2025-10,광주 동구,동명동,카페/디저트,40대,320384,33,9708,미참여,0.288,30
2025-10,광주 동구,동명동,카페/디저트,50대,244970,31,7902,미참여,0.247,26
2025-10,광주 동구,동명동,카페/디저트,60대 이상,285607,35,8160,참여,0.393,11
2025-10,광주 동구,동명동,신선식품,20대,695983,27,25777,참여,0.423,14
2025-10,광주 동구,동명동,신선식품,30대,1041637,36,28934,미참여,0.499,16
2025-10,광주 동구,동명동,신선식품,40대,1799794,52,34611,참여,0.506,13
2025-10,광주 동구,동명동,신선식품,50대,1432983,46,31151,미참여,0.348,29
2025-10,광주 동구,동명동,신선식품,60대 이상,1087862,35,31081,미참여,0.566,8
2025-10,광주 동구,동명동,생활용품,20대,1035853,44,23542,미참여,0.36,22
2025-10,광주 동구,동명동,생활용품,30대,635132,27,23523,참여,0.307,23
2025-10,광주 동구,동명동,생활용품,40대,896074,33,27153,참여,0.512,11
2025-10,광주 동구,동명동,생활용품,50대,719135,31,23197,미참여,0.279,15
2025-10,광주 동구,동명동,생활용품,60대 이상,636240,25,25449,참여,0.402,18
2025-10,광주 동구,동명동,의류/잡화,20대,1331086,33,40335,참여,0.409,10
2025-10,광주 동구,동명동,의류/잡화,30대,815560,26,31367,참여,0.375,27
2025-10,광주 동구,동명동,의류/잡화,40대,1434870,36,39857,참여,0.29,20
2025-10,광주 동구,동명동,의류/잡화,50대,1405848,35,40167,참여,0.232,20
2025-10,광주 동구,동명동,의류/잡화,60대 이상,1136177,26,43699,참여,0.461,31
2025-10,광주 동구,동명동,미용/생활서비스,20대,864140,28,30862,참여,0.434,13
2025-10,광주 동구,동명동,미용/생활서비스,30대,727386,21,34637,참여,0.511,21
2025-10,광주 동구,동명동,미용/생활서비스,40대,645686,19,33983,참여,0.262,11
2025-10,광주 동구,동명동,미용/생활서비스,50대,608212,18,33789,미참여,0.431,20
2025-10,광주 동구,동명동,미용/생활서비스,60대 이상,791086,28,28253,참여,0.363,14
2025-10,광주 동구,동명동,교육/학원,20대,2149101,28,76753,미참여,0.153,28
2025-10,광주 동구,동명동,교육/학원,30대,1530894,15,102059,참여,0.48,18
2025-10,광주 동구,동명동,교육/학원,40대,3076127,38,80950,참여,0.34,22
2025-10,광주 동구,동명동,교육/학원,50대,1107762,15,73850,참여,0.395,27
2025-10,광주 동구,동명동,교육/학원,60대 이상,2008128,20,100406,참여,0.335,27
2025-10,광주 동구,동명동,병원/약국,20대,458146,21,21816,참여,0.514,29
2025-10,광주 동구,동명동,병원/약국,30대,912384,33,27648,미참여,0.266,11
2025-10,광주 동구,동명동,병원/약국,40대,744721,25,29788,미참여,0.4,24
2025-10,광주 동구,동명동,병원/약국,50대,949520,33,28773,참여,0.263,24
2025-10,광주 동구,동명동,병원/약국,60대 이상,1342142,53,25323,미참여,0.418,18
2025-10,광주 동구,동명동,편의점/마트,20대,265625,23,11548,참여,0.418,27
2025-10,광주 동구,동명동,편의점/마트,30대,397692,36,11047,참여,0.412,14
2025-10,광주 동구,동명동,편의점/마트,40대,456171,35,13033,미참여,0.434,19
2025-10,광주 동구,동명동,편의점/마트,50대,494546,36,13737,참여,0.24,9
2025-10,광주 동구,동명동,편의점/마트,60대 이상,510717,39,13095,참여,0.571,15
2025-10,광주 동구,서남동,한식/분식,20대,891425,56,15918,참여,0.306,7
2025-10,광주 동구,서남동,한식/분식,30대,1123119,63,17827,참여,0.515,35
2025-10,광주 동구,서남동,한식/분식,40대,815643,53,15389,미참여,0.416,17
2025-10,광주 동구,서남동,한식/분식,50대,878252,65,13511,참여,0.419,34
2025-10,광주 동구,서남동,한식/분식,60대 이상,570057,43,13257,미참여,0.462,29
2025-10,광주 동구,서남동,카페/디저트,20대,281461,34,8278,참여,0.417,18
2025-10,광주 동구,서남동,카페/디저트,30대,375098,43,8723,참여,0.478,23
2025-10,광주 동구,서남동,카페/디저트,40대,209094,24,8712,미참여,0.221,7
2025-10,광주 동구,서남동,카페/디저트,50대,207199,26,7969,참여,0.173,15
2025-10,광주 동구,서남동,카페/디저트,60대 이상,432580,44,9831,참여,0.404,25
2025-10,광주 동구,서남동,신선식품,20대,929893,32,29059,참여,0.473,4
2025-10,광주 동구,서남동,신선식품,30대,719961,30,23998,미참여,0.449,13
2025-10,광주 동구,서남동,신선식품,40대,876847,33,26571,참여,0.403,16
2025-10,광주 동구,서남동,신선식품,50대,1434116,50,28682,참여,0.361,29
2025-10,광주 동구,서남동,신선식품,60대 이상,1715743,58,29581,참여,0.426,19
2025-10,광주 동구,서남동,생활용품,20대,822395,38,21641,참여,0.354,20
2025-10,광주 동구,서남동,생활용품,30대,1155338,50,23106,미참여,0.403,20
2025-10,광주 동구,서남동,생활용품,40대,311522,16,19470,참여,0.469,17
2025-10,광주 동구,서남동,생활용품,50대,570247,21,27154,미참여,0.388,14
2025-10,광주 동구,서남동,생활용품,60대 이상,635464,26,24440,참여,0.542,14
2025-10,광주 동구,서남동,의류/잡화,20대,1216048,31,39227,미참여,0.349,11
2025-10,광주 동구,서남동,의류/잡화,30대,870061,24,36252,미참여,0.41,11
2025-10,광주 동구,서남동,의류/잡화,40대,778314,21,37062,참여,0.345,20
2025-10,광주 동구,서남동,의류/잡화,50대,1041590,27,38577,참여,0.282,24
2025-10,광주 동구,서남동,의류/잡화,60대 이상,868315,28,31011,참여,0.349,27
2025-10,광주 동구,서남동,미용/생활서비스,20대,706530,26,27174,참여,0.371,18
2025-10,광주 동구,서남동,미용/생활서비스,30대,1281010,42,30500,참여,0.319,10
2025-10,광주 동구,서남동,미용/생활서비스,40대,757336,28,27047,참여,0.296,23
2025-10,광주 동구,서남동,미용/생활서비스,50대,1054848,32,32964,참여,0.189,18
2025-10,광주 동구,서남동,미용/생활서비스,60대 이상,497883,19,26204,참여,0.431,9
2025-10,광주 동구,서남동,교육/학원,20대,1580346,17,92961,미참여,0.327,18
2025-10,광주 동구,서남동,교육/학원,30대,2281981,24,95082,참여,0.334,23
2025-10,광주 동구,서남동,교육/학원,40대,3141583,36,87266,미참여,0.343,15
2025-10,광주 동구,서남동,교육/학원,50대,1260394,15,84026,참여,0.247,13
2025-10,광주 동구,서남동,교육/학원,60대 이상,2342205,26,90084,미참여,0.478,23
2025-10,광주 동구,서남동,병원/약국,20대,774258,31,24976,참여,0.156,12
2025-10,광주 동구,서남동,병원/약국,30대,885562,32,27673,미참여,0.182,25
2025-10,광주 동구,서남동,병원/약국,40대,471665,23,20507,참여,0.388,23
2025-10,광주 동구,서남동,병원/약국,50대,1028525,41,25085,참여,0.305,18
2025-10,광주 동구,서남동,병원/약국,60대 이상,1056448,38,27801,참여,0.388,20
2025-10,광주 동구,서남동,편의점/마트,20대,543564,38,14304,참여,0.542,21
2025-10,광주 동구,서남동,편의점/마트,30대,201966,18,11220,참여,0.382,20
2025-10,광주 동구,서남동,편의점/마트,40대,286317,23,12448,참여,0.516,20
2025-10,광주 동구,서남동,편의점/마트,50대,353529,25,14141,참여,0.516,13
2025-10,광주 동구,서남동,편의점/마트,60대 이상,450838,32,14088,참여,0.349,14
2025-10,광주 동구,학동,한식/분식,20대,1022577,70,14608,참여,0.362,19
2025-10,광주 동구,학동,한식/분식,30대,728766,55,13250,참여,0.516,28
2025-10,광주 동구,학동,한식/분식,40대,574467,37,15526,미참여,0.415,15
2025-10,광주 동구,학동,한식/분식,50대,669701,45,14882,참여,0.286,22
2025-10,광주 동구,학동,한식/분식,60대 이상,758095,55,13783,미참여,0.422,15
2025-10,광주 동구,학동,카페/디저트,20대,582670,72,8092,미참여,0.36,34
2025-10,광주 동구,학동,카페/디저트,30대,421644,57,7397,미참여,0.344,11
2025-10,광주 동구,학동,카페/디저트,40대,291613,29,10055,참여,0.41,18
2025-10,광주 동구,학동,카페/디저트,50대,285365,35,8153,미참여,0.435,25
2025-10,광주 동구,학동,카페/디저트,60대 이상,328344,46,7137,참여,0.453,13
2025-10,광주 동구,학동,신선식품,20대,1128522,43,26244,참여,0.49,8
2025-10,광주 동구,학동,신선식품,30대,1082713,35,30934,참여,0.444,27
2025-10,광주 동구,학동,신선식품,40대,991524,30,33050,참여,0.266,8
2025-10,광주 동구,학동,신선식품,50대,1232075,47,26214,미참여,0.41,21
2025-10,광주 동구,학동,신선식품,60대 이상,1483208,54,27466,미참여,0.29,3
2025-10,광주 동구,학동,생활용품,20대,735705,30,24523,참여,0.197,10
2025-10,광주 동구,학동,생활용품,30대,1168915,50,23378,미참여,0.294,26
2025-10,광주 동구,학동,생활용품,40대,913757,40,22843,미참여,0.415,21
2025-10,광주 동구,학동,생활용품,50대,836994,43,19464,참여,0.462,9
2025-10,광주 동구,학동,생활용품,60대 이상,1021308,40,25532,참여,0.512,16
2025-10,광주 동구,학동,의류/잡화,20대,1100416,27,40756,미참여,0.336,27
2025-10,광주 동구,학동,의류/잡화,30대,1107666,29,38195,참여,0.183,35
2025-10,광주 동구,학동,의류/잡화,40대,1279710,36,35547,미참여,0.493,13
2025-10,광주 동구,학동,의류/잡화,50대,1275856,30,42528,참여,0.146,9
2025-10,광주 동구,학동,의류/잡화,60대 이상,1105697,28,39489,참여,0.34,23
2025-10,광주 동구,학동,미용/생활서비스,20대,697664,22,31712,참여,0.362,31
2025-10,광주 동구,학동,미용/생활서비스,30대,584896,18,32494,미참여,0.419,10
2025-10,광주 동구,학동,미용/생활서비스,40대,976772,37,26399,참여,0.441,25
2025-10,광주 동구,학동,미용/생활서비스,50대,657605,22,29891,참여,0.249,20
2025-10,광주 동구,학동,미용/생활서비스,60대 이상,554256,16,34641,미참여,0.32,22
2025-10,광주 동구,학동,교육/학원,20대,2439700,24,101654,참여,0.387,25
2025-10,광주 동구,학동,교육/학원,30대,2223869,22,101084,참여,0.525,20
2025-10,광주 동구,학동,교육/학원,40대,2814827,33,85297,참여,0.275,19
2025-10,광주 동구,학동,교육/학원,50대,3146761,33,95356,미참여,0.298,15
2025-10,광주 동구,학동,교육/학원,60대 이상,2153573,22,97889,참여,0.339,4
2025-10,광주 동구,학동,병원/약국,20대,782396,38,20589,미참여,0.366,15
2025-10,광주 동구,학동,병원/약국,30대,591763,21,28179,미참여,0.289,25
2025-10,광주 동구,학동,병원/약국,40대,702172,30,23405,참여,0.393,14
2025-10,광주 동구,학동,병원/약국,50대,824849,29,28443,미참여,0.258,8
2025-10,광주 동구,학동,병원/약국,60대 이상,704787,32,22024,미참여,0.407,20
2025-10,광주 동구,학동,편의점/마트,20대,479858,32,14995,참여,0.394,8
2025-10,광주 동구,학동,편의점/마트,30대,353430,31,11400,미참여,0.462,13
2025-10,광주 동구,학동,편의점/마트,40대,375217,36,10422,참여,0.422,8
2025-10,광주 동구,학동,편의점/마트,50대,427482,29,14740,참여,0.313,12
2025-10,광주 동구,학동,편의점/마트,60대 이상,529892,49,10814,미참여,0.423,5
2025-11,수원시 팔달구,행궁동,한식/분식,20대,736648,43,17131,미참여,0.362,16
2025-11,수원시 팔달구,행궁동,한식/분식,30대,561512,33,17015,미참여,0.44,31
2025-11,수원시 팔달구,행궁동,한식/분식,40대,318063,23,13828,미참여,0.443,7
2025-11,수원시 팔달구,행궁동,한식/분식,50대,1005420,64,15709,미참여,0.505,28
2025-11,수원시 팔달구,행궁동,한식/분식,60대 이상,429190,25,17167,미참여,0.425,35
2025-11,수원시 팔달구,행궁동,카페/디저트,20대,427822,51,8388,미참여,0.364,18
2025-11,수원시 팔달구,행궁동,카페/디저트,30대,262233,26,10085,미참여,0.387,13
2025-11,수원시 팔달구,행궁동,카페/디저트,40대,194176,27,7191,미참여,0.309,14
2025-11,수원시 팔달구,행궁동,카페/디저트,50대,255383,29,8806,미참여,0.401,22
2025-11,수원시 팔달구,행궁동,카페/디저트,60대 이상,236450,32,7389,미참여,0.355,24
2025-11,수원시 팔달구,행궁동,신선식품,20대,699957,24,29164,미참여,0.266,15
2025-11,수원시 팔달구,행궁동,신선식품,30대,1232672,45,27392,미참여,0.366,23
2025-11,수원시 팔달구,행궁동,신선식품,40대,999033,39,25616,미참여,0.469,17
2025-11,수원시 팔달구,행궁동,신선식품,50대,1741449,66,26385,미참여,0.346,11
2025-11,수원시 팔달구,행궁동,신선식품,60대 이상,2159545,66,32720,미참여,0.286,24
2025-11,수원시 팔달구,행궁동,생활용품,20대,578012,22,26273,미참여,0.204,20
2025-11,수원시 팔달구,행궁동,생활용품,30대,999324,40,24983,미참여,0.336,19
2025-11,수원시 팔달구,행궁동,생활용품,40대,613658,27,22728,미참여,0.298,21
2025-11,수원시 팔달구,행궁동,생활용품,50대,954776,47,20314,미참여,0.436,15
2025-11,수원시 팔달구,행궁동,생활용품,60대 이상,847837,38,22311,미참여,0.422,28
2025-11,수원시 팔달구,행궁동,의류/잡화,20대,1131381,32,35355,미참여,0.435,8
2025-11,수원시 팔달구,행궁동,의류/잡화,30대,1101052,28,39323,미참여,0.279,18
2025-11,수원시 팔달구,행궁동,의류/잡화,40대,377140,11,34285,미참여,0.386,20
2025-11,수원시 팔달구,행궁동,의류/잡화,50대,1077616,25,43104,미참여,0.381,24
2025-11,수원시 팔달구,행궁동,의류/잡화,60대 이상,667289,21,31775,미참여,0.304,5
2025-11,수원시 팔달구,행궁동,미용/생활서비스,20대,851872,28,30424,미참여,0.328,22
2025-11,수원시 팔달구,행궁동,미용/생활서비스,30대,872428,24,36351,미참여,0.342,14
2025-11,수원시 팔달구,행궁동,미용/생활서비스,40대,611254,20,30562,미참여,0.447,30
2025-11,수원시 팔달구,행궁동,미용/생활서비스,50대,1192848,33,36146,미참여,0.279,17
2025-11,수원시 팔달구,행궁동,미용/생활서비스,60대 이상,1036789,33,31417,미참여,0.351,26
2025-11,수원시 팔달구,행궁동,교육/학원,20대,1909428,21,90925,미참여,0.463,16
2025-11,수원시 팔달구,행궁동,교육/학원,30대,2247209,29,77489,미참여,0.445,21
2025-11,수원시 팔달구,행궁동,교육/학원,40대,1716706,17,100982,미참여,0.269,25
2025-11,수원시 팔달구,행궁동,교육/학원,50대,1294031,14,92430,미참여,0.421,31
2025-11,수원시 팔달구,행궁동,교육/학원,60대 이상,2005284,23,87186,미참여,0.428,8
2025-11,수원시 팔달구,행궁동,병원/약국,20대,489420,21,23305,미참여,0.365,23
2025-11,수원시 팔달구,행궁동,병원/약국,30대,712823,28,25457,미참여,0.437,11
2025-11,수원시 팔달구,행궁동,병원/약국,40대,568522,25,22740,미참여,0.228,28
2025-11,수원시 팔달구,행궁동,병원/약국,50대,802505,39,20577,미참여,0.343,26
2025-11,수원시 팔달구,행궁동,병원/약국,60대 이상,1460944,52,28095,미참여,0.443,13
2025-11,수원시 팔달구,행궁동,편의점/마트,20대,321460,27,11905,미참여,0.572,14
2025-11,수원시 팔달구,행궁동,편의점/마트,30대,264221,25,10568,미참여,0.487,12
2025-11,수원시 팔달구,행궁동,편의점/마트,40대,356247,33,10795,미참여,0.382,17
2025-11,수원시 팔달구,행궁동,편의점/마트,50대,423772,39,10865,미참여,0.434,27
2025-11,수원시 팔달구,행궁동,편의점/마트,60대 이상,369401,30,12313,미참여,0.446,17
2025-11,수원시 팔달구,매산동,한식/분식,20대,567206,38,14926,미참여,0.217,24
2025-11,수원시 팔달구,매산동,한식/분식,30대,350308,25,14012,미참여,0.445,21
2025-11,수원시 팔달구,매산동,한식/분식,40대,771475,48,16072,미참여,0.564,26
2025-11,수원시 팔달구,매산동,한식/분식,50대,237989,17,13999,미참여,0.588,34
2025-11,수원시 팔달구,매산동,한식/분식,60대 이상,676395,52,13007,미참여,0.504,38
2025-11,수원시 팔달구,매산동,카페/디저트,20대,476968,60,7949,미참여,0.421,17
2025-11,수원시 팔달구,매산동,카페/디저트,30대,168590,22,7663,미참여,0.37,9
2025-11,수원시 팔달구,매산동,카페/디저트,40대,201630,22,9165,미참여,0.415,21
2025-11,수원시 팔달구,매산동,카페/디저트,50대,189373,27,7013,미참여,0.24,30
2025-11,수원시 팔달구,매산동,카페/디저트,60대 이상,157446,19,8286,미참여,0.359,17
2025-11,수원시 팔달구,매산동,신선식품,20대,1803999,56,32214,미참여,0.53,7
2025-11,수원시 팔달구,매산동,신선식품,30대,695331,21,33111,미참여,0.372,20
2025-11,수원시 팔달구,매산동,신선식품,40대,1054337,39,27034,미참여,0.316,9
2025-11,수원시 팔달구,매산동,신선식품,50대,1336859,42,31829,미참여,0.327,18
2025-11,수원시 팔달구,매산동,신선식품,60대 이상,1653779,66,25057,미참여,0.571,10
2025-11,수원시 팔달구,매산동,생활용품,20대,1163892,57,20419,미참여,0.229,26
2025-11,수원시 팔달구,매산동,생활용품,30대,601144,24,25047,미참여,0.336,26
2025-11,수원시 팔달구,매산동,생활용품,40대,637869,27,23624,미참여,0.478,9
2025-11,수원시 팔달구,매산동,생활용품,50대,1251271,47,26622,미참여,0.354,17
2025-11,수원시 팔달구,매산동,생활용품,60대 이상,1010281,39,25904,미참여,0.14,30
2025-11,수원시 팔달구,매산동,의류/잡화,20대,577068,19,30372,미참여,0.248,23
2025-11,수원시 팔달구,매산동,의류/잡화,30대,594987,18,33054,미참여,0.378,21
2025-11,수원시 팔달구,매산동,의류/잡화,40대,665237,19,35012,미참여,0.387,14
2025-11,수원시 팔달구,매산동,의류/잡화,50대,613407,15,40893,미참여,0.374,12
2025-11,수원시 팔달구,매산동,의류/잡화,60대 이상,927846,25,37113,미참여,0.285,18
2025-11,수원시 팔달구,매산동,미용/생활서비스,20대,736031,23,32001,미참여,0.434,25
2025-11,수원시 팔달구,매산동,미용/생활서비스,30대,655692,23,28508,미참여,0.334,26
2025-11,수원시 팔달구,매산동,미용/생활서비스,40대,446984,13,34383,미참여,0.264,16
2025-11,수원시 팔달구,매산동,미용/생활서비스,50대,928759,27,34398,미참여,0.187,13
2025-11,수원시 팔달구,매산동,미용/생활서비스,60대 이상,774122,21,36862,미참여,0.353,21
2025-11,수원시 팔달구,매산동,교육/학원,20대,1393670,18,77426,미참여,0.341,13
2025-11,수원시 팔달구,매산동,교육/학원,30대,1865516,20,93275,미참여,0.362,14
2025-11,수원시 팔달구,매산동,교육/학원,40대,2636896,26,101419,미참여,0.335,29
2025-11,수원시 팔달구,매산동,교육/학원,50대,1802331,18,100129,미참여,0.374,9
2025-11,수원시 팔달구,매산동,교육/학원,60대 이상,1663461,20,83173,미참여,0.428,14
2025-11,수원시 팔달구,매산동,병원/약국,20대,380493,17,22381,미참여,0.12,20
2025-11,수원시 팔달구,매산동,병원/약국,30대,444778,19,23409,미참여,0.346,15
2025-11,수원시 팔달구,매산동,병원/약국,40대,653954,28,23355,미참여,0.373,14
2025-11,수원시 팔달구,매산동,병원/약국,50대,952762,34,28022,미참여,0.471,23
2025-11,수원시 팔달구,매산동,병원/약국,60대 이상,1775349,63,28180,미참여,0.247,28
2025-11,수원시 팔달구,매산동,편의점/마트,20대,362149,35,10347,미참여,0.452,17
2025-11,수원시 팔달구,매산동,편의점/마트,30대,348706,26,13411,미참여,0.358,19
2025-11,수원시 팔달구,매산동,편의점/마트,40대,360629,28,12879,미참여,0.471,18
2025-11,수원시 팔달구,매산동,편의점/마트,50대,348763,34,10257,미참여,0.363,14
2025-11,수원시 팔달구,매산동,편의점/마트,60대 이상,250866,20,12543,미참여,0.521,21
2025-11,수원시 팔달구,고등동,한식/분식,20대,442063,29,15243,미참여,0.236,17
2025-11,수원시 팔달구,고등동,한식/분식,30대,462800,26,17800,미참여,0.495,3
2025-11,수원시 팔달구,고등동,한식/분식,40대,783044,46,17022,미참여,0.37,12
2025-11,수원시 팔달구,고등동,한식/분식,50대,500452,38,13169,미참여,0.407,17
2025-11,수원시 팔달구,고등동,한식/분식,60대 이상,348264,20,17413,미참여,0.473,27
2025-11,수원시 팔달구,고등동,카페/디저트,20대,321702,40,8042,미참여,0.461,15
2025-11,수원시 팔달구,고등동,카페/디저트,30대,165228,20,8261,미참여,0.348,18
2025-11,수원시 팔달구,고등동,카페/디저트,40대,261592,31,8438,미참여,0.318,17
2025-11,수원시 팔달구,고등동,카페/디저트,50대,279583,31,9018,미참여,0.335,24
2025-11,수원시 팔달구,고등동,카페/디저트,60대 이상,152350,21,7254,미참여,0.401,26
2025-11,수원시 팔달구,고등동,신선식품,20대,570834,20,28541,미참여,0.587,27
2025-11,수원시 팔달구,고등동,신선식품,30대,1141021,36,31695,미참여,0.487,29
2025-11,수원시 팔달구,고등동,신선식품,40대,889956,35,25427,미참여,0.32,18
2025-11,수원시 팔달구,고등동,신선식품,50대,1540425,58,26559,미참여,0.384,19
2025-11,수원시 팔달구,고등동,신선식품,60대 이상,894222,29,30835,미참여,0.429,19
2025-11,수원시 팔달구,고등동,생활용품,20대,809505,38,21302,미참여,0.38,29
2025-11,수원시 팔달구,고등동,생활용품,30대,479622,21,22839,미참여,0.552,16
2025-11,수원시 팔달구,고등동,생활용품,40대,659088,33,19972,미참여,0.361,20
2025-11,수원시 팔달구,고등동,생활용품,50대,815735,36,22659,미참여,0.438,15
2025-11,수원시 팔달구,고등동,생활용품,60대 이상,739108,27,27374,미참여,0.347,22
2025-11,수원시 팔달구,고등동,의류/잡화,20대,687675,17,40451,미참여,0.394,23
2025-11,수원시 팔달구,고등동,의류/잡화,30대,723407,17,42553,미참여,0.314,23
2025-11,수원시 팔달구,고등동,의류/잡화,40대,604289,16,37768,미참여,0.214,14
2025-11,수원시 팔달구,고등동,의류/잡화,50대,370464,11,33678,미참여,0.302,12
2025-11,수원시 팔달구,고등동,의류/잡화,60대 이상,515687,12,42973,미참여,0.33,17
2025-11,수원시 팔달구,고등동,미용/생활서비스,20대,551014,19,29000,미참여,0.329,21
2025-11,수원시 팔달구,고등동,미용/생활서비스,30대,753825,22,34264,미참여,0.332,2
2025-11,수원시 팔달구,고등동,미용/생활서비스,40대,497863,16,31116,미참여,0.316,3
2025-11,수원시 팔달구,고등동,미용/생활서비스,50대,881757,26,33913,미참여,0.359,26
2025-11,수원시 팔달구,고등동,미용/생활서비스,60대 이상,980695,29,33817,미참여,0.488,11
2025-11,수원시 팔달구,고등동,교육/학원,20대,1982203,20,99110,미참여,0.346,19
2025-11,수원시 팔달구,고등동,교육/학원,30대,1573616,20,78680,미참여,0.432,12
2025-11,수원시 팔달구,고등동,교육/학원,40대,2288505,26,88019,미참여,0.219,20
2025-11,수원시 팔달구,고등동,교육/학원,50대,1252336,14,89452,미참여,0.429,23
2025-11,수원시 팔달구,고등동,교육/학원,60대 이상,829630,10,82963,미참여,0.41,16
2025-11,수원시 팔달구,고등동,병원/약국,20대,561622,20,28081,미참여,0.455,27
2025-11,수원시 팔달구,고등동,병원/약국,30대,776575,29,26778,미참여,0.313,21
2025-11,수원시 팔달구,고등동,병원/약국,40대,577775,20,28888,미참여,0.406,18
2025-11,수원시 팔달구,고등동,병원/약국,50대,517129,23,22483,미참여,0.251,21
2025-11,수원시 팔달구,고등동,병원/약국,60대 이상,656350,31,21172,미참여,0.518,20
2025-11,수원시 팔달구,고등동,편의점/마트,20대,693797,61,11373,미참여,0.518,14
2025-11,수원시 팔달구,고등동,편의점/마트,30대,349690,34,10285,미참여,0.361,14
2025-11,수원시 팔달구,고등동,편의점/마트,40대,304098,25,12163,미참여,0.469,12
2025-11,수원시 팔달구,고등동,편의점/마트,50대,460132,40,11503,미참여,0.364,20
2025-11,수원시 팔달구,고등동,편의점/마트,60대 이상,399604,30,13320,미참여,0.402,20
2025-11,수원시 팔달구,인계동,한식/분식,20대,706901,46,15367,미참여,0.385,31
2025-11,수원시 팔달구,인계동,한식/분식,30대,457082,34,13443,미참여,0.371,23
2025-11,수원시 팔달구,인계동,한식/분식,40대,606516,47,12904,미참여,0.367,22
2025-11,수원시 팔달구,인계동,한식/분식,50대,607772,49,12403,미참여,0.417,24
2025-11,수원시 팔달구,인계동,한식/분식,60대 이상,686549,48,14303,미참여,0.434,18
2025-11,수원시 팔달구,인계동,카페/디저트,20대,227231,24,9467,미참여,0.458,17
2025-11,수원시 팔달구,인계동,카페/디저트,30대,200828,24,8367,미참여,0.575,13
2025-11,수원시 팔달구,인계동,카페/디저트,40대,127741,14,9124,미참여,0.366,20
2025-11,수원시 팔달구,인계동,카페/디저트,50대,282324,32,8822,미참여,0.286,20
2025-11,수원시 팔달구,인계동,카페/디저트,60대 이상,178696,21,8509,미참여,0.394,18
2025-11,수원시 팔달구,인계동,신선식품,20대,790589,31,25502,미참여,0.309,23
2025-11,수원시 팔달구,인계동,신선식품,30대,1103591,34,32458,미참여,0.387,27
2025-11,수원시 팔달구,인계동,신선식품,40대,700707,28,25025,미참여,0.366,12
2025-11,수원시 팔달구,인계동,신선식품,50대,1145226,34,33683,미참여,0.378,35
2025-11,수원시 팔달구,인계동,신선식품,60대 이상,1447337,48,30152,미참여,0.369,26
2025-11,수원시 팔달구,인계동,생활용품,20대,530895,21,25280,미참여,0.389,44
2025-11,수원시 팔달구,인계동,생활용품,30대,828792,37,22399,미참여,0.442,16
2025-11,수원시 팔달구,인계동,생활용품,40대,959269,43,22308,미참여,0.385,16
2025-11,수원시 팔달구,인계동,생활용품,50대,760346,31,24527,미참여,0.354,32
2025-11,수원시 팔달구,인계동,생활용품,60대 이상,1182313,51,23182,미참여,0.334,24
2025-11,수원시 팔달구,인계동,의류/잡화,20대,862048,20,43102,미참여,0.385,12
2025-11,수원시 팔달구,인계동,의류/잡화,30대,635255,20,31762,미참여,0.308,17
2025-11,수원시 팔달구,인계동,의류/잡화,40대,616357,15,41090,미참여,0.262,17
2025-11,수원시 팔달구,인계동,의류/잡화,50대,932123,23,40527,미참여,0.392,14
2025-11,수원시 팔달구,인계동,의류/잡화,60대 이상,636607,16,39787,미참여,0.366,19
2025-11,수원시 팔달구,인계동,미용/생활서비스,20대,780459,25,31218,미참여,0.338,6
2025-11,수원시 팔달구,인계동,미용/생활서비스,30대,862131,26,33158,미참여,0.267,16
2025-11,수원시 팔달구,인계동,미용/생활서비스,40대,905391,28,32335,미참여,0.382,31
2025-11,수원시 팔달구,인계동,미용/생활서비스,50대,723587,26,27830,미참여,0.376,1
2025-11,수원시 팔달구,인계동,미용/생활서비스,60대 이상,745955,28,26641,미참여,0.216,12
2025-11,수원시 팔달구,인계동,교육/학원,20대,1161177,13,89321,미참여,0.38,21
2025-11,수원시 팔달구,인계동,교육/학원,30대,2353737,24,98072,미참여,0.255,13
2025-11,수원시 팔달구,인계동,교육/학원,40대,2732064,27,101187,미참여,0.337,21
2025-11,수원시 팔달구,인계동,교육/학원,50대,1881946,19,99049,미참여,0.179,17
2025-11,수원시 팔달구,인계동,교육/학원,60대 이상,1664488,19,87604,미참여,0.358,20
2025-11,수원시 팔달구,인계동,병원/약국,20대,966443,39,24780,미참여,0.33,23
2025-11,수원시 팔달구,인계동,병원/약국,30대,855182,29,29489,미참여,0.426,21
2025-11,수원시 팔달구,인계동,병원/약국,40대,632784,30,21092,미참여,0.305,24
2025-11,수원시 팔달구,인계동,병원/약국,50대,966771,36,26854,미참여,0.326,23
2025-11,수원시 팔달구,인계동,병원/약국,60대 이상,939135,43,21840,미참여,0.22,25
2025-11,수원시 팔달구,인계동,편의점/마트,20대,514882,41,12558,미참여,0.386,14
2025-11,수원시 팔달구,인계동,편의점/마트,30대,289836,28,10351,미참여,0.581,16
2025-11,수원시 팔달구,인계동,편의점/마트,40대,370095,25,14803,미참여,0.288,14
2025-11,수원시 팔달구,인계동,편의점/마트,50대,283335,22,12878,미참여,0.389,21
2025-11,수원시 팔달구,인계동,편의점/마트,60대 이상,563371,38,14825,미참여,0.465,13
2025-11,수원시 영통구,영통동,한식/분식,20대,445618,29,15366,미참여,0.449,9
2025-11,수원시 영통구,영통동,한식/분식,30대,517115,40,12927,미참여,0.428,17
2025-11,수원시 영통구,영통동,한식/분식,40대,775815,57,13610,미참여,0.436,5
2025-11,수원시 영통구,영통동,한식/분식,50대,425976,31,13741,미참여,0.433,6
2025-11,수원시 영통구,영통동,한식/분식,60대 이상,534206,34,15711,미참여,0.35,11
2025-11,수원시 영통구,영통동,카페/디저트,20대,622765,62,10044,미참여,0.367,21
2025-11,수원시 영통구,영통동,카페/디저트,30대,388265,44,8824,미참여,0.287,19
2025-11,수원시 영통구,영통동,카페/디저트,40대,347030,47,7383,미참여,0.503,23
2025-11,수원시 영통구,영통동,카페/디저트,50대,178962,22,8134,미참여,0.314,28
2025-11,수원시 영통구,영통동,카페/디저트,60대 이상,255395,36,7094,미참여,0.268,19
2025-11,수원시 영통구,영통동,신선식품,20대,596252,24,24843,미참여,0.457,13
2025-11,수원시 영통구,영통동,신선식품,30대,764751,24,31864,미참여,0.431,13
2025-11,수원시 영통구,영통동,신선식품,40대,1260762,40,31519,미참여,0.569,8
2025-11,수원시 영통구,영통동,신선식품,50대,1950502,56,34830,미참여,0.52,13
2025-11,수원시 영통구,영통동,신선식품,60대 이상,1055756,39,27070,미참여,0.446,20
2025-11,수원시 영통구,영통동,생활용품,20대,610524,29,21052,미참여,0.384,15
2025-11,수원시 영통구,영통동,생활용품,30대,736592,37,19907,미참여,0.212,10
2025-11,수원시 영통구,영통동,생활용품,40대,922380,34,27128,미참여,0.25,18
2025-11,수원시 영통구,영통동,생활용품,50대,571604,21,27219,미참여,0.507,22
2025-11,수원시 영통구,영통동,생활용품,60대 이상,1051267,40,26281,미참여,0.317,23
2025-11,수원시 영통구,영통동,의류/잡화,20대,1074255,26,41317,미참여,0.482,20
2025-11,수원시 영통구,영통동,의류/잡화,30대,717019,18,39834,미참여,0.5,21
2025-11,수원시 영통구,영통동,의류/잡화,40대,841423,24,35059,미참여,0.353,4
2025-11,수원시 영통구,영통동,의류/잡화,50대,860648,21,40983,미참여,0.419,36
2025-11,수원시 영통구,영통동,의류/잡화,60대 이상,656532,18,36474,미참여,0.236,26
2025-11,수원시 영통구,영통동,미용/생활서비스,20대,315981,10,31598,미참여,0.219,28
2025-11,수원시 영통구,영통동,미용/생활서비스,30대,647334,25,25893,미참여,0.262,31
2025-11,수원시 영통구,영통동,미용/생활서비스,40대,609245,20,30462,미참여,0.262,15
2025-11,수원시 영통구,영통동,미용/생활서비스,50대,659545,24,27481,미참여,0.336,18
2025-11,수원시 영통구,영통동,미용/생활서비스,60대 이상,508322,18,28240,미참여,0.447,12
2025-11,수원시 영통구,영통동,교육/학원,20대,1996237,20,99811,미참여,0.303,20
2025-11,수원시 영통구,영통동,교육/학원,30대,2156989,24,89874,미참여,0.399,27
2025-11,수원시 영통구,영통동,교육/학원,40대,1725660,19,90824,미참여,0.376,19
2025-11,수원시 영통구,영통동,교육/학원,50대,1975407,23,85887,미참여,0.295,31
2025-11,수원시 영통구,영통동,교육/학원,60대 이상,2226394,22,101199,미참여,0.357,21
2025-11,수원시 영통구,영통동,병원/약국,20대,869048,29,29967,미참여,0.319,22
2025-11,수원시 영통구,영통동,병원/약국,30대,971387,36,26982,미참여,0.519,1
2025-11,수원시 영통구,영통동,병원/약국,40대,656564,23,28546,미참여,0.39,19
2025-11,수원시 영통구,영통동,병원/약국,50대,1122272,51,22005,미참여,0.432,23
2025-11,수원시 영통구,영통동,병원/약국,60대 이상,1250024,45,27778,미참여,0.302,20
2025-11,수원시 영통구,영통동,편의점/마트,20대,592633,44,13468,미참여,0.366,11
2025-11,수원시 영통구,영통동,편의점/마트,30대,295909,24,12329,미참여,0.626,17
2025-11,수원시 영통구,영통동,편의점/마트,40대,494696,40,12367,미참여,0.337,10
2025-11,수원시 영통구,영통동,편의점/마트,50대,500590,41,12209,미참여,0.435,9
2025-11,수원시 영통구,영통동,편의점/마트,60대 이상,587624,48,12242,미참여,0.389,26
2025-11,수원시 영통구,광교동,한식/분식,20대,398726,27,14767,미참여,0.53,13
2025-11,수원시 영통구,광교동,한식/분식,30대,844743,47,17973,미참여,0.445,23
2025-11,수원시 영통구,광교동,한식/분식,40대,431715,27,15989,미참여,0.618,23
2025-11,수원시 영통구,광교동,한식/분식,50대,533374,37,14415,미참여,0.226,19
2025-11,수원시 영통구,광교동,한식/분식,60대 이상,381043,28,13608,미참여,0.27,9
2025-11,수원시 영통구,광교동,카페/디저트,20대,225831,32,7057,미참여,0.268,23
2025-11,수원시 영통구,광교동,카페/디저트,30대,377625,39,9682,미참여,0.238,17
2025-11,수원시 영통구,광교동,카페/디저트,40대,150416,21,7162,미참여,0.36,23
2025-11,수원시 영통구,광교동,카페/디저트,50대,310417,40,7760,미참여,0.38,21
2025-11,수원시 영통구,광교동,카페/디저트,60대 이상,367068,38,9659,미참여,0.282,10
2025-11,수원시 영통구,광교동,신선식품,20대,614190,25,24567,미참여,0.533,27
2025-11,수원시 영통구,광교동,신선식품,30대,1071631,39,27477,미참여,0.448,14
2025-11,수원시 영통구,광교동,신선식품,40대,1036915,31,33448,미참여,0.559,14
2025-11,수원시 영통구,광교동,신선식품,50대,895346,26,34436,미참여,0.402,9
2025-11,수원시 영통구,광교동,신선식품,60대 이상,1002805,29,34579,미참여,0.563,7
2025-11,수원시 영통구,광교동,생활용품,20대,479712,20,23985,미참여,0.368,1
2025-11,수원시 영통구,광교동,생활용품,30대,973469,38,25617,미참여,0.508,3
2025-11,수원시 영통구,광교동,생활용품,40대,609028,30,20300,미참여,0.358,8
2025-11,수원시 영통구,광교동,생활용품,50대,810484,38,21328,미참여,0.332,29
2025-11,수원시 영통구,광교동,생활용품,60대 이상,1150242,46,25005,미참여,0.389,21
2025-11,수원시 영통구,광교동,의류/잡화,20대,905094,26,34811,미참여,0.26,16
2025-11,수원시 영통구,광교동,의류/잡화,30대,900294,24,37512,미참여,0.373,14
2025-11,수원시 영통구,광교동,의류/잡화,40대,743120,24,30963,미참여,0.281,16
2025-11,수원시 영통구,광교동,의류/잡화,50대,1003557,24,41814,미참여,0.31,16
2025-11,수원시 영통구,광교동,의류/잡화,60대 이상,517440,13,39803,미참여,0.421,10
2025-11,수원시 영통구,광교동,미용/생활서비스,20대,1016417,34,29894,미참여,0.247,8
2025-11,수원시 영통구,광교동,미용/생활서비스,30대,612152,20,30607,미참여,0.489,14
2025-11,수원시 영통구,광교동,미용/생활서비스,40대,890146,24,37089,미참여,0.406,23
2025-11,수원시 영통구,광교동,미용/생활서비스,50대,604682,19,31825,미참여,0.178,21
2025-11,수원시 영통구,광교동,미용/생활서비스,60대 이상,694959,21,33093,미참여,0.421,19
2025-11,수원시 영통구,광교동,교육/학원,20대,1456675,19,76667,미참여,0.316,22
2025-11,수원시 영통구,광교동,교육/학원,30대,2498408,33,75709,미참여,0.29,23
2025-11,수원시 영통구,광교동,교육/학원,40대,2379519,26,91519,미참여,0.469,16
2025-11,수원시 영통구,광교동,교육/학원,50대,1524507,19,80237,미참여,0.44,25
2025-11,수원시 영통구,광교동,교육/학원,60대 이상,2811588,30,93719,미참여,0.39,11
2025-11,수원시 영통구,광교동,병원/약국,20대,879234,31,28362,미참여,0.286,13
2025-11,수원시 영통구,광교동,병원/약국,30대,996169,43,23166,미참여,0.353,18
2025-11,수원시 영통구,광교동,병원/약국,40대,791668,32,24739,미참여,0.512,17
2025-11,수원시 영통구,광교동,병원/약국,50대,441396,18,24522,미참여,0.3,7
2025-11,수원시 영통구,광교동,병원/약국,60대 이상,1342331,50,26846,미참여,0.45,32
2025-11,수원시 영통구,광교동,편의점/마트,20대,500814,41,12214,미참여,0.296,17
2025-11,수원시 영통구,광교동,편의점/마트,30대,289565,27,10724,미참여,0.645,18
2025-11,수원시 영통구,광교동,편의점/마트,40대,197240,19,10381,미참여,0.465,27
2025-11,수원시 영통구,광교동,편의점/마트,50대,431556,35,12330,미참여,0.471,37
2025-11,수원시 영통구,광교동,편의점/마트,60대 이상,481243,34,14154,미참여,0.302,21
2025-11,수원시 영통구,매탄동,한식/분식,20대,392292,25,15691,미참여,0.421,20
2025-11,수원시 영통구,매탄동,한식/분식,30대,173092,13,13314,미참여,0.47,22
2025-11,수원시 영통구,매탄동,한식/분식,40대,537189,36,14921,미참여,0.442,16
2025-11,수원시 영통구,매탄동,한식/분식,50대,321612,26,12369,미참여,0.372,21
2025-11,수원시 영통구,매탄동,한식/분식,60대 이상,491913,34,14468,미참여,0.364,19
2025-11,수원시 영통구,매탄동,카페/디저트,20대,315020,43,7326,미참여,0.262,26
2025-11,수원시 영통구,매탄동,카페/디저트,30대,319821,45,7107,미참여,0.416,20
2025-11,수원시 영통구,매탄동,카페/디저트,40대,220882,23,9603,미참여,0.332,19
2025-11,수원시 영통구,매탄동,카페/디저트,50대,365007,36,10139,미참여,0.307,33
2025-11,수원시 영통구,매탄동,카페/디저트,60대 이상,295862,33,8965,미참여,0.399,26
2025-11,수원시 영통구,매탄동,신선식품,20대,690749,28,24669,미참여,0.389,1
2025-11,수원시 영통구,매탄동,신선식품,30대,707717,28,25275,미참여,0.362,17
2025-11,수원시 영통구,매탄동,신선식품,40대,1178697,48,24556,미참여,0.483,30
2025-11,수원시 영통구,매탄동,신선식품,50대,1021421,37,27605,미참여,0.606,24
2025-11,수원시 영통구,매탄동,신선식품,60대 이상,1121890,47,23870,미참여,0.641,17
2025-11,수원시 영통구,매탄동,생활용품,20대,493883,21,23518,미참여,0.42,15
2025-11,수원시 영통구,매탄동,생활용품,30대,413560,22,18798,미참여,0.434,1
2025-11,수원시 영통구,매탄동,생활용품,40대,672483,28,24017,미참여,0.229,13
2025-11,수원시 영통구,매탄동,생활용품,50대,910348,37,24604,미참여,0.406,23
2025-11,수원시 영통구,매탄동,생활용품,60대 이상,972327,39,24931,미참여,0.519,23
2025-11,수원시 영통구,매탄동,의류/잡화,20대,899723,21,42843,미참여,0.3,26
2025-11,수원시 영통구,매탄동,의류/잡화,30대,551084,16,34442,미참여,0.406,25
2025-11,수원시 영통구,매탄동,의류/잡화,40대,900793,21,42894,미참여,0.296,8
2025-11,수원시 영통구,매탄동,의류/잡화,50대,867833,24,36159,미참여,0.39,18
2025-11,수원시 영통구,매탄동,의류/잡화,60대 이상,779195,18,43288,미참여,0.241,20
2025-11,수원시 영통구,매탄동,미용/생활서비스,20대,661831,20,33091,미참여,0.2,11
2025-11,수원시 영통구,매탄동,미용/생활서비스,30대,807593,26,31061,미참여,0.466,25
2025-11,수원시 영통구,매탄동,미용/생활서비스,40대,707333,21,33682,미참여,0.341,10
2025-11,수원시 영통구,매탄동,미용/생활서비스,50대,652574,18,36254,미참여,0.265,21
2025-11,수원시 영통구,매탄동,미용/생활서비스,60대 이상,795731,25,31829,미참여,0.305,9
2025-11,수원시 영통구,매탄동,교육/학원,20대,2318519,29,79948,미참여,0.454,9
2025-11,수원시 영통구,매탄동,교육/학원,30대,2859104,38,75239,미참여,0.446,29
2025-11,수원시 영통구,매탄동,교육/학원,40대,4337465,42,103272,미참여,0.29,1
2025-11,수원시 영통구,매탄동,교육/학원,50대,1541988,19,81157,미참여,0.364,35
2025-11,수원시 영통구,매탄동,교육/학원,60대 이상,2199417,28,78550,미참여,0.413,25
2025-11,수원시 영통구,매탄동,병원/약국,20대,578530,25,23141,미참여,0.191,23
2025-11,수원시 영통구,매탄동,병원/약국,30대,669898,24,27912,미참여,0.255,23
2025-11,수원시 영통구,매탄동,병원/약국,40대,921469,32,28795,미참여,0.407,23
2025-11,수원시 영통구,매탄동,병원/약국,50대,649235,25,25969,미참여,0.346,22
2025-11,수원시 영통구,매탄동,병원/약국,60대 이상,589654,28,21059,미참여,0.238,19
2025-11,수원시 영통구,매탄동,편의점/마트,20대,771864,63,12251,미참여,0.489,40
2025-11,수원시 영통구,매탄동,편의점/마트,30대,411804,30,13726,미참여,0.456,38
2025-11,수원시 영통구,매탄동,편의점/마트,40대,342472,33,10377,미참여,0.476,14
2025-11,수원시 영통구,매탄동,편의점/마트,50대,300619,29,10366,미참여,0.353,24
2025-11,수원시 영통구,매탄동,편의점/마트,60대 이상,290703,24,12112,미참여,0.418,5
2025-11,수원시 영통구,원천동,한식/분식,20대,472621,33,14321,미참여,0.425,16
2025-11,수원시 영통구,원천동,한식/분식,30대,646481,46,14053,미참여,0.401,13
2025-11,수원시 영통구,원천동,한식/분식,40대,695358,39,17829,미참여,0.445,15
2025-11,수원시 영통구,원천동,한식/분식,50대,297242,18,16513,미참여,0.43,14
2025-11,수원시 영통구,원천동,한식/분식,60대 이상,512203,37,13843,미참여,0.483,14
2025-11,수원시 영통구,원천동,카페/디저트,20대,292940,36,8137,미참여,0.349,14
2025-11,수원시 영통구,원천동,카페/디저트,30대,252492,35,7214,미참여,0.348,34
2025-11,수원시 영통구,원천동,카페/디저트,40대,226128,28,8076,미참여,0.348,18
2025-11,수원시 영통구,원천동,카페/디저트,50대,209842,27,7771,미참여,0.436,10
2025-11,수원시 영통구,원천동,카페/디저트,60대 이상,350304,42,8340,미참여,0.245,24
2025-11,수원시 영통구,원천동,신선식품,20대,950763,30,31692,미참여,0.581,15
2025-11,수원시 영통구,원천동,신선식품,30대,746922,23,32474,미참여,0.619,26
2025-11,수원시 영통구,원천동,신선식품,40대,1275221,38,33558,미참여,0.438,15
2025-11,수원시 영통구,원천동,신선식품,50대,729124,30,24304,미참여,0.349,16
2025-11,수원시 영통구,원천동,신선식품,60대 이상,1052152,31,33940,미참여,0.503,21
2025-11,수원시 영통구,원천동,생활용품,20대,670150,27,24820,미참여,0.204,21
2025-11,수원시 영통구,원천동,생활용품,30대,555294,21,26442,미참여,0.499,18
2025-11,수원시 영통구,원천동,생활용품,40대,535226,26,20585,미참여,0.246,6
2025-11,수원시 영통구,원천동,생활용품,50대,689687,28,24631,미참여,0.239,17
2025-11,수원시 영통구,원천동,생활용품,60대 이상,942471,49,19234,미참여,0.271,15
2025-11,수원시 영통구,원천동,의류/잡화,20대,1234300,29,42562,미참여,0.445,19
2025-11,수원시 영통구,원천동,의류/잡화,30대,427845,13,32911,미참여,0.363,25
2025-11,수원시 영통구,원천동,의류/잡화,40대,674099,22,30640,미참여,0.4,9
2025-11,수원시 영통구,원천동,의류/잡화,50대,687946,20,34397,미참여,0.303,14
2025-11,수원시 영통구,원천동,의류/잡화,60대 이상,680037,17,40002,미참여,0.394,18
2025-11,수원시 영통구,원천동,미용/생활서비스,20대,769830,21,36658,미참여,0.336,16
2025-11,수원시 영통구,원천동,미용/생활서비스,30대,885424,29,30531,미참여,0.372,27
2025-11,수원시 영통구,원천동,미용/생활서비스,40대,457872,13,35220,미참여,0.466,22
2025-11,수원시 영통구,원천동,미용/생활서비스,50대,415050,16,25940,미참여,0.436,12
2025-11,수원시 영통구,원천동,미용/생활서비스,60대 이상,849645,27,31468,미참여,0.358,18
2025-11,수원시 영통구,원천동,교육/학원,20대,1690168,23,73485,미참여,0.364,1
2025-11,수원시 영통구,원천동,교육/학원,30대,4355887,47,92678,미참여,0.346,20
2025-11,수원시 영통구,원천동,교육/학원,40대,4272879,47,90912,미참여,0.392,26
2025-11,수원시 영통구,원천동,교육/학원,50대,1589782,21,75703,미참여,0.352,24
2025-11,수원시 영통구,원천동,교육/학원,60대 이상,1433263,19,75434,미참여,0.454,21
2025-11,수원시 영통구,원천동,병원/약국,20대,525761,24,21906,미참여,0.446,12
2025-11,수원시 영통구,원천동,병원/약국,30대,843008,32,26344,미참여,0.422,14
2025-11,수원시 영통구,원천동,병원/약국,40대,686391,23,29843,미참여,0.26,15
2025-11,수원시 영통구,원천동,병원/약국,50대,839067,32,26220,미참여,0.324,24
2025-11,수원시 영통구,원천동,병원/약국,60대 이상,822072,33,24911,미참여,0.325,13
2025-11,수원시 영통구,원천동,편의점/마트,20대,870557,64,13602,미참여,0.31,14
2025-11,수원시 영통구,원천동,편의점/마트,30대,484128,45,10758,미참여,0.532,23
2025-11,수원시 영통구,원천동,편의점/마트,40대,258065,20,12903,미참여,0.434,17
2025-11,수원시 영통구,원천동,편의점/마트,50대,466085,36,12946,미참여,0.48,39
2025-11,수원시 영통구,원천동,편의점/마트,60대 이상,662798,45,14728,미참여,0.469,22
2025-11,광주 북구,용봉동,한식/분식,20대,957453,69,13876,미참여,0.469,10
2025-11,광주 북구,용봉동,한식/분식,30대,919658,58,15856,미참여,0.493,27
2025-11,광주 북구,용봉동,한식/분식,40대,922189,56,16467,미참여,0.341,32
2025-11,광주 북구,용봉동,한식/분식,50대,739206,42,17600,미참여,0.449,22
2025-11,광주 북구,용봉동,한식/분식,60대 이상,591098,44,13434,미참여,0.479,21
2025-11,광주 북구,용봉동,카페/디저트,20대,360414,39,9241,미참여,0.407,25
2025-11,광주 북구,용봉동,카페/디저트,30대,248386,35,7096,미참여,0.425,20
2025-11,광주 북구,용봉동,카페/디저트,40대,291616,34,8576,미참여,0.412,25
2025-11,광주 북구,용봉동,카페/디저트,50대,267416,29,9221,미참여,0.12,24
2025-11,광주 북구,용봉동,카페/디저트,60대 이상,212393,24,8849,미참여,0.409,15
2025-11,광주 북구,용봉동,신선식품,20대,1065848,42,25377,미참여,0.352,12
2025-11,광주 북구,용봉동,신선식품,30대,759839,30,25327,미참여,0.459,22
2025-11,광주 북구,용봉동,신선식품,40대,1403715,48,29244,미참여,0.413,19
2025-11,광주 북구,용봉동,신선식품,50대,1693588,50,33871,미참여,0.64,23
2025-11,광주 북구,용봉동,신선식품,60대 이상,2097734,62,33834,미참여,0.354,6
2025-11,광주 북구,용봉동,생활용품,20대,711097,32,22221,미참여,0.343,25
2025-11,광주 북구,용봉동,생활용품,30대,593153,22,26961,미참여,0.353,25
2025-11,광주 북구,용봉동,생활용품,40대,571841,26,21993,미참여,0.419,22
2025-11,광주 북구,용봉동,생활용품,50대,1251981,51,24548,미참여,0.315,29
2025-11,광주 북구,용봉동,생활용품,60대 이상,1204217,54,22300,미참여,0.176,9
2025-11,광주 북구,용봉동,의류/잡화,20대,335551,11,30504,미참여,0.373,14
2025-11,광주 북구,용봉동,의류/잡화,30대,438504,14,31321,미참여,0.346,24
2025-11,광주 북구,용봉동,의류/잡화,40대,836306,22,38013,미참여,0.42,5
2025-11,광주 북구,용봉동,의류/잡화,50대,713584,22,32435,미참여,0.12,17
2025-11,광주 북구,용봉동,의류/잡화,60대 이상,765440,21,36449,미참여,0.353,9
2025-11,광주 북구,용봉동,미용/생활서비스,20대,720476,24,30019,미참여,0.339,17
2025-11,광주 북구,용봉동,미용/생활서비스,30대,727326,22,33060,미참여,0.254,12
2025-11,광주 북구,용봉동,미용/생활서비스,40대,606317,23,26361,미참여,0.218,22
2025-11,광주 북구,용봉동,미용/생활서비스,50대,899763,28,32134,미참여,0.388,20
2025-11,광주 북구,용봉동,미용/생활서비스,60대 이상,485566,16,30347,미참여,0.229,18
2025-11,광주 북구,용봉동,교육/학원,20대,1660224,21,79058,미참여,0.283,16
2025-11,광주 북구,용봉동,교육/학원,30대,1660833,17,97696,미참여,0.299,26
2025-11,광주 북구,용봉동,교육/학원,40대,1995363,20,99768,미참여,0.384,16
2025-11,광주 북구,용봉동,교육/학원,50대,1380993,13,106230,미참여,0.473,16
2025-11,광주 북구,용봉동,교육/학원,60대 이상,1588906,21,75662,미참여,0.382,28
2025-11,광주 북구,용봉동,병원/약국,20대,460673,17,27098,미참여,0.34,18
2025-11,광주 북구,용봉동,병원/약국,30대,774695,29,26713,미참여,0.318,19
2025-11,광주 북구,용봉동,병원/약국,40대,831510,29,28672,미참여,0.29,11
2025-11,광주 북구,용봉동,병원/약국,50대,649616,27,24059,미참여,0.445,27
2025-11,광주 북구,용봉동,병원/약국,60대 이상,1174346,54,21747,미참여,0.474,19
2025-11,광주 북구,용봉동,편의점/마트,20대,469693,41,11455,미참여,0.368,9
2025-11,광주 북구,용봉동,편의점/마트,30대,331004,23,14391,미참여,0.282,21
2025-11,광주 북구,용봉동,편의점/마트,40대,513342,37,13874,미참여,0.58,24
2025-11,광주 북구,용봉동,편의점/마트,50대,233242,22,10601,미참여,0.211,12
2025-11,광주 북구,용봉동,편의점/마트,60대 이상,573869,39,14714,미참여,0.45,12
2025-11,광주 북구,운암동,한식/분식,20대,539436,39,13831,미참여,0.38,26
2025-11,광주 북구,운암동,한식/분식,30대,451705,32,14115,미참여,0.356,30
2025-11,광주 북구,운암동,한식/분식,40대,1005163,58,17330,미참여,0.449,16
2025-11,광주 북구,운암동,한식/분식,50대,519955,32,16248,미참여,0.333,11
2025-11,광주 북구,운암동,한식/분식,60대 이상,554373,43,12892,미참여,0.404,22
2025-11,광주 북구,운암동,카페/디저트,20대,442766,48,9224,미참여,0.309,31
2025-11,광주 북구,운암동,카페/디저트,30대,531526,54,9843,미참여,0.385,22
2025-11,광주 북구,운암동,카페/디저트,40대,244959,35,6998,미참여,0.49,23
2025-11,광주 북구,운암동,카페/디저트,50대,297828,33,9025,미참여,0.372,14
2025-11,광주 북구,운암동,카페/디저트,60대 이상,193488,26,7441,미참여,0.418,11
2025-11,광주 북구,운암동,신선식품,20대,895618,27,33171,미참여,0.357,21
2025-11,광주 북구,운암동,신선식품,30대,952584,36,26460,미참여,0.405,20
2025-11,광주 북구,운암동,신선식품,40대,1414934,47,30104,미참여,0.451,25
2025-11,광주 북구,운암동,신선식품,50대,1442714,46,31363,미참여,0.534,24
2025-11,광주 북구,운암동,신선식품,60대 이상,1377134,57,24160,미참여,0.508,6
2025-11,광주 북구,운암동,생활용품,20대,1006077,44,22865,미참여,0.3,21
2025-11,광주 북구,운암동,생활용품,30대,1126319,55,20478,미참여,0.341,7
2025-11,광주 북구,운암동,생활용품,40대,727035,31,23452,미참여,0.459,11
2025-11,광주 북구,운암동,생활용품,50대,797211,34,23447,미참여,0.286,25
2025-11,광주 북구,운암동,생활용품,60대 이상,1076458,41,26255,미참여,0.396,15
2025-11,광주 북구,운암동,의류/잡화,20대,763511,21,36357,미참여,0.378,24
2025-11,광주 북구,운암동,의류/잡화,30대,606050,19,31897,미참여,0.347,30
2025-11,광주 북구,운암동,의류/잡화,40대,534668,17,31451,미참여,0.535,18
2025-11,광주 북구,운암동,의류/잡화,50대,602095,16,37630,미참여,0.395,12
2025-11,광주 북구,운암동,의류/잡화,60대 이상,1016597,24,42358,미참여,0.203,24
2025-11,광주 북구,운암동,미용/생활서비스,20대,631014,23,27435,미참여,0.411,34
2025-11,광주 북구,운암동,미용/생활서비스,30대,674119,18,37451,미참여,0.352,20
2025-11,광주 북구,운암동,미용/생활서비스,40대,459792,14,32842,미참여,0.12,13
2025-11,광주 북구,운암동,미용/생활서비스,50대,544494,17,32029,미참여,0.38,29
2025-11,광주 북구,운암동,미용/생활서비스,60대 이상,1048130,30,34937,미참여,0.273,30
2025-11,광주 북구,운암동,교육/학원,20대,1283668,15,85577,미참여,0.306,24
2025-11,광주 북구,운암동,교육/학원,30대,2314124,26,89004,미참여,0.353,17
2025-11,광주 북구,운암동,교육/학원,40대,2011415,21,95781,미참여,0.246,6
2025-11,광주 북구,운암동,교육/학원,50대,1238167,15,82544,미참여,0.43,28
2025-11,광주 북구,운암동,교육/학원,60대 이상,1380460,19,72655,미참여,0.293,29
2025-11,광주 북구,운암동,병원/약국,20대,686037,23,29827,미참여,0.406,17
2025-11,광주 북구,운암동,병원/약국,30대,542096,23,23569,미참여,0.351,31
2025-11,광주 북구,운암동,병원/약국,40대,708228,33,21461,미참여,0.413,20
2025-11,광주 북구,운암동,병원/약국,50대,559670,20,27983,미참여,0.425,21
2025-11,광주 북구,운암동,병원/약국,60대 이상,787397,35,22497,미참여,0.254,14
2025-11,광주 북구,운암동,편의점/마트,20대,264834,21,12611,미참여,0.423,14
2025-11,광주 북구,운암동,편의점/마트,30대,408273,35,11664,미참여,0.371,25
2025-11,광주 북구,운암동,편의점/마트,40대,287403,23,12495,미참여,0.414,7
2025-11,광주 북구,운암동,편의점/마트,50대,372634,32,11644,미참여,0.349,6
2025-11,광주 북구,운암동,편의점/마트,60대 이상,563974,39,14460,미참여,0.593,11
2025-11,광주 북구,일곡동,한식/분식,20대,462358,34,13598,미참여,0.563,23
2025-11,광주 북구,일곡동,한식/분식,30대,416919,32,13028,미참여,0.49,22
2025-11,광주 북구,일곡동,한식/분식,40대,644059,43,14978,미참여,0.396,10
2025-11,광주 북구,일곡동,한식/분식,50대,516131,33,15640,미참여,0.329,36
2025-11,광주 북구,일곡동,한식/분식,60대 이상,584595,41,14258,미참여,0.458,20
2025-11,광주 북구,일곡동,카페/디저트,20대,537619,54,9955,미참여,0.275,9
2025-11,광주 북구,일곡동,카페/디저트,30대,384785,38,10125,미참여,0.396,10
2025-11,광주 북구,일곡동,카페/디저트,40대,171895,22,7813,미참여,0.396,15
2025-11,광주 북구,일곡동,카페/디저트,50대,258725,35,7392,미참여,0.47,12
2025-11,광주 북구,일곡동,카페/디저트,60대 이상,201475,25,8059,미참여,0.429,23
2025-11,광주 북구,일곡동,신선식품,20대,1283850,40,32096,미참여,0.46,9
2025-11,광주 북구,일곡동,신선식품,30대,1066559,32,33329,미참여,0.467,6
2025-11,광주 북구,일곡동,신선식품,40대,762832,25,30513,미참여,0.503,11
2025-11,광주 북구,일곡동,신선식품,50대,1211957,44,27544,미참여,0.475,9
2025-11,광주 북구,일곡동,신선식품,60대 이상,1243069,37,33596,미참여,0.237,12
2025-11,광주 북구,일곡동,생활용품,20대,631472,23,27455,미참여,0.471,17
2025-11,광주 북구,일곡동,생활용품,30대,1021861,43,23764,미참여,0.413,21
2025-11,광주 북구,일곡동,생활용품,40대,927720,40,23193,미참여,0.309,19
2025-11,광주 북구,일곡동,생활용품,50대,609595,28,21771,미참여,0.491,10
2025-11,광주 북구,일곡동,생활용품,60대 이상,765178,30,25505,미참여,0.207,13
2025-11,광주 북구,일곡동,의류/잡화,20대,682730,18,37929,미참여,0.319,14
2025-11,광주 북구,일곡동,의류/잡화,30대,535790,16,33486,미참여,0.326,10
2025-11,광주 북구,일곡동,의류/잡화,40대,1408361,36,39121,미참여,0.405,23
2025-11,광주 북구,일곡동,의류/잡화,50대,345851,9,38427,미참여,0.383,16
2025-11,광주 북구,일곡동,의류/잡화,60대 이상,569904,19,29994,미참여,0.443,10
2025-11,광주 북구,일곡동,미용/생활서비스,20대,1198120,35,34232,미참여,0.404,18
2025-11,광주 북구,일곡동,미용/생활서비스,30대,635774,21,30274,미참여,0.407,25
2025-11,광주 북구,일곡동,미용/생활서비스,40대,894628,25,35785,미참여,0.527,17
2025-11,광주 북구,일곡동,미용/생활서비스,50대,752282,22,34194,미참여,0.336,14
2025-11,광주 북구,일곡동,미용/생활서비스,60대 이상,1051667,36,29212,미참여,0.225,24
2025-11,광주 북구,일곡동,교육/학원,20대,1592416,16,99526,미참여,0.34,11
2025-11,광주 북구,일곡동,교육/학원,30대,1923268,20,96163,미참여,0.292,19
2025-11,광주 북구,일곡동,교육/학원,40대,3730737,36,103631,미참여,0.12,15
2025-11,광주 북구,일곡동,교육/학원,50대,1214229,13,93402,미참여,0.209,20
2025-11,광주 북구,일곡동,교육/학원,60대 이상,1486762,14,106197,미참여,0.293,12
2025-11,광주 북구,일곡동,병원/약국,20대,729480,34,21455,미참여,0.322,25
2025-11,광주 북구,일곡동,병원/약국,30대,663498,32,20734,미참여,0.382,17
2025-11,광주 북구,일곡동,병원/약국,40대,727744,25,29109,미참여,0.37,17
2025-11,광주 북구,일곡동,병원/약국,50대,527516,25,21100,미참여,0.331,27
2025-11,광주 북구,일곡동,병원/약국,60대 이상,916874,40,22921,미참여,0.341,6
2025-11,광주 북구,일곡동,편의점/마트,20대,568210,44,12913,미참여,0.262,22
2025-11,광주 북구,일곡동,편의점/마트,30대,288642,26,11101,미참여,0.584,11
2025-11,광주 북구,일곡동,편의점/마트,40대,231969,22,10544,미참여,0.562,13
2025-11,광주 북구,일곡동,편의점/마트,50대,303249,24,12635,미참여,0.591,31
2025-11,광주 북구,일곡동,편의점/마트,60대 이상,412856,30,13761,미참여,0.465,13
2025-11,광주 북구,두암동,한식/분식,20대,679875,38,17891,미참여,0.526,32
2025-11,광주 북구,두암동,한식/분식,30대,475969,36,13221,미참여,0.416,35
2025-11,광주 북구,두암동,한식/분식,40대,500276,33,15159,미참여,0.483,16
2025-11,광주 북구,두암동,한식/분식,50대,629875,39,16150,미참여,0.368,21
2025-11,광주 북구,두암동,한식/분식,60대 이상,1068500,60,17808,미참여,0.387,20
2025-11,광주 북구,두암동,카페/디저트,20대,304247,35,8692,미참여,0.395,22
2025-11,광주 북구,두암동,카페/디저트,30대,217307,27,8048,미참여,0.382,14
2025-11,광주 북구,두암동,카페/디저트,40대,174074,22,7912,미참여,0.358,19
2025-11,광주 북구,두암동,카페/디저트,50대,149387,20,7469,미참여,0.255,26
2025-11,광주 북구,두암동,카페/디저트,60대 이상,341699,37,9235,미참여,0.387,35
2025-11,광주 북구,두암동,신선식품,20대,734641,28,26237,미참여,0.413,17
2025-11,광주 북구,두암동,신선식품,30대,856607,30,28553,미참여,0.394,26
2025-11,광주 북구,두암동,신선식품,40대,1065996,33,32302,미참여,0.488,24
2025-11,광주 북구,두암동,신선식품,50대,1130684,39,28991,미참여,0.367,20
2025-11,광주 북구,두암동,신선식품,60대 이상,1612039,48,33584,미참여,0.398,24
2025-11,광주 북구,두암동,생활용품,20대,1013091,52,19482,미참여,0.343,16
2025-11,광주 북구,두암동,생활용품,30대,1038300,50,20766,미참여,0.263,37
2025-11,광주 북구,두암동,생활용품,40대,604318,25,24172,미참여,0.295,14
2025-11,광주 북구,두암동,생활용품,50대,665388,29,22944,미참여,0.239,21
2025-11,광주 북구,두암동,생활용품,60대 이상,502686,23,21855,미참여,0.236,17
2025-11,광주 북구,두암동,의류/잡화,20대,696754,23,30293,미참여,0.232,8
2025-11,광주 북구,두암동,의류/잡화,30대,856365,27,31717,미참여,0.315,18
2025-11,광주 북구,두암동,의류/잡화,40대,617313,18,34295,미참여,0.437,12
2025-11,광주 북구,두암동,의류/잡화,50대,601553,15,40103,미참여,0.234,7
2025-11,광주 북구,두암동,의류/잡화,60대 이상,845716,20,42285,미참여,0.273,9
2025-11,광주 북구,두암동,미용/생활서비스,20대,1262318,37,34116,미참여,0.293,16
2025-11,광주 북구,두암동,미용/생활서비스,30대,636245,20,31812,미참여,0.246,11
2025-11,광주 북구,두암동,미용/생활서비스,40대,722650,23,31419,미참여,0.273,20
2025-11,광주 북구,두암동,미용/생활서비스,50대,615739,23,26771,미참여,0.281,25
2025-11,광주 북구,두암동,미용/생활서비스,60대 이상,673764,23,29294,미참여,0.373,15
2025-11,광주 북구,두암동,교육/학원,20대,1769437,18,98302,미참여,0.401,19
2025-11,광주 북구,두암동,교육/학원,30대,1895323,18,105295,미참여,0.275,18
2025-11,광주 북구,두암동,교육/학원,40대,2371244,32,74101,미참여,0.292,28
2025-11,광주 북구,두암동,교육/학원,50대,1177533,14,84109,미참여,0.47,26
2025-11,광주 북구,두암동,교육/학원,60대 이상,897962,12,74830,미참여,0.448,21
2025-11,광주 북구,두암동,병원/약국,20대,981784,35,28050,미참여,0.434,2
2025-11,광주 북구,두암동,병원/약국,30대,480720,22,21850,미참여,0.22,11
2025-11,광주 북구,두암동,병원/약국,40대,568142,25,22725,미참여,0.24,23
2025-11,광주 북구,두암동,병원/약국,50대,839531,38,22092,미참여,0.323,21
2025-11,광주 북구,두암동,병원/약국,60대 이상,1516234,52,29158,미참여,0.307,16
2025-11,광주 북구,두암동,편의점/마트,20대,560545,43,13035,미참여,0.548,11
2025-11,광주 북구,두암동,편의점/마트,30대,313516,23,13631,미참여,0.42,11
2025-11,광주 북구,두암동,편의점/마트,40대,386635,34,11371,미참여,0.407,27
2025-11,광주 북구,두암동,편의점/마트,50대,306843,26,11801,미참여,0.389,15
2025-11,광주 북구,두암동,편의점/마트,60대 이상,326881,22,14858,미참여,0.298,11
2025-11,광주 동구,충장동,한식/분식,20대,784592,45,17435,미참여,0.267,20
2025-11,광주 동구,충장동,한식/분식,30대,575573,38,15146,미참여,0.459,21
2025-11,광주 동구,충장동,한식/분식,40대,804407,52,15469,미참여,0.229,14
2025-11,광주 동구,충장동,한식/분식,50대,636900,46,13845,미참여,0.424,15
2025-11,광주 동구,충장동,한식/분식,60대 이상,593092,33,17972,미참여,0.327,32
2025-11,광주 동구,충장동,카페/디저트,20대,254896,34,7496,미참여,0.357,11
2025-11,광주 동구,충장동,카페/디저트,30대,369143,50,7382,미참여,0.348,24
2025-11,광주 동구,충장동,카페/디저트,40대,188367,24,7848,미참여,0.291,16
2025-11,광주 동구,충장동,카페/디저트,50대,240449,31,7756,미참여,0.38,24
2025-11,광주 동구,충장동,카페/디저트,60대 이상,276074,31,8905,미참여,0.269,4
2025-11,광주 동구,충장동,신선식품,20대,819225,32,25600,미참여,0.36,16
2025-11,광주 동구,충장동,신선식품,30대,573509,23,24935,미참여,0.53,18
2025-11,광주 동구,충장동,신선식품,40대,1003594,30,33453,미참여,0.332,18
2025-11,광주 동구,충장동,신선식품,50대,1013219,38,26663,미참여,0.463,9
2025-11,광주 동구,충장동,신선식품,60대 이상,1196700,42,28492,미참여,0.196,25
2025-11,광주 동구,충장동,생활용품,20대,764110,40,19102,미참여,0.353,1
2025-11,광주 동구,충장동,생활용품,30대,1106176,42,26337,미참여,0.486,17
2025-11,광주 동구,충장동,생활용품,40대,347812,13,26754,미참여,0.17,20
2025-11,광주 동구,충장동,생활용품,50대,486978,24,20290,미참여,0.322,18
2025-11,광주 동구,충장동,생활용품,60대 이상,959202,40,23980,미참여,0.292,20
2025-11,광주 동구,충장동,의류/잡화,20대,966817,32,30213,미참여,0.219,24
2025-11,광주 동구,충장동,의류/잡화,30대,569298,16,35581,미참여,0.224,36
2025-11,광주 동구,충장동,의류/잡화,40대,838688,26,32257,미참여,0.35,35
2025-11,광주 동구,충장동,의류/잡화,50대,679098,22,30868,미참여,0.45,22
2025-11,광주 동구,충장동,의류/잡화,60대 이상,836959,28,29891,미참여,0.435,31
2025-11,광주 동구,충장동,미용/생활서비스,20대,835472,27,30943,미참여,0.445,16
2025-11,광주 동구,충장동,미용/생활서비스,30대,834018,24,34750,미참여,0.428,14
2025-11,광주 동구,충장동,미용/생활서비스,40대,928319,26,35704,미참여,0.416,17
2025-11,광주 동구,충장동,미용/생활서비스,50대,722232,20,36111,미참여,0.459,9
2025-11,광주 동구,충장동,미용/생활서비스,60대 이상,551589,18,30643,미참여,0.369,10
2025-11,광주 동구,충장동,교육/학원,20대,1700350,20,85017,미참여,0.12,16
2025-11,광주 동구,충장동,교육/학원,30대,2255808,27,83548,미참여,0.327,18
2025-11,광주 동구,충장동,교육/학원,40대,1658092,21,78956,미참여,0.339,6
2025-11,광주 동구,충장동,교육/학원,50대,1617036,17,95119,미참여,0.364,29
2025-11,광주 동구,충장동,교육/학원,60대 이상,1546280,18,85904,미참여,0.374,30
2025-11,광주 동구,충장동,병원/약국,20대,582073,24,24253,미참여,0.276,19
2025-11,광주 동구,충장동,병원/약국,30대,1018552,34,29957,미참여,0.216,17
2025-11,광주 동구,충장동,병원/약국,40대,533989,23,23216,미참여,0.399,12
2025-11,광주 동구,충장동,병원/약국,50대,637412,27,23607,미참여,0.172,17
2025-11,광주 동구,충장동,병원/약국,60대 이상,972054,40,24301,미참여,0.399,12
2025-11,광주 동구,충장동,편의점/마트,20대,348859,31,11253,미참여,0.484,5
2025-11,광주 동구,충장동,편의점/마트,30대,446482,32,13952,미참여,0.629,10
2025-11,광주 동구,충장동,편의점/마트,40대,278282,22,12649,미참여,0.596,23
2025-11,광주 동구,충장동,편의점/마트,50대,286436,20,14321,미참여,0.53,23
2025-11,광주 동구,충장동,편의점/마트,60대 이상,573948,43,13347,미참여,0.295,19
2025-11,광주 동구,동명동,한식/분식,20대,364392,29,12565,미참여,0.545,20
2025-11,광주 동구,동명동,한식/분식,30대,795786,46,17299,미참여,0.58,30
2025-11,광주 동구,동명동,한식/분식,40대,507841,41,12386,미참여,0.345,22
2025-11,광주 동구,동명동,한식/분식,50대,498088,31,16067,미참여,0.289,7
2025-11,광주 동구,동명동,한식/분식,60대 이상,509474,38,13407,미참여,0.427,7
2025-11,광주 동구,동명동,카페/디저트,20대,387458,48,8072,미참여,0.387,21
2025-11,광주 동구,동명동,카페/디저트,30대,282508,39,7243,미참여,0.244,31
2025-11,광주 동구,동명동,카페/디저트,40대,281301,35,8037,미참여,0.403,17
2025-11,광주 동구,동명동,카페/디저트,50대,219143,22,9961,미참여,0.234,21
2025-11,광주 동구,동명동,카페/디저트,60대 이상,211513,28,7554,미참여,0.458,23
2025-11,광주 동구,동명동,신선식품,20대,422103,16,26381,미참여,0.428,17
2025-11,광주 동구,동명동,신선식품,30대,976227,36,27117,미참여,0.476,29
2025-11,광주 동구,동명동,신선식품,40대,1236324,40,30908,미참여,0.522,23
2025-11,광주 동구,동명동,신선식품,50대,1492600,48,31095,미참여,0.495,10
2025-11,광주 동구,동명동,신선식품,60대 이상,1448729,43,33691,미참여,0.583,11
2025-11,광주 동구,동명동,생활용품,20대,886830,44,20155,미참여,0.447,17
2025-11,광주 동구,동명동,생활용품,30대,586765,26,22567,미참여,0.374,16
2025-11,광주 동구,동명동,생활용품,40대,696870,35,19910,미참여,0.311,21
2025-11,광주 동구,동명동,생활용품,50대,718506,29,24776,미참여,0.419,20
2025-11,광주 동구,동명동,생활용품,60대 이상,878352,36,24398,미참여,0.362,10
2025-11,광주 동구,동명동,의류/잡화,20대,1159710,30,38657,미참여,0.344,26
2025-11,광주 동구,동명동,의류/잡화,30대,726124,24,30255,미참여,0.325,19
2025-11,광주 동구,동명동,의류/잡화,40대,1051296,29,36251,미참여,0.238,21
2025-11,광주 동구,동명동,의류/잡화,50대,842050,26,32386,미참여,0.414,32
2025-11,광주 동구,동명동,의류/잡화,60대 이상,1143252,29,39422,미참여,0.373,17
2025-11,광주 동구,동명동,미용/생활서비스,20대,438279,14,31305,미참여,0.411,19
2025-11,광주 동구,동명동,미용/생활서비스,30대,825563,26,31752,미참여,0.353,14
2025-11,광주 동구,동명동,미용/생활서비스,40대,748681,26,28795,미참여,0.262,31
2025-11,광주 동구,동명동,미용/생활서비스,50대,932265,26,35856,미참여,0.297,33
2025-11,광주 동구,동명동,미용/생활서비스,60대 이상,585935,18,32551,미참여,0.548,18
2025-11,광주 동구,동명동,교육/학원,20대,1175624,15,78374,미참여,0.522,14
2025-11,광주 동구,동명동,교육/학원,30대,1790900,23,77865,미참여,0.262,20
2025-11,광주 동구,동명동,교육/학원,40대,2130799,25,85231,미참여,0.435,16
2025-11,광주 동구,동명동,교육/학원,50대,2058471,23,89498,미참여,0.419,10
2025-11,광주 동구,동명동,교육/학원,60대 이상,1796900,18,99827,미참여,0.372,20
2025-11,광주 동구,동명동,병원/약국,20대,892105,30,29736,미참여,0.441,21
2025-11,광주 동구,동명동,병원/약국,30대,767034,28,27394,미참여,0.166,12
2025-11,광주 동구,동명동,병원/약국,40대,439216,18,24400,미참여,0.25,19
2025-11,광주 동구,동명동,병원/약국,50대,648715,29,22369,미참여,0.337,7
2025-11,광주 동구,동명동,병원/약국,60대 이상,1087280,39,27878,미참여,0.336,15
2025-11,광주 동구,동명동,편의점/마트,20대,481813,40,12045,미참여,0.295,13
2025-11,광주 동구,동명동,편의점/마트,30대,411367,28,14691,미참여,0.49,30
2025-11,광주 동구,동명동,편의점/마트,40대,294895,28,10531,미참여,0.326,16
2025-11,광주 동구,동명동,편의점/마트,50대,430618,41,10502,미참여,0.359,14
2025-11,광주 동구,동명동,편의점/마트,60대 이상,293263,21,13964,미참여,0.444,24
2025-11,광주 동구,서남동,한식/분식,20대,519690,31,16764,미참여,0.543,40
2025-11,광주 동구,서남동,한식/분식,30대,363287,23,15795,미참여,0.431,29
2025-11,광주 동구,서남동,한식/분식,40대,805980,56,14392,미참여,0.365,8
2025-11,광주 동구,서남동,한식/분식,50대,558010,35,15943,미참여,0.319,18
2025-11,광주 동구,서남동,한식/분식,60대 이상,901558,58,15544,미참여,0.492,19
2025-11,광주 동구,서남동,카페/디저트,20대,298111,33,9033,미참여,0.363,31
2025-11,광주 동구,서남동,카페/디저트,30대,444019,49,9061,미참여,0.305,19
2025-11,광주 동구,서남동,카페/디저트,40대,198287,24,8261,미참여,0.224,22
2025-11,광주 동구,서남동,카페/디저트,50대,186090,23,8090,미참여,0.192,27
2025-11,광주 동구,서남동,카페/디저트,60대 이상,202811,20,10140,미참여,0.481,21
2025-11,광주 동구,서남동,신선식품,20대,440496,17,25911,미참여,0.434,8
2025-11,광주 동구,서남동,신선식품,30대,620944,25,24837,미참여,0.412,32
2025-11,광주 동구,서남동,신선식품,40대,1477921,47,31445,미참여,0.414,18
2025-11,광주 동구,서남동,신선식품,50대,1419554,44,32262,미참여,0.384,17
2025-11,광주 동구,서남동,신선식품,60대 이상,1774444,55,32262,미참여,0.451,12
2025-11,광주 동구,서남동,생활용품,20대,477520,20,23876,미참여,0.27,14
2025-11,광주 동구,서남동,생활용품,30대,695458,26,26748,미참여,0.341,8
2025-11,광주 동구,서남동,생활용품,40대,694718,26,26719,미참여,0.434,8
2025-11,광주 동구,서남동,생활용품,50대,456172,22,20735,미참여,0.343,21
2025-11,광주 동구,서남동,생활용품,60대 이상,845975,43,19673,미참여,0.295,15
2025-11,광주 동구,서남동,의류/잡화,20대,1439269,46,31288,미참여,0.462,33
2025-11,광주 동구,서남동,의류/잡화,30대,1247943,30,41598,미참여,0.232,28
2025-11,광주 동구,서남동,의류/잡화,40대,1075414,30,35847,미참여,0.376,12
2025-11,광주 동구,서남동,의류/잡화,50대,736495,18,40916,미참여,0.529,26
2025-11,광주 동구,서남동,의류/잡화,60대 이상,904253,22,41102,미참여,0.262,2
2025-11,광주 동구,서남동,미용/생활서비스,20대,925745,36,25715,미참여,0.371,24
2025-11,광주 동구,서남동,미용/생활서비스,30대,473390,17,27846,미참여,0.505,8
2025-11,광주 동구,서남동,미용/생활서비스,40대,498702,15,33246,미참여,0.386,9
2025-11,광주 동구,서남동,미용/생활서비스,50대,608718,19,32037,미참여,0.215,12
2025-11,광주 동구,서남동,미용/생활서비스,60대 이상,758440,23,32975,미참여,0.396,14
2025-11,광주 동구,서남동,교육/학원,20대,1645674,19,86614,미참여,0.451,21
2025-11,광주 동구,서남동,교육/학원,30대,2483514,24,103479,미참여,0.402,29
2025-11,광주 동구,서남동,교육/학원,40대,1879058,19,98897,미참여,0.419,27
2025-11,광주 동구,서남동,교육/학원,50대,1615449,16,100965,미참여,0.168,14
2025-11,광주 동구,서남동,교육/학원,60대 이상,2273120,25,90924,미참여,0.317,24
2025-11,광주 동구,서남동,병원/약국,20대,840052,35,24001,미참여,0.436,18
2025-11,광주 동구,서남동,병원/약국,30대,496878,21,23660,미참여,0.305,27
2025-11,광주 동구,서남동,병원/약국,40대,533950,24,22247,미참여,0.515,1
2025-11,광주 동구,서남동,병원/약국,50대,1037440,39,26601,미참여,0.303,3
2025-11,광주 동구,서남동,병원/약국,60대 이상,966642,40,24166,미참여,0.309,14
2025-11,광주 동구,서남동,편의점/마트,20대,500103,35,14288,미참여,0.519,12
2025-11,광주 동구,서남동,편의점/마트,30대,265574,23,11546,미참여,0.357,17
2025-11,광주 동구,서남동,편의점/마트,40대,298712,22,13577,미참여,0.444,17
2025-11,광주 동구,서남동,편의점/마트,50대,309203,25,12368,미참여,0.39,22
2025-11,광주 동구,서남동,편의점/마트,60대 이상,332122,28,11861,미참여,0.424,8
2025-11,광주 동구,학동,한식/분식,20대,507246,36,14090,미참여,0.322,20
2025-11,광주 동구,학동,한식/분식,30대,753159,43,17515,미참여,0.295,4
2025-11,광주 동구,학동,한식/분식,40대,504588,36,14016,미참여,0.56,7
2025-11,광주 동구,학동,한식/분식,50대,536249,37,14493,미참여,0.548,13
2025-11,광주 동구,학동,한식/분식,60대 이상,589278,35,16836,미참여,0.305,15
2025-11,광주 동구,학동,카페/디저트,20대,529858,52,10189,미참여,0.423,15
2025-11,광주 동구,학동,카페/디저트,30대,363762,37,9831,미참여,0.143,17
2025-11,광주 동구,학동,카페/디저트,40대,191446,26,7363,미참여,0.356,15
2025-11,광주 동구,학동,카페/디저트,50대,171118,23,7439,미참여,0.305,5
2025-11,광주 동구,학동,카페/디저트,60대 이상,147542,20,7377,미참여,0.349,22
2025-11,광주 동구,학동,신선식품,20대,664566,20,33228,미참여,0.313,20
2025-11,광주 동구,학동,신선식품,30대,1271267,41,31006,미참여,0.346,27
2025-11,광주 동구,학동,신선식품,40대,1055539,43,24547,미참여,0.491,21
2025-11,광주 동구,학동,신선식품,50대,1265581,42,30132,미참여,0.386,9
2025-11,광주 동구,학동,신선식품,60대 이상,1169187,42,27837,미참여,0.608,14
2025-11,광주 동구,학동,생활용품,20대,638212,24,26592,미참여,0.42,19
2025-11,광주 동구,학동,생활용품,30대,1227262,56,21915,미참여,0.327,16
2025-11,광주 동구,학동,생활용품,40대,745200,32,23287,미참여,0.395,20
2025-11,광주 동구,학동,생활용품,50대,950109,40,23752,미참여,0.417,26
2025-11,광주 동구,학동,생활용품,60대 이상,360492,17,21205,미참여,0.38,25
2025-11,광주 동구,학동,의류/잡화,20대,632149,19,33271,미참여,0.34,18
2025-11,광주 동구,학동,의류/잡화,30대,992402,27,36755,미참여,0.547,18
2025-11,광주 동구,학동,의류/잡화,40대,462674,15,30844,미참여,0.393,12
2025-11,광주 동구,학동,의류/잡화,50대,777490,20,38874,미참여,0.212,36
2025-11,광주 동구,학동,의류/잡화,60대 이상,1503334,47,31985,미참여,0.275,19
2025-11,광주 동구,학동,미용/생활서비스,20대,1000384,30,33346,미참여,0.337,19
2025-11,광주 동구,학동,미용/생활서비스,30대,644922,23,28040,미참여,0.339,24
2025-11,광주 동구,학동,미용/생활서비스,40대,976387,28,34870,미참여,0.472,23
2025-11,광주 동구,학동,미용/생활서비스,50대,629266,19,33119,미참여,0.435,18
2025-11,광주 동구,학동,미용/생활서비스,60대 이상,824633,23,35853,미참여,0.252,21
2025-11,광주 동구,학동,교육/학원,20대,1662019,20,83100,미참여,0.328,21
2025-11,광주 동구,학동,교육/학원,30대,1451258,15,96750,미참여,0.146,24
2025-11,광주 동구,학동,교육/학원,40대,1854310,24,77262,미참여,0.5,21
2025-11,광주 동구,학동,교육/학원,50대,1934564,19,101819,미참여,0.44,20
2025-11,광주 동구,학동,교육/학원,60대 이상,1991370,21,94827,미참여,0.464,26
2025-11,광주 동구,학동,병원/약국,20대,716745,29,24715,미참여,0.506,13
2025-11,광주 동구,학동,병원/약국,30대,840614,33,25473,미참여,0.315,22
2025-11,광주 동구,학동,병원/약국,40대,605519,25,24220,미참여,0.308,15
2025-11,광주 동구,학동,병원/약국,50대,742855,28,26530,미참여,0.385,13
2025-11,광주 동구,학동,병원/약국,60대 이상,843287,31,27202,미참여,0.482,8
2025-11,광주 동구,학동,편의점/마트,20대,501229,39,12852,미참여,0.307,15
2025-11,광주 동구,학동,편의점/마트,30대,314133,30,10471,미참여,0.414,18
2025-11,광주 동구,학동,편의점/마트,40대,205078,16,12817,미참여,0.503,18
2025-11,광주 동구,학동,편의점/마트,50대,596607,48,12429,미참여,0.579,35
2025-11,광주 동구,학동,편의점/마트,60대 이상,296629,22,13483,미참여,0.448,3
2025-12,수원시 팔달구,행궁동,한식/분식,20대,595088,41,14514,미참여,0.407,1
2025-12,수원시 팔달구,행궁동,한식/분식,30대,657903,50,13158,미참여,0.458,29
2025-12,수원시 팔달구,행궁동,한식/분식,40대,796623,53,15030,미참여,0.434,16
2025-12,수원시 팔달구,행궁동,한식/분식,50대,806942,59,13676,미참여,0.303,30
2025-12,수원시 팔달구,행궁동,한식/분식,60대 이상,723605,54,13400,미참여,0.379,35
2025-12,수원시 팔달구,행궁동,카페/디저트,20대,288546,34,8486,미참여,0.484,8
2025-12,수원시 팔달구,행궁동,카페/디저트,30대,291666,29,10057,미참여,0.3,9
2025-12,수원시 팔달구,행궁동,카페/디저트,40대,240774,25,9630,미참여,0.577,26
2025-12,수원시 팔달구,행궁동,카페/디저트,50대,220327,25,8813,미참여,0.312,33
2025-12,수원시 팔달구,행궁동,카페/디저트,60대 이상,114924,14,8208,미참여,0.275,14
2025-12,수원시 팔달구,행궁동,신선식품,20대,1174220,34,34535,미참여,0.497,24
2025-12,수원시 팔달구,행궁동,신선식품,30대,623653,18,34647,미참여,0.276,18
2025-12,수원시 팔달구,행궁동,신선식품,40대,932266,34,27419,미참여,0.524,12
2025-12,수원시 팔달구,행궁동,신선식품,50대,1205338,49,24598,미참여,0.348,23
2025-12,수원시 팔달구,행궁동,신선식품,60대 이상,1344539,39,34475,미참여,0.323,12
2025-12,수원시 팔달구,행궁동,생활용품,20대,398247,20,19912,미참여,0.267,27
2025-12,수원시 팔달구,행궁동,생활용품,30대,699965,32,21873,미참여,0.399,21
2025-12,수원시 팔달구,행궁동,생활용품,40대,645354,25,25814,미참여,0.353,20
2025-12,수원시 팔달구,행궁동,생활용품,50대,948289,38,24954,미참여,0.364,9
2025-12,수원시 팔달구,행궁동,생활용품,60대 이상,1028953,38,27077,미참여,0.402,9
2025-12,수원시 팔달구,행궁동,의류/잡화,20대,1010385,26,38860,미참여,0.318,15
2025-12,수원시 팔달구,행궁동,의류/잡화,30대,879239,26,33816,미참여,0.608,10
2025-12,수원시 팔달구,행궁동,의류/잡화,40대,779558,21,37121,미참여,0.221,10
2025-12,수원시 팔달구,행궁동,의류/잡화,50대,369566,12,30797,미참여,0.331,5
2025-12,수원시 팔달구,행궁동,의류/잡화,60대 이상,504401,14,36028,미참여,0.21,24
2025-12,수원시 팔달구,행궁동,미용/생활서비스,20대,447941,15,29862,미참여,0.405,21
2025-12,수원시 팔달구,행궁동,미용/생활서비스,30대,469476,16,29342,미참여,0.4,13
2025-12,수원시 팔달구,행궁동,미용/생활서비스,40대,559993,21,26666,미참여,0.55,23
2025-12,수원시 팔달구,행궁동,미용/생활서비스,50대,631290,22,28695,미참여,0.338,23
2025-12,수원시 팔달구,행궁동,미용/생활서비스,60대 이상,538033,18,29890,미참여,0.467,6
2025-12,수원시 팔달구,행궁동,교육/학원,20대,1158848,16,72428,미참여,0.221,16
2025-12,수원시 팔달구,행궁동,교육/학원,30대,1669233,21,79487,미참여,0.501,20
2025-12,수원시 팔달구,행궁동,교육/학원,40대,1946349,20,97317,미참여,0.304,9
2025-12,수원시 팔달구,행궁동,교육/학원,50대,1536709,18,85372,미참여,0.352,21
2025-12,수원시 팔달구,행궁동,교육/학원,60대 이상,2134691,23,92812,미참여,0.312,10
2025-12,수원시 팔달구,행궁동,병원/약국,20대,477018,19,25106,미참여,0.191,1
2025-12,수원시 팔달구,행궁동,병원/약국,30대,527002,23,22913,미참여,0.441,17
2025-12,수원시 팔달구,행궁동,병원/약국,40대,485872,21,23136,미참여,0.144,18
2025-12,수원시 팔달구,행궁동,병원/약국,50대,646186,30,21539,미참여,0.441,22
2025-12,수원시 팔달구,행궁동,병원/약국,60대 이상,958732,40,23968,미참여,0.456,31
2025-12,수원시 팔달구,행궁동,편의점/마트,20대,560849,50,11216,미참여,0.488,13
2025-12,수원시 팔달구,행궁동,편의점/마트,30대,334920,31,10803,미참여,0.512,4
2025-12,수원시 팔달구,행궁동,편의점/마트,40대,353412,24,14725,미참여,0.396,7
2025-12,수원시 팔달구,행궁동,편의점/마트,50대,489148,39,12542,미참여,0.531,25
2025-12,수원시 팔달구,행궁동,편의점/마트,60대 이상,331029,28,11822,미참여,0.536,9
2025-12,수원시 팔달구,매산동,한식/분식,20대,333209,25,13328,미참여,0.406,22
2025-12,수원시 팔달구,매산동,한식/분식,30대,769989,43,17906,미참여,0.521,16
2025-12,수원시 팔달구,매산동,한식/분식,40대,1205406,68,17726,미참여,0.301,7
2025-12,수원시 팔달구,매산동,한식/분식,50대,752071,60,12534,미참여,0.398,22
2025-12,수원시 팔달구,매산동,한식/분식,60대 이상,659746,43,15342,미참여,0.378,22
2025-12,수원시 팔달구,매산동,카페/디저트,20대,444502,53,8386,미참여,0.381,17
2025-12,수원시 팔달구,매산동,카페/디저트,30대,191118,22,8687,미참여,0.22,19
2025-12,수원시 팔달구,매산동,카페/디저트,40대,238048,30,7934,미참여,0.324,24
2025-12,수원시 팔달구,매산동,카페/디저트,50대,183400,22,8336,미참여,0.235,24
2025-12,수원시 팔달구,매산동,카페/디저트,60대 이상,334801,41,8165,미참여,0.347,8
2025-12,수원시 팔달구,매산동,신선식품,20대,788537,28,28162,미참여,0.314,16
2025-12,수원시 팔달구,매산동,신선식품,30대,627243,23,27271,미참여,0.405,24
2025-12,수원시 팔달구,매산동,신선식품,40대,1391621,43,32363,미참여,0.488,13
2025-12,수원시 팔달구,매산동,신선식품,50대,1900411,60,31673,미참여,0.418,2
2025-12,수원시 팔달구,매산동,신선식품,60대 이상,1421509,41,34670,미참여,0.487,26
2025-12,수원시 팔달구,매산동,생활용품,20대,499052,25,19962,미참여,0.358,26
2025-12,수원시 팔달구,매산동,생활용품,30대,666344,28,23798,미참여,0.395,24
2025-12,수원시 팔달구,매산동,생활용품,40대,623979,32,19499,미참여,0.382,21
2025-12,수원시 팔달구,매산동,생활용품,50대,1459439,61,23925,미참여,0.444,21
2025-12,수원시 팔달구,매산동,생활용품,60대 이상,557228,24,23217,미참여,0.447,24
2025-12,수원시 팔달구,매산동,의류/잡화,20대,791085,23,34395,미참여,0.409,30
2025-12,수원시 팔달구,매산동,의류/잡화,30대,725592,18,40310,미참여,0.394,20
2025-12,수원시 팔달구,매산동,의류/잡화,40대,630876,21,30041,미참여,0.277,15
2025-12,수원시 팔달구,매산동,의류/잡화,50대,990023,23,43044,미참여,0.312,18
2025-12,수원시 팔달구,매산동,의류/잡화,60대 이상,992901,26,38188,미참여,0.399,13
2025-12,수원시 팔달구,매산동,미용/생활서비스,20대,715589,25,28623,미참여,0.611,20
2025-12,수원시 팔달구,매산동,미용/생활서비스,30대,543425,19,28601,미참여,0.399,8
2025-12,수원시 팔달구,매산동,미용/생활서비스,40대,529702,19,27879,미참여,0.283,27
2025-12,수원시 팔달구,매산동,미용/생활서비스,50대,1237016,33,37485,미참여,0.554,12
2025-12,수원시 팔달구,매산동,미용/생활서비스,60대 이상,533791,20,26689,미참여,0.314,27
2025-12,수원시 팔달구,매산동,교육/학원,20대,1488054,19,78318,미참여,0.211,25
2025-12,수원시 팔달구,매산동,교육/학원,30대,2180510,25,87220,미참여,0.43,24
2025-12,수원시 팔달구,매산동,교육/학원,40대,1673521,17,98442,미참여,0.396,14
2025-12,수원시 팔달구,매산동,교육/학원,50대,1580679,21,75270,미참여,0.396,33
2025-12,수원시 팔달구,매산동,교육/학원,60대 이상,2147607,25,85904,미참여,0.277,17
2025-12,수원시 팔달구,매산동,병원/약국,20대,502914,18,27939,미참여,0.425,25
2025-12,수원시 팔달구,매산동,병원/약국,30대,694979,34,20440,미참여,0.578,20
2025-12,수원시 팔달구,매산동,병원/약국,40대,1049413,41,25595,미참여,0.335,11
2025-12,수원시 팔달구,매산동,병원/약국,50대,585117,22,26596,미참여,0.373,20
2025-12,수원시 팔달구,매산동,병원/약국,60대 이상,819765,35,23421,미참여,0.434,3
2025-12,수원시 팔달구,매산동,편의점/마트,20대,465924,42,11093,미참여,0.388,12
2025-12,수원시 팔달구,매산동,편의점/마트,30대,181942,15,12129,미참여,0.339,25
2025-12,수원시 팔달구,매산동,편의점/마트,40대,364096,29,12555,미참여,0.455,12
2025-12,수원시 팔달구,매산동,편의점/마트,50대,427350,30,14245,미참여,0.42,19
2025-12,수원시 팔달구,매산동,편의점/마트,60대 이상,328900,26,12650,미참여,0.382,17
2025-12,수원시 팔달구,고등동,한식/분식,20대,362042,23,15740,미참여,0.292,23
2025-12,수원시 팔달구,고등동,한식/분식,30대,634240,48,13213,미참여,0.414,31
2025-12,수원시 팔달구,고등동,한식/분식,40대,874939,57,15349,미참여,0.483,36
2025-12,수원시 팔달구,고등동,한식/분식,50대,684788,49,13975,미참여,0.395,17
2025-12,수원시 팔달구,고등동,한식/분식,60대 이상,668478,42,15916,미참여,0.547,33
2025-12,수원시 팔달구,고등동,카페/디저트,20대,275458,29,9498,미참여,0.365,28
2025-12,수원시 팔달구,고등동,카페/디저트,30대,157378,20,7868,미참여,0.346,25
2025-12,수원시 팔달구,고등동,카페/디저트,40대,161191,21,7675,미참여,0.183,20
2025-12,수원시 팔달구,고등동,카페/디저트,50대,203060,21,9669,미참여,0.216,15
2025-12,수원시 팔달구,고등동,카페/디저트,60대 이상,246065,28,8788,미참여,0.348,22
2025-12,수원시 팔달구,고등동,신선식품,20대,1178329,44,26780,미참여,0.506,18
2025-12,수원시 팔달구,고등동,신선식품,30대,767247,29,26456,미참여,0.45,18
2025-12,수원시 팔달구,고등동,신선식품,40대,1397890,47,29742,미참여,0.414,2
2025-12,수원시 팔달구,고등동,신선식품,50대,830368,33,25162,미참여,0.539,23
2025-12,수원시 팔달구,고등동,신선식품,60대 이상,1703086,68,25045,미참여,0.33,14
2025-12,수원시 팔달구,고등동,생활용품,20대,970278,36,26952,미참여,0.525,27
2025-12,수원시 팔달구,고등동,생활용품,30대,757951,30,25265,미참여,0.414,18
2025-12,수원시 팔달구,고등동,생활용품,40대,525517,25,21020,미참여,0.324,14
2025-12,수원시 팔달구,고등동,생활용품,50대,908955,34,26733,미참여,0.296,23
2025-12,수원시 팔달구,고등동,생활용품,60대 이상,1004368,44,22826,미참여,0.293,9
2025-12,수원시 팔달구,고등동,의류/잡화,20대,877420,21,41781,미참여,0.359,16
2025-12,수원시 팔달구,고등동,의류/잡화,30대,818838,19,43096,미참여,0.335,11
2025-12,수원시 팔달구,고등동,의류/잡화,40대,522797,17,30752,미참여,0.348,7
2025-12,수원시 팔달구,고등동,의류/잡화,50대,686965,17,40409,미참여,0.26,30
2025-12,수원시 팔달구,고등동,의류/잡화,60대 이상,729477,17,42910,미참여,0.424,26
2025-12,수원시 팔달구,고등동,미용/생활서비스,20대,447815,13,34447,미참여,0.322,21
2025-12,수원시 팔달구,고등동,미용/생활서비스,30대,1167172,32,36474,미참여,0.12,26
2025-12,수원시 팔달구,고등동,미용/생활서비스,40대,525652,19,27665,미참여,0.307,5
2025-12,수원시 팔달구,고등동,미용/생활서비스,50대,1094586,36,30405,미참여,0.291,17
2025-12,수원시 팔달구,고등동,미용/생활서비스,60대 이상,720913,26,27727,미참여,0.242,20
2025-12,수원시 팔달구,고등동,교육/학원,20대,2147481,21,102261,미참여,0.225,17
2025-12,수원시 팔달구,고등동,교육/학원,30대,2743397,33,83133,미참여,0.437,8
2025-12,수원시 팔달구,고등동,교육/학원,40대,1780899,18,98938,미참여,0.369,25
2025-12,수원시 팔달구,고등동,교육/학원,50대,1493915,18,82995,미참여,0.42,2
2025-12,수원시 팔달구,고등동,교육/학원,60대 이상,1430311,19,75279,미참여,0.399,22
2025-12,수원시 팔달구,고등동,병원/약국,20대,553572,21,26360,미참여,0.293,15
2025-12,수원시 팔달구,고등동,병원/약국,30대,540419,20,27020,미참여,0.408,21
2025-12,수원시 팔달구,고등동,병원/약국,40대,655360,30,21845,미참여,0.263,18
2025-12,수원시 팔달구,고등동,병원/약국,50대,1414867,52,27208,미참여,0.332,20
2025-12,수원시 팔달구,고등동,병원/약국,60대 이상,1406512,48,29302,미참여,0.184,22
2025-12,수원시 팔달구,고등동,편의점/마트,20대,362210,27,13415,미참여,0.569,19
2025-12,수원시 팔달구,고등동,편의점/마트,30대,204302,16,12768,미참여,0.208,7
2025-12,수원시 팔달구,고등동,편의점/마트,40대,268098,24,11170,미참여,0.63,25
2025-12,수원시 팔달구,고등동,편의점/마트,50대,230077,20,11503,미참여,0.479,15
2025-12,수원시 팔달구,고등동,편의점/마트,60대 이상,326575,22,14844,미참여,0.637,23
2025-12,수원시 팔달구,인계동,한식/분식,20대,818926,62,13208,미참여,0.326,23
2025-12,수원시 팔달구,인계동,한식/분식,30대,698375,54,12932,미참여,0.273,20
2025-12,수원시 팔달구,인계동,한식/분식,40대,1177736,72,16357,미참여,0.367,9
2025-12,수원시 팔달구,인계동,한식/분식,50대,593978,48,12374,미참여,0.455,27
2025-12,수원시 팔달구,인계동,한식/분식,60대 이상,573796,37,15508,미참여,0.576,22
2025-12,수원시 팔달구,인계동,카페/디저트,20대,349676,40,8741,미참여,0.263,26
2025-12,수원시 팔달구,인계동,카페/디저트,30대,269364,29,9288,미참여,0.375,22
2025-12,수원시 팔달구,인계동,카페/디저트,40대,169900,19,8942,미참여,0.308,18
2025-12,수원시 팔달구,인계동,카페/디저트,50대,155264,20,7763,미참여,0.396,24
2025-12,수원시 팔달구,인계동,카페/디저트,60대 이상,169154,22,7688,미참여,0.402,28
2025-12,수원시 팔달구,인계동,신선식품,20대,814762,25,32590,미참여,0.485,6
2025-12,수원시 팔달구,인계동,신선식품,30대,1197899,38,31523,미참여,0.439,30
2025-12,수원시 팔달구,인계동,신선식품,40대,1468504,49,29969,미참여,0.283,27
2025-12,수원시 팔달구,인계동,신선식품,50대,1691669,56,30208,미참여,0.462,9
2025-12,수원시 팔달구,인계동,신선식품,60대 이상,1153380,47,24540,미참여,0.424,19
2025-12,수원시 팔달구,인계동,생활용품,20대,841606,45,18702,미참여,0.485,23
2025-12,수원시 팔달구,인계동,생활용품,30대,492022,21,23429,미참여,0.361,30
2025-12,수원시 팔달구,인계동,생활용품,40대,1072488,42,25535,미참여,0.289,28
2025-12,수원시 팔달구,인계동,생활용품,50대,1361899,50,27237,미참여,0.44,26
2025-12,수원시 팔달구,인계동,생활용품,60대 이상,809772,32,25305,미참여,0.417,22
2025-12,수원시 팔달구,인계동,의류/잡화,20대,988603,31,31890,미참여,0.296,21
2025-12,수원시 팔달구,인계동,의류/잡화,30대,549993,15,36666,미참여,0.383,15
2025-12,수원시 팔달구,인계동,의류/잡화,40대,513526,14,36680,미참여,0.437,21
2025-12,수원시 팔달구,인계동,의류/잡화,50대,552083,16,34505,미참여,0.431,29
2025-12,수원시 팔달구,인계동,의류/잡화,60대 이상,485890,16,30368,미참여,0.191,23
2025-12,수원시 팔달구,인계동,미용/생활서비스,20대,683762,21,32560,미참여,0.12,2
2025-12,수원시 팔달구,인계동,미용/생활서비스,30대,1046045,28,37358,미참여,0.402,12
2025-12,수원시 팔달구,인계동,미용/생활서비스,40대,611853,21,29135,미참여,0.383,15
2025-12,수원시 팔달구,인계동,미용/생활서비스,50대,725765,28,25920,미참여,0.382,9
2025-12,수원시 팔달구,인계동,미용/생활서비스,60대 이상,852832,23,37079,미참여,0.313,24
2025-12,수원시 팔달구,인계동,교육/학원,20대,2537298,34,74626,미참여,0.126,23
2025-12,수원시 팔달구,인계동,교육/학원,30대,3064763,32,95773,미참여,0.355,15
2025-12,수원시 팔달구,인계동,교육/학원,40대,1260362,17,74138,미참여,0.369,16
2025-12,수원시 팔달구,인계동,교육/학원,50대,1448078,15,96538,미참여,0.333,17
2025-12,수원시 팔달구,인계동,교육/학원,60대 이상,1405580,19,73977,미참여,0.373,21
2025-12,수원시 팔달구,인계동,병원/약국,20대,531515,25,21260,미참여,0.36,17
2025-12,수원시 팔달구,인계동,병원/약국,30대,382431,18,21246,미참여,0.275,34
2025-12,수원시 팔달구,인계동,병원/약국,40대,856957,31,27643,미참여,0.359,27
2025-12,수원시 팔달구,인계동,병원/약국,50대,798639,30,26621,미참여,0.361,11
2025-12,수원시 팔달구,인계동,병원/약국,60대 이상,1040992,36,28916,미참여,0.609,21
2025-12,수원시 팔달구,인계동,편의점/마트,20대,567359,51,11124,미참여,0.35,37
2025-12,수원시 팔달구,인계동,편의점/마트,30대,363246,26,13971,미참여,0.481,14
2025-12,수원시 팔달구,인계동,편의점/마트,40대,444228,35,12692,미참여,0.392,13
2025-12,수원시 팔달구,인계동,편의점/마트,50대,299407,26,11515,미참여,0.343,22
2025-12,수원시 팔달구,인계동,편의점/마트,60대 이상,355946,30,11864,미참여,0.541,13
2025-12,수원시 영통구,영통동,한식/분식,20대,676045,39,17334,미참여,0.512,9
2025-12,수원시 영통구,영통동,한식/분식,30대,645087,37,17434,미참여,0.484,23
2025-12,수원시 영통구,영통동,한식/분식,40대,836716,49,17075,미참여,0.463,13
2025-12,수원시 영통구,영통동,한식/분식,50대,574044,34,16883,미참여,0.333,6
2025-12,수원시 영통구,영통동,한식/분식,60대 이상,611963,36,16998,미참여,0.39,16
2025-12,수원시 영통구,영통동,카페/디저트,20대,326035,33,9879,미참여,0.361,24
2025-12,수원시 영통구,영통동,카페/디저트,30대,505987,50,10119,미참여,0.429,36
2025-12,수원시 영통구,영통동,카페/디저트,40대,337576,48,7032,미참여,0.294,25
2025-12,수원시 영통구,영통동,카페/디저트,50대,209799,28,7492,미참여,0.264,13
2025-12,수원시 영통구,영통동,카페/디저트,60대 이상,217779,30,7259,미참여,0.285,14
2025-12,수원시 영통구,영통동,신선식품,20대,834675,25,33387,미참여,0.622,17
2025-12,수원시 영통구,영통동,신선식품,30대,1088465,44,24737,미참여,0.28,19
2025-12,수원시 영통구,영통동,신선식품,40대,1293557,45,28745,미참여,0.449,18
2025-12,수원시 영통구,영통동,신선식품,50대,1752708,53,33069,미참여,0.417,22
2025-12,수원시 영통구,영통동,신선식품,60대 이상,1883776,55,34250,미참여,0.384,15
2025-12,수원시 영통구,영통동,생활용품,20대,462075,19,24319,미참여,0.409,16
2025-12,수원시 영통구,영통동,생활용품,30대,502911,26,19342,미참여,0.489,17
2025-12,수원시 영통구,영통동,생활용품,40대,968306,46,21050,미참여,0.305,25
2025-12,수원시 영통구,영통동,생활용품,50대,568343,28,20297,미참여,0.434,22
2025-12,수원시 영통구,영통동,생활용품,60대 이상,635671,24,26486,미참여,0.404,31
2025-12,수원시 영통구,영통동,의류/잡화,20대,935019,26,35962,미참여,0.242,21
2025-12,수원시 영통구,영통동,의류/잡화,30대,1110759,29,38302,미참여,0.453,25
2025-12,수원시 영통구,영통동,의류/잡화,40대,734148,19,38639,미참여,0.253,20
2025-12,수원시 영통구,영통동,의류/잡화,50대,445098,13,34238,미참여,0.299,16
2025-12,수원시 영통구,영통동,의류/잡화,60대 이상,983610,26,37831,미참여,0.196,17
2025-12,수원시 영통구,영통동,미용/생활서비스,20대,476086,13,36622,미참여,0.424,9
2025-12,수원시 영통구,영통동,미용/생활서비스,30대,458521,17,26971,미참여,0.376,16
2025-12,수원시 영통구,영통동,미용/생활서비스,40대,934088,31,30131,미참여,0.317,34
2025-12,수원시 영통구,영통동,미용/생활서비스,50대,961524,26,36981,미참여,0.383,25
2025-12,수원시 영통구,영통동,미용/생활서비스,60대 이상,755113,26,29042,미참여,0.273,20
2025-12,수원시 영통구,영통동,교육/학원,20대,1627373,21,77493,미참여,0.322,14
2025-12,수원시 영통구,영통동,교육/학원,30대,2970975,29,102447,미참여,0.374,20
2025-12,수원시 영통구,영통동,교육/학원,40대,1939211,26,74585,미참여,0.395,11
2025-12,수원시 영통구,영통동,교육/학원,50대,1368921,15,91261,미참여,0.508,29
2025-12,수원시 영통구,영통동,교육/학원,60대 이상,1516404,19,79810,미참여,0.512,28
2025-12,수원시 영통구,영통동,병원/약국,20대,744373,32,23261,미참여,0.36,28
2025-12,수원시 영통구,영통동,병원/약국,30대,619679,26,23833,미참여,0.487,30
2025-12,수원시 영통구,영통동,병원/약국,40대,645962,22,29361,미참여,0.331,23
2025-12,수원시 영통구,영통동,병원/약국,50대,961188,34,28270,미참여,0.456,8
2025-12,수원시 영통구,영통동,병원/약국,60대 이상,1410874,51,27664,미참여,0.282,23
2025-12,수원시 영통구,영통동,편의점/마트,20대,496224,34,14594,미참여,0.375,18
2025-12,수원시 영통구,영통동,편의점/마트,30대,217833,19,11464,미참여,0.46,8
2025-12,수원시 영통구,영통동,편의점/마트,40대,410430,28,14658,미참여,0.339,19
2025-12,수원시 영통구,영통동,편의점/마트,50대,171917,13,13224,미참여,0.3,15
2025-12,수원시 영통구,영통동,편의점/마트,60대 이상,313395,25,12535,미참여,0.481,32
2025-12,수원시 영통구,광교동,한식/분식,20대,553555,34,16281,미참여,0.454,2
2025-12,수원시 영통구,광교동,한식/분식,30대,388548,22,17661,미참여,0.379,32
2025-12,수원시 영통구,광교동,한식/분식,40대,581278,41,14177,미참여,0.55,15
2025-12,수원시 영통구,광교동,한식/분식,50대,499766,29,17233,미참여,0.49,7
2025-12,수원시 영통구,광교동,한식/분식,60대 이상,336033,25,13441,미참여,0.341,32
2025-12,수원시 영통구,광교동,카페/디저트,20대,373957,43,8696,미참여,0.608,19
2025-12,수원시 영통구,광교동,카페/디저트,30대,363380,37,9821,미참여,0.248,10
2025-12,수원시 영통구,광교동,카페/디저트,40대,219380,28,7835,미참여,0.314,41
2025-12,수원시 영통구,광교동,카페/디저트,50대,315264,32,9852,미참여,0.37,18
2025-12,수원시 영통구,광교동,카페/디저트,60대 이상,226881,29,7823,미참여,0.452,18
2025-12,수원시 영통구,광교동,신선식품,20대,1398532,41,34110,미참여,0.38,17
2025-12,수원시 영통구,광교동,신선식품,30대,622840,25,24913,미참여,0.363,21
2025-12,수원시 영통구,광교동,신선식품,40대,1606829,54,29756,미참여,0.586,7
2025-12,수원시 영통구,광교동,신선식품,50대,1984963,73,27191,미참여,0.381,20
2025-12,수원시 영통구,광교동,신선식품,60대 이상,1657534,48,34531,미참여,0.387,13
2025-12,수원시 영통구,광교동,생활용품,20대,763323,34,22450,미참여,0.574,27
2025-12,수원시 영통구,광교동,생활용품,30대,496247,25,19849,미참여,0.331,4
2025-12,수원시 영통구,광교동,생활용품,40대,550619,29,18986,미참여,0.459,19
2025-12,수원시 영통구,광교동,생활용품,50대,475875,25,19035,미참여,0.559,21
2025-12,수원시 영통구,광교동,생활용품,60대 이상,677612,34,19929,미참여,0.338,15
2025-12,수원시 영통구,광교동,의류/잡화,20대,797093,25,31883,미참여,0.382,17
2025-12,수원시 영통구,광교동,의류/잡화,30대,398371,13,30643,미참여,0.52,8
2025-12,수원시 영통구,광교동,의류/잡화,40대,602501,19,31710,미참여,0.378,18
2025-12,수원시 영통구,광교동,의류/잡화,50대,810186,22,36826,미참여,0.368,20
2025-12,수원시 영통구,광교동,의류/잡화,60대 이상,527568,15,35171,미참여,0.495,29
2025-12,수원시 영통구,광교동,미용/생활서비스,20대,501293,19,26383,미참여,0.384,14
2025-12,수원시 영통구,광교동,미용/생활서비스,30대,365937,11,33267,미참여,0.234,15
2025-12,수원시 영통구,광교동,미용/생활서비스,40대,647678,24,26986,미참여,0.431,26
2025-12,수원시 영통구,광교동,미용/생활서비스,50대,632664,24,26361,미참여,0.37,20
2025-12,수원시 영통구,광교동,미용/생활서비스,60대 이상,747587,20,37379,미참여,0.352,26
2025-12,수원시 영통구,광교동,교육/학원,20대,2508914,31,80932,미참여,0.458,19
2025-12,수원시 영통구,광교동,교육/학원,30대,3576019,34,105177,미참여,0.482,19
2025-12,수원시 영통구,광교동,교육/학원,40대,3090977,31,99708,미참여,0.356,34
2025-12,수원시 영통구,광교동,교육/학원,50대,1526557,15,101770,미참여,0.394,16
2025-12,수원시 영통구,광교동,교육/학원,60대 이상,1418158,16,88634,미참여,0.294,22
2025-12,수원시 영통구,광교동,병원/약국,20대,733067,25,29322,미참여,0.123,20
2025-12,수원시 영통구,광교동,병원/약국,30대,679048,24,28293,미참여,0.323,31
2025-12,수원시 영통구,광교동,병원/약국,40대,514771,21,24512,미참여,0.46,19
2025-12,수원시 영통구,광교동,병원/약국,50대,739293,26,28434,미참여,0.403,21
2025-12,수원시 영통구,광교동,병원/약국,60대 이상,537362,20,26868,미참여,0.445,12
2025-12,수원시 영통구,광교동,편의점/마트,20대,270436,21,12877,미참여,0.357,39
2025-12,수원시 영통구,광교동,편의점/마트,30대,445721,31,14378,미참여,0.476,23
2025-12,수원시 영통구,광교동,편의점/마트,40대,605370,50,12107,미참여,0.441,27
2025-12,수원시 영통구,광교동,편의점/마트,50대,550462,40,13761,미참여,0.357,30
2025-12,수원시 영통구,광교동,편의점/마트,60대 이상,267426,25,10697,미참여,0.421,23
2025-12,수원시 영통구,매탄동,한식/분식,20대,326132,22,14824,미참여,0.351,5
2025-12,수원시 영통구,매탄동,한식/분식,30대,613834,36,17050,미참여,0.454,25
2025-12,수원시 영통구,매탄동,한식/분식,40대,355307,28,12689,미참여,0.366,21
2025-12,수원시 영통구,매탄동,한식/분식,50대,335726,23,14596,미참여,0.466,18
2025-12,수원시 영통구,매탄동,한식/분식,60대 이상,521708,34,15344,미참여,0.471,15
2025-12,수원시 영통구,매탄동,카페/디저트,20대,280218,38,7374,미참여,0.399,24
2025-12,수원시 영통구,매탄동,카페/디저트,30대,343066,42,8168,미참여,0.457,11
2025-12,수원시 영통구,매탄동,카페/디저트,40대,238645,26,9178,미참여,0.274,29
2025-12,수원시 영통구,매탄동,카페/디저트,50대,257050,30,8568,미참여,0.301,28
2025-12,수원시 영통구,매탄동,카페/디저트,60대 이상,172736,23,7510,미참여,0.314,30
2025-12,수원시 영통구,매탄동,신선식품,20대,374937,15,24995,미참여,0.471,13
2025-12,수원시 영통구,매탄동,신선식품,30대,479031,15,31935,미참여,0.455,12
2025-12,수원시 영통구,매탄동,신선식품,40대,1614352,55,29351,미참여,0.309,2
2025-12,수원시 영통구,매탄동,신선식품,50대,777267,26,29894,미참여,0.516,18
2025-12,수원시 영통구,매탄동,신선식품,60대 이상,930310,32,29072,미참여,0.49,24
2025-12,수원시 영통구,매탄동,생활용품,20대,817486,35,23356,미참여,0.355,8
2025-12,수원시 영통구,매탄동,생활용품,30대,565836,29,19511,미참여,0.47,21
2025-12,수원시 영통구,매탄동,생활용품,40대,1197169,50,23943,미참여,0.436,25
2025-12,수원시 영통구,매탄동,생활용품,50대,898213,39,23031,미참여,0.359,13
2025-12,수원시 영통구,매탄동,생활용품,60대 이상,800464,30,26682,미참여,0.382,22
2025-12,수원시 영통구,매탄동,의류/잡화,20대,759574,21,36170,미참여,0.452,22
2025-12,수원시 영통구,매탄동,의류/잡화,30대,654960,21,31188,미참여,0.36,17
2025-12,수원시 영통구,매탄동,의류/잡화,40대,584973,16,36560,미참여,0.34,11
2025-12,수원시 영통구,매탄동,의류/잡화,50대,949688,28,33917,미참여,0.31,1
2025-12,수원시 영통구,매탄동,의류/잡화,60대 이상,618945,19,32576,미참여,0.364,14
2025-12,수원시 영통구,매탄동,미용/생활서비스,20대,586859,19,30887,미참여,0.366,19
2025-12,수원시 영통구,매탄동,미용/생활서비스,30대,665783,22,30262,미참여,0.458,14
2025-12,수원시 영통구,매탄동,미용/생활서비스,40대,932644,30,31088,미참여,0.397,12
2025-12,수원시 영통구,매탄동,미용/생활서비스,50대,777802,23,33817,미참여,0.432,23
2025-12,수원시 영통구,매탄동,미용/생활서비스,60대 이상,479259,17,28191,미참여,0.401,6
2025-12,수원시 영통구,매탄동,교육/학원,20대,2654701,33,80445,미참여,0.317,29
2025-12,수원시 영통구,매탄동,교육/학원,30대,2612861,31,84285,미참여,0.46,24
2025-12,수원시 영통구,매탄동,교육/학원,40대,3140183,31,101296,미참여,0.338,34
2025-12,수원시 영통구,매탄동,교육/학원,50대,1829969,22,83180,미참여,0.448,31
2025-12,수원시 영통구,매탄동,교육/학원,60대 이상,2446900,30,81563,미참여,0.251,31
2025-12,수원시 영통구,매탄동,병원/약국,20대,712593,31,22986,미참여,0.345,17
2025-12,수원시 영통구,매탄동,병원/약국,30대,659044,22,29956,미참여,0.344,1
2025-12,수원시 영통구,매탄동,병원/약국,40대,682814,23,29687,미참여,0.395,6
2025-12,수원시 영통구,매탄동,병원/약국,50대,621210,23,27009,미참여,0.337,8
2025-12,수원시 영통구,매탄동,병원/약국,60대 이상,840895,37,22726,미참여,0.296,17
2025-12,수원시 영통구,매탄동,편의점/마트,20대,572606,42,13633,미참여,0.534,24
2025-12,수원시 영통구,매탄동,편의점/마트,30대,250807,18,13933,미참여,0.554,21
2025-12,수원시 영통구,매탄동,편의점/마트,40대,403091,39,10335,미참여,0.611,22
2025-12,수원시 영통구,매탄동,편의점/마트,50대,527811,40,13195,미참여,0.38,28
2025-12,수원시 영통구,매탄동,편의점/마트,60대 이상,520744,38,13703,미참여,0.524,15
2025-12,수원시 영통구,원천동,한식/분식,20대,410953,25,16438,미참여,0.507,30
2025-12,수원시 영통구,원천동,한식/분식,30대,642146,43,14933,미참여,0.501,15
2025-12,수원시 영통구,원천동,한식/분식,40대,683504,44,15534,미참여,0.378,21
2025-12,수원시 영통구,원천동,한식/분식,50대,381101,23,16569,미참여,0.323,22
2025-12,수원시 영통구,원천동,한식/분식,60대 이상,363019,25,14520,미참여,0.45,16
2025-12,수원시 영통구,원천동,카페/디저트,20대,506756,54,9384,미참여,0.335,23
2025-12,수원시 영통구,원천동,카페/디저트,30대,439382,58,7575,미참여,0.453,15
2025-12,수원시 영통구,원천동,카페/디저트,40대,314282,44,7142,미참여,0.403,23
2025-12,수원시 영통구,원천동,카페/디저트,50대,390661,39,10016,미참여,0.406,26
2025-12,수원시 영통구,원천동,카페/디저트,60대 이상,193456,24,8060,미참여,0.374,21
2025-12,수원시 영통구,원천동,신선식품,20대,864598,25,34583,미참여,0.434,21
2025-12,수원시 영통구,원천동,신선식품,30대,1164187,34,34240,미참여,0.47,17
2025-12,수원시 영통구,원천동,신선식품,40대,980808,32,30650,미참여,0.399,28
2025-12,수원시 영통구,원천동,신선식품,50대,1544324,53,29138,미참여,0.454,28
2025-12,수원시 영통구,원천동,신선식품,60대 이상,569995,17,33529,미참여,0.439,17
2025-12,수원시 영통구,원천동,생활용품,20대,868031,35,24800,미참여,0.33,18
2025-12,수원시 영통구,원천동,생활용품,30대,601721,32,18803,미참여,0.443,25
2025-12,수원시 영통구,원천동,생활용품,40대,496710,22,22577,미참여,0.47,16
2025-12,수원시 영통구,원천동,생활용품,50대,444378,20,22218,미참여,0.272,11
2025-12,수원시 영통구,원천동,생활용품,60대 이상,585571,25,23422,미참여,0.287,17
2025-12,수원시 영통구,원천동,의류/잡화,20대,730508,17,42971,미참여,0.336,17
2025-12,수원시 영통구,원천동,의류/잡화,30대,920155,23,40006,미참여,0.576,8
2025-12,수원시 영통구,원천동,의류/잡화,40대,595361,17,35021,미참여,0.325,13
2025-12,수원시 영통구,원천동,의류/잡화,50대,477867,16,29866,미참여,0.203,7
2025-12,수원시 영통구,원천동,의류/잡화,60대 이상,464430,15,30962,미참여,0.31,8
2025-12,수원시 영통구,원천동,미용/생활서비스,20대,584435,21,27830,미참여,0.213,14
2025-12,수원시 영통구,원천동,미용/생활서비스,30대,736566,22,33480,미참여,0.24,25
2025-12,수원시 영통구,원천동,미용/생활서비스,40대,869949,24,36247,미참여,0.427,9
2025-12,수원시 영통구,원천동,미용/생활서비스,50대,837716,23,36422,미참여,0.303,12
2025-12,수원시 영통구,원천동,미용/생활서비스,60대 이상,773659,22,35166,미참여,0.305,27
2025-12,수원시 영통구,원천동,교육/학원,20대,1245425,12,103785,미참여,0.452,48
2025-12,수원시 영통구,원천동,교육/학원,30대,2435809,29,83993,미참여,0.263,39
2025-12,수원시 영통구,원천동,교육/학원,40대,2940685,34,86490,미참여,0.325,20
2025-12,수원시 영통구,원천동,교육/학원,50대,2094405,21,99733,미참여,0.4,31
2025-12,수원시 영통구,원천동,교육/학원,60대 이상,2685589,33,81381,미참여,0.394,13
2025-12,수원시 영통구,원천동,병원/약국,20대,505349,23,21971,미참여,0.352,22
2025-12,수원시 영통구,원천동,병원/약국,30대,694841,30,23161,미참여,0.35,15
2025-12,수원시 영통구,원천동,병원/약국,40대,879544,32,27485,미참여,0.319,28
2025-12,수원시 영통구,원천동,병원/약국,50대,898399,37,24281,미참여,0.256,13
2025-12,수원시 영통구,원천동,병원/약국,60대 이상,1132572,42,26966,미참여,0.177,14
2025-12,수원시 영통구,원천동,편의점/마트,20대,589552,43,13710,미참여,0.406,19
2025-12,수원시 영통구,원천동,편의점/마트,30대,333978,24,13915,미참여,0.471,22
2025-12,수원시 영통구,원천동,편의점/마트,40대,493601,39,12656,미참여,0.314,14
2025-12,수원시 영통구,원천동,편의점/마트,50대,356534,25,14261,미참여,0.273,30
2025-12,수원시 영통구,원천동,편의점/마트,60대 이상,336695,28,12024,미참여,0.367,25
2025-12,광주 북구,용봉동,한식/분식,20대,726222,43,16888,미참여,0.388,17
2025-12,광주 북구,용봉동,한식/분식,30대,667106,38,17555,미참여,0.494,15
2025-12,광주 북구,용봉동,한식/분식,40대,721172,50,14423,미참여,0.361,17
2025-12,광주 북구,용봉동,한식/분식,50대,437763,27,16213,미참여,0.573,5
2025-12,광주 북구,용봉동,한식/분식,60대 이상,635890,50,12717,미참여,0.736,25
2025-12,광주 북구,용봉동,카페/디저트,20대,548852,60,9147,미참여,0.366,11
2025-12,광주 북구,용봉동,카페/디저트,30대,410498,42,9773,미참여,0.326,4
2025-12,광주 북구,용봉동,카페/디저트,40대,236585,27,8762,미참여,0.481,16
2025-12,광주 북구,용봉동,카페/디저트,50대,228530,23,9936,미참여,0.391,24
2025-12,광주 북구,용봉동,카페/디저트,60대 이상,262259,26,10086,미참여,0.317,8
2025-12,광주 북구,용봉동,신선식품,20대,444716,18,24706,미참여,0.295,21
2025-12,광주 북구,용봉동,신선식품,30대,731475,29,25223,미참여,0.167,17
2025-12,광주 북구,용봉동,신선식품,40대,1220443,42,29058,미참여,0.193,22
2025-12,광주 북구,용봉동,신선식품,50대,959008,33,29060,미참여,0.303,20
2025-12,광주 북구,용봉동,신선식품,60대 이상,1225704,42,29183,미참여,0.572,16
2025-12,광주 북구,용봉동,생활용품,20대,772399,32,24137,미참여,0.379,32
2025-12,광주 북구,용봉동,생활용품,30대,616225,29,21249,미참여,0.33,9
2025-12,광주 북구,용봉동,생활용품,40대,503014,25,20120,미참여,0.333,24
2025-12,광주 북구,용봉동,생활용품,50대,953165,37,25761,미참여,0.336,17
2025-12,광주 북구,용봉동,생활용품,60대 이상,925823,48,19287,미참여,0.287,24
2025-12,광주 북구,용봉동,의류/잡화,20대,1014619,31,32729,미참여,0.464,14
2025-12,광주 북구,용봉동,의류/잡화,30대,906823,29,31269,미참여,0.411,17
2025-12,광주 북구,용봉동,의류/잡화,40대,732384,23,31842,미참여,0.269,17
2025-12,광주 북구,용봉동,의류/잡화,50대,635308,15,42353,미참여,0.28,17
2025-12,광주 북구,용봉동,의류/잡화,60대 이상,783582,22,35617,미참여,0.287,31
2025-12,광주 북구,용봉동,미용/생활서비스,20대,1295041,41,31586,미참여,0.254,29
2025-12,광주 북구,용봉동,미용/생활서비스,30대,590816,23,25687,미참여,0.284,20
2025-12,광주 북구,용봉동,미용/생활서비스,40대,717412,26,27592,미참여,0.315,7
2025-12,광주 북구,용봉동,미용/생활서비스,50대,587654,21,27983,미참여,0.384,24
2025-12,광주 북구,용봉동,미용/생활서비스,60대 이상,880481,24,36686,미참여,0.257,19
2025-12,광주 북구,용봉동,교육/학원,20대,1612386,18,89577,미참여,0.438,14
2025-12,광주 북구,용봉동,교육/학원,30대,2896062,34,85178,미참여,0.291,23
2025-12,광주 북구,용봉동,교육/학원,40대,2537231,35,72492,미참여,0.334,29
2025-12,광주 북구,용봉동,교육/학원,50대,1438857,15,95923,미참여,0.396,5
2025-12,광주 북구,용봉동,교육/학원,60대 이상,858484,11,78044,미참여,0.284,13
2025-12,광주 북구,용봉동,병원/약국,20대,603234,28,21544,미참여,0.379,31
2025-12,광주 북구,용봉동,병원/약국,30대,641397,23,27886,미참여,0.147,4
2025-12,광주 북구,용봉동,병원/약국,40대,855214,31,27587,미참여,0.438,13
2025-12,광주 북구,용봉동,병원/약국,50대,973811,39,24969,미참여,0.41,27
2025-12,광주 북구,용봉동,병원/약국,60대 이상,831350,32,25979,미참여,0.203,23
2025-12,광주 북구,용봉동,편의점/마트,20대,356921,34,10497,미참여,0.444,32
2025-12,광주 북구,용봉동,편의점/마트,30대,332204,23,14443,미참여,0.385,13
2025-12,광주 북구,용봉동,편의점/마트,40대,389177,33,11793,미참여,0.371,20
2025-12,광주 북구,용봉동,편의점/마트,50대,277410,26,10669,미참여,0.381,9
2025-12,광주 북구,용봉동,편의점/마트,60대 이상,359129,33,10882,미참여,0.471,30
2025-12,광주 북구,운암동,한식/분식,20대,574578,46,12490,미참여,0.404,14
2025-12,광주 북구,운암동,한식/분식,30대,837168,47,17812,미참여,0.377,23
2025-12,광주 북구,운암동,한식/분식,40대,890652,60,14844,미참여,0.425,21
2025-12,광주 북구,운암동,한식/분식,50대,433677,31,13989,미참여,0.448,16
2025-12,광주 북구,운암동,한식/분식,60대 이상,757653,45,16836,미참여,0.384,16
2025-12,광주 북구,운암동,카페/디저트,20대,485570,51,9520,미참여,0.347,15
2025-12,광주 북구,운암동,카페/디저트,30대,348521,46,7576,미참여,0.403,33
2025-12,광주 북구,운암동,카페/디저트,40대,190686,23,8290,미참여,0.264,24
2025-12,광주 북구,운암동,카페/디저트,50대,257268,27,9528,미참여,0.242,18
2025-12,광주 북구,운암동,카페/디저트,60대 이상,167511,19,8816,미참여,0.424,17
2025-12,광주 북구,운암동,신선식품,20대,1818502,52,34971,미참여,0.388,26
2025-12,광주 북구,운암동,신선식품,30대,982398,40,24559,미참여,0.399,24
2025-12,광주 북구,운암동,신선식품,40대,2070641,63,32867,미참여,0.419,19
2025-12,광주 북구,운암동,신선식품,50대,1474753,45,32772,미참여,0.364,15
2025-12,광주 북구,운암동,신선식품,60대 이상,674046,26,25924,미참여,0.501,15
2025-12,광주 북구,운암동,생활용품,20대,344493,17,20264,미참여,0.287,16
2025-12,광주 북구,운암동,생활용품,30대,870479,44,19783,미참여,0.315,23
2025-12,광주 북구,운암동,생활용품,40대,824231,35,23549,미참여,0.324,11
2025-12,광주 북구,운암동,생활용품,50대,1021191,42,24314,미참여,0.375,15
2025-12,광주 북구,운암동,생활용품,60대 이상,701199,32,21912,미참여,0.446,17
2025-12,광주 북구,운암동,의류/잡화,20대,733403,23,31887,미참여,0.464,19
2025-12,광주 북구,운암동,의류/잡화,30대,830203,24,34591,미참여,0.331,8
2025-12,광주 북구,운암동,의류/잡화,40대,812829,26,31262,미참여,0.205,5
2025-12,광주 북구,운암동,의류/잡화,50대,473162,14,33797,미참여,0.345,25
2025-12,광주 북구,운암동,의류/잡화,60대 이상,641173,16,40073,미참여,0.44,24
2025-12,광주 북구,운암동,미용/생활서비스,20대,575799,19,30305,미참여,0.207,14
2025-12,광주 북구,운암동,미용/생활서비스,30대,516815,16,32300,미참여,0.442,24
2025-12,광주 북구,운암동,미용/생활서비스,40대,509839,19,26833,미참여,0.355,22
2025-12,광주 북구,운암동,미용/생활서비스,50대,854000,31,27548,미참여,0.191,21
2025-12,광주 북구,운암동,미용/생활서비스,60대 이상,566579,21,26979,미참여,0.409,13
2025-12,광주 북구,운암동,교육/학원,20대,2183832,23,94949,미참여,0.199,14
2025-12,광주 북구,운암동,교육/학원,30대,1298296,16,81143,미참여,0.396,23
2025-12,광주 북구,운암동,교육/학원,40대,1436095,14,102578,미참여,0.234,16
2025-12,광주 북구,운암동,교육/학원,50대,1244482,12,103706,미참여,0.228,13
2025-12,광주 북구,운암동,교육/학원,60대 이상,1475223,16,92201,미참여,0.172,4
2025-12,광주 북구,운암동,병원/약국,20대,575010,22,26136,미참여,0.383,14
2025-12,광주 북구,운암동,병원/약국,30대,855225,29,29490,미참여,0.564,19
2025-12,광주 북구,운암동,병원/약국,40대,728301,25,29132,미참여,0.386,29
2025-12,광주 북구,운암동,병원/약국,50대,738721,36,20520,미참여,0.21,25
2025-12,광주 북구,운암동,병원/약국,60대 이상,1373291,48,28610,미참여,0.273,17
2025-12,광주 북구,운암동,편의점/마트,20대,246524,22,11205,미참여,0.422,7
2025-12,광주 북구,운암동,편의점/마트,30대,289906,25,11596,미참여,0.451,14
2025-12,광주 북구,운암동,편의점/마트,40대,458391,31,14786,미참여,0.434,22
2025-12,광주 북구,운암동,편의점/마트,50대,170701,14,12192,미참여,0.424,24
2025-12,광주 북구,운암동,편의점/마트,60대 이상,329301,22,14968,미참여,0.317,11
2025-12,광주 북구,일곡동,한식/분식,20대,553137,36,15364,미참여,0.409,4
2025-12,광주 북구,일곡동,한식/분식,30대,395530,23,17196,미참여,0.48,23
2025-12,광주 북구,일곡동,한식/분식,40대,776651,48,16180,미참여,0.509,4
2025-12,광주 북구,일곡동,한식/분식,50대,509446,36,14151,미참여,0.408,8
2025-12,광주 북구,일곡동,한식/분식,60대 이상,487584,38,12831,미참여,0.442,26
2025-12,광주 북구,일곡동,카페/디저트,20대,415161,46,9025,미참여,0.12,21
2025-12,광주 북구,일곡동,카페/디저트,30대,246415,33,7467,미참여,0.393,29
2025-12,광주 북구,일곡동,카페/디저트,40대,229693,23,9986,미참여,0.267,13
2025-12,광주 북구,일곡동,카페/디저트,50대,321834,40,8045,미참여,0.213,23
2025-12,광주 북구,일곡동,카페/디저트,60대 이상,319371,39,8189,미참여,0.311,20
2025-12,광주 북구,일곡동,신선식품,20대,1012186,34,29770,미참여,0.423,6
2025-12,광주 북구,일곡동,신선식품,30대,835652,31,26956,미참여,0.441,27
2025-12,광주 북구,일곡동,신선식품,40대,993314,31,32042,미참여,0.215,22
2025-12,광주 북구,일곡동,신선식품,50대,1890663,60,31511,미참여,0.475,34
2025-12,광주 북구,일곡동,신선식품,60대 이상,861513,36,23930,미참여,0.526,14
2025-12,광주 북구,일곡동,생활용품,20대,703609,29,24262,미참여,0.309,31
2025-12,광주 북구,일곡동,생활용품,30대,667384,27,24717,미참여,0.325,11
2025-12,광주 북구,일곡동,생활용품,40대,697567,29,24054,미참여,0.425,31
2025-12,광주 북구,일곡동,생활용품,50대,1298763,50,25975,미참여,0.381,31
2025-12,광주 북구,일곡동,생활용품,60대 이상,906675,35,25905,미참여,0.331,28
2025-12,광주 북구,일곡동,의류/잡화,20대,1426652,38,37543,미참여,0.396,12
2025-12,광주 북구,일곡동,의류/잡화,30대,422263,14,30161,미참여,0.343,29
2025-12,광주 북구,일곡동,의류/잡화,40대,697685,20,34884,미참여,0.401,14
2025-12,광주 북구,일곡동,의류/잡화,50대,992391,23,43147,미참여,0.38,26
2025-12,광주 북구,일곡동,의류/잡화,60대 이상,500832,16,31302,미참여,0.363,12
2025-12,광주 북구,일곡동,미용/생활서비스,20대,579239,18,32179,미참여,0.429,16
2025-12,광주 북구,일곡동,미용/생활서비스,30대,583883,18,32437,미참여,0.429,13
2025-12,광주 북구,일곡동,미용/생활서비스,40대,962367,26,37014,미참여,0.385,18
2025-12,광주 북구,일곡동,미용/생활서비스,50대,777269,22,35330,미참여,0.335,30
2025-12,광주 북구,일곡동,미용/생활서비스,60대 이상,410721,16,25670,미참여,0.458,17
2025-12,광주 북구,일곡동,교육/학원,20대,1232055,15,82137,미참여,0.315,16
2025-12,광주 북구,일곡동,교육/학원,30대,2104894,20,105244,미참여,0.359,27
2025-12,광주 북구,일곡동,교육/학원,40대,2512166,24,104673,미참여,0.371,8
2025-12,광주 북구,일곡동,교육/학원,50대,698191,9,77576,미참여,0.294,18
2025-12,광주 북구,일곡동,교육/학원,60대 이상,1052638,10,105263,미참여,0.451,16
2025-12,광주 북구,일곡동,병원/약국,20대,540073,26,20772,미참여,0.25,19
2025-12,광주 북구,일곡동,병원/약국,30대,891332,35,25466,미참여,0.3,18
2025-12,광주 북구,일곡동,병원/약국,40대,810339,29,27942,미참여,0.282,22
2025-12,광주 북구,일곡동,병원/약국,50대,858226,42,20433,미참여,0.294,19
2025-12,광주 북구,일곡동,병원/약국,60대 이상,610338,28,21797,미참여,0.449,22
2025-12,광주 북구,일곡동,편의점/마트,20대,305216,28,10900,미참여,0.267,30
2025-12,광주 북구,일곡동,편의점/마트,30대,308293,27,11418,미참여,0.394,14
2025-12,광주 북구,일곡동,편의점/마트,40대,243182,19,12799,미참여,0.506,27
2025-12,광주 북구,일곡동,편의점/마트,50대,464926,32,14528,미참여,0.378,19
2025-12,광주 북구,일곡동,편의점/마트,60대 이상,374976,29,12930,미참여,0.411,18
2025-12,광주 북구,두암동,한식/분식,20대,521461,41,12718,미참여,0.395,31
2025-12,광주 북구,두암동,한식/분식,30대,712280,44,16188,미참여,0.471,19
2025-12,광주 북구,두암동,한식/분식,40대,745170,47,15854,미참여,0.548,15
2025-12,광주 북구,두암동,한식/분식,50대,651767,41,15896,미참여,0.453,17
2025-12,광주 북구,두암동,한식/분식,60대 이상,840279,58,14487,미참여,0.417,25
2025-12,광주 북구,두암동,카페/디저트,20대,481945,58,8309,미참여,0.386,17
2025-12,광주 북구,두암동,카페/디저트,30대,217974,27,8073,미참여,0.377,29
2025-12,광주 북구,두암동,카페/디저트,40대,190478,21,9070,미참여,0.222,12
2025-12,광주 북구,두암동,카페/디저트,50대,508382,50,10167,미참여,0.321,24
2025-12,광주 북구,두암동,카페/디저트,60대 이상,204543,25,8181,미참여,0.402,21
2025-12,광주 북구,두암동,신선식품,20대,521272,20,26063,미참여,0.419,17
2025-12,광주 북구,두암동,신선식품,30대,803414,31,25916,미참여,0.414,20
2025-12,광주 북구,두암동,신선식품,40대,940813,32,29400,미참여,0.607,4
2025-12,광주 북구,두암동,신선식품,50대,1223111,43,28444,미참여,0.533,24
2025-12,광주 북구,두암동,신선식품,60대 이상,1160615,36,32239,미참여,0.453,22
2025-12,광주 북구,두암동,생활용품,20대,907071,33,27487,미참여,0.344,24
2025-12,광주 북구,두암동,생활용품,30대,1024602,42,24395,미참여,0.578,13
2025-12,광주 북구,두암동,생활용품,40대,613235,29,21146,미참여,0.499,12
2025-12,광주 북구,두암동,생활용품,50대,678965,26,26114,미참여,0.19,13
2025-12,광주 북구,두암동,생활용품,60대 이상,911365,36,25315,미참여,0.428,26
2025-12,광주 북구,두암동,의류/잡화,20대,804401,25,32176,미참여,0.401,20
2025-12,광주 북구,두암동,의류/잡화,30대,524471,16,32779,미참여,0.317,21
2025-12,광주 북구,두암동,의류/잡화,40대,589917,14,42136,미참여,0.25,12
2025-12,광주 북구,두암동,의류/잡화,50대,551791,16,34486,미참여,0.424,21
2025-12,광주 북구,두암동,의류/잡화,60대 이상,607281,17,35722,미참여,0.425,22
2025-12,광주 북구,두암동,미용/생활서비스,20대,491167,18,27287,미참여,0.261,19
2025-12,광주 북구,두암동,미용/생활서비스,30대,586071,16,36629,미참여,0.298,22
2025-12,광주 북구,두암동,미용/생활서비스,40대,883276,25,35331,미참여,0.239,19
2025-12,광주 북구,두암동,미용/생활서비스,50대,542153,16,33884,미참여,0.258,24
2025-12,광주 북구,두암동,미용/생활서비스,60대 이상,803935,23,34953,미참여,0.216,18
2025-12,광주 북구,두암동,교육/학원,20대,1065657,14,76118,미참여,0.12,10
2025-12,광주 북구,두암동,교육/학원,30대,1918242,21,91344,미참여,0.329,13
2025-12,광주 북구,두암동,교육/학원,40대,1409838,19,74202,미참여,0.296,15
2025-12,광주 북구,두암동,교육/학원,50대,1310438,15,87362,미참여,0.275,23
2025-12,광주 북구,두암동,교육/학원,60대 이상,2006365,22,91198,미참여,0.527,10
2025-12,광주 북구,두암동,병원/약국,20대,744984,25,29799,미참여,0.227,24
2025-12,광주 북구,두암동,병원/약국,30대,921177,35,26319,미참여,0.195,21
2025-12,광주 북구,두암동,병원/약국,40대,604128,28,21576,미참여,0.29,21
2025-12,광주 북구,두암동,병원/약국,50대,912180,35,26062,미참여,0.377,28
2025-12,광주 북구,두암동,병원/약국,60대 이상,1334487,46,29010,미참여,0.456,20
2025-12,광주 북구,두암동,편의점/마트,20대,400057,28,14287,미참여,0.603,10
2025-12,광주 북구,두암동,편의점/마트,30대,287102,22,13050,미참여,0.265,28
2025-12,광주 북구,두암동,편의점/마트,40대,439198,37,11870,미참여,0.371,24
2025-12,광주 북구,두암동,편의점/마트,50대,352999,26,13576,미참여,0.488,16
2025-12,광주 북구,두암동,편의점/마트,60대 이상,231821,22,10537,미참여,0.367,16
2025-12,광주 동구,충장동,한식/분식,20대,589382,39,15112,미참여,0.367,18
2025-12,광주 동구,충장동,한식/분식,30대,489675,36,13602,미참여,0.55,5
2025-12,광주 동구,충장동,한식/분식,40대,828085,50,16561,미참여,0.534,23
2025-12,광주 동구,충장동,한식/분식,50대,424350,27,15716,미참여,0.381,20
2025-12,광주 동구,충장동,한식/분식,60대 이상,709272,45,15761,미참여,0.563,13
2025-12,광주 동구,충장동,카페/디저트,20대,282665,33,8565,미참여,0.315,16
2025-12,광주 동구,충장동,카페/디저트,30대,378985,38,9973,미참여,0.222,23
2025-12,광주 동구,충장동,카페/디저트,40대,265965,31,8579,미참여,0.291,22
2025-12,광주 동구,충장동,카페/디저트,50대,85483,12,7123,미참여,0.324,34
2025-12,광주 동구,충장동,카페/디저트,60대 이상,208210,29,7179,미참여,0.452,21
2025-12,광주 동구,충장동,신선식품,20대,558756,16,34922,미참여,0.325,23
2025-12,광주 동구,충장동,신선식품,30대,1201454,42,28606,미참여,0.453,5
2025-12,광주 동구,충장동,신선식품,40대,802899,27,29737,미참여,0.421,17
2025-12,광주 동구,충장동,신선식품,50대,1688636,55,30702,미참여,0.503,18
2025-12,광주 동구,충장동,신선식품,60대 이상,865188,35,24719,미참여,0.447,20
2025-12,광주 동구,충장동,생활용품,20대,764363,28,27298,미참여,0.328,16
2025-12,광주 동구,충장동,생활용품,30대,488678,25,19547,미참여,0.193,17
2025-12,광주 동구,충장동,생활용품,40대,535804,27,19844,미참여,0.323,13
2025-12,광주 동구,충장동,생활용품,50대,1225979,45,27243,미참여,0.313,20
2025-12,광주 동구,충장동,생활용품,60대 이상,688660,30,22955,미참여,0.278,26
2025-12,광주 동구,충장동,의류/잡화,20대,1164552,33,35289,미참여,0.405,25
2025-12,광주 동구,충장동,의류/잡화,30대,765043,19,40265,미참여,0.295,45
2025-12,광주 동구,충장동,의류/잡화,40대,1253043,30,41768,미참여,0.294,31
2025-12,광주 동구,충장동,의류/잡화,50대,991542,26,38136,미참여,0.345,8
2025-12,광주 동구,충장동,의류/잡화,60대 이상,951014,27,35222,미참여,0.405,16
2025-12,광주 동구,충장동,미용/생활서비스,20대,1076402,35,30754,미참여,0.295,10
2025-12,광주 동구,충장동,미용/생활서비스,30대,506134,15,33742,미참여,0.296,21
2025-12,광주 동구,충장동,미용/생활서비스,40대,770157,21,36674,미참여,0.334,14
2025-12,광주 동구,충장동,미용/생활서비스,50대,571613,22,25982,미참여,0.242,16
2025-12,광주 동구,충장동,미용/생활서비스,60대 이상,653037,19,34370,미참여,0.241,12
2025-12,광주 동구,충장동,교육/학원,20대,1439361,16,89960,미참여,0.291,20
2025-12,광주 동구,충장동,교육/학원,30대,3522650,36,97851,미참여,0.246,17
2025-12,광주 동구,충장동,교육/학원,40대,2242024,28,80072,미참여,0.313,23
2025-12,광주 동구,충장동,교육/학원,50대,1441717,16,90107,미참여,0.213,9
2025-12,광주 동구,충장동,교육/학원,60대 이상,1317845,18,73213,미참여,0.378,13
2025-12,광주 동구,충장동,병원/약국,20대,827951,39,21229,미참여,0.347,5
2025-12,광주 동구,충장동,병원/약국,30대,345967,13,26612,미참여,0.307,19
2025-12,광주 동구,충장동,병원/약국,40대,787274,32,24602,미참여,0.404,10
2025-12,광주 동구,충장동,병원/약국,50대,1089350,43,25333,미참여,0.31,17
2025-12,광주 동구,충장동,병원/약국,60대 이상,883242,31,28491,미참여,0.373,13
2025-12,광주 동구,충장동,편의점/마트,20대,405711,32,12678,미참여,0.497,25
2025-12,광주 동구,충장동,편의점/마트,30대,407224,32,12725,미참여,0.416,24
2025-12,광주 동구,충장동,편의점/마트,40대,302410,23,13148,미참여,0.362,23
2025-12,광주 동구,충장동,편의점/마트,50대,296647,27,10986,미참여,0.412,2
2025-12,광주 동구,충장동,편의점/마트,60대 이상,257243,24,10718,미참여,0.357,5
2025-12,광주 동구,동명동,한식/분식,20대,772995,45,17177,미참여,0.485,30
2025-12,광주 동구,동명동,한식/분식,30대,362827,23,15775,미참여,0.538,32
2025-12,광주 동구,동명동,한식/분식,40대,729970,57,12806,미참여,0.585,18
2025-12,광주 동구,동명동,한식/분식,50대,678705,46,14754,미참여,0.381,19
2025-12,광주 동구,동명동,한식/분식,60대 이상,750692,55,13648,미참여,0.397,22
2025-12,광주 동구,동명동,카페/디저트,20대,431685,53,8145,미참여,0.394,26
2025-12,광주 동구,동명동,카페/디저트,30대,268638,29,9263,미참여,0.328,14
2025-12,광주 동구,동명동,카페/디저트,40대,278079,29,9588,미참여,0.305,21
2025-12,광주 동구,동명동,카페/디저트,50대,212458,28,7587,미참여,0.274,22
2025-12,광주 동구,동명동,카페/디저트,60대 이상,396247,40,9906,미참여,0.386,17
2025-12,광주 동구,동명동,신선식품,20대,1312010,44,29818,미참여,0.438,28
2025-12,광주 동구,동명동,신선식품,30대,751574,26,28906,미참여,0.277,19
2025-12,광주 동구,동명동,신선식품,40대,1398761,46,30407,미참여,0.37,21
2025-12,광주 동구,동명동,신선식품,50대,1081039,36,30028,미참여,0.571,16
2025-12,광주 동구,동명동,신선식품,60대 이상,691278,26,26587,미참여,0.605,28
2025-12,광주 동구,동명동,생활용품,20대,1008793,37,27264,미참여,0.286,22
2025-12,광주 동구,동명동,생활용품,30대,931663,41,22723,미참여,0.299,10
2025-12,광주 동구,동명동,생활용품,40대,987821,43,22972,미참여,0.373,10
2025-12,광주 동구,동명동,생활용품,50대,580730,24,24197,미참여,0.45,23
2025-12,광주 동구,동명동,생활용품,60대 이상,1116370,42,26580,미참여,0.281,20
2025-12,광주 동구,동명동,의류/잡화,20대,1590661,39,40786,미참여,0.357,25
2025-12,광주 동구,동명동,의류/잡화,30대,881298,26,33896,미참여,0.357,15
2025-12,광주 동구,동명동,의류/잡화,40대,682843,19,35939,미참여,0.329,12
2025-12,광주 동구,동명동,의류/잡화,50대,1079867,28,38566,미참여,0.281,24
2025-12,광주 동구,동명동,의류/잡화,60대 이상,616129,18,34229,미참여,0.191,18
2025-12,광주 동구,동명동,미용/생활서비스,20대,755459,21,35974,미참여,0.333,6
2025-12,광주 동구,동명동,미용/생활서비스,30대,656249,23,28532,미참여,0.297,18
2025-12,광주 동구,동명동,미용/생활서비스,40대,809426,29,27911,미참여,0.47,35
2025-12,광주 동구,동명동,미용/생활서비스,50대,865687,27,32062,미참여,0.324,23
2025-12,광주 동구,동명동,미용/생활서비스,60대 이상,656414,22,29837,미참여,0.376,12
2025-12,광주 동구,동명동,교육/학원,20대,1052241,11,95658,미참여,0.297,27
2025-12,광주 동구,동명동,교육/학원,30대,2281193,28,81471,미참여,0.351,17
2025-12,광주 동구,동명동,교육/학원,40대,2268528,23,98631,미참여,0.426,15
2025-12,광주 동구,동명동,교육/학원,50대,1269276,17,74663,미참여,0.482,30
2025-12,광주 동구,동명동,교육/학원,60대 이상,1769029,20,88451,미참여,0.404,30
2025-12,광주 동구,동명동,병원/약국,20대,412462,15,27497,미참여,0.585,25
2025-12,광주 동구,동명동,병원/약국,30대,676181,27,25043,미참여,0.357,23
2025-12,광주 동구,동명동,병원/약국,40대,550251,20,27512,미참여,0.286,18
2025-12,광주 동구,동명동,병원/약국,50대,951719,32,29741,미참여,0.211,23
2025-12,광주 동구,동명동,병원/약국,60대 이상,1547935,54,28665,미참여,0.3,8
2025-12,광주 동구,동명동,편의점/마트,20대,444203,40,11105,미참여,0.349,5
2025-12,광주 동구,동명동,편의점/마트,30대,322474,28,11516,미참여,0.373,14
2025-12,광주 동구,동명동,편의점/마트,40대,553382,41,13497,미참여,0.387,10
2025-12,광주 동구,동명동,편의점/마트,50대,586728,44,13334,미참여,0.317,17
2025-12,광주 동구,동명동,편의점/마트,60대 이상,291025,25,11641,미참여,0.452,18
2025-12,광주 동구,서남동,한식/분식,20대,400447,32,12513,미참여,0.298,23
2025-12,광주 동구,서남동,한식/분식,30대,576858,33,17480,미참여,0.403,19
2025-12,광주 동구,서남동,한식/분식,40대,435078,27,16114,미참여,0.36,27
2025-12,광주 동구,서남동,한식/분식,50대,615118,44,13979,미참여,0.581,7
2025-12,광주 동구,서남동,한식/분식,60대 이상,483708,38,12729,미참여,0.541,2
2025-12,광주 동구,서남동,카페/디저트,20대,367594,36,10210,미참여,0.441,6
2025-12,광주 동구,서남동,카페/디저트,30대,279173,30,9305,미참여,0.26,5
2025-12,광주 동구,서남동,카페/디저트,40대,242053,29,8346,미참여,0.317,35
2025-12,광주 동구,서남동,카페/디저트,50대,246522,26,9481,미참여,0.416,26
2025-12,광주 동구,서남동,카페/디저트,60대 이상,336758,43,7831,미참여,0.243,11
2025-12,광주 동구,서남동,신선식품,20대,949785,31,30638,미참여,0.499,25
2025-12,광주 동구,서남동,신선식품,30대,453273,13,34867,미참여,0.523,21
2025-12,광주 동구,서남동,신선식품,40대,706527,28,25233,미참여,0.449,22
2025-12,광주 동구,서남동,신선식품,50대,1204797,43,28018,미참여,0.37,12
2025-12,광주 동구,서남동,신선식품,60대 이상,1049048,41,25586,미참여,0.389,25
2025-12,광주 동구,서남동,생활용품,20대,728927,29,25135,미참여,0.462,22
2025-12,광주 동구,서남동,생활용품,30대,707140,31,22810,미참여,0.257,17
2025-12,광주 동구,서남동,생활용품,40대,574749,25,22989,미참여,0.232,21
2025-12,광주 동구,서남동,생활용품,50대,740814,32,23150,미참여,0.401,24
2025-12,광주 동구,서남동,생활용품,60대 이상,653605,31,21084,미참여,0.483,13
2025-12,광주 동구,서남동,의류/잡화,20대,971160,31,31327,미참여,0.295,19
2025-12,광주 동구,서남동,의류/잡화,30대,750081,25,30003,미참여,0.498,23
2025-12,광주 동구,서남동,의류/잡화,40대,1282239,34,37712,미참여,0.257,8
2025-12,광주 동구,서남동,의류/잡화,50대,674153,19,35481,미참여,0.344,32
2025-12,광주 동구,서남동,의류/잡화,60대 이상,736517,24,30688,미참여,0.3,32
2025-12,광주 동구,서남동,미용/생활서비스,20대,774509,22,35204,미참여,0.378,12
2025-12,광주 동구,서남동,미용/생활서비스,30대,732604,24,30525,미참여,0.313,32
2025-12,광주 동구,서남동,미용/생활서비스,40대,885719,32,27678,미참여,0.43,1
2025-12,광주 동구,서남동,미용/생활서비스,50대,749616,22,34073,미참여,0.354,19
2025-12,광주 동구,서남동,미용/생활서비스,60대 이상,491599,18,27311,미참여,0.428,26
2025-12,광주 동구,서남동,교육/학원,20대,1193546,16,74596,미참여,0.377,16
2025-12,광주 동구,서남동,교육/학원,30대,2159718,23,93900,미참여,0.315,23
2025-12,광주 동구,서남동,교육/학원,40대,2564033,25,102561,미참여,0.436,10
2025-12,광주 동구,서남동,교육/학원,50대,1057103,11,96100,미참여,0.387,11
2025-12,광주 동구,서남동,교육/학원,60대 이상,1884176,23,81920,미참여,0.455,24
2025-12,광주 동구,서남동,병원/약국,20대,448446,21,21354,미참여,0.274,15
2025-12,광주 동구,서남동,병원/약국,30대,490310,19,25805,미참여,0.349,23
2025-12,광주 동구,서남동,병원/약국,40대,637093,28,22753,미참여,0.313,28
2025-12,광주 동구,서남동,병원/약국,50대,747077,26,28733,미참여,0.43,29
2025-12,광주 동구,서남동,병원/약국,60대 이상,1215285,58,20953,미참여,0.343,15
2025-12,광주 동구,서남동,편의점/마트,20대,260536,21,12406,미참여,0.346,13
2025-12,광주 동구,서남동,편의점/마트,30대,318063,29,10967,미참여,0.499,17
2025-12,광주 동구,서남동,편의점/마트,40대,358112,33,10851,미참여,0.349,25
2025-12,광주 동구,서남동,편의점/마트,50대,611130,44,13889,미참여,0.517,12
2025-12,광주 동구,서남동,편의점/마트,60대 이상,560655,47,11928,미참여,0.418,24
2025-12,광주 동구,학동,한식/분식,20대,743727,52,14302,미참여,0.535,9
2025-12,광주 동구,학동,한식/분식,30대,422843,34,12436,미참여,0.507,15
2025-12,광주 동구,학동,한식/분식,40대,651309,42,15507,미참여,0.254,16
2025-12,광주 동구,학동,한식/분식,50대,617398,37,16686,미참여,0.417,12
2025-12,광주 동구,학동,한식/분식,60대 이상,794334,47,16900,미참여,0.357,37
2025-12,광주 동구,학동,카페/디저트,20대,499976,54,9258,미참여,0.316,28
2025-12,광주 동구,학동,카페/디저트,30대,281941,35,8055,미참여,0.342,15
2025-12,광주 동구,학동,카페/디저트,40대,254133,25,10165,미참여,0.271,21
2025-12,광주 동구,학동,카페/디저트,50대,147138,15,9809,미참여,0.312,30
2025-12,광주 동구,학동,카페/디저트,60대 이상,282077,34,8296,미참여,0.299,14
2025-12,광주 동구,학동,신선식품,20대,729406,28,26050,미참여,0.429,11
2025-12,광주 동구,학동,신선식품,30대,1222130,37,33030,미참여,0.528,16
2025-12,광주 동구,학동,신선식품,40대,966289,35,27608,미참여,0.576,10
2025-12,광주 동구,학동,신선식품,50대,1279654,42,30467,미참여,0.452,14
2025-12,광주 동구,학동,신선식품,60대 이상,814463,31,26273,미참여,0.486,31
2025-12,광주 동구,학동,생활용품,20대,420834,21,20039,미참여,0.316,20
2025-12,광주 동구,학동,생활용품,30대,1201897,53,22677,미참여,0.403,13
2025-12,광주 동구,학동,생활용품,40대,437256,21,20821,미참여,0.47,16
2025-12,광주 동구,학동,생활용품,50대,952079,40,23801,미참여,0.215,26
2025-12,광주 동구,학동,생활용품,60대 이상,705536,27,26130,미참여,0.455,26
2025-12,광주 동구,학동,의류/잡화,20대,748134,19,39375,미참여,0.266,18
2025-12,광주 동구,학동,의류/잡화,30대,1122294,36,31174,미참여,0.287,25
2025-12,광주 동구,학동,의류/잡화,40대,990381,28,35370,미참여,0.45,21
2025-12,광주 동구,학동,의류/잡화,50대,919335,22,41787,미참여,0.507,30
2025-12,광주 동구,학동,의류/잡화,60대 이상,751665,18,41759,미참여,0.392,31
2025-12,광주 동구,학동,미용/생활서비스,20대,398759,14,28482,미참여,0.418,33
2025-12,광주 동구,학동,미용/생활서비스,30대,944923,27,34997,미참여,0.39,25
2025-12,광주 동구,학동,미용/생활서비스,40대,467231,13,35940,미참여,0.236,19
2025-12,광주 동구,학동,미용/생활서비스,50대,668080,19,35162,미참여,0.388,21
2025-12,광주 동구,학동,미용/생활서비스,60대 이상,688654,22,31302,미참여,0.458,5
2025-12,광주 동구,학동,교육/학원,20대,1270022,16,79376,미참여,0.29,12
2025-12,광주 동구,학동,교육/학원,30대,1915538,20,95776,미참여,0.428,30
2025-12,광주 동구,학동,교육/학원,40대,1609671,16,100604,미참여,0.355,15
2025-12,광주 동구,학동,교육/학원,50대,1493018,15,99534,미참여,0.33,22
2025-12,광주 동구,학동,교육/학원,60대 이상,1364099,18,75783,미참여,0.338,27
2025-12,광주 동구,학동,병원/약국,20대,665941,31,21481,미참여,0.424,16
2025-12,광주 동구,학동,병원/약국,30대,659086,25,26363,미참여,0.243,20
2025-12,광주 동구,학동,병원/약국,40대,763955,32,23873,미참여,0.355,12
2025-12,광주 동구,학동,병원/약국,50대,632184,24,26341,미참여,0.264,15
2025-12,광주 동구,학동,병원/약국,60대 이상,1333470,48,27780,미참여,0.371,19
2025-12,광주 동구,학동,편의점/마트,20대,517865,43,12043,미참여,0.479,28
2025-12,광주 동구,학동,편의점/마트,30대,380497,31,12274,미참여,0.409,13
2025-12,광주 동구,학동,편의점/마트,40대,473206,34,13917,미참여,0.488,9
2025-12,광주 동구,학동,편의점/마트,50대,360425,32,11263,미참여,0.381,30
2025-12,광주 동구,학동,편의점/마트,60대 이상,387021,26,14885,미참여,0.623,29
