month,region,district,industry,age_group,payment_amount,transaction_count,avg_ticket,event_participation,revisit_rate,merchant_count,gender,source_date,source
2025-11,수원시 권선구,곡선동,레저/스포츠 서비스,10대,160713,32,5022,미확인,0.35,1,남,2026-01-20,공공데이터포털_경기도 수원시_지역화폐 결제 정보_20260120
2025-11,수원시 권선구,곡선동,문화/취미,10대,2923,1,2923,미확인,0.35,1,남,2026-01-20,공공데이터포털_경기도 수원시_지역화폐 결제 정보_20260120
2025-11,수원시 권선구,곡선동,미용/위생,10대,111564,8,13946,미확인,0.35,1,남,2026-01-20,공공데이터포털_경기도 수원시_지역화폐 결제 정보_20260120
2025-11,수원시 권선구,곡선동,서적/문구/학습자재,10대,1029,4,257,미확인,0.35,1,남,2026-01-20,공공데이터포털_경기도 수원시_지역화폐 결제 정보_20260120
2025-11,수원시 권선구,곡선동,약국,10대,19908,6,3318,미확인,0.35,1,남,2026-01-20,공공데이터포털_경기도 수원시_지역화폐 결제 정보_20260120
2025-11,수원시 권선구,곡선동,용역서비스,10대,1363,1,1363,미확인,0.35,1,남,2026-01-20,공공데이터포털_경기도 수원시_지역화폐 결제 정보_20260120
2025-11,수원시 권선구,곡선동,음료/식품,10대,30460,14,2176,미확인,0.35,1,남,2026-01-20,공공데이터포털_경기도 수원시_지역화폐 결제 정보_20260120
2025-11,수원시 권선구,곡선동,의원,10대,13107,3,4369,미확인,0.35,1,남,2026-01-20,공공데이터포털_경기도 수원시_지역화폐 결제 정보_20260120
2025-11,수원시 권선구,곡선동,일반/휴게 음식,10대,433478,63,6881,미확인,0.35,1,남,2026-01-20,공공데이터포털_경기도 수원시_지역화폐 결제 정보_20260120
2025-11,수원시 권선구,곡선동,일반유통,10대,96910,33,2937,미확인,0.35,1,남,2026-01-20,공공데이터포털_경기도 수원시_지역화폐 결제 정보_20260120
2025-11,수원시 권선구,곡선동,자동차 정비/유지,10대,40000,1,40000,미확인,0.35,1,남,2026-01-20,공공데이터포털_경기도 수원시_지역화폐 결제 정보_20260120
2025-11,수원시 권선구,곡선동,학원,10대,404628,17,23802,미확인,0.35,1,남,2026-01-20,공공데이터포털_경기도 수원시_지역화폐 결제 정보_20260120
2025-11,수원시 권선구,곡선동,기타의료,20대,405450,2,202725,미확인,0.35,1,남,2026-01-20,공공데이터포털_경기도 수원시_지역화폐 결제 정보_20260120
2025-11,수원시 권선구,곡선동,레저/문화 용품,20대,2325,1,2325,미확인,0.35,1,남,2026-01-20,공공데이터포털_경기도 수원시_지역화폐 결제 정보_20260120
2025-11,수원시 권선구,곡선동,레저/스포츠 서비스,20대,474085,80,5926,미확인,0.35,1,남,2026-01-20,공공데이터포털_경기도 수원시_지역화폐 결제 정보_20260120
2025-11,수원시 권선구,곡선동,문화/취미,20대,175110,35,5003,미확인,0.35,1,남,2026-01-20,공공데이터포털_경기도 수원시_지역화폐 결제 정보_20260120
2025-11,수원시 권선구,곡선동,미용/위생,20대,1259758,76,16576,미확인,0.35,1,남,2026-01-20,공공데이터포털_경기도 수원시_지역화폐 결제 정보_20260120
2025-11,수원시 권선구,곡선동,서적/문구/학습자재,20대,2232,4,558,미확인,0.35,1,남,2026-01-20,공공데이터포털_경기도 수원시_지역화폐 결제 정보_20260120
2025-11,수원시 권선구,곡선동,신변잡화,20대,17897,8,2237,미확인,0.35,1,남,2026-01-20,공공데이터포털_경기도 수원시_지역화폐 결제 정보_20260120
2025-11,수원시 권선구,곡선동,약국,20대,283268,39,7263,미확인,0.35,1,남,2026-01-20,공공데이터포털_경기도 수원시_지역화폐 결제 정보_20260120
2025-11,수원시 권선구,곡선동,용역서비스,20대,94830,25,3793,미확인,0.35,1,남,2026-01-20,공공데이터포털_경기도 수원시_지역화폐 결제 정보_20260120
2025-11,수원시 권선구,곡선동,음료/식품,20대,790679,147,5379,미확인,0.35,1,남,2026-01-20,공공데이터포털_경기도 수원시_지역화폐 결제 정보_20260120
2025-11,수원시 권선구,곡선동,의류,20대,180000,2,90000,미확인,0.35,1,남,2026-01-20,공공데이터포털_경기도 수원시_지역화폐 결제 정보_20260120
2025-11,수원시 권선구,곡선동,의원,20대,1010492,29,34845,미확인,0.35,1,남,2026-01-20,공공데이터포털_경기도 수원시_지역화폐 결제 정보_20260120
2025-11,수원시 권선구,곡선동,일반/휴게 음식,20대,8679389,913,9506,미확인,0.35,1,남,2026-01-20,공공데이터포털_경기도 수원시_지역화폐 결제 정보_20260120
2025-11,수원시 권선구,곡선동,일반유통,20대,2830075,533,5310,미확인,0.35,1,남,2026-01-20,공공데이터포털_경기도 수원시_지역화폐 결제 정보_20260120
2025-11,수원시 권선구,곡선동,자동차 정비/유지,20대,204329,3,68110,미확인,0.35,1,남,2026-01-20,공공데이터포털_경기도 수원시_지역화폐 결제 정보_20260120
2025-11,수원시 권선구,곡선동,주유/충전소,20대,27935,5,5587,미확인,0.35,1,남,2026-01-20,공공데이터포털_경기도 수원시_지역화폐 결제 정보_20260120
2025-11,수원시 권선구,곡선동,학원,20대,256633,17,15096,미확인,0.35,1,남,2026-01-20,공공데이터포털_경기도 수원시_지역화폐 결제 정보_20260120
2025-11,수원시 권선구,곡선동,기타의료,30대,1365722,25,54629,미확인,0.35,1,남,2026-01-20,공공데이터포털_경기도 수원시_지역화폐 결제 정보_20260120
2025-11,수원시 권선구,곡선동,레저/문화 용품,30대,354320,20,17716,미확인,0.35,1,남,2026-01-20,공공데이터포털_경기도 수원시_지역화폐 결제 정보_20260120
2025-11,수원시 권선구,곡선동,레저/스포츠 서비스,30대,1007813,244,4130,미확인,0.35,1,남,2026-01-20,공공데이터포털_경기도 수원시_지역화폐 결제 정보_20260120
2025-11,수원시 권선구,곡선동,문화/취미,30대,285144,352,810,미확인,0.35,1,남,2026-01-20,공공데이터포털_경기도 수원시_지역화폐 결제 정보_20260120
2025-11,수원시 권선구,곡선동,미용/위생,30대,2644503,213,12416,미확인,0.35,1,남,2026-01-20,공공데이터포털_경기도 수원시_지역화폐 결제 정보_20260120
2025-11,수원시 권선구,곡선동,서적/문구/학습자재,30대,429243,30,14308,미확인,0.35,1,남,2026-01-20,공공데이터포털_경기도 수원시_지역화폐 결제 정보_20260120
2025-11,수원시 권선구,곡선동,신변잡화,30대,5803,5,1161,미확인,0.35,1,남,2026-01-20,공공데이터포털_경기도 수원시_지역화폐 결제 정보_20260120
2025-11,수원시 권선구,곡선동,약국,30대,830539,403,2061,미확인,0.35,1,남,2026-01-20,공공데이터포털_경기도 수원시_지역화폐 결제 정보_20260120
2025-11,수원시 권선구,곡선동,용역서비스,30대,340869,52,6555,미확인,0.35,1,남,2026-01-20,공공데이터포털_경기도 수원시_지역화폐 결제 정보_20260120
2025-11,수원시 권선구,곡선동,음료/식품,30대,1188034,353,3366,미확인,0.35,1,남,2026-01-20,공공데이터포털_경기도 수원시_지역화폐 결제 정보_20260120
2025-11,수원시 권선구,곡선동,의류,30대,16164,4,4041,미확인,0.35,1,남,2026-01-20,공공데이터포털_경기도 수원시_지역화폐 결제 정보_20260120
2025-11,수원시 권선구,곡선동,의원,30대,1935980,273,7092,미확인,0.35,1,남,2026-01-20,공공데이터포털_경기도 수원시_지역화폐 결제 정보_20260120
2025-11,수원시 권선구,곡선동,일반/휴게 음식,30대,10397382,2542,4090,미확인,0.35,1,남,2026-01-20,공공데이터포털_경기도 수원시_지역화폐 결제 정보_20260120
2025-11,수원시 권선구,곡선동,일반유통,30대,2619875,1272,2060,미확인,0.35,1,남,2026-01-20,공공데이터포털_경기도 수원시_지역화폐 결제 정보_20260120
2025-11,수원시 권선구,곡선동,자동차 정비/유지,30대,397181,33,12036,미확인,0.35,1,남,2026-01-20,공공데이터포털_경기도 수원시_지역화폐 결제 정보_20260120
2025-11,수원시 권선구,곡선동,전자상거래,30대,5103,2,2552,미확인,0.35,1,남,2026-01-20,공공데이터포털_경기도 수원시_지역화폐 결제 정보_20260120
2025-11,수원시 권선구,곡선동,주유/충전소,30대,40561,8,5070,미확인,0.35,1,남,2026-01-20,공공데이터포털_경기도 수원시_지역화폐 결제 정보_20260120
2025-11,수원시 권선구,곡선동,학원,30대,2317525,93,24920,미확인,0.35,1,남,2026-01-20,공공데이터포털_경기도 수원시_지역화폐 결제 정보_20260120
2025-11,수원시 권선구,곡선동,건축자재,40대,2161,1,2161,미확인,0.35,1,남,2026-01-20,공공데이터포털_경기도 수원시_지역화폐 결제 정보_20260120
2025-11,수원시 권선구,곡선동,기타의료,40대,1202071,16,75129,미확인,0.35,1,남,2026-01-20,공공데이터포털_경기도 수원시_지역화폐 결제 정보_20260120
2025-11,수원시 권선구,곡선동,레저/문화 용품,40대,239123,38,6293,미확인,0.35,1,남,2026-01-20,공공데이터포털_경기도 수원시_지역화폐 결제 정보_20260120
2025-11,수원시 권선구,곡선동,레저/스포츠 서비스,40대,357383,121,2954,미확인,0.35,1,남,2026-01-20,공공데이터포털_경기도 수원시_지역화폐 결제 정보_20260120
2025-11,수원시 권선구,곡선동,문화/취미,40대,335998,151,2225,미확인,0.35,1,남,2026-01-20,공공데이터포털_경기도 수원시_지역화폐 결제 정보_20260120
2025-11,수원시 권선구,곡선동,미용/위생,40대,2017762,258,7821,미확인,0.35,1,남,2026-01-20,공공데이터포털_경기도 수원시_지역화폐 결제 정보_20260120
2025-11,수원시 권선구,곡선동,서적/문구/학습자재,40대,359400,86,4179,미확인,0.35,1,남,2026-01-20,공공데이터포털_경기도 수원시_지역화폐 결제 정보_20260120
2025-11,수원시 권선구,곡선동,신변잡화,40대,32987,17,1940,미확인,0.35,1,남,2026-01-20,공공데이터포털_경기도 수원시_지역화폐 결제 정보_20260120
2025-11,수원시 권선구,곡선동,약국,40대,1484654,619,2398,미확인,0.35,1,남,2026-01-20,공공데이터포털_경기도 수원시_지역화폐 결제 정보_20260120
2025-11,수원시 권선구,곡선동,용역서비스,40대,1181004,89,13270,미확인,0.35,1,남,2026-01-20,공공데이터포털_경기도 수원시_지역화폐 결제 정보_20260120
2025-11,수원시 권선구,곡선동,음료/식품,40대,944860,349,2707,미확인,0.35,1,남,2026-01-20,공공데이터포털_경기도 수원시_지역화폐 결제 정보_20260120
2025-11,수원시 권선구,곡선동,의류,40대,28212,4,7053,미확인,0.35,1,남,2026-01-20,공공데이터포털_경기도 수원시_지역화폐 결제 정보_20260120
2025-11,수원시 권선구,곡선동,의원,40대,2417007,416,5810,미확인,0.35,1,남,2026-01-20,공공데이터포털_경기도 수원시_지역화폐 결제 정보_20260120
2025-11,수원시 권선구,곡선동,일반/휴게 음식,40대,15461172,3354,4610,미확인,0.35,1,남,2026-01-20,공공데이터포털_경기도 수원시_지역화폐 결제 정보_20260120
2025-11,수원시 권선구,곡선동,일반유통,40대,3151170,1423,2214,미확인,0.35,1,남,2026-01-20,공공데이터포털_경기도 수원시_지역화폐 결제 정보_20260120
2025-11,수원시 권선구,곡선동,자동차 정비/유지,40대,624568,42,14871,미확인,0.35,1,남,2026-01-20,공공데이터포털_경기도 수원시_지역화폐 결제 정보_20260120
2025-11,수원시 권선구,곡선동,자동차판매,40대,5000,1,5000,미확인,0.35,1,남,2026-01-20,공공데이터포털_경기도 수원시_지역화폐 결제 정보_20260120
2025-11,수원시 권선구,곡선동,전자상거래,40대,16720,3,5573,미확인,0.35,1,남,2026-01-20,공공데이터포털_경기도 수원시_지역화폐 결제 정보_20260120
2025-11,수원시 권선구,곡선동,전자제품,40대,2364,1,2364,미확인,0.35,1,남,2026-01-20,공공데이터포털_경기도 수원시_지역화폐 결제 정보_20260120
2025-11,수원시 권선구,곡선동,주유/충전소,40대,67246,16,4203,미확인,0.35,1,남,2026-01-20,공공데이터포털_경기도 수원시_지역화폐 결제 정보_20260120
2025-11,수원시 권선구,곡선동,학원,40대,16337785,469,34835,미확인,0.35,1,남,2026-01-20,공공데이터포털_경기도 수원시_지역화폐 결제 정보_20260120
2025-11,수원시 권선구,곡선동,기타의료,50대,53556,8,6694,미확인,0.35,1,남,2026-01-20,공공데이터포털_경기도 수원시_지역화폐 결제 정보_20260120
2025-11,수원시 권선구,곡선동,레저/문화 용품,50대,100196,9,11133,미확인,0.35,1,남,2026-01-20,공공데이터포털_경기도 수원시_지역화폐 결제 정보_20260120
2025-11,수원시 권선구,곡선동,레저/스포츠 서비스,50대,443003,116,3819,미확인,0.35,1,남,2026-01-20,공공데이터포털_경기도 수원시_지역화폐 결제 정보_20260120
2025-11,수원시 권선구,곡선동,문화/취미,50대,119563,38,3146,미확인,0.35,1,남,2026-01-20,공공데이터포털_경기도 수원시_지역화폐 결제 정보_20260120
2025-11,수원시 권선구,곡선동,미용/위생,50대,1110146,167,6648,미확인,0.35,1,남,2026-01-20,공공데이터포털_경기도 수원시_지역화폐 결제 정보_20260120
2025-11,수원시 권선구,곡선동,서적/문구/학습자재,50대,74600,19,3926,미확인,0.35,1,남,2026-01-20,공공데이터포털_경기도 수원시_지역화폐 결제 정보_20260120
2025-11,수원시 권선구,곡선동,신변잡화,50대,820,1,820,미확인,0.35,1,남,2026-01-20,공공데이터포털_경기도 수원시_지역화폐 결제 정보_20260120
2025-11,수원시 권선구,곡선동,약국,50대,569442,237,2403,미확인,0.35,1,남,2026-01-20,공공데이터포털_경기도 수원시_지역화폐 결제 정보_20260120
2025-11,수원시 권선구,곡선동,용역서비스,50대,167247,62,2698,미확인,0.35,1,남,2026-01-20,공공데이터포털_경기도 수원시_지역화폐 결제 정보_20260120
2025-11,수원시 권선구,곡선동,음료/식품,50대,795647,194,4101,미확인,0.35,1,남,2026-01-20,공공데이터포털_경기도 수원시_지역화폐 결제 정보_20260120
2025-11,수원시 권선구,곡선동,의류,50대,49564,5,9913,미확인,0.35,1,남,2026-01-20,공공데이터포털_경기도 수원시_지역화폐 결제 정보_20260120
2025-11,수원시 권선구,곡선동,의원,50대,1661622,173,9605,미확인,0.35,1,남,2026-01-20,공공데이터포털_경기도 수원시_지역화폐 결제 정보_20260120
2025-11,수원시 권선구,곡선동,일반/휴게 음식,50대,10211016,2358,4330,미확인,0.35,1,남,2026-01-20,공공데이터포털_경기도 수원시_지역화폐 결제 정보_20260120
2025-11,수원시 권선구,곡선동,일반유통,50대,2853967,1271,2245,미확인,0.35,1,남,2026-01-20,공공데이터포털_경기도 수원시_지역화폐 결제 정보_20260120
2025-11,수원시 권선구,곡선동,자동차 정비/유지,50대,196581,17,11564,미확인,0.35,1,남,2026-01-20,공공데이터포털_경기도 수원시_지역화폐 결제 정보_20260120
2025-11,수원시 권선구,곡선동,전자상거래,50대,12913,2,6456,미확인,0.35,1,남,2026-01-20,공공데이터포털_경기도 수원시_지역화폐 결제 정보_20260120
2025-11,수원시 권선구,곡선동,주유/충전소,50대,50445,9,5605,미확인,0.35,1,남,2026-01-20,공공데이터포털_경기도 수원시_지역화폐 결제 정보_20260120
2025-11,수원시 권선구,곡선동,학교/교육,50대,19457,1,19457,미확인,0.35,1,남,2026-01-20,공공데이터포털_경기도 수원시_지역화폐 결제 정보_20260120
2025-11,수원시 권선구,곡선동,학원,50대,5476295,185,29602,미확인,0.35,1,남,2026-01-20,공공데이터포털_경기도 수원시_지역화폐 결제 정보_20260120
2025-11,수원시 권선구,곡선동,건축자재,60대 이상,500,1,500,미확인,0.35,1,남,2026-01-20,공공데이터포털_경기도 수원시_지역화폐 결제 정보_20260120
2025-11,수원시 권선구,곡선동,기타의료,60대 이상,220000,3,73333,미확인,0.35,1,남,2026-01-20,공공데이터포털_경기도 수원시_지역화폐 결제 정보_20260120
2025-11,수원시 권선구,곡선동,레저/문화 용품,60대 이상,54630,3,18210,미확인,0.35,1,남,2026-01-20,공공데이터포털_경기도 수원시_지역화폐 결제 정보_20260120
2025-11,수원시 권선구,곡선동,레저/스포츠 서비스,60대 이상,529013,151,3503,미확인,0.35,1,남,2026-01-20,공공데이터포털_경기도 수원시_지역화폐 결제 정보_20260120
2025-11,수원시 권선구,곡선동,문화/취미,60대 이상,162981,22,7408,미확인,0.35,1,남,2026-01-20,공공데이터포털_경기도 수원시_지역화폐 결제 정보_20260120
2025-11,수원시 권선구,곡선동,미용/위생,60대 이상,854096,74,11542,미확인,0.35,1,남,2026-01-20,공공데이터포털_경기도 수원시_지역화폐 결제 정보_20260120
2025-11,수원시 권선구,곡선동,서적/문구/학습자재,60대 이상,11074,13,852,미확인,0.35,1,남,2026-01-20,공공데이터포털_경기도 수원시_지역화폐 결제 정보_20260120
2025-11,수원시 권선구,곡선동,신변잡화,60대 이상,2925,3,975,미확인,0.35,1,남,2026-01-20,공공데이터포털_경기도 수원시_지역화폐 결제 정보_20260120
2025-11,수원시 권선구,곡선동,약국,60대 이상,456758,128,3568,미확인,0.35,1,남,2026-01-20,공공데이터포털_경기도 수원시_지역화폐 결제 정보_20260120
2025-11,수원시 권선구,곡선동,용역서비스,60대 이상,179798,23,7817,미확인,0.35,1,남,2026-01-20,공공데이터포털_경기도 수원시_지역화폐 결제 정보_20260120
2025-11,수원시 권선구,곡선동,음료/식품,60대 이상,747104,151,4948,미확인,0.35,1,남,2026-01-20,공공데이터포털_경기도 수원시_지역화폐 결제 정보_20260120
2025-11,수원시 권선구,곡선동,의류,60대 이상,37083,1,37083,미확인,0.35,1,남,2026-01-20,공공데이터포털_경기도 수원시_지역화폐 결제 정보_20260120
2025-11,수원시 권선구,곡선동,의원,60대 이상,1019827,137,7444,미확인,0.35,1,남,2026-01-20,공공데이터포털_경기도 수원시_지역화폐 결제 정보_20260120
2025-11,수원시 권선구,곡선동,일반/휴게 음식,60대 이상,5444151,1115,4883,미확인,0.35,1,남,2026-01-20,공공데이터포털_경기도 수원시_지역화폐 결제 정보_20260120
2025-11,수원시 권선구,곡선동,일반유통,60대 이상,1594203,528,3019,미확인,0.35,1,남,2026-01-20,공공데이터포털_경기도 수원시_지역화폐 결제 정보_20260120
2025-11,수원시 권선구,곡선동,자동차 정비/유지,60대 이상,93124,9,10347,미확인,0.35,1,남,2026-01-20,공공데이터포털_경기도 수원시_지역화폐 결제 정보_20260120
2025-11,수원시 권선구,곡선동,전자제품,60대 이상,8297,1,8297,미확인,0.35,1,남,2026-01-20,공공데이터포털_경기도 수원시_지역화폐 결제 정보_20260120
2025-11,수원시 권선구,곡선동,주유/충전소,60대 이상,17905,4,4476,미확인,0.35,1,남,2026-01-20,공공데이터포털_경기도 수원시_지역화폐 결제 정보_20260120
2025-11,수원시 권선구,곡선동,학원,60대 이상,497052,12,41421,미확인,0.35,1,남,2026-01-20,공공데이터포털_경기도 수원시_지역화폐 결제 정보_20260120
2025-11,수원시 권선구,곡선동,레저/스포츠 서비스,10대,2000,1,2000,미확인,0.35,1,여,2026-01-20,공공데이터포털_경기도 수원시_지역화폐 결제 정보_20260120
2025-11,수원시 권선구,곡선동,미용/위생,10대,5150,1,5150,미확인,0.35,1,여,2026-01-20,공공데이터포털_경기도 수원시_지역화폐 결제 정보_20260120
2025-11,수원시 권선구,곡선동,서적/문구/학습자재,10대,220,1,220,미확인,0.35,1,여,2026-01-20,공공데이터포털_경기도 수원시_지역화폐 결제 정보_20260120
2025-11,수원시 권선구,곡선동,약국,10대,4588,3,1529,미확인,0.35,1,여,2026-01-20,공공데이터포털_경기도 수원시_지역화폐 결제 정보_20260120
2025-11,수원시 권선구,곡선동,용역서비스,10대,49721,8,6215,미확인,0.35,1,여,2026-01-20,공공데이터포털_경기도 수원시_지역화폐 결제 정보_20260120
2025-11,수원시 권선구,곡선동,음료/식품,10대,7667,12,639,미확인,0.35,1,여,2026-01-20,공공데이터포털_경기도 수원시_지역화폐 결제 정보_20260120
2025-11,수원시 권선구,곡선동,의원,10대,37565,6,6261,미확인,0.35,1,여,2026-01-20,공공데이터포털_경기도 수원시_지역화폐 결제 정보_20260120
2025-11,수원시 권선구,곡선동,일반/휴게 음식,10대,427956,99,4323,미확인,0.35,1,여,2026-01-20,공공데이터포털_경기도 수원시_지역화폐 결제 정보_20260120
2025-11,수원시 권선구,곡선동,일반유통,10대,238774,98,2436,미확인,0.35,1,여,2026-01-20,공공데이터포털_경기도 수원시_지역화폐 결제 정보_20260120
2025-11,수원시 권선구,곡선동,학원,10대,566300,19,29805,미확인,0.35,1,여,2026-01-20,공공데이터포털_경기도 수원시_지역화폐 결제 정보_20260120
2025-11,수원시 권선구,곡선동,건축자재,20대,3727,1,3727,미확인,0.35,1,여,2026-01-20,공공데이터포털_경기도 수원시_지역화폐 결제 정보_20260120
2025-11,수원시 권선구,곡선동,기타의료,20대,171845,3,57282,미확인,0.35,1,여,2026-01-20,공공데이터포털_경기도 수원시_지역화폐 결제 정보_20260120
2025-11,수원시 권선구,곡선동,레저/문화 용품,20대,200970,3,66990,미확인,0.35,1,여,2026-01-20,공공데이터포털_경기도 수원시_지역화폐 결제 정보_20260120
2025-11,수원시 권선구,곡선동,레저/스포츠 서비스,20대,944370,57,16568,미확인,0.35,1,여,2026-01-20,공공데이터포털_경기도 수원시_지역화폐 결제 정보_20260120
2025-11,수원시 권선구,곡선동,문화/취미,20대,277542,92,3017,미확인,0.35,1,여,2026-01-20,공공데이터포털_경기도 수원시_지역화폐 결제 정보_20260120
2025-11,수원시 권선구,곡선동,미용/위생,20대,1508897,49,30794,미확인,0.35,1,여,2026-01-20,공공데이터포털_경기도 수원시_지역화폐 결제 정보_20260120
2025-11,수원시 권선구,곡선동,서적/문구/학습자재,20대,23996,9,2666,미확인,0.35,1,여,2026-01-20,공공데이터포털_경기도 수원시_지역화폐 결제 정보_20260120
2025-11,수원시 권선구,곡선동,신변잡화,20대,17608,4,4402,미확인,0.35,1,여,2026-01-20,공공데이터포털_경기도 수원시_지역화폐 결제 정보_20260120
2025-11,수원시 권선구,곡선동,약국,20대,222766,51,4368,미확인,0.35,1,여,2026-01-20,공공데이터포털_경기도 수원시_지역화폐 결제 정보_20260120
2025-11,수원시 권선구,곡선동,용역서비스,20대,213087,19,11215,미확인,0.35,1,여,2026-01-20,공공데이터포털_경기도 수원시_지역화폐 결제 정보_20260120
2025-11,수원시 권선구,곡선동,음료/식품,20대,765852,130,5891,미확인,0.35,1,여,2026-01-20,공공데이터포털_경기도 수원시_지역화폐 결제 정보_20260120
2025-11,수원시 권선구,곡선동,의원,20대,406392,41,9912,미확인,0.35,1,여,2026-01-20,공공데이터포털_경기도 수원시_지역화폐 결제 정보_20260120
2025-11,수원시 권선구,곡선동,일반/휴게 음식,20대,8272457,1002,8256,미확인,0.35,1,여,2026-01-20,공공데이터포털_경기도 수원시_지역화폐 결제 정보_20260120
2025-11,수원시 권선구,곡선동,일반유통,20대,2011188,470,4279,미확인,0.35,1,여,2026-01-20,공공데이터포털_경기도 수원시_지역화폐 결제 정보_20260120
2025-11,수원시 권선구,곡선동,자동차 정비/유지,20대,84566,3,28189,미확인,0.35,1,여,2026-01-20,공공데이터포털_경기도 수원시_지역화폐 결제 정보_20260120
2025-11,수원시 권선구,곡선동,전자상거래,20대,1368,1,1368,미확인,0.35,1,여,2026-01-20,공공데이터포털_경기도 수원시_지역화폐 결제 정보_20260120
2025-11,수원시 권선구,곡선동,학원,20대,515219,14,36801,미확인,0.35,1,여,2026-01-20,공공데이터포털_경기도 수원시_지역화폐 결제 정보_20260120
2025-11,수원시 권선구,곡선동,건축자재,30대,85121,1,85121,미확인,0.35,1,여,2026-01-20,공공데이터포털_경기도 수원시_지역화폐 결제 정보_20260120
2025-11,수원시 권선구,곡선동,기타의료,30대,5513205,52,106023,미확인,0.35,1,여,2026-01-20,공공데이터포털_경기도 수원시_지역화폐 결제 정보_20260120
2025-11,수원시 권선구,곡선동,레저/문화 용품,30대,304455,25,12178,미확인,0.35,1,여,2026-01-20,공공데이터포털_경기도 수원시_지역화폐 결제 정보_20260120
2025-11,수원시 권선구,곡선동,레저/스포츠 서비스,30대,888278,160,5552,미확인,0.35,1,여,2026-01-20,공공데이터포털_경기도 수원시_지역화폐 결제 정보_20260120
2025-11,수원시 권선구,곡선동,문화/취미,30대,349761,475,736,미확인,0.35,1,여,2026-01-20,공공데이터포털_경기도 수원시_지역화폐 결제 정보_20260120
2025-11,수원시 권선구,곡선동,미용/위생,30대,3414072,200,17070,미확인,0.35,1,여,2026-01-20,공공데이터포털_경기도 수원시_지역화폐 결제 정보_20260120
2025-11,수원시 권선구,곡선동,서적/문구/학습자재,30대,121911,72,1693,미확인,0.35,1,여,2026-01-20,공공데이터포털_경기도 수원시_지역화폐 결제 정보_20260120
2025-11,수원시 권선구,곡선동,신변잡화,30대,15692,16,981,미확인,0.35,1,여,2026-01-20,공공데이터포털_경기도 수원시_지역화폐 결제 정보_20260120
2025-11,수원시 권선구,곡선동,약국,30대,1336251,738,1811,미확인,0.35,1,여,2026-01-20,공공데이터포털_경기도 수원시_지역화폐 결제 정보_20260120
2025-11,수원시 권선구,곡선동,용역서비스,30대,747630,78,9585,미확인,0.35,1,여,2026-01-20,공공데이터포털_경기도 수원시_지역화폐 결제 정보_20260120
2025-11,수원시 권선구,곡선동,음료/식품,30대,2051012,545,3763,미확인,0.35,1,여,2026-01-20,공공데이터포털_경기도 수원시_지역화폐 결제 정보_20260120
2025-11,수원시 권선구,곡선동,의류,30대,71760,13,5520,미확인,0.35,1,여,2026-01-20,공공데이터포털_경기도 수원시_지역화폐 결제 정보_20260120
2025-11,수원시 권선구,곡선동,의원,30대,3027954,507,5972,미확인,0.35,1,여,2026-01-20,공공데이터포털_경기도 수원시_지역화폐 결제 정보_20260120
2025-11,수원시 권선구,곡선동,일반/휴게 음식,30대,12866457,3326,3868,미확인,0.35,1,여,2026-01-20,공공데이터포털_경기도 수원시_지역화폐 결제 정보_20260120
2025-11,수원시 권선구,곡선동,일반유통,30대,2285216,857,2667,미확인,0.35,1,여,2026-01-20,공공데이터포털_경기도 수원시_지역화폐 결제 정보_20260120
2025-11,수원시 권선구,곡선동,자동차 정비/유지,30대,566344,13,43565,미확인,0.35,1,여,2026-01-20,공공데이터포털_경기도 수원시_지역화폐 결제 정보_20260120
2025-11,수원시 권선구,곡선동,전자상거래,30대,13694,5,2739,미확인,0.35,1,여,2026-01-20,공공데이터포털_경기도 수원시_지역화폐 결제 정보_20260120
2025-11,수원시 권선구,곡선동,전자제품,30대,7992,1,7992,미확인,0.35,1,여,2026-01-20,공공데이터포털_경기도 수원시_지역화폐 결제 정보_20260120
2025-11,수원시 권선구,곡선동,주유/충전소,30대,17608,3,5869,미확인,0.35,1,여,2026-01-20,공공데이터포털_경기도 수원시_지역화폐 결제 정보_20260120
2025-11,수원시 권선구,곡선동,학원,30대,3702765,162,22857,미확인,0.35,1,여,2026-01-20,공공데이터포털_경기도 수원시_지역화폐 결제 정보_20260120
2025-11,수원시 권선구,곡선동,기타의료,40대,587695,17,34570,미확인,0.35,1,여,2026-01-20,공공데이터포털_경기도 수원시_지역화폐 결제 정보_20260120
2025-11,수원시 권선구,곡선동,레저/문화 용품,40대,281739,28,10062,미확인,0.35,1,여,2026-01-20,공공데이터포털_경기도 수원시_지역화폐 결제 정보_20260120
2025-11,수원시 권선구,곡선동,레저/스포츠 서비스,40대,1130087,186,6076,미확인,0.35,1,여,2026-01-20,공공데이터포털_경기도 수원시_지역화폐 결제 정보_20260120
2025-11,수원시 권선구,곡선동,문화/취미,40대,521234,338,1542,미확인,0.35,1,여,2026-01-20,공공데이터포털_경기도 수원시_지역화폐 결제 정보_20260120
2025-11,수원시 권선구,곡선동,미용/위생,40대,3534447,290,12188,미확인,0.35,1,여,2026-01-20,공공데이터포털_경기도 수원시_지역화폐 결제 정보_20260120
2025-11,수원시 권선구,곡선동,서적/문구/학습자재,40대,291322,135,2158,미확인,0.35,1,여,2026-01-20,공공데이터포털_경기도 수원시_지역화폐 결제 정보_20260120
2025-11,수원시 권선구,곡선동,신변잡화,40대,33119,19,1743,미확인,0.35,1,여,2026-01-20,공공데이터포털_경기도 수원시_지역화폐 결제 정보_20260120
2025-11,수원시 권선구,곡선동,약국,40대,1665081,789,2110,미확인,0.35,1,여,2026-01-20,공공데이터포털_경기도 수원시_지역화폐 결제 정보_20260120
2025-11,수원시 권선구,곡선동,용역서비스,40대,1068954,149,7174,미확인,0.35,1,여,2026-01-20,공공데이터포털_경기도 수원시_지역화폐 결제 정보_20260120
2025-11,수원시 권선구,곡선동,음료/식품,40대,2588320,717,3610,미확인,0.35,1,여,2026-01-20,공공데이터포털_경기도 수원시_지역화폐 결제 정보_20260120
2025-11,수원시 권선구,곡선동,의류,40대,30359,8,3795,미확인,0.35,1,여,2026-01-20,공공데이터포털_경기도 수원시_지역화폐 결제 정보_20260120
2025-11,수원시 권선구,곡선동,의원,40대,3834832,533,7195,미확인,0.35,1,여,2026-01-20,공공데이터포털_경기도 수원시_지역화폐 결제 정보_20260120
2025-11,수원시 권선구,곡선동,일반/휴게 음식,40대,17769745,4789,3711,미확인,0.35,1,여,2026-01-20,공공데이터포털_경기도 수원시_지역화폐 결제 정보_20260120
2025-11,수원시 권선구,곡선동,일반유통,40대,3135235,1161,2700,미확인,0.35,1,여,2026-01-20,공공데이터포털_경기도 수원시_지역화폐 결제 정보_20260120
2025-11,수원시 권선구,곡선동,자동차 정비/유지,40대,177942,10,17794,미확인,0.35,1,여,2026-01-20,공공데이터포털_경기도 수원시_지역화폐 결제 정보_20260120
2025-11,수원시 권선구,곡선동,전자상거래,40대,8701,3,2900,미확인,0.35,1,여,2026-01-20,공공데이터포털_경기도 수원시_지역화폐 결제 정보_20260120
2025-11,수원시 권선구,곡선동,전자제품,40대,5303,5,1061,미확인,0.35,1,여,2026-01-20,공공데이터포털_경기도 수원시_지역화폐 결제 정보_20260120
2025-11,수원시 권선구,곡선동,주유/충전소,40대,71094,13,5469,미확인,0.35,1,여,2026-01-20,공공데이터포털_경기도 수원시_지역화폐 결제 정보_20260120
2025-11,수원시 권선구,곡선동,학교/교육,40대,330941,3,110314,미확인,0.35,1,여,2026-01-20,공공데이터포털_경기도 수원시_지역화폐 결제 정보_20260120
2025-11,수원시 권선구,곡선동,학원,40대,14997074,541,27721,미확인,0.35,1,여,2026-01-20,공공데이터포털_경기도 수원시_지역화폐 결제 정보_20260120
2025-11,수원시 권선구,곡선동,건축자재,50대,2000,1,2000,미확인,0.35,1,여,2026-01-20,공공데이터포털_경기도 수원시_지역화폐 결제 정보_20260120
2025-11,수원시 권선구,곡선동,기타의료,50대,324866,20,16243,미확인,0.35,1,여,2026-01-20,공공데이터포털_경기도 수원시_지역화폐 결제 정보_20260120
2025-11,수원시 권선구,곡선동,레저/문화 용품,50대,125680,7,17954,미확인,0.35,1,여,2026-01-20,공공데이터포털_경기도 수원시_지역화폐 결제 정보_20260120
2025-11,수원시 권선구,곡선동,레저/스포츠 서비스,50대,273969,54,5074,미확인,0.35,1,여,2026-01-20,공공데이터포털_경기도 수원시_지역화폐 결제 정보_20260120
2025-11,수원시 권선구,곡선동,문화/취미,50대,457043,50,9141,미확인,0.35,1,여,2026-01-20,공공데이터포털_경기도 수원시_지역화폐 결제 정보_20260120
2025-11,수원시 권선구,곡선동,미용/위생,50대,1920218,151,12717,미확인,0.35,1,여,2026-01-20,공공데이터포털_경기도 수원시_지역화폐 결제 정보_20260120
2025-11,수원시 권선구,곡선동,서적/문구/학습자재,50대,124667,30,4156,미확인,0.35,1,여,2026-01-20,공공데이터포털_경기도 수원시_지역화폐 결제 정보_20260120
2025-11,수원시 권선구,곡선동,신변잡화,50대,8670,6,1445,미확인,0.35,1,여,2026-01-20,공공데이터포털_경기도 수원시_지역화폐 결제 정보_20260120
2025-11,수원시 권선구,곡선동,약국,50대,897674,319,2814,미확인,0.35,1,여,2026-01-20,공공데이터포털_경기도 수원시_지역화폐 결제 정보_20260120
2025-11,수원시 권선구,곡선동,용역서비스,50대,235690,62,3801,미확인,0.35,1,여,2026-01-20,공공데이터포털_경기도 수원시_지역화폐 결제 정보_20260120
2025-11,수원시 권선구,곡선동,음료/식품,50대,1848906,410,4510,미확인,0.35,1,여,2026-01-20,공공데이터포털_경기도 수원시_지역화폐 결제 정보_20260120
2025-11,수원시 권선구,곡선동,의류,50대,51047,6,8508,미확인,0.35,1,여,2026-01-20,공공데이터포털_경기도 수원시_지역화폐 결제 정보_20260120
2025-11,수원시 권선구,곡선동,의원,50대,1511791,203,7447,미확인,0.35,1,여,2026-01-20,공공데이터포털_경기도 수원시_지역화폐 결제 정보_20260120
2025-11,수원시 권선구,곡선동,일반/휴게 음식,50대,13144593,3013,4363,미확인,0.35,1,여,2026-01-20,공공데이터포털_경기도 수원시_지역화폐 결제 정보_20260120
2025-11,수원시 권선구,곡선동,일반유통,50대,2610002,833,3133,미확인,0.35,1,여,2026-01-20,공공데이터포털_경기도 수원시_지역화폐 결제 정보_20260120
2025-11,수원시 권선구,곡선동,자동차 정비/유지,50대,33595,5,6719,미확인,0.35,1,여,2026-01-20,공공데이터포털_경기도 수원시_지역화폐 결제 정보_20260120
2025-11,수원시 권선구,곡선동,전자상거래,50대,9515,4,2379,미확인,0.35,1,여,2026-01-20,공공데이터포털_경기도 수원시_지역화폐 결제 정보_20260120
2025-11,수원시 권선구,곡선동,주유/충전소,50대,10065,2,5032,미확인,0.35,1,여,2026-01-20,공공데이터포털_경기도 수원시_지역화폐 결제 정보_20260120
2025-11,수원시 권선구,곡선동,학원,50대,2951713,105,28112,미확인,0.35,1,여,2026-01-20,공공데이터포털_경기도 수원시_지역화폐 결제 정보_20260120
2025-11,수원시 권선구,곡선동,기타의료,60대 이상,235986,12,19666,미확인,0.35,1,여,2026-01-20,공공데이터포털_경기도 수원시_지역화폐 결제 정보_20260120
2025-11,수원시 권선구,곡선동,레저/문화 용품,60대 이상,49633,1,49633,미확인,0.35,1,여,2026-01-20,공공데이터포털_경기도 수원시_지역화폐 결제 정보_20260120
2025-11,수원시 권선구,곡선동,레저/스포츠 서비스,60대 이상,90881,15,6059,미확인,0.35,1,여,2026-01-20,공공데이터포털_경기도 수원시_지역화폐 결제 정보_20260120
2025-11,수원시 권선구,곡선동,문화/취미,60대 이상,264129,30,8804,미확인,0.35,1,여,2026-01-20,공공데이터포털_경기도 수원시_지역화폐 결제 정보_20260120
2025-11,수원시 권선구,곡선동,미용/위생,60대 이상,1398045,104,13443,미확인,0.35,1,여,2026-01-20,공공데이터포털_경기도 수원시_지역화폐 결제 정보_20260120
2025-11,수원시 권선구,곡선동,서적/문구/학습자재,60대 이상,13930,7,1990,미확인,0.35,1,여,2026-01-20,공공데이터포털_경기도 수원시_지역화폐 결제 정보_20260120
2025-11,수원시 권선구,곡선동,신변잡화,60대 이상,8683,6,1447,미확인,0.35,1,여,2026-01-20,공공데이터포털_경기도 수원시_지역화폐 결제 정보_20260120
2025-11,수원시 권선구,곡선동,약국,60대 이상,874816,243,3600,미확인,0.35,1,여,2026-01-20,공공데이터포털_경기도 수원시_지역화폐 결제 정보_20260120
2025-11,수원시 권선구,곡선동,용역서비스,60대 이상,145585,33,4412,미확인,0.35,1,여,2026-01-20,공공데이터포털_경기도 수원시_지역화폐 결제 정보_20260120
2025-11,수원시 권선구,곡선동,음료/식품,60대 이상,1177265,256,4599,미확인,0.35,1,여,2026-01-20,공공데이터포털_경기도 수원시_지역화폐 결제 정보_20260120
2025-11,수원시 권선구,곡선동,의류,60대 이상,5467,4,1367,미확인,0.35,1,여,2026-01-20,공공데이터포털_경기도 수원시_지역화폐 결제 정보_20260120
2025-11,수원시 권선구,곡선동,의원,60대 이상,1709203,319,5358,미확인,0.35,1,여,2026-01-20,공공데이터포털_경기도 수원시_지역화폐 결제 정보_20260120
2025-11,수원시 권선구,곡선동,일반/휴게 음식,60대 이상,5870750,1223,4800,미확인,0.35,1,여,2026-01-20,공공데이터포털_경기도 수원시_지역화폐 결제 정보_20260120
2025-11,수원시 권선구,곡선동,일반유통,60대 이상,1586072,473,3353,미확인,0.35,1,여,2026-01-20,공공데이터포털_경기도 수원시_지역화폐 결제 정보_20260120
2025-11,수원시 권선구,곡선동,자동차 정비/유지,60대 이상,141325,4,35331,미확인,0.35,1,여,2026-01-20,공공데이터포털_경기도 수원시_지역화폐 결제 정보_20260120
2025-11,수원시 권선구,곡선동,자동차판매,60대 이상,353,1,353,미확인,0.35,1,여,2026-01-20,공공데이터포털_경기도 수원시_지역화폐 결제 정보_20260120
2025-11,수원시 권선구,곡선동,전자상거래,60대 이상,8000,3,2667,미확인,0.35,1,여,2026-01-20,공공데이터포털_경기도 수원시_지역화폐 결제 정보_20260120
2025-11,수원시 권선구,곡선동,주유/충전소,60대 이상,33160,2,16580,미확인,0.35,1,여,2026-01-20,공공데이터포털_경기도 수원시_지역화폐 결제 정보_20260120
2025-11,수원시 권선구,곡선동,학교/교육,60대 이상,57313,1,57313,미확인,0.35,1,여,2026-01-20,공공데이터포털_경기도 수원시_지역화폐 결제 정보_20260120
2025-11,수원시 권선구,곡선동,학원,60대 이상,468523,16,29283,미확인,0.35,1,여,2026-01-20,공공데이터포털_경기도 수원시_지역화폐 결제 정보_20260120
2025-11,수원시 권선구,곡선동,회원정보미상,60대 이상,1469390,37,39713,미확인,0.35,1,여,2026-01-20,공공데이터포털_경기도 수원시_지역화폐 결제 정보_20260120
2025-11,수원시 권선구,곡선동,회원정보미상,60대 이상,1469390,37,39713,미확인,0.35,1,여,2026-01-20,공공데이터포털_경기도 수원시_지역화폐 결제 정보_20260120
2025-11,수원시 권선구,곡선동,문화/취미,60대 이상,21500,1,21500,미확인,0.35,1,여,2026-01-20,공공데이터포털_경기도 수원시_지역화폐 결제 정보_20260120
2025-11,수원시 권선구,곡선동,약국,60대 이상,39000,1,39000,미확인,0.35,1,여,2026-01-20,공공데이터포털_경기도 수원시_지역화폐 결제 정보_20260120
2025-11,수원시 권선구,곡선동,음료/식품,60대 이상,83460,5,16692,미확인,0.35,1,여,2026-01-20,공공데이터포털_경기도 수원시_지역화폐 결제 정보_20260120
2025-11,수원시 권선구,곡선동,일반/휴게 음식,60대 이상,1211800,18,67322,미확인,0.35,1,여,2026-01-20,공공데이터포털_경기도 수원시_지역화폐 결제 정보_20260120
2025-11,수원시 권선구,곡선동,일반유통,60대 이상,113630,12,9469,미확인,0.35,1,여,2026-01-20,공공데이터포털_경기도 수원시_지역화폐 결제 정보_20260120
2025-11,수원시 권선구,곡선동,광교1동,60대 이상,679846709,116888,5816,미확인,0.35,1,여,2026-01-20,공공데이터포털_경기도 수원시_지역화폐 결제 정보_20260120
2025-11,수원시 영통구,광교1동,대형유통,10대,25273,7,3610,미확인,0.35,1,남,2026-01-20,공공데이터포털_경기도 수원시_지역화폐 결제 정보_20260120
2025-11,수원시 영통구,광교1동,레저/스포츠 서비스,10대,38143,12,3179,미확인,0.35,1,남,2026-01-20,공공데이터포털_경기도 수원시_지역화폐 결제 정보_20260120
2025-11,수원시 영통구,광교1동,미용/위생,10대,144544,8,18068,미확인,0.35,1,남,2026-01-20,공공데이터포털_경기도 수원시_지역화폐 결제 정보_20260120
2025-11,수원시 영통구,광교1동,서적/문구/학습자재,10대,93261,18,5181,미확인,0.35,1,남,2026-01-20,공공데이터포털_경기도 수원시_지역화폐 결제 정보_20260120
2025-11,수원시 영통구,광교1동,약국,10대,22329,12,1861,미확인,0.35,1,남,2026-01-20,공공데이터포털_경기도 수원시_지역화폐 결제 정보_20260120
2025-11,수원시 영통구,광교1동,용역서비스,10대,39049,8,4881,미확인,0.35,1,남,2026-01-20,공공데이터포털_경기도 수원시_지역화폐 결제 정보_20260120
2025-11,수원시 영통구,광교1동,음료/식품,10대,105311,63,1672,미확인,0.35,1,남,2026-01-20,공공데이터포털_경기도 수원시_지역화폐 결제 정보_20260120
2025-11,수원시 영통구,광교1동,의원,10대,85189,20,4259,미확인,0.35,1,남,2026-01-20,공공데이터포털_경기도 수원시_지역화폐 결제 정보_20260120
2025-11,수원시 영통구,광교1동,일반/휴게 음식,10대,859809,225,3821,미확인,0.35,1,남,2026-01-20,공공데이터포털_경기도 수원시_지역화폐 결제 정보_20260120
2025-11,수원시 영통구,광교1동,일반유통,10대,201882,87,2320,미확인,0.35,1,남,2026-01-20,공공데이터포털_경기도 수원시_지역화폐 결제 정보_20260120
2025-11,수원시 영통구,광교1동,학원,10대,1698969,60,28316,미확인,0.35,1,남,2026-01-20,공공데이터포털_경기도 수원시_지역화폐 결제 정보_20260120
2025-11,수원시 영통구,광교1동,기타의료,20대,535943,28,19141,미확인,0.35,1,남,2026-01-20,공공데이터포털_경기도 수원시_지역화폐 결제 정보_20260120
2025-11,수원시 영통구,광교1동,대형유통,20대,66825,30,2228,미확인,0.35,1,남,2026-01-20,공공데이터포털_경기도 수원시_지역화폐 결제 정보_20260120
2025-11,수원시 영통구,광교1동,레저/스포츠 서비스,20대,877148,113,7762,미확인,0.35,1,남,2026-01-20,공공데이터포털_경기도 수원시_지역화폐 결제 정보_20260120
2025-11,수원시 영통구,광교1동,문화/취미,20대,751375,35,21468,미확인,0.35,1,남,2026-01-20,공공데이터포털_경기도 수원시_지역화폐 결제 정보_20260120
2025-11,수원시 영통구,광교1동,미용/위생,20대,4287889,155,27664,미확인,0.35,1,남,2026-01-20,공공데이터포털_경기도 수원시_지역화폐 결제 정보_20260120
2025-11,수원시 영통구,광교1동,서적/문구/학습자재,20대,81355,18,4520,미확인,0.35,1,남,2026-01-20,공공데이터포털_경기도 수원시_지역화폐 결제 정보_20260120
2025-11,수원시 영통구,광교1동,약국,20대,601588,127,4737,미확인,0.35,1,남,2026-01-20,공공데이터포털_경기도 수원시_지역화폐 결제 정보_20260120
2025-11,수원시 영통구,광교1동,용역서비스,20대,349181,85,4108,미확인,0.35,1,남,2026-01-20,공공데이터포털_경기도 수원시_지역화폐 결제 정보_20260120
2025-11,수원시 영통구,광교1동,음료/식품,20대,2124592,237,8965,미확인,0.35,1,남,2026-01-20,공공데이터포털_경기도 수원시_지역화폐 결제 정보_20260120
2025-11,수원시 영통구,광교1동,의류,20대,13167,1,13167,미확인,0.35,1,남,2026-01-20,공공데이터포털_경기도 수원시_지역화폐 결제 정보_20260120
2025-11,수원시 영통구,광교1동,의원,20대,1793660,91,19711,미확인,0.35,1,남,2026-01-20,공공데이터포털_경기도 수원시_지역화폐 결제 정보_20260120
2025-11,수원시 영통구,광교1동,일반/휴게 음식,20대,17074535,2456,6952,미확인,0.35,1,남,2026-01-20,공공데이터포털_경기도 수원시_지역화폐 결제 정보_20260120
2025-11,수원시 영통구,광교1동,일반유통,20대,3022369,930,3250,미확인,0.35,1,남,2026-01-20,공공데이터포털_경기도 수원시_지역화폐 결제 정보_20260120
2025-11,수원시 영통구,광교1동,자동차 정비/유지,20대,186033,9,20670,미확인,0.35,1,남,2026-01-20,공공데이터포털_경기도 수원시_지역화폐 결제 정보_20260120
2025-11,수원시 영통구,광교1동,전자상거래,20대,2556,1,2556,미확인,0.35,1,남,2026-01-20,공공데이터포털_경기도 수원시_지역화폐 결제 정보_20260120
2025-11,수원시 영통구,광교1동,직물/침구류,20대,50000,1,50000,미확인,0.35,1,남,2026-01-20,공공데이터포털_경기도 수원시_지역화폐 결제 정보_20260120
2025-11,수원시 영통구,광교1동,학원,20대,2013355,44,45758,미확인,0.35,1,남,2026-01-20,공공데이터포털_경기도 수원시_지역화폐 결제 정보_20260120
2025-11,수원시 영통구,광교1동,건축자재,30대,283999,5,56800,미확인,0.35,1,남,2026-01-20,공공데이터포털_경기도 수원시_지역화폐 결제 정보_20260120
2025-11,수원시 영통구,광교1동,기타유통,30대,15000,1,15000,미확인,0.35,1,남,2026-01-20,공공데이터포털_경기도 수원시_지역화폐 결제 정보_20260120
2025-11,수원시 영통구,광교1동,기타의료,30대,2096912,48,43686,미확인,0.35,1,남,2026-01-20,공공데이터포털_경기도 수원시_지역화폐 결제 정보_20260120
2025-11,수원시 영통구,광교1동,대형유통,30대,292195,118,2476,미확인,0.35,1,남,2026-01-20,공공데이터포털_경기도 수원시_지역화폐 결제 정보_20260120
2025-11,수원시 영통구,광교1동,레저/문화 용품,30대,65169,4,16292,미확인,0.35,1,남,2026-01-20,공공데이터포털_경기도 수원시_지역화폐 결제 정보_20260120
2025-11,수원시 영통구,광교1동,레저/스포츠 서비스,30대,990242,137,7228,미확인,0.35,1,남,2026-01-20,공공데이터포털_경기도 수원시_지역화폐 결제 정보_20260120
2025-11,수원시 영통구,광교1동,문화/취미,30대,1343712,54,24884,미확인,0.35,1,남,2026-01-20,공공데이터포털_경기도 수원시_지역화폐 결제 정보_20260120
2025-11,수원시 영통구,광교1동,미용/위생,30대,4714866,365,12917,미확인,0.35,1,남,2026-01-20,공공데이터포털_경기도 수원시_지역화폐 결제 정보_20260120
2025-11,수원시 영통구,광교1동,서적/문구/학습자재,30대,1389345,47,29561,미확인,0.35,1,남,2026-01-20,공공데이터포털_경기도 수원시_지역화폐 결제 정보_20260120
2025-11,수원시 영통구,광교1동,신변잡화,30대,23133,1,23133,미확인,0.35,1,남,2026-01-20,공공데이터포털_경기도 수원시_지역화폐 결제 정보_20260120
2025-11,수원시 영통구,광교1동,약국,30대,1112398,500,2225,미확인,0.35,1,남,2026-01-20,공공데이터포털_경기도 수원시_지역화폐 결제 정보_20260120
2025-11,수원시 영통구,광교1동,용역서비스,30대,2665894,191,13958,미확인,0.35,1,남,2026-01-20,공공데이터포털_경기도 수원시_지역화폐 결제 정보_20260120
2025-11,수원시 영통구,광교1동,음료/식품,30대,1342646,462,2906,미확인,0.35,1,남,2026-01-20,공공데이터포털_경기도 수원시_지역화폐 결제 정보_20260120
2025-11,수원시 영통구,광교1동,의류,30대,430001,6,71667,미확인,0.35,1,남,2026-01-20,공공데이터포털_경기도 수원시_지역화폐 결제 정보_20260120
2025-11,수원시 영통구,광교1동,의원,30대,3470187,393,8830,미확인,0.35,1,남,2026-01-20,공공데이터포털_경기도 수원시_지역화폐 결제 정보_20260120
2025-11,수원시 영통구,광교1동,일반/휴게 음식,30대,23923460,6446,3711,미확인,0.35,1,남,2026-01-20,공공데이터포털_경기도 수원시_지역화폐 결제 정보_20260120
2025-11,수원시 영통구,광교1동,일반유통,30대,3565547,2381,1497,미확인,0.35,1,남,2026-01-20,공공데이터포털_경기도 수원시_지역화폐 결제 정보_20260120
2025-11,수원시 영통구,광교1동,자동차 정비/유지,30대,1200010,69,17391,미확인,0.35,1,남,2026-01-20,공공데이터포털_경기도 수원시_지역화폐 결제 정보_20260120
2025-11,수원시 영통구,광교1동,전자상거래,30대,76279,1,76279,미확인,0.35,1,남,2026-01-20,공공데이터포털_경기도 수원시_지역화폐 결제 정보_20260120
2025-11,수원시 영통구,광교1동,전자제품,30대,117380,4,29345,미확인,0.35,1,남,2026-01-20,공공데이터포털_경기도 수원시_지역화폐 결제 정보_20260120
2025-11,수원시 영통구,광교1동,주유/충전소,30대,69952,12,5829,미확인,0.35,1,남,2026-01-20,공공데이터포털_경기도 수원시_지역화폐 결제 정보_20260120
2025-11,수원시 영통구,광교1동,직물/침구류,30대,69696,2,34848,미확인,0.35,1,남,2026-01-20,공공데이터포털_경기도 수원시_지역화폐 결제 정보_20260120
2025-11,수원시 영통구,광교1동,학원,30대,3481499,102,34132,미확인,0.35,1,남,2026-01-20,공공데이터포털_경기도 수원시_지역화폐 결제 정보_20260120
2025-11,수원시 영통구,광교1동,건축자재,40대,251734,3,83911,미확인,0.35,1,남,2026-01-20,공공데이터포털_경기도 수원시_지역화폐 결제 정보_20260120
2025-11,수원시 영통구,광교1동,기타의료,40대,1271064,43,29560,미확인,0.35,1,남,2026-01-20,공공데이터포털_경기도 수원시_지역화폐 결제 정보_20260120
2025-11,수원시 영통구,광교1동,대형유통,40대,594560,254,2341,미확인,0.35,1,남,2026-01-20,공공데이터포털_경기도 수원시_지역화폐 결제 정보_20260120
2025-11,수원시 영통구,광교1동,레저/문화 용품,40대,49507,5,9901,미확인,0.35,1,남,2026-01-20,공공데이터포털_경기도 수원시_지역화폐 결제 정보_20260120
2025-11,수원시 영통구,광교1동,레저/스포츠 서비스,40대,1448362,130,11141,미확인,0.35,1,남,2026-01-20,공공데이터포털_경기도 수원시_지역화폐 결제 정보_20260120
2025-11,수원시 영통구,광교1동,문화/취미,40대,1243206,70,17760,미확인,0.35,1,남,2026-01-20,공공데이터포털_경기도 수원시_지역화폐 결제 정보_20260120
2025-11,수원시 영통구,광교1동,미용/위생,40대,5787152,482,12007,미확인,0.35,1,남,2026-01-20,공공데이터포털_경기도 수원시_지역화폐 결제 정보_20260120
2025-11,수원시 영통구,광교1동,서적/문구/학습자재,40대,2390254,276,8660,미확인,0.35,1,남,2026-01-20,공공데이터포털_경기도 수원시_지역화폐 결제 정보_20260120
2025-11,수원시 영통구,광교1동,약국,40대,2616297,1071,2443,미확인,0.35,1,남,2026-01-20,공공데이터포털_경기도 수원시_지역화폐 결제 정보_20260120
2025-11,수원시 영통구,광교1동,용역서비스,40대,2114284,258,8195,미확인,0.35,1,남,2026-01-20,공공데이터포털_경기도 수원시_지역화폐 결제 정보_20260120
2025-11,수원시 영통구,광교1동,음료/식품,40대,5150778,1649,3124,미확인,0.35,1,남,2026-01-20,공공데이터포털_경기도 수원시_지역화폐 결제 정보_20260120
2025-11,수원시 영통구,광교1동,의류,40대,80922,7,11560,미확인,0.35,1,남,2026-01-20,공공데이터포털_경기도 수원시_지역화폐 결제 정보_20260120
2025-11,수원시 영통구,광교1동,의원,40대,6748231,817,8260,미확인,0.35,1,남,2026-01-20,공공데이터포털_경기도 수원시_지역화폐 결제 정보_20260120
2025-11,수원시 영통구,광교1동,일반/휴게 음식,40대,32445348,8808,3684,미확인,0.35,1,남,2026-01-20,공공데이터포털_경기도 수원시_지역화폐 결제 정보_20260120
2025-11,수원시 영통구,광교1동,일반유통,40대,6006121,3286,1828,미확인,0.35,1,남,2026-01-20,공공데이터포털_경기도 수원시_지역화폐 결제 정보_20260120
2025-11,수원시 영통구,광교1동,자동차 정비/유지,40대,279403,106,2636,미확인,0.35,1,남,2026-01-20,공공데이터포털_경기도 수원시_지역화폐 결제 정보_20260120
2025-11,수원시 영통구,광교1동,자동차판매,40대,80232,4,20058,미확인,0.35,1,남,2026-01-20,공공데이터포털_경기도 수원시_지역화폐 결제 정보_20260120
2025-11,수원시 영통구,광교1동,전자상거래,40대,92581,2,46290,미확인,0.35,1,남,2026-01-20,공공데이터포털_경기도 수원시_지역화폐 결제 정보_20260120
2025-11,수원시 영통구,광교1동,전자제품,40대,901,1,901,미확인,0.35,1,남,2026-01-20,공공데이터포털_경기도 수원시_지역화폐 결제 정보_20260120
2025-11,수원시 영통구,광교1동,주유/충전소,40대,21104,4,5276,미확인,0.35,1,남,2026-01-20,공공데이터포털_경기도 수원시_지역화폐 결제 정보_20260120
2025-11,수원시 영통구,광교1동,직물/침구류,40대,100652,2,50326,미확인,0.35,1,남,2026-01-20,공공데이터포털_경기도 수원시_지역화폐 결제 정보_20260120
2025-11,수원시 영통구,광교1동,학원,40대,49146006,1404,35004,미확인,0.35,1,남,2026-01-20,공공데이터포털_경기도 수원시_지역화폐 결제 정보_20260120
2025-11,수원시 영통구,광교1동,기타의료,50대,644689,39,16530,미확인,0.35,1,남,2026-01-20,공공데이터포털_경기도 수원시_지역화폐 결제 정보_20260120
2025-11,수원시 영통구,광교1동,대형유통,50대,653760,267,2449,미확인,0.35,1,남,2026-01-20,공공데이터포털_경기도 수원시_지역화폐 결제 정보_20260120
2025-11,수원시 영통구,광교1동,레저/문화 용품,50대,92098,16,5756,미확인,0.35,1,남,2026-01-20,공공데이터포털_경기도 수원시_지역화폐 결제 정보_20260120
2025-11,수원시 영통구,광교1동,레저/스포츠 서비스,50대,777717,72,10802,미확인,0.35,1,남,2026-01-20,공공데이터포털_경기도 수원시_지역화폐 결제 정보_20260120
2025-11,수원시 영통구,광교1동,문화/취미,50대,331822,26,12762,미확인,0.35,1,남,2026-01-20,공공데이터포털_경기도 수원시_지역화폐 결제 정보_20260120
2025-11,수원시 영통구,광교1동,미용/위생,50대,3978931,354,11240,미확인,0.35,1,남,2026-01-20,공공데이터포털_경기도 수원시_지역화폐 결제 정보_20260120
2025-11,수원시 영통구,광교1동,서적/문구/학습자재,50대,1646719,164,10041,미확인,0.35,1,남,2026-01-20,공공데이터포털_경기도 수원시_지역화폐 결제 정보_20260120
2025-11,수원시 영통구,광교1동,약국,50대,1339092,465,2880,미확인,0.35,1,남,2026-01-20,공공데이터포털_경기도 수원시_지역화폐 결제 정보_20260120
2025-11,수원시 영통구,광교1동,용역서비스,50대,1070907,211,5075,미확인,0.35,1,남,2026-01-20,공공데이터포털_경기도 수원시_지역화폐 결제 정보_20260120
2025-11,수원시 영통구,광교1동,음료/식품,50대,3210199,848,3786,미확인,0.35,1,남,2026-01-20,공공데이터포털_경기도 수원시_지역화폐 결제 정보_20260120
2025-11,수원시 영통구,광교1동,의류,50대,120936,7,17277,미확인,0.35,1,남,2026-01-20,공공데이터포털_경기도 수원시_지역화폐 결제 정보_20260120
2025-11,수원시 영통구,광교1동,의원,50대,3461917,379,9134,미확인,0.35,1,남,2026-01-20,공공데이터포털_경기도 수원시_지역화폐 결제 정보_20260120
2025-11,수원시 영통구,광교1동,일반/휴게 음식,50대,23567722,5794,4068,미확인,0.35,1,남,2026-01-20,공공데이터포털_경기도 수원시_지역화폐 결제 정보_20260120
2025-11,수원시 영통구,광교1동,일반유통,50대,4901192,2045,2397,미확인,0.35,1,남,2026-01-20,공공데이터포털_경기도 수원시_지역화폐 결제 정보_20260120
2025-11,수원시 영통구,광교1동,자동차 정비/유지,50대,283963,91,3120,미확인,0.35,1,남,2026-01-20,공공데이터포털_경기도 수원시_지역화폐 결제 정보_20260120
2025-11,수원시 영통구,광교1동,자동차판매,50대,13760,2,6880,미확인,0.35,1,남,2026-01-20,공공데이터포털_경기도 수원시_지역화폐 결제 정보_20260120
2025-11,수원시 영통구,광교1동,전자상거래,50대,25150,2,12575,미확인,0.35,1,남,2026-01-20,공공데이터포털_경기도 수원시_지역화폐 결제 정보_20260120
2025-11,수원시 영통구,광교1동,전자제품,50대,1919,2,960,미확인,0.35,1,남,2026-01-20,공공데이터포털_경기도 수원시_지역화폐 결제 정보_20260120
2025-11,수원시 영통구,광교1동,주유/충전소,50대,19177,3,6392,미확인,0.35,1,남,2026-01-20,공공데이터포털_경기도 수원시_지역화폐 결제 정보_20260120
2025-11,수원시 영통구,광교1동,직물/침구류,50대,93904,2,46952,미확인,0.35,1,남,2026-01-20,공공데이터포털_경기도 수원시_지역화폐 결제 정보_20260120
2025-11,수원시 영통구,광교1동,학원,50대,24688943,669,36904,미확인,0.35,1,남,2026-01-20,공공데이터포털_경기도 수원시_지역화폐 결제 정보_20260120
2025-11,수원시 영통구,광교1동,건축자재,60대 이상,63406,5,12681,미확인,0.35,1,남,2026-01-20,공공데이터포털_경기도 수원시_지역화폐 결제 정보_20260120
2025-11,수원시 영통구,광교1동,기타의료,60대 이상,459154,39,11773,미확인,0.35,1,남,2026-01-20,공공데이터포털_경기도 수원시_지역화폐 결제 정보_20260120
2025-11,수원시 영통구,광교1동,대형유통,60대 이상,354666,110,3224,미확인,0.35,1,남,2026-01-20,공공데이터포털_경기도 수원시_지역화폐 결제 정보_20260120
2025-11,수원시 영통구,광교1동,레저/문화 용품,60대 이상,61468,6,10245,미확인,0.35,1,남,2026-01-20,공공데이터포털_경기도 수원시_지역화폐 결제 정보_20260120
2025-11,수원시 영통구,광교1동,레저/스포츠 서비스,60대 이상,247369,32,7730,미확인,0.35,1,남,2026-01-20,공공데이터포털_경기도 수원시_지역화폐 결제 정보_20260120
2025-11,수원시 영통구,광교1동,문화/취미,60대 이상,133432,10,13343,미확인,0.35,1,남,2026-01-20,공공데이터포털_경기도 수원시_지역화폐 결제 정보_20260120
2025-11,수원시 영통구,광교1동,미용/위생,60대 이상,1277962,100,12780,미확인,0.35,1,남,2026-01-20,공공데이터포털_경기도 수원시_지역화폐 결제 정보_20260120
2025-11,수원시 영통구,광교1동,서적/문구/학습자재,60대 이상,300711,21,14320,미확인,0.35,1,남,2026-01-20,공공데이터포털_경기도 수원시_지역화폐 결제 정보_20260120
2025-11,수원시 영통구,광교1동,신변잡화,60대 이상,4670,1,4670,미확인,0.35,1,남,2026-01-20,공공데이터포털_경기도 수원시_지역화폐 결제 정보_20260120
2025-11,수원시 영통구,광교1동,약국,60대 이상,751652,261,2880,미확인,0.35,1,남,2026-01-20,공공데이터포털_경기도 수원시_지역화폐 결제 정보_20260120
2025-11,수원시 영통구,광교1동,용역서비스,60대 이상,251314,45,5585,미확인,0.35,1,남,2026-01-20,공공데이터포털_경기도 수원시_지역화폐 결제 정보_20260120
2025-11,수원시 영통구,광교1동,음료/식품,60대 이상,1746271,346,5047,미확인,0.35,1,남,2026-01-20,공공데이터포털_경기도 수원시_지역화폐 결제 정보_20260120
2025-11,수원시 영통구,광교1동,의류,60대 이상,75813,3,25271,미확인,0.35,1,남,2026-01-20,공공데이터포털_경기도 수원시_지역화폐 결제 정보_20260120
2025-11,수원시 영통구,광교1동,의원,60대 이상,1612911,205,7868,미확인,0.35,1,남,2026-01-20,공공데이터포털_경기도 수원시_지역화폐 결제 정보_20260120
2025-11,수원시 영통구,광교1동,일반/휴게 음식,60대 이상,7152257,1579,4530,미확인,0.35,1,남,2026-01-20,공공데이터포털_경기도 수원시_지역화폐 결제 정보_20260120
2025-11,수원시 영통구,광교1동,일반유통,60대 이상,1494241,680,2197,미확인,0.35,1,남,2026-01-20,공공데이터포털_경기도 수원시_지역화폐 결제 정보_20260120
2025-11,수원시 영통구,광교1동,자동차 정비/유지,60대 이상,157236,19,8276,미확인,0.35,1,남,2026-01-20,공공데이터포털_경기도 수원시_지역화폐 결제 정보_20260120
2025-11,수원시 영통구,광교1동,자동차판매,60대 이상,23380,3,7793,미확인,0.35,1,남,2026-01-20,공공데이터포털_경기도 수원시_지역화폐 결제 정보_20260120
2025-11,수원시 영통구,광교1동,전자제품,60대 이상,149972,2,74986,미확인,0.35,1,남,2026-01-20,공공데이터포털_경기도 수원시_지역화폐 결제 정보_20260120
2025-11,수원시 영통구,광교1동,주유/충전소,60대 이상,19620,5,3924,미확인,0.35,1,남,2026-01-20,공공데이터포털_경기도 수원시_지역화폐 결제 정보_20260120
2025-11,수원시 영통구,광교1동,직물/침구류,60대 이상,81982,1,81982,미확인,0.35,1,남,2026-01-20,공공데이터포털_경기도 수원시_지역화폐 결제 정보_20260120
2025-11,수원시 영통구,광교1동,학원,60대 이상,1526506,55,27755,미확인,0.35,1,남,2026-01-20,공공데이터포털_경기도 수원시_지역화폐 결제 정보_20260120
2025-11,수원시 영통구,광교1동,기타의료,10대,24787,2,12394,미확인,0.35,1,여,2026-01-20,공공데이터포털_경기도 수원시_지역화폐 결제 정보_20260120
2025-11,수원시 영통구,광교1동,대형유통,10대,29925,14,2138,미확인,0.35,1,여,2026-01-20,공공데이터포털_경기도 수원시_지역화폐 결제 정보_20260120
2025-11,수원시 영통구,광교1동,레저/문화 용품,10대,130000,1,130000,미확인,0.35,1,여,2026-01-20,공공데이터포털_경기도 수원시_지역화폐 결제 정보_20260120
2025-11,수원시 영통구,광교1동,레저/스포츠 서비스,10대,30368,8,3796,미확인,0.35,1,여,2026-01-20,공공데이터포털_경기도 수원시_지역화폐 결제 정보_20260120
2025-11,수원시 영통구,광교1동,문화/취미,10대,9891,3,3297,미확인,0.35,1,여,2026-01-20,공공데이터포털_경기도 수원시_지역화폐 결제 정보_20260120
2025-11,수원시 영통구,광교1동,미용/위생,10대,133257,7,19037,미확인,0.35,1,여,2026-01-20,공공데이터포털_경기도 수원시_지역화폐 결제 정보_20260120
2025-11,수원시 영통구,광교1동,서적/문구/학습자재,10대,29281,11,2662,미확인,0.35,1,여,2026-01-20,공공데이터포털_경기도 수원시_지역화폐 결제 정보_20260120
2025-11,수원시 영통구,광교1동,신변잡화,10대,3919,1,3919,미확인,0.35,1,여,2026-01-20,공공데이터포털_경기도 수원시_지역화폐 결제 정보_20260120
2025-11,수원시 영통구,광교1동,약국,10대,12768,14,912,미확인,0.35,1,여,2026-01-20,공공데이터포털_경기도 수원시_지역화폐 결제 정보_20260120
2025-11,수원시 영통구,광교1동,용역서비스,10대,45220,6,7537,미확인,0.35,1,여,2026-01-20,공공데이터포털_경기도 수원시_지역화폐 결제 정보_20260120
2025-11,수원시 영통구,광교1동,음료/식품,10대,120140,84,1430,미확인,0.35,1,여,2026-01-20,공공데이터포털_경기도 수원시_지역화폐 결제 정보_20260120
2025-11,수원시 영통구,광교1동,의원,10대,277770,18,15432,미확인,0.35,1,여,2026-01-20,공공데이터포털_경기도 수원시_지역화폐 결제 정보_20260120
2025-11,수원시 영통구,광교1동,일반/휴게 음식,10대,1405019,421,3337,미확인,0.35,1,여,2026-01-20,공공데이터포털_경기도 수원시_지역화폐 결제 정보_20260120
2025-11,수원시 영통구,광교1동,일반유통,10대,125248,98,1278,미확인,0.35,1,여,2026-01-20,공공데이터포털_경기도 수원시_지역화폐 결제 정보_20260120
2025-11,수원시 영통구,광교1동,학원,10대,2208589,67,32964,미확인,0.35,1,여,2026-01-20,공공데이터포털_경기도 수원시_지역화폐 결제 정보_20260120
2025-11,수원시 영통구,광교1동,기타의료,20대,391324,19,20596,미확인,0.35,1,여,2026-01-20,공공데이터포털_경기도 수원시_지역화폐 결제 정보_20260120
2025-11,수원시 영통구,광교1동,대형유통,20대,179598,76,2363,미확인,0.35,1,여,2026-01-20,공공데이터포털_경기도 수원시_지역화폐 결제 정보_20260120
2025-11,수원시 영통구,광교1동,레저/문화 용품,20대,8957,1,8957,미확인,0.35,1,여,2026-01-20,공공데이터포털_경기도 수원시_지역화폐 결제 정보_20260120
2025-11,수원시 영통구,광교1동,레저/스포츠 서비스,20대,1078015,80,13475,미확인,0.35,1,여,2026-01-20,공공데이터포털_경기도 수원시_지역화폐 결제 정보_20260120
2025-11,수원시 영통구,광교1동,문화/취미,20대,270534,23,11762,미확인,0.35,1,여,2026-01-20,공공데이터포털_경기도 수원시_지역화폐 결제 정보_20260120
2025-11,수원시 영통구,광교1동,미용/위생,20대,6689211,173,38666,미확인,0.35,1,여,2026-01-20,공공데이터포털_경기도 수원시_지역화폐 결제 정보_20260120
2025-11,수원시 영통구,광교1동,사무/통신,20대,3318,1,3318,미확인,0.35,1,여,2026-01-20,공공데이터포털_경기도 수원시_지역화폐 결제 정보_20260120
2025-11,수원시 영통구,광교1동,서적/문구/학습자재,20대,262958,41,6414,미확인,0.35,1,여,2026-01-20,공공데이터포털_경기도 수원시_지역화폐 결제 정보_20260120
2025-11,수원시 영통구,광교1동,신변잡화,20대,34000,1,34000,미확인,0.35,1,여,2026-01-20,공공데이터포털_경기도 수원시_지역화폐 결제 정보_20260120
2025-11,수원시 영통구,광교1동,약국,20대,1174311,217,5412,미확인,0.35,1,여,2026-01-20,공공데이터포털_경기도 수원시_지역화폐 결제 정보_20260120
2025-11,수원시 영통구,광교1동,용역서비스,20대,1413723,111,12736,미확인,0.35,1,여,2026-01-20,공공데이터포털_경기도 수원시_지역화폐 결제 정보_20260120
2025-11,수원시 영통구,광교1동,음료/식품,20대,1595460,364,4383,미확인,0.35,1,여,2026-01-20,공공데이터포털_경기도 수원시_지역화폐 결제 정보_20260120
2025-11,수원시 영통구,광교1동,의류,20대,834185,13,64168,미확인,0.35,1,여,2026-01-20,공공데이터포털_경기도 수원시_지역화폐 결제 정보_20260120
2025-11,수원시 영통구,광교1동,의원,20대,2546269,154,16534,미확인,0.35,1,여,2026-01-20,공공데이터포털_경기도 수원시_지역화폐 결제 정보_20260120
2025-11,수원시 영통구,광교1동,일반/휴게 음식,20대,22774812,3509,6490,미확인,0.35,1,여,2026-01-20,공공데이터포털_경기도 수원시_지역화폐 결제 정보_20260120
2025-11,수원시 영통구,광교1동,일반유통,20대,3770601,1103,3418,미확인,0.35,1,여,2026-01-20,공공데이터포털_경기도 수원시_지역화폐 결제 정보_20260120
2025-11,수원시 영통구,광교1동,자동차 정비/유지,20대,70141,3,23380,미확인,0.35,1,여,2026-01-20,공공데이터포털_경기도 수원시_지역화폐 결제 정보_20260120
2025-11,수원시 영통구,광교1동,전자제품,20대,100000,1,100000,미확인,0.35,1,여,2026-01-20,공공데이터포털_경기도 수원시_지역화폐 결제 정보_20260120
2025-11,수원시 영통구,광교1동,직물/침구류,20대,86290,3,28763,미확인,0.35,1,여,2026-01-20,공공데이터포털_경기도 수원시_지역화폐 결제 정보_20260120
2025-11,수원시 영통구,광교1동,학원,20대,3099879,87,35631,미확인,0.35,1,여,2026-01-20,공공데이터포털_경기도 수원시_지역화폐 결제 정보_20260120
2025-11,수원시 영통구,광교1동,건축자재,30대,693561,5,138712,미확인,0.35,1,여,2026-01-20,공공데이터포털_경기도 수원시_지역화폐 결제 정보_20260120
2025-11,수원시 영통구,광교1동,기타유통,30대,25340,1,25340,미확인,0.35,1,여,2026-01-20,공공데이터포털_경기도 수원시_지역화폐 결제 정보_20260120
2025-11,수원시 영통구,광교1동,기타의료,30대,2456363,52,47238,미확인,0.35,1,여,2026-01-20,공공데이터포털_경기도 수원시_지역화폐 결제 정보_20260120
2025-11,수원시 영통구,광교1동,대형유통,30대,344489,160,2153,미확인,0.35,1,여,2026-01-20,공공데이터포털_경기도 수원시_지역화폐 결제 정보_20260120
2025-11,수원시 영통구,광교1동,레저/문화 용품,30대,38598,1,38598,미확인,0.35,1,여,2026-01-20,공공데이터포털_경기도 수원시_지역화폐 결제 정보_20260120
2025-11,수원시 영통구,광교1동,레저/스포츠 서비스,30대,2448702,115,21293,미확인,0.35,1,여,2026-01-20,공공데이터포털_경기도 수원시_지역화폐 결제 정보_20260120
2025-11,수원시 영통구,광교1동,문화/취미,30대,1464833,79,18542,미확인,0.35,1,여,2026-01-20,공공데이터포털_경기도 수원시_지역화폐 결제 정보_20260120
2025-11,수원시 영통구,광교1동,미용/위생,30대,8393798,424,19797,미확인,0.35,1,여,2026-01-20,공공데이터포털_경기도 수원시_지역화폐 결제 정보_20260120
2025-11,수원시 영통구,광교1동,서적/문구/학습자재,30대,1529624,115,13301,미확인,0.35,1,여,2026-01-20,공공데이터포털_경기도 수원시_지역화폐 결제 정보_20260120
2025-11,수원시 영통구,광교1동,신변잡화,30대,4483,4,1121,미확인,0.35,1,여,2026-01-20,공공데이터포털_경기도 수원시_지역화폐 결제 정보_20260120
2025-11,수원시 영통구,광교1동,약국,30대,2689709,984,2733,미확인,0.35,1,여,2026-01-20,공공데이터포털_경기도 수원시_지역화폐 결제 정보_20260120
2025-11,수원시 영통구,광교1동,용역서비스,30대,7932373,265,29933,미확인,0.35,1,여,2026-01-20,공공데이터포털_경기도 수원시_지역화폐 결제 정보_20260120
2025-11,수원시 영통구,광교1동,음료/식품,30대,3321318,905,3670,미확인,0.35,1,여,2026-01-20,공공데이터포털_경기도 수원시_지역화폐 결제 정보_20260120
2025-11,수원시 영통구,광교1동,의류,30대,297701,23,12944,미확인,0.35,1,여,2026-01-20,공공데이터포털_경기도 수원시_지역화폐 결제 정보_20260120
2025-11,수원시 영통구,광교1동,의원,30대,6160161,662,9305,미확인,0.35,1,여,2026-01-20,공공데이터포털_경기도 수원시_지역화폐 결제 정보_20260120
2025-11,수원시 영통구,광교1동,일반/휴게 음식,30대,32106383,8759,3666,미확인,0.35,1,여,2026-01-20,공공데이터포털_경기도 수원시_지역화폐 결제 정보_20260120
2025-11,수원시 영통구,광교1동,일반유통,30대,4426055,2217,1996,미확인,0.35,1,여,2026-01-20,공공데이터포털_경기도 수원시_지역화폐 결제 정보_20260120
2025-11,수원시 영통구,광교1동,자동차 정비/유지,30대,48879,88,555,미확인,0.35,1,여,2026-01-20,공공데이터포털_경기도 수원시_지역화폐 결제 정보_20260120
2025-11,수원시 영통구,광교1동,자동차판매,30대,1056,1,1056,미확인,0.35,1,여,2026-01-20,공공데이터포털_경기도 수원시_지역화폐 결제 정보_20260120
2025-11,수원시 영통구,광교1동,전자상거래,30대,144694,7,20671,미확인,0.35,1,여,2026-01-20,공공데이터포털_경기도 수원시_지역화폐 결제 정보_20260120
2025-11,수원시 영통구,광교1동,주유/충전소,30대,16308,3,5436,미확인,0.35,1,여,2026-01-20,공공데이터포털_경기도 수원시_지역화폐 결제 정보_20260120
2025-11,수원시 영통구,광교1동,직물/침구류,30대,172269,7,24610,미확인,0.35,1,여,2026-01-20,공공데이터포털_경기도 수원시_지역화폐 결제 정보_20260120
2025-11,수원시 영통구,광교1동,학원,30대,11219734,370,30324,미확인,0.35,1,여,2026-01-20,공공데이터포털_경기도 수원시_지역화폐 결제 정보_20260120
2025-11,수원시 영통구,광교1동,건축자재,40대,175195,3,58398,미확인,0.35,1,여,2026-01-20,공공데이터포털_경기도 수원시_지역화폐 결제 정보_20260120
2025-11,수원시 영통구,광교1동,기타유통,40대,28621,2,14310,미확인,0.35,1,여,2026-01-20,공공데이터포털_경기도 수원시_지역화폐 결제 정보_20260120
2025-11,수원시 영통구,광교1동,기타의료,40대,1047023,69,15174,미확인,0.35,1,여,2026-01-20,공공데이터포털_경기도 수원시_지역화폐 결제 정보_20260120
2025-11,수원시 영통구,광교1동,대형유통,40대,1119349,508,2203,미확인,0.35,1,여,2026-01-20,공공데이터포털_경기도 수원시_지역화폐 결제 정보_20260120
2025-11,수원시 영통구,광교1동,레저/문화 용품,40대,115678,8,14460,미확인,0.35,1,여,2026-01-20,공공데이터포털_경기도 수원시_지역화폐 결제 정보_20260120
2025-11,수원시 영통구,광교1동,레저/스포츠 서비스,40대,1636102,90,18179,미확인,0.35,1,여,2026-01-20,공공데이터포털_경기도 수원시_지역화폐 결제 정보_20260120
2025-11,수원시 영통구,광교1동,문화/취미,40대,1270139,109,11653,미확인,0.35,1,여,2026-01-20,공공데이터포털_경기도 수원시_지역화폐 결제 정보_20260120
2025-11,수원시 영통구,광교1동,미용/위생,40대,8646923,578,14960,미확인,0.35,1,여,2026-01-20,공공데이터포털_경기도 수원시_지역화폐 결제 정보_20260120
2025-11,수원시 영통구,광교1동,서적/문구/학습자재,40대,4430961,533,8313,미확인,0.35,1,여,2026-01-20,공공데이터포털_경기도 수원시_지역화폐 결제 정보_20260120
2025-11,수원시 영통구,광교1동,신변잡화,40대,1392,3,464,미확인,0.35,1,여,2026-01-20,공공데이터포털_경기도 수원시_지역화폐 결제 정보_20260120
2025-11,수원시 영통구,광교1동,약국,40대,3272477,1606,2038,미확인,0.35,1,여,2026-01-20,공공데이터포털_경기도 수원시_지역화폐 결제 정보_20260120
2025-11,수원시 영통구,광교1동,용역서비스,40대,3384031,338,10012,미확인,0.35,1,여,2026-01-20,공공데이터포털_경기도 수원시_지역화폐 결제 정보_20260120
2025-11,수원시 영통구,광교1동,음료/식품,40대,10413282,3117,3341,미확인,0.35,1,여,2026-01-20,공공데이터포털_경기도 수원시_지역화폐 결제 정보_20260120
2025-11,수원시 영통구,광교1동,의류,40대,651207,52,12523,미확인,0.35,1,여,2026-01-20,공공데이터포털_경기도 수원시_지역화폐 결제 정보_20260120
2025-11,수원시 영통구,광교1동,의원,40대,10109089,1303,7758,미확인,0.35,1,여,2026-01-20,공공데이터포털_경기도 수원시_지역화폐 결제 정보_20260120
2025-11,수원시 영통구,광교1동,일반/휴게 음식,40대,46139391,13767,3351,미확인,0.35,1,여,2026-01-20,공공데이터포털_경기도 수원시_지역화폐 결제 정보_20260120
2025-11,수원시 영통구,광교1동,일반유통,40대,7808690,3835,2036,미확인,0.35,1,여,2026-01-20,공공데이터포털_경기도 수원시_지역화폐 결제 정보_20260120
2025-11,수원시 영통구,광교1동,자동차 정비/유지,40대,275111,253,1087,미확인,0.35,1,여,2026-01-20,공공데이터포털_경기도 수원시_지역화폐 결제 정보_20260120
2025-11,수원시 영통구,광교1동,자동차판매,40대,8563,1,8563,미확인,0.35,1,여,2026-01-20,공공데이터포털_경기도 수원시_지역화폐 결제 정보_20260120
2025-11,수원시 영통구,광교1동,전자상거래,40대,211306,9,23478,미확인,0.35,1,여,2026-01-20,공공데이터포털_경기도 수원시_지역화폐 결제 정보_20260120
2025-11,수원시 영통구,광교1동,전자제품,40대,2698,4,674,미확인,0.35,1,여,2026-01-20,공공데이터포털_경기도 수원시_지역화폐 결제 정보_20260120
2025-11,수원시 영통구,광교1동,직물/침구류,40대,170722,10,17072,미확인,0.35,1,여,2026-01-20,공공데이터포털_경기도 수원시_지역화폐 결제 정보_20260120
2025-11,수원시 영통구,광교1동,학원,40대,57671490,1866,30906,미확인,0.35,1,여,2026-01-20,공공데이터포털_경기도 수원시_지역화폐 결제 정보_20260120
2025-11,수원시 영통구,광교1동,건축자재,50대,5035,2,2518,미확인,0.35,1,여,2026-01-20,공공데이터포털_경기도 수원시_지역화폐 결제 정보_20260120
2025-11,수원시 영통구,광교1동,기타의료,50대,765618,33,23201,미확인,0.35,1,여,2026-01-20,공공데이터포털_경기도 수원시_지역화폐 결제 정보_20260120
2025-11,수원시 영통구,광교1동,대형유통,50대,879111,369,2382,미확인,0.35,1,여,2026-01-20,공공데이터포털_경기도 수원시_지역화폐 결제 정보_20260120
2025-11,수원시 영통구,광교1동,레저/문화 용품,50대,24394,4,6098,미확인,0.35,1,여,2026-01-20,공공데이터포털_경기도 수원시_지역화폐 결제 정보_20260120
2025-11,수원시 영통구,광교1동,레저/스포츠 서비스,50대,564789,56,10086,미확인,0.35,1,여,2026-01-20,공공데이터포털_경기도 수원시_지역화폐 결제 정보_20260120
2025-11,수원시 영통구,광교1동,문화/취미,50대,387920,45,8620,미확인,0.35,1,여,2026-01-20,공공데이터포털_경기도 수원시_지역화폐 결제 정보_20260120
2025-11,수원시 영통구,광교1동,미용/위생,50대,4712426,310,15201,미확인,0.35,1,여,2026-01-20,공공데이터포털_경기도 수원시_지역화폐 결제 정보_20260120
2025-11,수원시 영통구,광교1동,서적/문구/학습자재,50대,1250127,105,11906,미확인,0.35,1,여,2026-01-20,공공데이터포털_경기도 수원시_지역화폐 결제 정보_20260120
2025-11,수원시 영통구,광교1동,신변잡화,50대,4092,1,4092,미확인,0.35,1,여,2026-01-20,공공데이터포털_경기도 수원시_지역화폐 결제 정보_20260120
2025-11,수원시 영통구,광교1동,약국,50대,1754250,620,2829,미확인,0.35,1,여,2026-01-20,공공데이터포털_경기도 수원시_지역화폐 결제 정보_20260120
2025-11,수원시 영통구,광교1동,용역서비스,50대,1229119,209,5881,미확인,0.35,1,여,2026-01-20,공공데이터포털_경기도 수원시_지역화폐 결제 정보_20260120
2025-11,수원시 영통구,광교1동,음료/식품,50대,6595082,1393,4734,미확인,0.35,1,여,2026-01-20,공공데이터포털_경기도 수원시_지역화폐 결제 정보_20260120
2025-11,수원시 영통구,광교1동,의류,50대,541312,28,19333,미확인,0.35,1,여,2026-01-20,공공데이터포털_경기도 수원시_지역화폐 결제 정보_20260120
2025-11,수원시 영통구,광교1동,의원,50대,4578492,468,9783,미확인,0.35,1,여,2026-01-20,공공데이터포털_경기도 수원시_지역화폐 결제 정보_20260120
2025-11,수원시 영통구,광교1동,일반/휴게 음식,50대,23906477,6769,3532,미확인,0.35,1,여,2026-01-20,공공데이터포털_경기도 수원시_지역화폐 결제 정보_20260120
2025-11,수원시 영통구,광교1동,일반유통,50대,4060374,1706,2380,미확인,0.35,1,여,2026-01-20,공공데이터포털_경기도 수원시_지역화폐 결제 정보_20260120
2025-11,수원시 영통구,광교1동,자동차 정비/유지,50대,323630,93,3480,미확인,0.35,1,여,2026-01-20,공공데이터포털_경기도 수원시_지역화폐 결제 정보_20260120
2025-11,수원시 영통구,광교1동,전자상거래,50대,32888,4,8222,미확인,0.35,1,여,2026-01-20,공공데이터포털_경기도 수원시_지역화폐 결제 정보_20260120
2025-11,수원시 영통구,광교1동,전자제품,50대,94008,3,31336,미확인,0.35,1,여,2026-01-20,공공데이터포털_경기도 수원시_지역화폐 결제 정보_20260120
2025-11,수원시 영통구,광교1동,주유/충전소,50대,5086,1,5086,미확인,0.35,1,여,2026-01-20,공공데이터포털_경기도 수원시_지역화폐 결제 정보_20260120
2025-11,수원시 영통구,광교1동,직물/침구류,50대,318769,5,63754,미확인,0.35,1,여,2026-01-20,공공데이터포털_경기도 수원시_지역화폐 결제 정보_20260120
2025-11,수원시 영통구,광교1동,학원,50대,11449875,360,31805,미확인,0.35,1,여,2026-01-20,공공데이터포털_경기도 수원시_지역화폐 결제 정보_20260120
2025-11,수원시 영통구,광교1동,건축자재,60대 이상,143532,3,47844,미확인,0.35,1,여,2026-01-20,공공데이터포털_경기도 수원시_지역화폐 결제 정보_20260120
2025-11,수원시 영통구,광교1동,기타의료,60대 이상,804195,57,14109,미확인,0.35,1,여,2026-01-20,공공데이터포털_경기도 수원시_지역화폐 결제 정보_20260120
2025-11,수원시 영통구,광교1동,대형유통,60대 이상,313484,110,2850,미확인,0.35,1,여,2026-01-20,공공데이터포털_경기도 수원시_지역화폐 결제 정보_20260120
2025-11,수원시 영통구,광교1동,레저/문화 용품,60대 이상,68596,2,34298,미확인,0.35,1,여,2026-01-20,공공데이터포털_경기도 수원시_지역화폐 결제 정보_20260120
2025-11,수원시 영통구,광교1동,레저/스포츠 서비스,60대 이상,142932,27,5294,미확인,0.35,1,여,2026-01-20,공공데이터포털_경기도 수원시_지역화폐 결제 정보_20260120
2025-11,수원시 영통구,광교1동,문화/취미,60대 이상,164166,20,8208,미확인,0.35,1,여,2026-01-20,공공데이터포털_경기도 수원시_지역화폐 결제 정보_20260120
2025-11,수원시 영통구,광교1동,미용/위생,60대 이상,1626083,146,11138,미확인,0.35,1,여,2026-01-20,공공데이터포털_경기도 수원시_지역화폐 결제 정보_20260120
2025-11,수원시 영통구,광교1동,서적/문구/학습자재,60대 이상,377145,21,17959,미확인,0.35,1,여,2026-01-20,공공데이터포털_경기도 수원시_지역화폐 결제 정보_20260120
2025-11,수원시 영통구,광교1동,약국,60대 이상,796418,263,3028,미확인,0.35,1,여,2026-01-20,공공데이터포털_경기도 수원시_지역화폐 결제 정보_20260120
2025-11,수원시 영통구,광교1동,용역서비스,60대 이상,370326,68,5446,미확인,0.35,1,여,2026-01-20,공공데이터포털_경기도 수원시_지역화폐 결제 정보_20260120
2025-11,수원시 영통구,광교1동,음료/식품,60대 이상,2616780,663,3947,미확인,0.35,1,여,2026-01-20,공공데이터포털_경기도 수원시_지역화폐 결제 정보_20260120
2025-11,수원시 영통구,광교1동,의류,60대 이상,152058,9,16895,미확인,0.35,1,여,2026-01-20,공공데이터포털_경기도 수원시_지역화폐 결제 정보_20260120
2025-11,수원시 영통구,광교1동,의원,60대 이상,1888505,226,8356,미확인,0.35,1,여,2026-01-20,공공데이터포털_경기도 수원시_지역화폐 결제 정보_20260120
2025-11,수원시 영통구,광교1동,일반/휴게 음식,60대 이상,7747669,1842,4206,미확인,0.35,1,여,2026-01-20,공공데이터포털_경기도 수원시_지역화폐 결제 정보_20260120
2025-11,수원시 영통구,광교1동,일반유통,60대 이상,2424442,719,3372,미확인,0.35,1,여,2026-01-20,공공데이터포털_경기도 수원시_지역화폐 결제 정보_20260120
2025-11,수원시 영통구,광교1동,자동차 정비/유지,60대 이상,45399,41,1107,미확인,0.35,1,여,2026-01-20,공공데이터포털_경기도 수원시_지역화폐 결제 정보_20260120
2025-11,수원시 영통구,광교1동,전자상거래,60대 이상,89798,2,44899,미확인,0.35,1,여,2026-01-20,공공데이터포털_경기도 수원시_지역화폐 결제 정보_20260120
2025-11,수원시 영통구,광교1동,직물/침구류,60대 이상,65987,2,32994,미확인,0.35,1,여,2026-01-20,공공데이터포털_경기도 수원시_지역화폐 결제 정보_20260120
2025-11,수원시 영통구,광교1동,학원,60대 이상,4177180,117,35702,미확인,0.35,1,여,2026-01-20,공공데이터포털_경기도 수원시_지역화폐 결제 정보_20260120
2025-11,수원시 영통구,광교1동,회원정보미상,60대 이상,179440,22,8156,미확인,0.35,1,여,2026-01-20,공공데이터포털_경기도 수원시_지역화폐 결제 정보_20260120
2025-11,수원시 영통구,광교1동,회원정보미상,60대 이상,179440,22,8156,미확인,0.35,1,여,2026-01-20,공공데이터포털_경기도 수원시_지역화폐 결제 정보_20260120
2025-11,수원시 영통구,광교1동,음료/식품,60대 이상,50700,6,8450,미확인,0.35,1,여,2026-01-20,공공데이터포털_경기도 수원시_지역화폐 결제 정보_20260120
2025-11,수원시 영통구,광교1동,일반/휴게 음식,60대 이상,79750,11,7250,미확인,0.35,1,여,2026-01-20,공공데이터포털_경기도 수원시_지역화폐 결제 정보_20260120
2025-11,수원시 영통구,광교1동,일반유통,60대 이상,48990,5,9798,미확인,0.35,1,여,2026-01-20,공공데이터포털_경기도 수원시_지역화폐 결제 정보_20260120
2025-11,수원시 영통구,광교2동,레저/스포츠 서비스,10대,39324,18,2185,미확인,0.35,1,남,2026-01-20,공공데이터포털_경기도 수원시_지역화폐 결제 정보_20260120
2025-11,수원시 영통구,광교2동,미용/위생,10대,44629,4,11157,미확인,0.35,1,남,2026-01-20,공공데이터포털_경기도 수원시_지역화폐 결제 정보_20260120
2025-11,수원시 영통구,광교2동,약국,10대,2390,1,2390,미확인,0.35,1,남,2026-01-20,공공데이터포털_경기도 수원시_지역화폐 결제 정보_20260120
2025-11,수원시 영통구,광교2동,용역서비스,10대,49293,9,5477,미확인,0.35,1,남,2026-01-20,공공데이터포털_경기도 수원시_지역화폐 결제 정보_20260120
2025-11,수원시 영통구,광교2동,음료/식품,10대,94706,24,3946,미확인,0.35,1,남,2026-01-20,공공데이터포털_경기도 수원시_지역화폐 결제 정보_20260120
2025-11,수원시 영통구,광교2동,일반/휴게 음식,10대,375267,56,6701,미확인,0.35,1,남,2026-01-20,공공데이터포털_경기도 수원시_지역화폐 결제 정보_20260120
2025-11,수원시 영통구,광교2동,일반유통,10대,83512,38,2198,미확인,0.35,1,남,2026-01-20,공공데이터포털_경기도 수원시_지역화폐 결제 정보_20260120
2025-11,수원시 영통구,광교2동,학원,10대,134415,5,26883,미확인,0.35,1,남,2026-01-20,공공데이터포털_경기도 수원시_지역화폐 결제 정보_20260120
2025-11,수원시 영통구,광교2동,기타의료,20대,26497,2,13248,미확인,0.35,1,남,2026-01-20,공공데이터포털_경기도 수원시_지역화폐 결제 정보_20260120
2025-11,수원시 영통구,광교2동,레저/문화 용품,20대,28198,2,14099,미확인,0.35,1,남,2026-01-20,공공데이터포털_경기도 수원시_지역화폐 결제 정보_20260120
2025-11,수원시 영통구,광교2동,레저/스포츠 서비스,20대,87539,37,2366,미확인,0.35,1,남,2026-01-20,공공데이터포털_경기도 수원시_지역화폐 결제 정보_20260120
2025-11,수원시 영통구,광교2동,문화/취미,20대,138247,15,9216,미확인,0.35,1,남,2026-01-20,공공데이터포털_경기도 수원시_지역화폐 결제 정보_20260120
2025-11,수원시 영통구,광교2동,미용/위생,20대,1740495,46,37837,미확인,0.35,1,남,2026-01-20,공공데이터포털_경기도 수원시_지역화폐 결제 정보_20260120
2025-11,수원시 영통구,광교2동,서적/문구/학습자재,20대,5756,2,2878,미확인,0.35,1,남,2026-01-20,공공데이터포털_경기도 수원시_지역화폐 결제 정보_20260120
2025-11,수원시 영통구,광교2동,약국,20대,183799,24,7658,미확인,0.35,1,남,2026-01-20,공공데이터포털_경기도 수원시_지역화폐 결제 정보_20260120
2025-11,수원시 영통구,광교2동,용역서비스,20대,307684,11,27971,미확인,0.35,1,남,2026-01-20,공공데이터포털_경기도 수원시_지역화폐 결제 정보_20260120
2025-11,수원시 영통구,광교2동,음료/식품,20대,944730,167,5657,미확인,0.35,1,남,2026-01-20,공공데이터포털_경기도 수원시_지역화폐 결제 정보_20260120
2025-11,수원시 영통구,광교2동,의원,20대,240941,12,20078,미확인,0.35,1,남,2026-01-20,공공데이터포털_경기도 수원시_지역화폐 결제 정보_20260120
2025-11,수원시 영통구,광교2동,일반/휴게 음식,20대,6835956,778,8787,미확인,0.35,1,남,2026-01-20,공공데이터포털_경기도 수원시_지역화폐 결제 정보_20260120
2025-11,수원시 영통구,광교2동,일반유통,20대,1557777,323,4823,미확인,0.35,1,남,2026-01-20,공공데이터포털_경기도 수원시_지역화폐 결제 정보_20260120
2025-11,수원시 영통구,광교2동,자동차 정비/유지,20대,150000,2,75000,미확인,0.35,1,남,2026-01-20,공공데이터포털_경기도 수원시_지역화폐 결제 정보_20260120
2025-11,수원시 영통구,광교2동,전자제품,20대,65900,1,65900,미확인,0.35,1,남,2026-01-20,공공데이터포털_경기도 수원시_지역화폐 결제 정보_20260120
2025-11,수원시 영통구,광교2동,학원,20대,356180,2,178090,미확인,0.35,1,남,2026-01-20,공공데이터포털_경기도 수원시_지역화폐 결제 정보_20260120
2025-11,수원시 영통구,광교2동,기타의료,30대,394955,17,23233,미확인,0.35,1,남,2026-01-20,공공데이터포털_경기도 수원시_지역화폐 결제 정보_20260120
2025-11,수원시 영통구,광교2동,레저/문화 용품,30대,58984,12,4915,미확인,0.35,1,남,2026-01-20,공공데이터포털_경기도 수원시_지역화폐 결제 정보_20260120
2025-11,수원시 영통구,광교2동,레저/스포츠 서비스,30대,1103174,26,42430,미확인,0.35,1,남,2026-01-20,공공데이터포털_경기도 수원시_지역화폐 결제 정보_20260120
2025-11,수원시 영통구,광교2동,문화/취미,30대,435822,84,5188,미확인,0.35,1,남,2026-01-20,공공데이터포털_경기도 수원시_지역화폐 결제 정보_20260120
2025-11,수원시 영통구,광교2동,미용/위생,30대,1308317,104,12580,미확인,0.35,1,남,2026-01-20,공공데이터포털_경기도 수원시_지역화폐 결제 정보_20260120
2025-11,수원시 영통구,광교2동,서적/문구/학습자재,30대,299572,6,49929,미확인,0.35,1,남,2026-01-20,공공데이터포털_경기도 수원시_지역화폐 결제 정보_20260120
2025-11,수원시 영통구,광교2동,약국,30대,244318,123,1986,미확인,0.35,1,남,2026-01-20,공공데이터포털_경기도 수원시_지역화폐 결제 정보_20260120
2025-11,수원시 영통구,광교2동,용역서비스,30대,388540,57,6816,미확인,0.35,1,남,2026-01-20,공공데이터포털_경기도 수원시_지역화폐 결제 정보_20260120
2025-11,수원시 영통구,광교2동,음료/식품,30대,1329176,370,3592,미확인,0.35,1,남,2026-01-20,공공데이터포털_경기도 수원시_지역화폐 결제 정보_20260120
2025-11,수원시 영통구,광교2동,의류,30대,554624,15,36975,미확인,0.35,1,남,2026-01-20,공공데이터포털_경기도 수원시_지역화폐 결제 정보_20260120
2025-11,수원시 영통구,광교2동,의원,30대,701312,96,7305,미확인,0.35,1,남,2026-01-20,공공데이터포털_경기도 수원시_지역화폐 결제 정보_20260120
2025-11,수원시 영통구,광교2동,일반/휴게 음식,30대,12100979,2698,4485,미확인,0.35,1,남,2026-01-20,공공데이터포털_경기도 수원시_지역화폐 결제 정보_20260120
2025-11,수원시 영통구,광교2동,일반유통,30대,1608504,967,1663,미확인,0.35,1,남,2026-01-20,공공데이터포털_경기도 수원시_지역화폐 결제 정보_20260120
2025-11,수원시 영통구,광교2동,자동차 정비/유지,30대,109148,7,15593,미확인,0.35,1,남,2026-01-20,공공데이터포털_경기도 수원시_지역화폐 결제 정보_20260120
2025-11,수원시 영통구,광교2동,전자상거래,30대,5762,1,5762,미확인,0.35,1,남,2026-01-20,공공데이터포털_경기도 수원시_지역화폐 결제 정보_20260120
2025-11,수원시 영통구,광교2동,전자제품,30대,29039,2,14520,미확인,0.35,1,남,2026-01-20,공공데이터포털_경기도 수원시_지역화폐 결제 정보_20260120
2025-11,수원시 영통구,광교2동,주유/충전소,30대,60176,6,10029,미확인,0.35,1,남,2026-01-20,공공데이터포털_경기도 수원시_지역화폐 결제 정보_20260120
2025-11,수원시 영통구,광교2동,학원,30대,1379911,44,31362,미확인,0.35,1,남,2026-01-20,공공데이터포털_경기도 수원시_지역화폐 결제 정보_20260120
2025-11,수원시 영통구,광교2동,기타의료,40대,104869,13,8067,미확인,0.35,1,남,2026-01-20,공공데이터포털_경기도 수원시_지역화폐 결제 정보_20260120
2025-11,수원시 영통구,광교2동,레저/문화 용품,40대,211657,59,3587,미확인,0.35,1,남,2026-01-20,공공데이터포털_경기도 수원시_지역화폐 결제 정보_20260120
2025-11,수원시 영통구,광교2동,레저/스포츠 서비스,40대,171225,27,6342,미확인,0.35,1,남,2026-01-20,공공데이터포털_경기도 수원시_지역화폐 결제 정보_20260120
2025-11,수원시 영통구,광교2동,문화/취미,40대,289142,73,3961,미확인,0.35,1,남,2026-01-20,공공데이터포털_경기도 수원시_지역화폐 결제 정보_20260120
2025-11,수원시 영통구,광교2동,미용/위생,40대,2240926,224,10004,미확인,0.35,1,남,2026-01-20,공공데이터포털_경기도 수원시_지역화폐 결제 정보_20260120
2025-11,수원시 영통구,광교2동,서적/문구/학습자재,40대,211481,13,16268,미확인,0.35,1,남,2026-01-20,공공데이터포털_경기도 수원시_지역화폐 결제 정보_20260120
2025-11,수원시 영통구,광교2동,신변잡화,40대,5794,8,724,미확인,0.35,1,남,2026-01-20,공공데이터포털_경기도 수원시_지역화폐 결제 정보_20260120
2025-11,수원시 영통구,광교2동,약국,40대,574884,292,1969,미확인,0.35,1,남,2026-01-20,공공데이터포털_경기도 수원시_지역화폐 결제 정보_20260120
2025-11,수원시 영통구,광교2동,용역서비스,40대,691839,65,10644,미확인,0.35,1,남,2026-01-20,공공데이터포털_경기도 수원시_지역화폐 결제 정보_20260120
2025-11,수원시 영통구,광교2동,음료/식품,40대,1940168,645,3008,미확인,0.35,1,남,2026-01-20,공공데이터포털_경기도 수원시_지역화폐 결제 정보_20260120
2025-11,수원시 영통구,광교2동,의류,40대,226160,8,28270,미확인,0.35,1,남,2026-01-20,공공데이터포털_경기도 수원시_지역화폐 결제 정보_20260120
2025-11,수원시 영통구,광교2동,의원,40대,2262185,249,9085,미확인,0.35,1,남,2026-01-20,공공데이터포털_경기도 수원시_지역화폐 결제 정보_20260120
2025-11,수원시 영통구,광교2동,일반/휴게 음식,40대,17529552,3966,4420,미확인,0.35,1,남,2026-01-20,공공데이터포털_경기도 수원시_지역화폐 결제 정보_20260120
2025-11,수원시 영통구,광교2동,일반유통,40대,2725451,1507,1809,미확인,0.35,1,남,2026-01-20,공공데이터포털_경기도 수원시_지역화폐 결제 정보_20260120
2025-11,수원시 영통구,광교2동,자동차 정비/유지,40대,119780,9,13309,미확인,0.35,1,남,2026-01-20,공공데이터포털_경기도 수원시_지역화폐 결제 정보_20260120
2025-11,수원시 영통구,광교2동,전자상거래,40대,36675,2,18338,미확인,0.35,1,남,2026-01-20,공공데이터포털_경기도 수원시_지역화폐 결제 정보_20260120
2025-11,수원시 영통구,광교2동,전자제품,40대,77373,6,12896,미확인,0.35,1,남,2026-01-20,공공데이터포털_경기도 수원시_지역화폐 결제 정보_20260120
2025-11,수원시 영통구,광교2동,주방용품,40대,20070,1,20070,미확인,0.35,1,남,2026-01-20,공공데이터포털_경기도 수원시_지역화폐 결제 정보_20260120
2025-11,수원시 영통구,광교2동,주유/충전소,40대,169181,24,7049,미확인,0.35,1,남,2026-01-20,공공데이터포털_경기도 수원시_지역화폐 결제 정보_20260120
2025-11,수원시 영통구,광교2동,학원,40대,7198959,220,32723,미확인,0.35,1,남,2026-01-20,공공데이터포털_경기도 수원시_지역화폐 결제 정보_20260120
2025-11,수원시 영통구,광교2동,기타의료,50대,75055,8,9382,미확인,0.35,1,남,2026-01-20,공공데이터포털_경기도 수원시_지역화폐 결제 정보_20260120
2025-11,수원시 영통구,광교2동,레저/문화 용품,50대,171204,35,4892,미확인,0.35,1,남,2026-01-20,공공데이터포털_경기도 수원시_지역화폐 결제 정보_20260120
2025-11,수원시 영통구,광교2동,레저/스포츠 서비스,50대,285694,47,6079,미확인,0.35,1,남,2026-01-20,공공데이터포털_경기도 수원시_지역화폐 결제 정보_20260120
2025-11,수원시 영통구,광교2동,문화/취미,50대,132278,39,3392,미확인,0.35,1,남,2026-01-20,공공데이터포털_경기도 수원시_지역화폐 결제 정보_20260120
2025-11,수원시 영통구,광교2동,미용/위생,50대,1001410,108,9272,미확인,0.35,1,남,2026-01-20,공공데이터포털_경기도 수원시_지역화폐 결제 정보_20260120
2025-11,수원시 영통구,광교2동,서적/문구/학습자재,50대,1584,4,396,미확인,0.35,1,남,2026-01-20,공공데이터포털_경기도 수원시_지역화폐 결제 정보_20260120
2025-11,수원시 영통구,광교2동,신변잡화,50대,670,2,335,미확인,0.35,1,남,2026-01-20,공공데이터포털_경기도 수원시_지역화폐 결제 정보_20260120
2025-11,수원시 영통구,광교2동,약국,50대,270394,111,2436,미확인,0.35,1,남,2026-01-20,공공데이터포털_경기도 수원시_지역화폐 결제 정보_20260120
2025-11,수원시 영통구,광교2동,용역서비스,50대,382638,55,6957,미확인,0.35,1,남,2026-01-20,공공데이터포털_경기도 수원시_지역화폐 결제 정보_20260120
2025-11,수원시 영통구,광교2동,음료/식품,50대,1568507,675,2324,미확인,0.35,1,남,2026-01-20,공공데이터포털_경기도 수원시_지역화폐 결제 정보_20260120
2025-11,수원시 영통구,광교2동,의류,50대,51026,6,8504,미확인,0.35,1,남,2026-01-20,공공데이터포털_경기도 수원시_지역화폐 결제 정보_20260120
2025-11,수원시 영통구,광교2동,의원,50대,1362536,120,11354,미확인,0.35,1,남,2026-01-20,공공데이터포털_경기도 수원시_지역화폐 결제 정보_20260120
2025-11,수원시 영통구,광교2동,일반/휴게 음식,50대,11259120,2794,4030,미확인,0.35,1,남,2026-01-20,공공데이터포털_경기도 수원시_지역화폐 결제 정보_20260120
2025-11,수원시 영통구,광교2동,일반유통,50대,1764582,922,1914,미확인,0.35,1,남,2026-01-20,공공데이터포털_경기도 수원시_지역화폐 결제 정보_20260120
2025-11,수원시 영통구,광교2동,자동차 정비/유지,50대,79001,4,19750,미확인,0.35,1,남,2026-01-20,공공데이터포털_경기도 수원시_지역화폐 결제 정보_20260120
2025-11,수원시 영통구,광교2동,전자상거래,50대,11487,1,11487,미확인,0.35,1,남,2026-01-20,공공데이터포털_경기도 수원시_지역화폐 결제 정보_20260120
2025-11,수원시 영통구,광교2동,전자제품,50대,152745,21,7274,미확인,0.35,1,남,2026-01-20,공공데이터포털_경기도 수원시_지역화폐 결제 정보_20260120
2025-11,수원시 영통구,광교2동,주방용품,50대,3545,1,3545,미확인,0.35,1,남,2026-01-20,공공데이터포털_경기도 수원시_지역화폐 결제 정보_20260120
2025-11,수원시 영통구,광교2동,주유/충전소,50대,53262,13,4097,미확인,0.35,1,남,2026-01-20,공공데이터포털_경기도 수원시_지역화폐 결제 정보_20260120
2025-11,수원시 영통구,광교2동,학원,50대,4423265,85,52038,미확인,0.35,1,남,2026-01-20,공공데이터포털_경기도 수원시_지역화폐 결제 정보_20260120
2025-11,수원시 영통구,광교2동,기타의료,60대 이상,68175,6,11362,미확인,0.35,1,남,2026-01-20,공공데이터포털_경기도 수원시_지역화폐 결제 정보_20260120
2025-11,수원시 영통구,광교2동,레저/문화 용품,60대 이상,17329,3,5776,미확인,0.35,1,남,2026-01-20,공공데이터포털_경기도 수원시_지역화폐 결제 정보_20260120
2025-11,수원시 영통구,광교2동,레저/스포츠 서비스,60대 이상,76221,1,76221,미확인,0.35,1,남,2026-01-20,공공데이터포털_경기도 수원시_지역화폐 결제 정보_20260120
2025-11,수원시 영통구,광교2동,문화/취미,60대 이상,14757,16,922,미확인,0.35,1,남,2026-01-20,공공데이터포털_경기도 수원시_지역화폐 결제 정보_20260120
2025-11,수원시 영통구,광교2동,미용/위생,60대 이상,316522,63,5024,미확인,0.35,1,남,2026-01-20,공공데이터포털_경기도 수원시_지역화폐 결제 정보_20260120
2025-11,수원시 영통구,광교2동,서적/문구/학습자재,60대 이상,9975,4,2494,미확인,0.35,1,남,2026-01-20,공공데이터포털_경기도 수원시_지역화폐 결제 정보_20260120
2025-11,수원시 영통구,광교2동,신변잡화,60대 이상,331,1,331,미확인,0.35,1,남,2026-01-20,공공데이터포털_경기도 수원시_지역화폐 결제 정보_20260120
2025-11,수원시 영통구,광교2동,약국,60대 이상,201387,49,4110,미확인,0.35,1,남,2026-01-20,공공데이터포털_경기도 수원시_지역화폐 결제 정보_20260120
2025-11,수원시 영통구,광교2동,용역서비스,60대 이상,116800,21,5562,미확인,0.35,1,남,2026-01-20,공공데이터포털_경기도 수원시_지역화폐 결제 정보_20260120
2025-11,수원시 영통구,광교2동,음료/식품,60대 이상,1264448,393,3217,미확인,0.35,1,남,2026-01-20,공공데이터포털_경기도 수원시_지역화폐 결제 정보_20260120
2025-11,수원시 영통구,광교2동,의류,60대 이상,11886,1,11886,미확인,0.35,1,남,2026-01-20,공공데이터포털_경기도 수원시_지역화폐 결제 정보_20260120
2025-11,수원시 영통구,광교2동,의원,60대 이상,545737,39,13993,미확인,0.35,1,남,2026-01-20,공공데이터포털_경기도 수원시_지역화폐 결제 정보_20260120
2025-11,수원시 영통구,광교2동,일반/휴게 음식,60대 이상,4755451,1349,3525,미확인,0.35,1,남,2026-01-20,공공데이터포털_경기도 수원시_지역화폐 결제 정보_20260120
2025-11,수원시 영통구,광교2동,일반유통,60대 이상,621050,317,1959,미확인,0.35,1,남,2026-01-20,공공데이터포털_경기도 수원시_지역화폐 결제 정보_20260120
2025-11,수원시 영통구,광교2동,주유/충전소,60대 이상,165530,17,9737,미확인,0.35,1,남,2026-01-20,공공데이터포털_경기도 수원시_지역화폐 결제 정보_20260120
2025-11,수원시 영통구,광교2동,학원,60대 이상,202302,8,25288,미확인,0.35,1,남,2026-01-20,공공데이터포털_경기도 수원시_지역화폐 결제 정보_20260120
2025-11,수원시 영통구,광교2동,레저/문화 용품,10대,1636,1,1636,미확인,0.35,1,여,2026-01-20,공공데이터포털_경기도 수원시_지역화폐 결제 정보_20260120
2025-11,수원시 영통구,광교2동,레저/스포츠 서비스,10대,1323,1,1323,미확인,0.35,1,여,2026-01-20,공공데이터포털_경기도 수원시_지역화폐 결제 정보_20260120
2025-11,수원시 영통구,광교2동,문화/취미,10대,4220,8,528,미확인,0.35,1,여,2026-01-20,공공데이터포털_경기도 수원시_지역화폐 결제 정보_20260120
2025-11,수원시 영통구,광교2동,미용/위생,10대,25815,1,25815,미확인,0.35,1,여,2026-01-20,공공데이터포털_경기도 수원시_지역화폐 결제 정보_20260120
2025-11,수원시 영통구,광교2동,약국,10대,6645,4,1661,미확인,0.35,1,여,2026-01-20,공공데이터포털_경기도 수원시_지역화폐 결제 정보_20260120
2025-11,수원시 영통구,광교2동,용역서비스,10대,65000,5,13000,미확인,0.35,1,여,2026-01-20,공공데이터포털_경기도 수원시_지역화폐 결제 정보_20260120
2025-11,수원시 영통구,광교2동,음료/식품,10대,63120,22,2869,미확인,0.35,1,여,2026-01-20,공공데이터포털_경기도 수원시_지역화폐 결제 정보_20260120
2025-11,수원시 영통구,광교2동,의원,10대,24693,4,6173,미확인,0.35,1,여,2026-01-20,공공데이터포털_경기도 수원시_지역화폐 결제 정보_20260120
2025-11,수원시 영통구,광교2동,일반/휴게 음식,10대,632161,149,4243,미확인,0.35,1,여,2026-01-20,공공데이터포털_경기도 수원시_지역화폐 결제 정보_20260120
2025-11,수원시 영통구,광교2동,일반유통,10대,96673,49,1973,미확인,0.35,1,여,2026-01-20,공공데이터포털_경기도 수원시_지역화폐 결제 정보_20260120
2025-11,수원시 영통구,광교2동,전자상거래,10대,2496,1,2496,미확인,0.35,1,여,2026-01-20,공공데이터포털_경기도 수원시_지역화폐 결제 정보_20260120
2025-11,수원시 영통구,광교2동,학원,10대,265677,11,24152,미확인,0.35,1,여,2026-01-20,공공데이터포털_경기도 수원시_지역화폐 결제 정보_20260120
2025-11,수원시 영통구,광교2동,기타의료,20대,438030,5,87606,미확인,0.35,1,여,2026-01-20,공공데이터포털_경기도 수원시_지역화폐 결제 정보_20260120
2025-11,수원시 영통구,광교2동,레저/스포츠 서비스,20대,200807,7,28687,미확인,0.35,1,여,2026-01-20,공공데이터포털_경기도 수원시_지역화폐 결제 정보_20260120
2025-11,수원시 영통구,광교2동,문화/취미,20대,168398,21,8019,미확인,0.35,1,여,2026-01-20,공공데이터포털_경기도 수원시_지역화폐 결제 정보_20260120
2025-11,수원시 영통구,광교2동,미용/위생,20대,2589395,41,63156,미확인,0.35,1,여,2026-01-20,공공데이터포털_경기도 수원시_지역화폐 결제 정보_20260120
2025-11,수원시 영통구,광교2동,서적/문구/학습자재,20대,12137,3,4046,미확인,0.35,1,여,2026-01-20,공공데이터포털_경기도 수원시_지역화폐 결제 정보_20260120
2025-11,수원시 영통구,광교2동,약국,20대,212509,51,4167,미확인,0.35,1,여,2026-01-20,공공데이터포털_경기도 수원시_지역화폐 결제 정보_20260120
2025-11,수원시 영통구,광교2동,용역서비스,20대,402908,18,22384,미확인,0.35,1,여,2026-01-20,공공데이터포털_경기도 수원시_지역화폐 결제 정보_20260120
2025-11,수원시 영통구,광교2동,음료/식품,20대,856600,155,5526,미확인,0.35,1,여,2026-01-20,공공데이터포털_경기도 수원시_지역화폐 결제 정보_20260120
2025-11,수원시 영통구,광교2동,의원,20대,250815,27,9289,미확인,0.35,1,여,2026-01-20,공공데이터포털_경기도 수원시_지역화폐 결제 정보_20260120
2025-11,수원시 영통구,광교2동,일반/휴게 음식,20대,8087736,1159,6978,미확인,0.35,1,여,2026-01-20,공공데이터포털_경기도 수원시_지역화폐 결제 정보_20260120
2025-11,수원시 영통구,광교2동,일반유통,20대,1118021,338,3308,미확인,0.35,1,여,2026-01-20,공공데이터포털_경기도 수원시_지역화폐 결제 정보_20260120
2025-11,수원시 영통구,광교2동,전자제품,20대,75017,2,37508,미확인,0.35,1,여,2026-01-20,공공데이터포털_경기도 수원시_지역화폐 결제 정보_20260120
2025-11,수원시 영통구,광교2동,주유/충전소,20대,37136,1,37136,미확인,0.35,1,여,2026-01-20,공공데이터포털_경기도 수원시_지역화폐 결제 정보_20260120
2025-11,수원시 영통구,광교2동,학원,20대,1173208,18,65178,미확인,0.35,1,여,2026-01-20,공공데이터포털_경기도 수원시_지역화폐 결제 정보_20260120
2025-11,수원시 영통구,광교2동,기타의료,30대,347584,19,18294,미확인,0.35,1,여,2026-01-20,공공데이터포털_경기도 수원시_지역화폐 결제 정보_20260120
2025-11,수원시 영통구,광교2동,레저/문화 용품,30대,62780,4,15695,미확인,0.35,1,여,2026-01-20,공공데이터포털_경기도 수원시_지역화폐 결제 정보_20260120
2025-11,수원시 영통구,광교2동,레저/스포츠 서비스,30대,1720063,33,52123,미확인,0.35,1,여,2026-01-20,공공데이터포털_경기도 수원시_지역화폐 결제 정보_20260120
2025-11,수원시 영통구,광교2동,문화/취미,30대,356161,111,3209,미확인,0.35,1,여,2026-01-20,공공데이터포털_경기도 수원시_지역화폐 결제 정보_20260120
2025-11,수원시 영통구,광교2동,미용/위생,30대,2281122,118,19332,미확인,0.35,1,여,2026-01-20,공공데이터포털_경기도 수원시_지역화폐 결제 정보_20260120
2025-11,수원시 영통구,광교2동,서적/문구/학습자재,30대,88245,12,7354,미확인,0.35,1,여,2026-01-20,공공데이터포털_경기도 수원시_지역화폐 결제 정보_20260120
2025-11,수원시 영통구,광교2동,신변잡화,30대,480,2,240,미확인,0.35,1,여,2026-01-20,공공데이터포털_경기도 수원시_지역화폐 결제 정보_20260120
2025-11,수원시 영통구,광교2동,약국,30대,621249,282,2203,미확인,0.35,1,여,2026-01-20,공공데이터포털_경기도 수원시_지역화폐 결제 정보_20260120
2025-11,수원시 영통구,광교2동,용역서비스,30대,1090433,80,13630,미확인,0.35,1,여,2026-01-20,공공데이터포털_경기도 수원시_지역화폐 결제 정보_20260120
2025-11,수원시 영통구,광교2동,음료/식품,30대,2435923,643,3788,미확인,0.35,1,여,2026-01-20,공공데이터포털_경기도 수원시_지역화폐 결제 정보_20260120
2025-11,수원시 영통구,광교2동,의류,30대,606210,22,27555,미확인,0.35,1,여,2026-01-20,공공데이터포털_경기도 수원시_지역화폐 결제 정보_20260120
2025-11,수원시 영통구,광교2동,의원,30대,1959224,237,8267,미확인,0.35,1,여,2026-01-20,공공데이터포털_경기도 수원시_지역화폐 결제 정보_20260120
2025-11,수원시 영통구,광교2동,일반/휴게 음식,30대,15878322,3977,3993,미확인,0.35,1,여,2026-01-20,공공데이터포털_경기도 수원시_지역화폐 결제 정보_20260120
2025-11,수원시 영통구,광교2동,일반유통,30대,2018167,944,2138,미확인,0.35,1,여,2026-01-20,공공데이터포털_경기도 수원시_지역화폐 결제 정보_20260120
2025-11,수원시 영통구,광교2동,자동차 정비/유지,30대,75432,8,9429,미확인,0.35,1,여,2026-01-20,공공데이터포털_경기도 수원시_지역화폐 결제 정보_20260120
2025-11,수원시 영통구,광교2동,전자상거래,30대,204773,10,20477,미확인,0.35,1,여,2026-01-20,공공데이터포털_경기도 수원시_지역화폐 결제 정보_20260120
2025-11,수원시 영통구,광교2동,전자제품,30대,6535,3,2178,미확인,0.35,1,여,2026-01-20,공공데이터포털_경기도 수원시_지역화폐 결제 정보_20260120
2025-11,수원시 영통구,광교2동,주방용품,30대,23607,1,23607,미확인,0.35,1,여,2026-01-20,공공데이터포털_경기도 수원시_지역화폐 결제 정보_20260120
2025-11,수원시 영통구,광교2동,주유/충전소,30대,64804,13,4985,미확인,0.35,1,여,2026-01-20,공공데이터포털_경기도 수원시_지역화폐 결제 정보_20260120
2025-11,수원시 영통구,광교2동,학교/교육,30대,20009,3,6670,미확인,0.35,1,여,2026-01-20,공공데이터포털_경기도 수원시_지역화폐 결제 정보_20260120
2025-11,수원시 영통구,광교2동,학원,30대,2535013,81,31296,미확인,0.35,1,여,2026-01-20,공공데이터포털_경기도 수원시_지역화폐 결제 정보_20260120
2025-11,수원시 영통구,광교2동,기타의료,40대,265438,23,11541,미확인,0.35,1,여,2026-01-20,공공데이터포털_경기도 수원시_지역화폐 결제 정보_20260120
2025-11,수원시 영통구,광교2동,레저/문화 용품,40대,205363,35,5868,미확인,0.35,1,여,2026-01-20,공공데이터포털_경기도 수원시_지역화폐 결제 정보_20260120
2025-11,수원시 영통구,광교2동,레저/스포츠 서비스,40대,421022,28,15036,미확인,0.35,1,여,2026-01-20,공공데이터포털_경기도 수원시_지역화폐 결제 정보_20260120
2025-11,수원시 영통구,광교2동,문화/취미,40대,219121,99,2213,미확인,0.35,1,여,2026-01-20,공공데이터포털_경기도 수원시_지역화폐 결제 정보_20260120
2025-11,수원시 영통구,광교2동,미용/위생,40대,2860009,168,17024,미확인,0.35,1,여,2026-01-20,공공데이터포털_경기도 수원시_지역화폐 결제 정보_20260120
2025-11,수원시 영통구,광교2동,서적/문구/학습자재,40대,143964,24,5998,미확인,0.35,1,여,2026-01-20,공공데이터포털_경기도 수원시_지역화폐 결제 정보_20260120
2025-11,수원시 영통구,광교2동,신변잡화,40대,17248,12,1437,미확인,0.35,1,여,2026-01-20,공공데이터포털_경기도 수원시_지역화폐 결제 정보_20260120
2025-11,수원시 영통구,광교2동,약국,40대,1051380,403,2609,미확인,0.35,1,여,2026-01-20,공공데이터포털_경기도 수원시_지역화폐 결제 정보_20260120
2025-11,수원시 영통구,광교2동,용역서비스,40대,1662871,151,11012,미확인,0.35,1,여,2026-01-20,공공데이터포털_경기도 수원시_지역화폐 결제 정보_20260120
2025-11,수원시 영통구,광교2동,음료/식품,40대,3488644,1435,2431,미확인,0.35,1,여,2026-01-20,공공데이터포털_경기도 수원시_지역화폐 결제 정보_20260120
2025-11,수원시 영통구,광교2동,의류,40대,473309,36,13147,미확인,0.35,1,여,2026-01-20,공공데이터포털_경기도 수원시_지역화폐 결제 정보_20260120
2025-11,수원시 영통구,광교2동,의원,40대,2916694,351,8310,미확인,0.35,1,여,2026-01-20,공공데이터포털_경기도 수원시_지역화폐 결제 정보_20260120
2025-11,수원시 영통구,광교2동,일반/휴게 음식,40대,21266687,6082,3497,미확인,0.35,1,여,2026-01-20,공공데이터포털_경기도 수원시_지역화폐 결제 정보_20260120
2025-11,수원시 영통구,광교2동,일반유통,40대,2738751,1528,1792,미확인,0.35,1,여,2026-01-20,공공데이터포털_경기도 수원시_지역화폐 결제 정보_20260120
2025-11,수원시 영통구,광교2동,자동차 정비/유지,40대,82503,7,11786,미확인,0.35,1,여,2026-01-20,공공데이터포털_경기도 수원시_지역화폐 결제 정보_20260120
2025-11,수원시 영통구,광교2동,전자상거래,40대,171613,20,8581,미확인,0.35,1,여,2026-01-20,공공데이터포털_경기도 수원시_지역화폐 결제 정보_20260120
2025-11,수원시 영통구,광교2동,전자제품,40대,243619,44,5537,미확인,0.35,1,여,2026-01-20,공공데이터포털_경기도 수원시_지역화폐 결제 정보_20260120
2025-11,수원시 영통구,광교2동,주방용품,40대,12680,1,12680,미확인,0.35,1,여,2026-01-20,공공데이터포털_경기도 수원시_지역화폐 결제 정보_20260120
2025-11,수원시 영통구,광교2동,주유/충전소,40대,82924,16,5183,미확인,0.35,1,여,2026-01-20,공공데이터포털_경기도 수원시_지역화폐 결제 정보_20260120
2025-11,수원시 영통구,광교2동,학교/교육,40대,21119,2,10560,미확인,0.35,1,여,2026-01-20,공공데이터포털_경기도 수원시_지역화폐 결제 정보_20260120
2025-11,수원시 영통구,광교2동,학원,40대,11373731,329,34571,미확인,0.35,1,여,2026-01-20,공공데이터포털_경기도 수원시_지역화폐 결제 정보_20260120
2025-11,수원시 영통구,광교2동,기타의료,50대,369596,24,15400,미확인,0.35,1,여,2026-01-20,공공데이터포털_경기도 수원시_지역화폐 결제 정보_20260120
2025-11,수원시 영통구,광교2동,레저/문화 용품,50대,148461,26,5710,미확인,0.35,1,여,2026-01-20,공공데이터포털_경기도 수원시_지역화폐 결제 정보_20260120
2025-11,수원시 영통구,광교2동,레저/스포츠 서비스,50대,315677,23,13725,미확인,0.35,1,여,2026-01-20,공공데이터포털_경기도 수원시_지역화폐 결제 정보_20260120
2025-11,수원시 영통구,광교2동,문화/취미,50대,164222,52,3158,미확인,0.35,1,여,2026-01-20,공공데이터포털_경기도 수원시_지역화폐 결제 정보_20260120
2025-11,수원시 영통구,광교2동,미용/위생,50대,1666994,119,14008,미확인,0.35,1,여,2026-01-20,공공데이터포털_경기도 수원시_지역화폐 결제 정보_20260120
2025-11,수원시 영통구,광교2동,서적/문구/학습자재,50대,28748,9,3194,미확인,0.35,1,여,2026-01-20,공공데이터포털_경기도 수원시_지역화폐 결제 정보_20260120
2025-11,수원시 영통구,광교2동,신변잡화,50대,584,1,584,미확인,0.35,1,여,2026-01-20,공공데이터포털_경기도 수원시_지역화폐 결제 정보_20260120
2025-11,수원시 영통구,광교2동,약국,50대,444390,153,2905,미확인,0.35,1,여,2026-01-20,공공데이터포털_경기도 수원시_지역화폐 결제 정보_20260120
2025-11,수원시 영통구,광교2동,용역서비스,50대,697809,97,7194,미확인,0.35,1,여,2026-01-20,공공데이터포털_경기도 수원시_지역화폐 결제 정보_20260120
2025-11,수원시 영통구,광교2동,음료/식품,50대,2957100,1192,2481,미확인,0.35,1,여,2026-01-20,공공데이터포털_경기도 수원시_지역화폐 결제 정보_20260120
2025-11,수원시 영통구,광교2동,의류,50대,600806,26,23108,미확인,0.35,1,여,2026-01-20,공공데이터포털_경기도 수원시_지역화폐 결제 정보_20260120
2025-11,수원시 영통구,광교2동,의원,50대,1230565,109,11290,미확인,0.35,1,여,2026-01-20,공공데이터포털_경기도 수원시_지역화폐 결제 정보_20260120
2025-11,수원시 영통구,광교2동,일반/휴게 음식,50대,12734100,3371,3778,미확인,0.35,1,여,2026-01-20,공공데이터포털_경기도 수원시_지역화폐 결제 정보_20260120
2025-11,수원시 영통구,광교2동,일반유통,50대,1909098,771,2476,미확인,0.35,1,여,2026-01-20,공공데이터포털_경기도 수원시_지역화폐 결제 정보_20260120
2025-11,수원시 영통구,광교2동,자동차 정비/유지,50대,112890,3,37630,미확인,0.35,1,여,2026-01-20,공공데이터포털_경기도 수원시_지역화폐 결제 정보_20260120
2025-11,수원시 영통구,광교2동,전자상거래,50대,5844,2,2922,미확인,0.35,1,여,2026-01-20,공공데이터포털_경기도 수원시_지역화폐 결제 정보_20260120
2025-11,수원시 영통구,광교2동,전자제품,50대,237867,31,7673,미확인,0.35,1,여,2026-01-20,공공데이터포털_경기도 수원시_지역화폐 결제 정보_20260120
2025-11,수원시 영통구,광교2동,주방용품,50대,58747,8,7343,미확인,0.35,1,여,2026-01-20,공공데이터포털_경기도 수원시_지역화폐 결제 정보_20260120
2025-11,수원시 영통구,광교2동,주유/충전소,50대,54042,14,3860,미확인,0.35,1,여,2026-01-20,공공데이터포털_경기도 수원시_지역화폐 결제 정보_20260120
2025-11,수원시 영통구,광교2동,학원,50대,2329517,66,35296,미확인,0.35,1,여,2026-01-20,공공데이터포털_경기도 수원시_지역화폐 결제 정보_20260120
2025-11,수원시 영통구,광교2동,기타의료,60대 이상,157724,8,19716,미확인,0.35,1,여,2026-01-20,공공데이터포털_경기도 수원시_지역화폐 결제 정보_20260120
2025-11,수원시 영통구,광교2동,레저/문화 용품,60대 이상,13204,2,6602,미확인,0.35,1,여,2026-01-20,공공데이터포털_경기도 수원시_지역화폐 결제 정보_20260120
2025-11,수원시 영통구,광교2동,레저/스포츠 서비스,60대 이상,200972,8,25122,미확인,0.35,1,여,2026-01-20,공공데이터포털_경기도 수원시_지역화폐 결제 정보_20260120
2025-11,수원시 영통구,광교2동,문화/취미,60대 이상,31331,14,2238,미확인,0.35,1,여,2026-01-20,공공데이터포털_경기도 수원시_지역화폐 결제 정보_20260120
2025-11,수원시 영통구,광교2동,미용/위생,60대 이상,464096,36,12892,미확인,0.35,1,여,2026-01-20,공공데이터포털_경기도 수원시_지역화폐 결제 정보_20260120
2025-11,수원시 영통구,광교2동,서적/문구/학습자재,60대 이상,2550,2,1275,미확인,0.35,1,여,2026-01-20,공공데이터포털_경기도 수원시_지역화폐 결제 정보_20260120
2025-11,수원시 영통구,광교2동,약국,60대 이상,212296,63,3370,미확인,0.35,1,여,2026-01-20,공공데이터포털_경기도 수원시_지역화폐 결제 정보_20260120
2025-11,수원시 영통구,광교2동,용역서비스,60대 이상,209459,32,6546,미확인,0.35,1,여,2026-01-20,공공데이터포털_경기도 수원시_지역화폐 결제 정보_20260120
2025-11,수원시 영통구,광교2동,음료/식품,60대 이상,1797722,631,2849,미확인,0.35,1,여,2026-01-20,공공데이터포털_경기도 수원시_지역화폐 결제 정보_20260120
2025-11,수원시 영통구,광교2동,의류,60대 이상,238670,11,21697,미확인,0.35,1,여,2026-01-20,공공데이터포털_경기도 수원시_지역화폐 결제 정보_20260120
2025-11,수원시 영통구,광교2동,의원,60대 이상,349595,49,7135,미확인,0.35,1,여,2026-01-20,공공데이터포털_경기도 수원시_지역화폐 결제 정보_20260120
2025-11,수원시 영통구,광교2동,일반/휴게 음식,60대 이상,4094435,1124,3643,미확인,0.35,1,여,2026-01-20,공공데이터포털_경기도 수원시_지역화폐 결제 정보_20260120
2025-11,수원시 영통구,광교2동,일반유통,60대 이상,1008396,399,2527,미확인,0.35,1,여,2026-01-20,공공데이터포털_경기도 수원시_지역화폐 결제 정보_20260120
2025-11,수원시 영통구,광교2동,자동차 정비/유지,60대 이상,570,1,570,미확인,0.35,1,여,2026-01-20,공공데이터포털_경기도 수원시_지역화폐 결제 정보_20260120
2025-11,수원시 영통구,광교2동,전자제품,60대 이상,35870,9,3986,미확인,0.35,1,여,2026-01-20,공공데이터포털_경기도 수원시_지역화폐 결제 정보_20260120
2025-11,수원시 영통구,광교2동,주유/충전소,60대 이상,5240,1,5240,미확인,0.35,1,여,2026-01-20,공공데이터포털_경기도 수원시_지역화폐 결제 정보_20260120
2025-11,수원시 영통구,광교2동,학원,60대 이상,781797,24,32575,미확인,0.35,1,여,2026-01-20,공공데이터포털_경기도 수원시_지역화폐 결제 정보_20260120
2025-11,수원시 영통구,광교2동,회원정보미상,60대 이상,397342,30,13245,미확인,0.35,1,여,2026-01-20,공공데이터포털_경기도 수원시_지역화폐 결제 정보_20260120
2025-11,수원시 영통구,광교2동,회원정보미상,60대 이상,397342,30,13245,미확인,0.35,1,여,2026-01-20,공공데이터포털_경기도 수원시_지역화폐 결제 정보_20260120
2025-11,수원시 영통구,광교2동,미용/위생,60대 이상,115000,2,57500,미확인,0.35,1,여,2026-01-20,공공데이터포털_경기도 수원시_지역화폐 결제 정보_20260120
2025-11,수원시 영통구,광교2동,음료/식품,60대 이상,80500,5,16100,미확인,0.35,1,여,2026-01-20,공공데이터포털_경기도 수원시_지역화폐 결제 정보_20260120
2025-11,수원시 영통구,광교2동,일반/휴게 음식,60대 이상,80672,9,8964,미확인,0.35,1,여,2026-01-20,공공데이터포털_경기도 수원시_지역화폐 결제 정보_20260120
2025-11,수원시 영통구,광교2동,일반유통,60대 이상,121170,14,8655,미확인,0.35,1,여,2026-01-20,공공데이터포털_경기도 수원시_지역화폐 결제 정보_20260120
2025-11,수원시 권선구,구운동,레저/문화 용품,10대,2245,1,2245,미확인,0.35,1,남,2026-01-20,공공데이터포털_경기도 수원시_지역화폐 결제 정보_20260120
2025-11,수원시 권선구,구운동,서적/문구/학습자재,10대,3300,1,3300,미확인,0.35,1,남,2026-01-20,공공데이터포털_경기도 수원시_지역화폐 결제 정보_20260120
2025-11,수원시 권선구,구운동,용역서비스,10대,11890,2,5945,미확인,0.35,1,남,2026-01-20,공공데이터포털_경기도 수원시_지역화폐 결제 정보_20260120
2025-11,수원시 권선구,구운동,음료/식품,10대,65599,14,4686,미확인,0.35,1,남,2026-01-20,공공데이터포털_경기도 수원시_지역화폐 결제 정보_20260120
2025-11,수원시 권선구,구운동,의류,10대,40811,1,40811,미확인,0.35,1,남,2026-01-20,공공데이터포털_경기도 수원시_지역화폐 결제 정보_20260120
2025-11,수원시 권선구,구운동,일반/휴게 음식,10대,76961,8,9620,미확인,0.35,1,남,2026-01-20,공공데이터포털_경기도 수원시_지역화폐 결제 정보_20260120
2025-11,수원시 권선구,구운동,일반유통,10대,95345,13,7334,미확인,0.35,1,남,2026-01-20,공공데이터포털_경기도 수원시_지역화폐 결제 정보_20260120
2025-11,수원시 권선구,구운동,기타의료,20대,61051,2,30526,미확인,0.35,1,남,2026-01-20,공공데이터포털_경기도 수원시_지역화폐 결제 정보_20260120
2025-11,수원시 권선구,구운동,레저/문화 용품,20대,861287,15,57419,미확인,0.35,1,남,2026-01-20,공공데이터포털_경기도 수원시_지역화폐 결제 정보_20260120
2025-11,수원시 권선구,구운동,레저/스포츠 서비스,20대,310500,1,310500,미확인,0.35,1,남,2026-01-20,공공데이터포털_경기도 수원시_지역화폐 결제 정보_20260120
2025-11,수원시 권선구,구운동,문화/취미,20대,37832,2,18916,미확인,0.35,1,남,2026-01-20,공공데이터포털_경기도 수원시_지역화폐 결제 정보_20260120
2025-11,수원시 권선구,구운동,미용/위생,20대,260147,14,18582,미확인,0.35,1,남,2026-01-20,공공데이터포털_경기도 수원시_지역화폐 결제 정보_20260120
2025-11,수원시 권선구,구운동,숙박업,20대,3727,1,3727,미확인,0.35,1,남,2026-01-20,공공데이터포털_경기도 수원시_지역화폐 결제 정보_20260120
2025-11,수원시 권선구,구운동,약국,20대,34805,6,5801,미확인,0.35,1,남,2026-01-20,공공데이터포털_경기도 수원시_지역화폐 결제 정보_20260120
2025-11,수원시 권선구,구운동,용역서비스,20대,49233,6,8206,미확인,0.35,1,남,2026-01-20,공공데이터포털_경기도 수원시_지역화폐 결제 정보_20260120
2025-11,수원시 권선구,구운동,음료/식품,20대,1716835,123,13958,미확인,0.35,1,남,2026-01-20,공공데이터포털_경기도 수원시_지역화폐 결제 정보_20260120
2025-11,수원시 권선구,구운동,의류,20대,250000,1,250000,미확인,0.35,1,남,2026-01-20,공공데이터포털_경기도 수원시_지역화폐 결제 정보_20260120
2025-11,수원시 권선구,구운동,의원,20대,13309,2,6654,미확인,0.35,1,남,2026-01-20,공공데이터포털_경기도 수원시_지역화폐 결제 정보_20260120
2025-11,수원시 권선구,구운동,일반/휴게 음식,20대,4107612,338,12153,미확인,0.35,1,남,2026-01-20,공공데이터포털_경기도 수원시_지역화폐 결제 정보_20260120
2025-11,수원시 권선구,구운동,일반유통,20대,1036625,302,3433,미확인,0.35,1,남,2026-01-20,공공데이터포털_경기도 수원시_지역화폐 결제 정보_20260120
2025-11,수원시 권선구,구운동,자동차 정비/유지,20대,347650,6,57942,미확인,0.35,1,남,2026-01-20,공공데이터포털_경기도 수원시_지역화폐 결제 정보_20260120
2025-11,수원시 권선구,구운동,학원,20대,21029,4,5257,미확인,0.35,1,남,2026-01-20,공공데이터포털_경기도 수원시_지역화폐 결제 정보_20260120
2025-11,수원시 권선구,구운동,가구,30대,150000,1,150000,미확인,0.35,1,남,2026-01-20,공공데이터포털_경기도 수원시_지역화폐 결제 정보_20260120
2025-11,수원시 권선구,구운동,기타유통,30대,9636,2,4818,미확인,0.35,1,남,2026-01-20,공공데이터포털_경기도 수원시_지역화폐 결제 정보_20260120
2025-11,수원시 권선구,구운동,기타의료,30대,14721,4,3680,미확인,0.35,1,남,2026-01-20,공공데이터포털_경기도 수원시_지역화폐 결제 정보_20260120
2025-11,수원시 권선구,구운동,레저/문화 용품,30대,581316,18,32295,미확인,0.35,1,남,2026-01-20,공공데이터포털_경기도 수원시_지역화폐 결제 정보_20260120
2025-11,수원시 권선구,구운동,레저/스포츠 서비스,30대,308979,25,12359,미확인,0.35,1,남,2026-01-20,공공데이터포털_경기도 수원시_지역화폐 결제 정보_20260120
2025-11,수원시 권선구,구운동,문화/취미,30대,2681,3,894,미확인,0.35,1,남,2026-01-20,공공데이터포털_경기도 수원시_지역화폐 결제 정보_20260120
2025-11,수원시 권선구,구운동,미용/위생,30대,228905,39,5869,미확인,0.35,1,남,2026-01-20,공공데이터포털_경기도 수원시_지역화폐 결제 정보_20260120
2025-11,수원시 권선구,구운동,사무/통신,30대,11618,2,5809,미확인,0.35,1,남,2026-01-20,공공데이터포털_경기도 수원시_지역화폐 결제 정보_20260120
2025-11,수원시 권선구,구운동,서적/문구/학습자재,30대,3400,1,3400,미확인,0.35,1,남,2026-01-20,공공데이터포털_경기도 수원시_지역화폐 결제 정보_20260120
2025-11,수원시 권선구,구운동,숙박업,30대,3333,1,3333,미확인,0.35,1,남,2026-01-20,공공데이터포털_경기도 수원시_지역화폐 결제 정보_20260120
2025-11,수원시 권선구,구운동,신변잡화,30대,17276,1,17276,미확인,0.35,1,남,2026-01-20,공공데이터포털_경기도 수원시_지역화폐 결제 정보_20260120
2025-11,수원시 권선구,구운동,약국,30대,115060,23,5003,미확인,0.35,1,남,2026-01-20,공공데이터포털_경기도 수원시_지역화폐 결제 정보_20260120
2025-11,수원시 권선구,구운동,용역서비스,30대,302081,9,33565,미확인,0.35,1,남,2026-01-20,공공데이터포털_경기도 수원시_지역화폐 결제 정보_20260120
2025-11,수원시 권선구,구운동,음료/식품,30대,1144871,207,5531,미확인,0.35,1,남,2026-01-20,공공데이터포털_경기도 수원시_지역화폐 결제 정보_20260120
2025-11,수원시 권선구,구운동,의류,30대,115340,2,57670,미확인,0.35,1,남,2026-01-20,공공데이터포털_경기도 수원시_지역화폐 결제 정보_20260120
2025-11,수원시 권선구,구운동,의원,30대,35945,8,4493,미확인,0.35,1,남,2026-01-20,공공데이터포털_경기도 수원시_지역화폐 결제 정보_20260120
2025-11,수원시 권선구,구운동,일반/휴게 음식,30대,4147055,687,6036,미확인,0.35,1,남,2026-01-20,공공데이터포털_경기도 수원시_지역화폐 결제 정보_20260120
2025-11,수원시 권선구,구운동,일반유통,30대,1175412,466,2522,미확인,0.35,1,남,2026-01-20,공공데이터포털_경기도 수원시_지역화폐 결제 정보_20260120
2025-11,수원시 권선구,구운동,자동차 정비/유지,30대,467664,20,23383,미확인,0.35,1,남,2026-01-20,공공데이터포털_경기도 수원시_지역화폐 결제 정보_20260120
2025-11,수원시 권선구,구운동,전자제품,30대,2120,1,2120,미확인,0.35,1,남,2026-01-20,공공데이터포털_경기도 수원시_지역화폐 결제 정보_20260120
2025-11,수원시 권선구,구운동,학원,30대,438008,7,62573,미확인,0.35,1,남,2026-01-20,공공데이터포털_경기도 수원시_지역화폐 결제 정보_20260120
2025-11,수원시 권선구,구운동,기타유통,40대,979,1,979,미확인,0.35,1,남,2026-01-20,공공데이터포털_경기도 수원시_지역화폐 결제 정보_20260120
2025-11,수원시 권선구,구운동,기타의료,40대,26144,12,2179,미확인,0.35,1,남,2026-01-20,공공데이터포털_경기도 수원시_지역화폐 결제 정보_20260120
2025-11,수원시 권선구,구운동,레저/문화 용품,40대,245248,12,20437,미확인,0.35,1,남,2026-01-20,공공데이터포털_경기도 수원시_지역화폐 결제 정보_20260120
2025-11,수원시 권선구,구운동,레저/스포츠 서비스,40대,273925,19,14417,미확인,0.35,1,남,2026-01-20,공공데이터포털_경기도 수원시_지역화폐 결제 정보_20260120
2025-11,수원시 권선구,구운동,문화/취미,40대,122875,8,15359,미확인,0.35,1,남,2026-01-20,공공데이터포털_경기도 수원시_지역화폐 결제 정보_20260120
2025-11,수원시 권선구,구운동,미용/위생,40대,504441,47,10733,미확인,0.35,1,남,2026-01-20,공공데이터포털_경기도 수원시_지역화폐 결제 정보_20260120
2025-11,수원시 권선구,구운동,서적/문구/학습자재,40대,19336,10,1934,미확인,0.35,1,남,2026-01-20,공공데이터포털_경기도 수원시_지역화폐 결제 정보_20260120
2025-11,수원시 권선구,구운동,숙박업,40대,5885,2,2942,미확인,0.35,1,남,2026-01-20,공공데이터포털_경기도 수원시_지역화폐 결제 정보_20260120
2025-11,수원시 권선구,구운동,약국,40대,86087,48,1793,미확인,0.35,1,남,2026-01-20,공공데이터포털_경기도 수원시_지역화폐 결제 정보_20260120
2025-11,수원시 권선구,구운동,용역서비스,40대,14000,7,2000,미확인,0.35,1,남,2026-01-20,공공데이터포털_경기도 수원시_지역화폐 결제 정보_20260120
2025-11,수원시 권선구,구운동,음료/식품,40대,1471808,253,5817,미확인,0.35,1,남,2026-01-20,공공데이터포털_경기도 수원시_지역화폐 결제 정보_20260120
2025-11,수원시 권선구,구운동,의류,40대,129148,2,64574,미확인,0.35,1,남,2026-01-20,공공데이터포털_경기도 수원시_지역화폐 결제 정보_20260120
2025-11,수원시 권선구,구운동,의원,40대,503882,48,10498,미확인,0.35,1,남,2026-01-20,공공데이터포털_경기도 수원시_지역화폐 결제 정보_20260120
2025-11,수원시 권선구,구운동,일반/휴게 음식,40대,5750374,939,6124,미확인,0.35,1,남,2026-01-20,공공데이터포털_경기도 수원시_지역화폐 결제 정보_20260120
2025-11,수원시 권선구,구운동,일반유통,40대,991415,508,1952,미확인,0.35,1,남,2026-01-20,공공데이터포털_경기도 수원시_지역화폐 결제 정보_20260120
2025-11,수원시 권선구,구운동,자동차 정비/유지,40대,668578,32,20893,미확인,0.35,1,남,2026-01-20,공공데이터포털_경기도 수원시_지역화폐 결제 정보_20260120
2025-11,수원시 권선구,구운동,학원,40대,2095773,56,37425,미확인,0.35,1,남,2026-01-20,공공데이터포털_경기도 수원시_지역화폐 결제 정보_20260120
2025-11,수원시 권선구,구운동,건축자재,50대,17882,4,4470,미확인,0.35,1,남,2026-01-20,공공데이터포털_경기도 수원시_지역화폐 결제 정보_20260120
2025-11,수원시 권선구,구운동,기타유통,50대,39903,9,4434,미확인,0.35,1,남,2026-01-20,공공데이터포털_경기도 수원시_지역화폐 결제 정보_20260120
2025-11,수원시 권선구,구운동,기타의료,50대,23366,8,2921,미확인,0.35,1,남,2026-01-20,공공데이터포털_경기도 수원시_지역화폐 결제 정보_20260120
2025-11,수원시 권선구,구운동,레저/문화 용품,50대,456535,22,20752,미확인,0.35,1,남,2026-01-20,공공데이터포털_경기도 수원시_지역화폐 결제 정보_20260120
2025-11,수원시 권선구,구운동,레저/스포츠 서비스,50대,338809,26,13031,미확인,0.35,1,남,2026-01-20,공공데이터포털_경기도 수원시_지역화폐 결제 정보_20260120
2025-11,수원시 권선구,구운동,문화/취미,50대,42948,9,4772,미확인,0.35,1,남,2026-01-20,공공데이터포털_경기도 수원시_지역화폐 결제 정보_20260120
2025-11,수원시 권선구,구운동,미용/위생,50대,315155,44,7163,미확인,0.35,1,남,2026-01-20,공공데이터포털_경기도 수원시_지역화폐 결제 정보_20260120
2025-11,수원시 권선구,구운동,서적/문구/학습자재,50대,2394,2,1197,미확인,0.35,1,남,2026-01-20,공공데이터포털_경기도 수원시_지역화폐 결제 정보_20260120
2025-11,수원시 권선구,구운동,약국,50대,119186,37,3221,미확인,0.35,1,남,2026-01-20,공공데이터포털_경기도 수원시_지역화폐 결제 정보_20260120
2025-11,수원시 권선구,구운동,용역서비스,50대,458011,11,41637,미확인,0.35,1,남,2026-01-20,공공데이터포털_경기도 수원시_지역화폐 결제 정보_20260120
2025-11,수원시 권선구,구운동,음료/식품,50대,1429091,228,6268,미확인,0.35,1,남,2026-01-20,공공데이터포털_경기도 수원시_지역화폐 결제 정보_20260120
2025-11,수원시 권선구,구운동,의류,50대,413627,5,82725,미확인,0.35,1,남,2026-01-20,공공데이터포털_경기도 수원시_지역화폐 결제 정보_20260120
2025-11,수원시 권선구,구운동,의원,50대,167615,21,7982,미확인,0.35,1,남,2026-01-20,공공데이터포털_경기도 수원시_지역화폐 결제 정보_20260120
2025-11,수원시 권선구,구운동,일반/휴게 음식,50대,6311063,935,6750,미확인,0.35,1,남,2026-01-20,공공데이터포털_경기도 수원시_지역화폐 결제 정보_20260120
2025-11,수원시 권선구,구운동,일반유통,50대,1222071,487,2509,미확인,0.35,1,남,2026-01-20,공공데이터포털_경기도 수원시_지역화폐 결제 정보_20260120
2025-11,수원시 권선구,구운동,자동차 정비/유지,50대,400438,14,28603,미확인,0.35,1,남,2026-01-20,공공데이터포털_경기도 수원시_지역화폐 결제 정보_20260120
2025-11,수원시 권선구,구운동,주방용품,50대,19825,2,9912,미확인,0.35,1,남,2026-01-20,공공데이터포털_경기도 수원시_지역화폐 결제 정보_20260120
2025-11,수원시 권선구,구운동,학원,50대,516440,19,27181,미확인,0.35,1,남,2026-01-20,공공데이터포털_경기도 수원시_지역화폐 결제 정보_20260120
2025-11,수원시 권선구,구운동,가구,60대 이상,24701,1,24701,미확인,0.35,1,남,2026-01-20,공공데이터포털_경기도 수원시_지역화폐 결제 정보_20260120
2025-11,수원시 권선구,구운동,건축자재,60대 이상,18499,7,2643,미확인,0.35,1,남,2026-01-20,공공데이터포털_경기도 수원시_지역화폐 결제 정보_20260120
2025-11,수원시 권선구,구운동,기타유통,60대 이상,39160,13,3012,미확인,0.35,1,남,2026-01-20,공공데이터포털_경기도 수원시_지역화폐 결제 정보_20260120
2025-11,수원시 권선구,구운동,기타의료,60대 이상,25262,25,1010,미확인,0.35,1,남,2026-01-20,공공데이터포털_경기도 수원시_지역화폐 결제 정보_20260120
2025-11,수원시 권선구,구운동,레저/문화 용품,60대 이상,662343,23,28798,미확인,0.35,1,남,2026-01-20,공공데이터포털_경기도 수원시_지역화폐 결제 정보_20260120
2025-11,수원시 권선구,구운동,레저/스포츠 서비스,60대 이상,331019,39,8488,미확인,0.35,1,남,2026-01-20,공공데이터포털_경기도 수원시_지역화폐 결제 정보_20260120
2025-11,수원시 권선구,구운동,문화/취미,60대 이상,33056,4,8264,미확인,0.35,1,남,2026-01-20,공공데이터포털_경기도 수원시_지역화폐 결제 정보_20260120
2025-11,수원시 권선구,구운동,미용/위생,60대 이상,181341,25,7254,미확인,0.35,1,남,2026-01-20,공공데이터포털_경기도 수원시_지역화폐 결제 정보_20260120
2025-11,수원시 권선구,구운동,서적/문구/학습자재,60대 이상,905,2,452,미확인,0.35,1,남,2026-01-20,공공데이터포털_경기도 수원시_지역화폐 결제 정보_20260120
2025-11,수원시 권선구,구운동,숙박업,60대 이상,1474,1,1474,미확인,0.35,1,남,2026-01-20,공공데이터포털_경기도 수원시_지역화폐 결제 정보_20260120
2025-11,수원시 권선구,구운동,약국,60대 이상,144138,53,2720,미확인,0.35,1,남,2026-01-20,공공데이터포털_경기도 수원시_지역화폐 결제 정보_20260120
2025-11,수원시 권선구,구운동,용역서비스,60대 이상,48885,22,2222,미확인,0.35,1,남,2026-01-20,공공데이터포털_경기도 수원시_지역화폐 결제 정보_20260120
2025-11,수원시 권선구,구운동,음료/식품,60대 이상,1599200,367,4357,미확인,0.35,1,남,2026-01-20,공공데이터포털_경기도 수원시_지역화폐 결제 정보_20260120
2025-11,수원시 권선구,구운동,의류,60대 이상,23852,4,5963,미확인,0.35,1,남,2026-01-20,공공데이터포털_경기도 수원시_지역화폐 결제 정보_20260120
2025-11,수원시 권선구,구운동,의원,60대 이상,197775,34,5817,미확인,0.35,1,남,2026-01-20,공공데이터포털_경기도 수원시_지역화폐 결제 정보_20260120
2025-11,수원시 권선구,구운동,일반/휴게 음식,60대 이상,5686932,954,5961,미확인,0.35,1,남,2026-01-20,공공데이터포털_경기도 수원시_지역화폐 결제 정보_20260120
2025-11,수원시 권선구,구운동,일반유통,60대 이상,641749,336,1910,미확인,0.35,1,남,2026-01-20,공공데이터포털_경기도 수원시_지역화폐 결제 정보_20260120
2025-11,수원시 권선구,구운동,자동차 정비/유지,60대 이상,116814,8,14602,미확인,0.35,1,남,2026-01-20,공공데이터포털_경기도 수원시_지역화폐 결제 정보_20260120
2025-11,수원시 권선구,구운동,주방용품,60대 이상,3391,1,3391,미확인,0.35,1,남,2026-01-20,공공데이터포털_경기도 수원시_지역화폐 결제 정보_20260120
2025-11,수원시 권선구,구운동,학원,60대 이상,113800,2,56900,미확인,0.35,1,남,2026-01-20,공공데이터포털_경기도 수원시_지역화폐 결제 정보_20260120
2025-11,수원시 권선구,구운동,미용/위생,10대,61567,2,30784,미확인,0.35,1,여,2026-01-20,공공데이터포털_경기도 수원시_지역화폐 결제 정보_20260120
2025-11,수원시 권선구,구운동,약국,10대,9113,3,3038,미확인,0.35,1,여,2026-01-20,공공데이터포털_경기도 수원시_지역화폐 결제 정보_20260120
2025-11,수원시 권선구,구운동,음료/식품,10대,33819,7,4831,미확인,0.35,1,여,2026-01-20,공공데이터포털_경기도 수원시_지역화폐 결제 정보_20260120
2025-11,수원시 권선구,구운동,일반/휴게 음식,10대,236600,31,7632,미확인,0.35,1,여,2026-01-20,공공데이터포털_경기도 수원시_지역화폐 결제 정보_20260120
2025-11,수원시 권선구,구운동,일반유통,10대,12662,8,1583,미확인,0.35,1,여,2026-01-20,공공데이터포털_경기도 수원시_지역화폐 결제 정보_20260120
2025-11,수원시 권선구,구운동,학원,10대,2470,2,1235,미확인,0.35,1,여,2026-01-20,공공데이터포털_경기도 수원시_지역화폐 결제 정보_20260120
2025-11,수원시 권선구,구운동,기타의료,20대,217767,5,43553,미확인,0.35,1,여,2026-01-20,공공데이터포털_경기도 수원시_지역화폐 결제 정보_20260120
2025-11,수원시 권선구,구운동,레저/문화 용품,20대,300519,7,42931,미확인,0.35,1,여,2026-01-20,공공데이터포털_경기도 수원시_지역화폐 결제 정보_20260120
2025-11,수원시 권선구,구운동,레저/스포츠 서비스,20대,496807,13,38216,미확인,0.35,1,여,2026-01-20,공공데이터포털_경기도 수원시_지역화폐 결제 정보_20260120
2025-11,수원시 권선구,구운동,문화/취미,20대,15022,2,7511,미확인,0.35,1,여,2026-01-20,공공데이터포털_경기도 수원시_지역화폐 결제 정보_20260120
2025-11,수원시 권선구,구운동,미용/위생,20대,204646,8,25581,미확인,0.35,1,여,2026-01-20,공공데이터포털_경기도 수원시_지역화폐 결제 정보_20260120
2025-11,수원시 권선구,구운동,약국,20대,156049,17,9179,미확인,0.35,1,여,2026-01-20,공공데이터포털_경기도 수원시_지역화폐 결제 정보_20260120
2025-11,수원시 권선구,구운동,용역서비스,20대,211005,5,42201,미확인,0.35,1,여,2026-01-20,공공데이터포털_경기도 수원시_지역화폐 결제 정보_20260120
2025-11,수원시 권선구,구운동,음료/식품,20대,940568,107,8790,미확인,0.35,1,여,2026-01-20,공공데이터포털_경기도 수원시_지역화폐 결제 정보_20260120
2025-11,수원시 권선구,구운동,의류,20대,170000,1,170000,미확인,0.35,1,여,2026-01-20,공공데이터포털_경기도 수원시_지역화폐 결제 정보_20260120
2025-11,수원시 권선구,구운동,의원,20대,53698,6,8950,미확인,0.35,1,여,2026-01-20,공공데이터포털_경기도 수원시_지역화폐 결제 정보_20260120
2025-11,수원시 권선구,구운동,일반/휴게 음식,20대,4775163,406,11761,미확인,0.35,1,여,2026-01-20,공공데이터포털_경기도 수원시_지역화폐 결제 정보_20260120
2025-11,수원시 권선구,구운동,일반유통,20대,1041810,232,4491,미확인,0.35,1,여,2026-01-20,공공데이터포털_경기도 수원시_지역화폐 결제 정보_20260120
2025-11,수원시 권선구,구운동,자동차 정비/유지,20대,83334,1,83334,미확인,0.35,1,여,2026-01-20,공공데이터포털_경기도 수원시_지역화폐 결제 정보_20260120
2025-11,수원시 권선구,구운동,학원,20대,19159,5,3832,미확인,0.35,1,여,2026-01-20,공공데이터포털_경기도 수원시_지역화폐 결제 정보_20260120
2025-11,수원시 권선구,구운동,기타유통,30대,5661,1,5661,미확인,0.35,1,여,2026-01-20,공공데이터포털_경기도 수원시_지역화폐 결제 정보_20260120
2025-11,수원시 권선구,구운동,기타의료,30대,12193,5,2439,미확인,0.35,1,여,2026-01-20,공공데이터포털_경기도 수원시_지역화폐 결제 정보_20260120
2025-11,수원시 권선구,구운동,레저/문화 용품,30대,201384,8,25173,미확인,0.35,1,여,2026-01-20,공공데이터포털_경기도 수원시_지역화폐 결제 정보_20260120
2025-11,수원시 권선구,구운동,레저/스포츠 서비스,30대,288559,12,24047,미확인,0.35,1,여,2026-01-20,공공데이터포털_경기도 수원시_지역화폐 결제 정보_20260120
2025-11,수원시 권선구,구운동,문화/취미,30대,92274,9,10253,미확인,0.35,1,여,2026-01-20,공공데이터포털_경기도 수원시_지역화폐 결제 정보_20260120
2025-11,수원시 권선구,구운동,미용/위생,30대,287241,29,9905,미확인,0.35,1,여,2026-01-20,공공데이터포털_경기도 수원시_지역화폐 결제 정보_20260120
2025-11,수원시 권선구,구운동,서적/문구/학습자재,30대,6384,2,3192,미확인,0.35,1,여,2026-01-20,공공데이터포털_경기도 수원시_지역화폐 결제 정보_20260120
2025-11,수원시 권선구,구운동,약국,30대,81480,41,1987,미확인,0.35,1,여,2026-01-20,공공데이터포털_경기도 수원시_지역화폐 결제 정보_20260120
2025-11,수원시 권선구,구운동,용역서비스,30대,118798,8,14850,미확인,0.35,1,여,2026-01-20,공공데이터포털_경기도 수원시_지역화폐 결제 정보_20260120
2025-11,수원시 권선구,구운동,음료/식품,30대,1438953,241,5971,미확인,0.35,1,여,2026-01-20,공공데이터포털_경기도 수원시_지역화폐 결제 정보_20260120
2025-11,수원시 권선구,구운동,의류,30대,422643,5,84529,미확인,0.35,1,여,2026-01-20,공공데이터포털_경기도 수원시_지역화폐 결제 정보_20260120
2025-11,수원시 권선구,구운동,의원,30대,330609,24,13775,미확인,0.35,1,여,2026-01-20,공공데이터포털_경기도 수원시_지역화폐 결제 정보_20260120
2025-11,수원시 권선구,구운동,일반/휴게 음식,30대,5313921,799,6651,미확인,0.35,1,여,2026-01-20,공공데이터포털_경기도 수원시_지역화폐 결제 정보_20260120
2025-11,수원시 권선구,구운동,일반유통,30대,966104,397,2434,미확인,0.35,1,여,2026-01-20,공공데이터포털_경기도 수원시_지역화폐 결제 정보_20260120
2025-11,수원시 권선구,구운동,자동차 정비/유지,30대,90148,8,11268,미확인,0.35,1,여,2026-01-20,공공데이터포털_경기도 수원시_지역화폐 결제 정보_20260120
2025-11,수원시 권선구,구운동,전자제품,30대,5794,3,1931,미확인,0.35,1,여,2026-01-20,공공데이터포털_경기도 수원시_지역화폐 결제 정보_20260120
2025-11,수원시 권선구,구운동,학원,30대,683492,20,34175,미확인,0.35,1,여,2026-01-20,공공데이터포털_경기도 수원시_지역화폐 결제 정보_20260120
2025-11,수원시 권선구,구운동,기타의료,40대,29928,18,1663,미확인,0.35,1,여,2026-01-20,공공데이터포털_경기도 수원시_지역화폐 결제 정보_20260120
2025-11,수원시 권선구,구운동,레저/문화 용품,40대,416073,26,16003,미확인,0.35,1,여,2026-01-20,공공데이터포털_경기도 수원시_지역화폐 결제 정보_20260120
2025-11,수원시 권선구,구운동,레저/스포츠 서비스,40대,307939,18,17108,미확인,0.35,1,여,2026-01-20,공공데이터포털_경기도 수원시_지역화폐 결제 정보_20260120
2025-11,수원시 권선구,구운동,문화/취미,40대,95172,11,8652,미확인,0.35,1,여,2026-01-20,공공데이터포털_경기도 수원시_지역화폐 결제 정보_20260120
2025-11,수원시 권선구,구운동,미용/위생,40대,486376,39,12471,미확인,0.35,1,여,2026-01-20,공공데이터포털_경기도 수원시_지역화폐 결제 정보_20260120
2025-11,수원시 권선구,구운동,서적/문구/학습자재,40대,50162,20,2508,미확인,0.35,1,여,2026-01-20,공공데이터포털_경기도 수원시_지역화폐 결제 정보_20260120
2025-11,수원시 권선구,구운동,숙박업,40대,167,1,167,미확인,0.35,1,여,2026-01-20,공공데이터포털_경기도 수원시_지역화폐 결제 정보_20260120
2025-11,수원시 권선구,구운동,약국,40대,296874,87,3412,미확인,0.35,1,여,2026-01-20,공공데이터포털_경기도 수원시_지역화폐 결제 정보_20260120
2025-11,수원시 권선구,구운동,용역서비스,40대,12595,7,1799,미확인,0.35,1,여,2026-01-20,공공데이터포털_경기도 수원시_지역화폐 결제 정보_20260120
2025-11,수원시 권선구,구운동,음료/식품,40대,2125341,397,5354,미확인,0.35,1,여,2026-01-20,공공데이터포털_경기도 수원시_지역화폐 결제 정보_20260120
2025-11,수원시 권선구,구운동,의류,40대,216648,6,36108,미확인,0.35,1,여,2026-01-20,공공데이터포털_경기도 수원시_지역화폐 결제 정보_20260120
2025-11,수원시 권선구,구운동,의원,40대,666922,53,12583,미확인,0.35,1,여,2026-01-20,공공데이터포털_경기도 수원시_지역화폐 결제 정보_20260120
2025-11,수원시 권선구,구운동,일반/휴게 음식,40대,7716733,1274,6057,미확인,0.35,1,여,2026-01-20,공공데이터포털_경기도 수원시_지역화폐 결제 정보_20260120
2025-11,수원시 권선구,구운동,일반유통,40대,1328213,470,2826,미확인,0.35,1,여,2026-01-20,공공데이터포털_경기도 수원시_지역화폐 결제 정보_20260120
2025-11,수원시 권선구,구운동,자동차 정비/유지,40대,245898,8,30737,미확인,0.35,1,여,2026-01-20,공공데이터포털_경기도 수원시_지역화폐 결제 정보_20260120
2025-11,수원시 권선구,구운동,주방용품,40대,3275,2,1638,미확인,0.35,1,여,2026-01-20,공공데이터포털_경기도 수원시_지역화폐 결제 정보_20260120
2025-11,수원시 권선구,구운동,학원,40대,1743997,59,29559,미확인,0.35,1,여,2026-01-20,공공데이터포털_경기도 수원시_지역화폐 결제 정보_20260120
2025-11,수원시 권선구,구운동,가구,50대,192005,3,64002,미확인,0.35,1,여,2026-01-20,공공데이터포털_경기도 수원시_지역화폐 결제 정보_20260120
2025-11,수원시 권선구,구운동,기타유통,50대,10768,5,2154,미확인,0.35,1,여,2026-01-20,공공데이터포털_경기도 수원시_지역화폐 결제 정보_20260120
2025-11,수원시 권선구,구운동,기타의료,50대,381997,51,7490,미확인,0.35,1,여,2026-01-20,공공데이터포털_경기도 수원시_지역화폐 결제 정보_20260120
2025-11,수원시 권선구,구운동,레저/문화 용품,50대,339598,25,13584,미확인,0.35,1,여,2026-01-20,공공데이터포털_경기도 수원시_지역화폐 결제 정보_20260120
2025-11,수원시 권선구,구운동,레저/스포츠 서비스,50대,361137,38,9504,미확인,0.35,1,여,2026-01-20,공공데이터포털_경기도 수원시_지역화폐 결제 정보_20260120
2025-11,수원시 권선구,구운동,문화/취미,50대,67477,17,3969,미확인,0.35,1,여,2026-01-20,공공데이터포털_경기도 수원시_지역화폐 결제 정보_20260120
2025-11,수원시 권선구,구운동,미용/위생,50대,648692,59,10995,미확인,0.35,1,여,2026-01-20,공공데이터포털_경기도 수원시_지역화폐 결제 정보_20260120
2025-11,수원시 권선구,구운동,서적/문구/학습자재,50대,30590,25,1224,미확인,0.35,1,여,2026-01-20,공공데이터포털_경기도 수원시_지역화폐 결제 정보_20260120
2025-11,수원시 권선구,구운동,숙박업,50대,23160,3,7720,미확인,0.35,1,여,2026-01-20,공공데이터포털_경기도 수원시_지역화폐 결제 정보_20260120
2025-11,수원시 권선구,구운동,약국,50대,122377,61,2006,미확인,0.35,1,여,2026-01-20,공공데이터포털_경기도 수원시_지역화폐 결제 정보_20260120
2025-11,수원시 권선구,구운동,용역서비스,50대,258602,33,7836,미확인,0.35,1,여,2026-01-20,공공데이터포털_경기도 수원시_지역화폐 결제 정보_20260120
2025-11,수원시 권선구,구운동,음료/식품,50대,3542572,628,5641,미확인,0.35,1,여,2026-01-20,공공데이터포털_경기도 수원시_지역화폐 결제 정보_20260120
2025-11,수원시 권선구,구운동,의류,50대,1040414,18,57801,미확인,0.35,1,여,2026-01-20,공공데이터포털_경기도 수원시_지역화폐 결제 정보_20260120
2025-11,수원시 권선구,구운동,의원,50대,397234,78,5093,미확인,0.35,1,여,2026-01-20,공공데이터포털_경기도 수원시_지역화폐 결제 정보_20260120
2025-11,수원시 권선구,구운동,일반/휴게 음식,50대,9556762,1585,6030,미확인,0.35,1,여,2026-01-20,공공데이터포털_경기도 수원시_지역화폐 결제 정보_20260120
2025-11,수원시 권선구,구운동,일반유통,50대,1427860,594,2404,미확인,0.35,1,여,2026-01-20,공공데이터포털_경기도 수원시_지역화폐 결제 정보_20260120
2025-11,수원시 권선구,구운동,자동차 정비/유지,50대,246478,9,27386,미확인,0.35,1,여,2026-01-20,공공데이터포털_경기도 수원시_지역화폐 결제 정보_20260120
2025-11,수원시 권선구,구운동,전자제품,50대,38152,2,19076,미확인,0.35,1,여,2026-01-20,공공데이터포털_경기도 수원시_지역화폐 결제 정보_20260120
2025-11,수원시 권선구,구운동,주방용품,50대,21087,3,7029,미확인,0.35,1,여,2026-01-20,공공데이터포털_경기도 수원시_지역화폐 결제 정보_20260120
2025-11,수원시 권선구,구운동,직물/침구류,50대,945,1,945,미확인,0.35,1,여,2026-01-20,공공데이터포털_경기도 수원시_지역화폐 결제 정보_20260120
2025-11,수원시 권선구,구운동,학원,50대,232533,8,29067,미확인,0.35,1,여,2026-01-20,공공데이터포털_경기도 수원시_지역화폐 결제 정보_20260120
2025-11,수원시 권선구,구운동,가구,60대 이상,17000,1,17000,미확인,0.35,1,여,2026-01-20,공공데이터포털_경기도 수원시_지역화폐 결제 정보_20260120
2025-11,수원시 권선구,구운동,건축자재,60대 이상,14167,3,4722,미확인,0.35,1,여,2026-01-20,공공데이터포털_경기도 수원시_지역화폐 결제 정보_20260120
2025-11,수원시 권선구,구운동,기타유통,60대 이상,81586,14,5828,미확인,0.35,1,여,2026-01-20,공공데이터포털_경기도 수원시_지역화폐 결제 정보_20260120
2025-11,수원시 권선구,구운동,기타의료,60대 이상,40881,30,1363,미확인,0.35,1,여,2026-01-20,공공데이터포털_경기도 수원시_지역화폐 결제 정보_20260120
2025-11,수원시 권선구,구운동,레저/문화 용품,60대 이상,987485,40,24687,미확인,0.35,1,여,2026-01-20,공공데이터포털_경기도 수원시_지역화폐 결제 정보_20260120
2025-11,수원시 권선구,구운동,레저/스포츠 서비스,60대 이상,623910,22,28360,미확인,0.35,1,여,2026-01-20,공공데이터포털_경기도 수원시_지역화폐 결제 정보_20260120
2025-11,수원시 권선구,구운동,문화/취미,60대 이상,24941,6,4157,미확인,0.35,1,여,2026-01-20,공공데이터포털_경기도 수원시_지역화폐 결제 정보_20260120
2025-11,수원시 권선구,구운동,미용/위생,60대 이상,346076,46,7523,미확인,0.35,1,여,2026-01-20,공공데이터포털_경기도 수원시_지역화폐 결제 정보_20260120
2025-11,수원시 권선구,구운동,서적/문구/학습자재,60대 이상,1983,3,661,미확인,0.35,1,여,2026-01-20,공공데이터포털_경기도 수원시_지역화폐 결제 정보_20260120
2025-11,수원시 권선구,구운동,신변잡화,60대 이상,20076,4,5019,미확인,0.35,1,여,2026-01-20,공공데이터포털_경기도 수원시_지역화폐 결제 정보_20260120
2025-11,수원시 권선구,구운동,약국,60대 이상,99420,61,1630,미확인,0.35,1,여,2026-01-20,공공데이터포털_경기도 수원시_지역화폐 결제 정보_20260120
2025-11,수원시 권선구,구운동,용역서비스,60대 이상,119515,12,9960,미확인,0.35,1,여,2026-01-20,공공데이터포털_경기도 수원시_지역화폐 결제 정보_20260120
2025-11,수원시 권선구,구운동,음료/식품,60대 이상,2945678,701,4202,미확인,0.35,1,여,2026-01-20,공공데이터포털_경기도 수원시_지역화폐 결제 정보_20260120
2025-11,수원시 권선구,구운동,의류,60대 이상,390907,14,27922,미확인,0.35,1,여,2026-01-20,공공데이터포털_경기도 수원시_지역화폐 결제 정보_20260120
2025-11,수원시 권선구,구운동,의원,60대 이상,350748,62,5657,미확인,0.35,1,여,2026-01-20,공공데이터포털_경기도 수원시_지역화폐 결제 정보_20260120
2025-11,수원시 권선구,구운동,일반/휴게 음식,60대 이상,5580168,1041,5360,미확인,0.35,1,여,2026-01-20,공공데이터포털_경기도 수원시_지역화폐 결제 정보_20260120
2025-11,수원시 권선구,구운동,일반유통,60대 이상,767888,325,2363,미확인,0.35,1,여,2026-01-20,공공데이터포털_경기도 수원시_지역화폐 결제 정보_20260120
2025-11,수원시 권선구,구운동,자동차 정비/유지,60대 이상,68271,4,17068,미확인,0.35,1,여,2026-01-20,공공데이터포털_경기도 수원시_지역화폐 결제 정보_20260120
2025-11,수원시 권선구,구운동,주방용품,60대 이상,15768,3,5256,미확인,0.35,1,여,2026-01-20,공공데이터포털_경기도 수원시_지역화폐 결제 정보_20260120
2025-11,수원시 권선구,구운동,회원정보미상,60대 이상,404070,26,15541,미확인,0.35,1,여,2026-01-20,공공데이터포털_경기도 수원시_지역화폐 결제 정보_20260120
2025-11,수원시 권선구,구운동,회원정보미상,60대 이상,404070,26,15541,미확인,0.35,1,여,2026-01-20,공공데이터포털_경기도 수원시_지역화폐 결제 정보_20260120
2025-11,수원시 권선구,구운동,음료/식품,60대 이상,179820,5,35964,미확인,0.35,1,여,2026-01-20,공공데이터포털_경기도 수원시_지역화폐 결제 정보_20260120
2025-11,수원시 권선구,구운동,의류,60대 이상,100000,1,100000,미확인,0.35,1,여,2026-01-20,공공데이터포털_경기도 수원시_지역화폐 결제 정보_20260120
2025-11,수원시 권선구,구운동,일반/휴게 음식,60대 이상,66850,3,22283,미확인,0.35,1,여,2026-01-20,공공데이터포털_경기도 수원시_지역화폐 결제 정보_20260120
2025-11,수원시 권선구,구운동,일반유통,60대 이상,57400,17,3376,미확인,0.35,1,여,2026-01-20,공공데이터포털_경기도 수원시_지역화폐 결제 정보_20260120
2025-11,수원시 권선구,권선1동,기타의료,10대,6865,1,6865,미확인,0.35,1,남,2026-01-20,공공데이터포털_경기도 수원시_지역화폐 결제 정보_20260120
2025-11,수원시 권선구,권선1동,레저/스포츠 서비스,10대,38625,6,6438,미확인,0.35,1,남,2026-01-20,공공데이터포털_경기도 수원시_지역화폐 결제 정보_20260120
2025-11,수원시 권선구,권선1동,문화/취미,10대,58024,2,29012,미확인,0.35,1,남,2026-01-20,공공데이터포털_경기도 수원시_지역화폐 결제 정보_20260120
2025-11,수원시 권선구,권선1동,미분류,10대,21228,7,3033,미확인,0.35,1,남,2026-01-20,공공데이터포털_경기도 수원시_지역화폐 결제 정보_20260120
2025-11,수원시 권선구,권선1동,미용/위생,10대,1734,1,1734,미확인,0.35,1,남,2026-01-20,공공데이터포털_경기도 수원시_지역화폐 결제 정보_20260120
2025-11,수원시 권선구,권선1동,서적/문구/학습자재,10대,18731,3,6244,미확인,0.35,1,남,2026-01-20,공공데이터포털_경기도 수원시_지역화폐 결제 정보_20260120
2025-11,수원시 권선구,권선1동,약국,10대,2474,3,825,미확인,0.35,1,남,2026-01-20,공공데이터포털_경기도 수원시_지역화폐 결제 정보_20260120
2025-11,수원시 권선구,권선1동,음료/식품,10대,51853,8,6482,미확인,0.35,1,남,2026-01-20,공공데이터포털_경기도 수원시_지역화폐 결제 정보_20260120
2025-11,수원시 권선구,권선1동,의원,10대,26116,4,6529,미확인,0.35,1,남,2026-01-20,공공데이터포털_경기도 수원시_지역화폐 결제 정보_20260120
2025-11,수원시 권선구,권선1동,일반/휴게 음식,10대,136963,19,7209,미확인,0.35,1,남,2026-01-20,공공데이터포털_경기도 수원시_지역화폐 결제 정보_20260120
2025-11,수원시 권선구,권선1동,일반유통,10대,49058,12,4088,미확인,0.35,1,남,2026-01-20,공공데이터포털_경기도 수원시_지역화폐 결제 정보_20260120
2025-11,수원시 권선구,권선1동,전자제품,10대,10000,1,10000,미확인,0.35,1,남,2026-01-20,공공데이터포털_경기도 수원시_지역화폐 결제 정보_20260120
2025-11,수원시 권선구,권선1동,학원,10대,292665,7,41809,미확인,0.35,1,남,2026-01-20,공공데이터포털_경기도 수원시_지역화폐 결제 정보_20260120
2025-11,수원시 권선구,권선1동,가구,20대,370950,13,28535,미확인,0.35,1,남,2026-01-20,공공데이터포털_경기도 수원시_지역화폐 결제 정보_20260120
2025-11,수원시 권선구,권선1동,건축자재,20대,8063,1,8063,미확인,0.35,1,남,2026-01-20,공공데이터포털_경기도 수원시_지역화폐 결제 정보_20260120
2025-11,수원시 권선구,권선1동,기타의료,20대,38877,1,38877,미확인,0.35,1,남,2026-01-20,공공데이터포털_경기도 수원시_지역화폐 결제 정보_20260120
2025-11,수원시 권선구,권선1동,레저/문화 용품,20대,217478,5,43496,미확인,0.35,1,남,2026-01-20,공공데이터포털_경기도 수원시_지역화폐 결제 정보_20260120
2025-11,수원시 권선구,권선1동,레저/스포츠 서비스,20대,294072,28,10503,미확인,0.35,1,남,2026-01-20,공공데이터포털_경기도 수원시_지역화폐 결제 정보_20260120
2025-11,수원시 권선구,권선1동,문화/취미,20대,305211,6,50868,미확인,0.35,1,남,2026-01-20,공공데이터포털_경기도 수원시_지역화폐 결제 정보_20260120
2025-11,수원시 권선구,권선1동,미분류,20대,511762,27,18954,미확인,0.35,1,남,2026-01-20,공공데이터포털_경기도 수원시_지역화폐 결제 정보_20260120
2025-11,수원시 권선구,권선1동,미용/위생,20대,1242767,39,31866,미확인,0.35,1,남,2026-01-20,공공데이터포털_경기도 수원시_지역화폐 결제 정보_20260120
2025-11,수원시 권선구,권선1동,서적/문구/학습자재,20대,7038,10,704,미확인,0.35,1,남,2026-01-20,공공데이터포털_경기도 수원시_지역화폐 결제 정보_20260120
2025-11,수원시 권선구,권선1동,숙박업,20대,24173,3,8058,미확인,0.35,1,남,2026-01-20,공공데이터포털_경기도 수원시_지역화폐 결제 정보_20260120
2025-11,수원시 권선구,권선1동,약국,20대,56491,22,2568,미확인,0.35,1,남,2026-01-20,공공데이터포털_경기도 수원시_지역화폐 결제 정보_20260120
2025-11,수원시 권선구,권선1동,용역서비스,20대,15795,12,1316,미확인,0.35,1,남,2026-01-20,공공데이터포털_경기도 수원시_지역화폐 결제 정보_20260120
2025-11,수원시 권선구,권선1동,음료/식품,20대,4302375,235,18308,미확인,0.35,1,남,2026-01-20,공공데이터포털_경기도 수원시_지역화폐 결제 정보_20260120
2025-11,수원시 권선구,권선1동,의류,20대,85315,6,14219,미확인,0.35,1,남,2026-01-20,공공데이터포털_경기도 수원시_지역화폐 결제 정보_20260120
2025-11,수원시 권선구,권선1동,의원,20대,327945,9,36438,미확인,0.35,1,남,2026-01-20,공공데이터포털_경기도 수원시_지역화폐 결제 정보_20260120
2025-11,수원시 권선구,권선1동,일반/휴게 음식,20대,5903330,495,11926,미확인,0.35,1,남,2026-01-20,공공데이터포털_경기도 수원시_지역화폐 결제 정보_20260120
2025-11,수원시 권선구,권선1동,일반유통,20대,1340094,324,4136,미확인,0.35,1,남,2026-01-20,공공데이터포털_경기도 수원시_지역화폐 결제 정보_20260120
2025-11,수원시 권선구,권선1동,자동차 정비/유지,20대,180000,1,180000,미확인,0.35,1,남,2026-01-20,공공데이터포털_경기도 수원시_지역화폐 결제 정보_20260120
2025-11,수원시 권선구,권선1동,자동차판매,20대,279667,3,93222,미확인,0.35,1,남,2026-01-20,공공데이터포털_경기도 수원시_지역화폐 결제 정보_20260120
2025-11,수원시 권선구,권선1동,전자제품,20대,32442,17,1908,미확인,0.35,1,남,2026-01-20,공공데이터포털_경기도 수원시_지역화폐 결제 정보_20260120
2025-11,수원시 권선구,권선1동,주유/충전소,20대,22221,4,5555,미확인,0.35,1,남,2026-01-20,공공데이터포털_경기도 수원시_지역화폐 결제 정보_20260120
2025-11,수원시 권선구,권선1동,학원,20대,266211,6,44368,미확인,0.35,1,남,2026-01-20,공공데이터포털_경기도 수원시_지역화폐 결제 정보_20260120
2025-11,수원시 권선구,권선1동,가구,30대,1371934,37,37079,미확인,0.35,1,남,2026-01-20,공공데이터포털_경기도 수원시_지역화폐 결제 정보_20260120
2025-11,수원시 권선구,권선1동,건축자재,30대,125455,2,62728,미확인,0.35,1,남,2026-01-20,공공데이터포털_경기도 수원시_지역화폐 결제 정보_20260120
2025-11,수원시 권선구,권선1동,기타의료,30대,305042,15,20336,미확인,0.35,1,남,2026-01-20,공공데이터포털_경기도 수원시_지역화폐 결제 정보_20260120
2025-11,수원시 권선구,권선1동,레저/문화 용품,30대,447443,13,34419,미확인,0.35,1,남,2026-01-20,공공데이터포털_경기도 수원시_지역화폐 결제 정보_20260120
2025-11,수원시 권선구,권선1동,레저/스포츠 서비스,30대,525431,45,11676,미확인,0.35,1,남,2026-01-20,공공데이터포털_경기도 수원시_지역화폐 결제 정보_20260120
2025-11,수원시 권선구,권선1동,문화/취미,30대,135410,22,6155,미확인,0.35,1,남,2026-01-20,공공데이터포털_경기도 수원시_지역화폐 결제 정보_20260120
2025-11,수원시 권선구,권선1동,미분류,30대,318029,39,8155,미확인,0.35,1,남,2026-01-20,공공데이터포털_경기도 수원시_지역화폐 결제 정보_20260120
2025-11,수원시 권선구,권선1동,미용/위생,30대,645014,89,7247,미확인,0.35,1,남,2026-01-20,공공데이터포털_경기도 수원시_지역화폐 결제 정보_20260120
2025-11,수원시 권선구,권선1동,서적/문구/학습자재,30대,2751,4,688,미확인,0.35,1,남,2026-01-20,공공데이터포털_경기도 수원시_지역화폐 결제 정보_20260120
2025-11,수원시 권선구,권선1동,신변잡화,30대,10935,1,10935,미확인,0.35,1,남,2026-01-20,공공데이터포털_경기도 수원시_지역화폐 결제 정보_20260120
2025-11,수원시 권선구,권선1동,약국,30대,109547,39,2809,미확인,0.35,1,남,2026-01-20,공공데이터포털_경기도 수원시_지역화폐 결제 정보_20260120
2025-11,수원시 권선구,권선1동,용역서비스,30대,388138,71,5467,미확인,0.35,1,남,2026-01-20,공공데이터포털_경기도 수원시_지역화폐 결제 정보_20260120
2025-11,수원시 권선구,권선1동,음료/식품,30대,7580019,867,8743,미확인,0.35,1,남,2026-01-20,공공데이터포털_경기도 수원시_지역화폐 결제 정보_20260120
2025-11,수원시 권선구,권선1동,의류,30대,368384,10,36838,미확인,0.35,1,남,2026-01-20,공공데이터포털_경기도 수원시_지역화폐 결제 정보_20260120
2025-11,수원시 권선구,권선1동,의원,30대,1308142,40,32704,미확인,0.35,1,남,2026-01-20,공공데이터포털_경기도 수원시_지역화폐 결제 정보_20260120
2025-11,수원시 권선구,권선1동,일반/휴게 음식,30대,7578794,1690,4484,미확인,0.35,1,남,2026-01-20,공공데이터포털_경기도 수원시_지역화폐 결제 정보_20260120
2025-11,수원시 권선구,권선1동,일반유통,30대,2008482,1040,1931,미확인,0.35,1,남,2026-01-20,공공데이터포털_경기도 수원시_지역화폐 결제 정보_20260120
2025-11,수원시 권선구,권선1동,자동차 정비/유지,30대,814101,16,50881,미확인,0.35,1,남,2026-01-20,공공데이터포털_경기도 수원시_지역화폐 결제 정보_20260120
2025-11,수원시 권선구,권선1동,전자상거래,30대,120486,3,40162,미확인,0.35,1,남,2026-01-20,공공데이터포털_경기도 수원시_지역화폐 결제 정보_20260120
2025-11,수원시 권선구,권선1동,전자제품,30대,10289,14,735,미확인,0.35,1,남,2026-01-20,공공데이터포털_경기도 수원시_지역화폐 결제 정보_20260120
2025-11,수원시 권선구,권선1동,주유/충전소,30대,274966,35,7856,미확인,0.35,1,남,2026-01-20,공공데이터포털_경기도 수원시_지역화폐 결제 정보_20260120
2025-11,수원시 권선구,권선1동,학원,30대,365552,10,36555,미확인,0.35,1,남,2026-01-20,공공데이터포털_경기도 수원시_지역화폐 결제 정보_20260120
2025-11,수원시 권선구,권선1동,가구,40대,1334678,31,43054,미확인,0.35,1,남,2026-01-20,공공데이터포털_경기도 수원시_지역화폐 결제 정보_20260120
2025-11,수원시 권선구,권선1동,건축자재,40대,46877,5,9375,미확인,0.35,1,남,2026-01-20,공공데이터포털_경기도 수원시_지역화폐 결제 정보_20260120
2025-11,수원시 권선구,권선1동,기타의료,40대,140285,11,12753,미확인,0.35,1,남,2026-01-20,공공데이터포털_경기도 수원시_지역화폐 결제 정보_20260120
2025-11,수원시 권선구,권선1동,레저/문화 용품,40대,25121,4,6280,미확인,0.35,1,남,2026-01-20,공공데이터포털_경기도 수원시_지역화폐 결제 정보_20260120
2025-11,수원시 권선구,권선1동,레저/스포츠 서비스,40대,756521,114,6636,미확인,0.35,1,남,2026-01-20,공공데이터포털_경기도 수원시_지역화폐 결제 정보_20260120
2025-11,수원시 권선구,권선1동,문화/취미,40대,370850,27,13735,미확인,0.35,1,남,2026-01-20,공공데이터포털_경기도 수원시_지역화폐 결제 정보_20260120
2025-11,수원시 권선구,권선1동,미분류,40대,328073,43,7630,미확인,0.35,1,남,2026-01-20,공공데이터포털_경기도 수원시_지역화폐 결제 정보_20260120
2025-11,수원시 권선구,권선1동,미용/위생,40대,617952,89,6943,미확인,0.35,1,남,2026-01-20,공공데이터포털_경기도 수원시_지역화폐 결제 정보_20260120
2025-11,수원시 권선구,권선1동,서적/문구/학습자재,40대,72386,8,9048,미확인,0.35,1,남,2026-01-20,공공데이터포털_경기도 수원시_지역화폐 결제 정보_20260120
2025-11,수원시 권선구,권선1동,숙박업,40대,2731,2,1366,미확인,0.35,1,남,2026-01-20,공공데이터포털_경기도 수원시_지역화폐 결제 정보_20260120
2025-11,수원시 권선구,권선1동,신변잡화,40대,13936,3,4645,미확인,0.35,1,남,2026-01-20,공공데이터포털_경기도 수원시_지역화폐 결제 정보_20260120
2025-11,수원시 권선구,권선1동,약국,40대,230419,77,2992,미확인,0.35,1,남,2026-01-20,공공데이터포털_경기도 수원시_지역화폐 결제 정보_20260120
2025-11,수원시 권선구,권선1동,용역서비스,40대,329853,39,8458,미확인,0.35,1,남,2026-01-20,공공데이터포털_경기도 수원시_지역화폐 결제 정보_20260120
2025-11,수원시 권선구,권선1동,음료/식품,40대,8287518,1057,7841,미확인,0.35,1,남,2026-01-20,공공데이터포털_경기도 수원시_지역화폐 결제 정보_20260120
2025-11,수원시 권선구,권선1동,의류,40대,101742,12,8478,미확인,0.35,1,남,2026-01-20,공공데이터포털_경기도 수원시_지역화폐 결제 정보_20260120
2025-11,수원시 권선구,권선1동,의원,40대,391484,54,7250,미확인,0.35,1,남,2026-01-20,공공데이터포털_경기도 수원시_지역화폐 결제 정보_20260120
2025-11,수원시 권선구,권선1동,일반/휴게 음식,40대,7822243,1582,4945,미확인,0.35,1,남,2026-01-20,공공데이터포털_경기도 수원시_지역화폐 결제 정보_20260120
2025-11,수원시 권선구,권선1동,일반유통,40대,1471902,725,2030,미확인,0.35,1,남,2026-01-20,공공데이터포털_경기도 수원시_지역화폐 결제 정보_20260120
2025-11,수원시 권선구,권선1동,자동차 정비/유지,40대,1087990,15,72533,미확인,0.35,1,남,2026-01-20,공공데이터포털_경기도 수원시_지역화폐 결제 정보_20260120
2025-11,수원시 권선구,권선1동,전자상거래,40대,93941,2,46970,미확인,0.35,1,남,2026-01-20,공공데이터포털_경기도 수원시_지역화폐 결제 정보_20260120
2025-11,수원시 권선구,권선1동,전자제품,40대,2000,1,2000,미확인,0.35,1,남,2026-01-20,공공데이터포털_경기도 수원시_지역화폐 결제 정보_20260120
2025-11,수원시 권선구,권선1동,주방용품,40대,1167,1,1167,미확인,0.35,1,남,2026-01-20,공공데이터포털_경기도 수원시_지역화폐 결제 정보_20260120
2025-11,수원시 권선구,권선1동,주유/충전소,40대,281811,28,10065,미확인,0.35,1,남,2026-01-20,공공데이터포털_경기도 수원시_지역화폐 결제 정보_20260120
2025-11,수원시 권선구,권선1동,학원,40대,3155786,87,36273,미확인,0.35,1,남,2026-01-20,공공데이터포털_경기도 수원시_지역화폐 결제 정보_20260120
2025-11,수원시 권선구,권선1동,가구,50대,600010,12,50001,미확인,0.35,1,남,2026-01-20,공공데이터포털_경기도 수원시_지역화폐 결제 정보_20260120
2025-11,수원시 권선구,권선1동,건축자재,50대,5602,3,1867,미확인,0.35,1,남,2026-01-20,공공데이터포털_경기도 수원시_지역화폐 결제 정보_20260120
2025-11,수원시 권선구,권선1동,기타유통,50대,12820,4,3205,미확인,0.35,1,남,2026-01-20,공공데이터포털_경기도 수원시_지역화폐 결제 정보_20260120
2025-11,수원시 권선구,권선1동,기타의료,50대,78429,4,19607,미확인,0.35,1,남,2026-01-20,공공데이터포털_경기도 수원시_지역화폐 결제 정보_20260120
2025-11,수원시 권선구,권선1동,레저/문화 용품,50대,33427,2,16714,미확인,0.35,1,남,2026-01-20,공공데이터포털_경기도 수원시_지역화폐 결제 정보_20260120
2025-11,수원시 권선구,권선1동,레저/스포츠 서비스,50대,461541,80,5769,미확인,0.35,1,남,2026-01-20,공공데이터포털_경기도 수원시_지역화폐 결제 정보_20260120
2025-11,수원시 권선구,권선1동,문화/취미,50대,113165,13,8705,미확인,0.35,1,남,2026-01-20,공공데이터포털_경기도 수원시_지역화폐 결제 정보_20260120
2025-11,수원시 권선구,권선1동,미분류,50대,928338,130,7141,미확인,0.35,1,남,2026-01-20,공공데이터포털_경기도 수원시_지역화폐 결제 정보_20260120
2025-11,수원시 권선구,권선1동,미용/위생,50대,819550,79,10374,미확인,0.35,1,남,2026-01-20,공공데이터포털_경기도 수원시_지역화폐 결제 정보_20260120
2025-11,수원시 권선구,권선1동,서적/문구/학습자재,50대,42939,3,14313,미확인,0.35,1,남,2026-01-20,공공데이터포털_경기도 수원시_지역화폐 결제 정보_20260120
2025-11,수원시 권선구,권선1동,숙박업,50대,5632,2,2816,미확인,0.35,1,남,2026-01-20,공공데이터포털_경기도 수원시_지역화폐 결제 정보_20260120
2025-11,수원시 권선구,권선1동,신변잡화,50대,4840,1,4840,미확인,0.35,1,남,2026-01-20,공공데이터포털_경기도 수원시_지역화폐 결제 정보_20260120
2025-11,수원시 권선구,권선1동,약국,50대,138286,67,2064,미확인,0.35,1,남,2026-01-20,공공데이터포털_경기도 수원시_지역화폐 결제 정보_20260120
2025-11,수원시 권선구,권선1동,용역서비스,50대,438951,16,27434,미확인,0.35,1,남,2026-01-20,공공데이터포털_경기도 수원시_지역화폐 결제 정보_20260120
2025-11,수원시 권선구,권선1동,음료/식품,50대,7977420,1030,7745,미확인,0.35,1,남,2026-01-20,공공데이터포털_경기도 수원시_지역화폐 결제 정보_20260120
2025-11,수원시 권선구,권선1동,의류,50대,25023,9,2780,미확인,0.35,1,남,2026-01-20,공공데이터포털_경기도 수원시_지역화폐 결제 정보_20260120
2025-11,수원시 권선구,권선1동,의원,50대,345932,70,4942,미확인,0.35,1,남,2026-01-20,공공데이터포털_경기도 수원시_지역화폐 결제 정보_20260120
2025-11,수원시 권선구,권선1동,일반/휴게 음식,50대,7238649,1468,4931,미확인,0.35,1,남,2026-01-20,공공데이터포털_경기도 수원시_지역화폐 결제 정보_20260120
2025-11,수원시 권선구,권선1동,일반유통,50대,1541563,693,2224,미확인,0.35,1,남,2026-01-20,공공데이터포털_경기도 수원시_지역화폐 결제 정보_20260120
2025-11,수원시 권선구,권선1동,자동차 정비/유지,50대,688121,11,62556,미확인,0.35,1,남,2026-01-20,공공데이터포털_경기도 수원시_지역화폐 결제 정보_20260120
2025-11,수원시 권선구,권선1동,전자제품,50대,1849,2,924,미확인,0.35,1,남,2026-01-20,공공데이터포털_경기도 수원시_지역화폐 결제 정보_20260120
2025-11,수원시 권선구,권선1동,주방용품,50대,5309,1,5309,미확인,0.35,1,남,2026-01-20,공공데이터포털_경기도 수원시_지역화폐 결제 정보_20260120
2025-11,수원시 권선구,권선1동,주유/충전소,50대,99400,16,6212,미확인,0.35,1,남,2026-01-20,공공데이터포털_경기도 수원시_지역화폐 결제 정보_20260120
2025-11,수원시 권선구,권선1동,직물/침구류,50대,61963,2,30982,미확인,0.35,1,남,2026-01-20,공공데이터포털_경기도 수원시_지역화폐 결제 정보_20260120
2025-11,수원시 권선구,권선1동,학원,50대,2102719,51,41230,미확인,0.35,1,남,2026-01-20,공공데이터포털_경기도 수원시_지역화폐 결제 정보_20260120
2025-11,수원시 권선구,권선1동,가구,60대 이상,1162965,30,38766,미확인,0.35,1,남,2026-01-20,공공데이터포털_경기도 수원시_지역화폐 결제 정보_20260120
2025-11,수원시 권선구,권선1동,건축자재,60대 이상,22328,11,2030,미확인,0.35,1,남,2026-01-20,공공데이터포털_경기도 수원시_지역화폐 결제 정보_20260120
2025-11,수원시 권선구,권선1동,기타유통,60대 이상,58596,7,8371,미확인,0.35,1,남,2026-01-20,공공데이터포털_경기도 수원시_지역화폐 결제 정보_20260120
2025-11,수원시 권선구,권선1동,레저/문화 용품,60대 이상,68760,5,13752,미확인,0.35,1,남,2026-01-20,공공데이터포털_경기도 수원시_지역화폐 결제 정보_20260120
2025-11,수원시 권선구,권선1동,레저/스포츠 서비스,60대 이상,115839,39,2970,미확인,0.35,1,남,2026-01-20,공공데이터포털_경기도 수원시_지역화폐 결제 정보_20260120
2025-11,수원시 권선구,권선1동,문화/취미,60대 이상,66191,7,9456,미확인,0.35,1,남,2026-01-20,공공데이터포털_경기도 수원시_지역화폐 결제 정보_20260120
2025-11,수원시 권선구,권선1동,미분류,60대 이상,1225001,169,7249,미확인,0.35,1,남,2026-01-20,공공데이터포털_경기도 수원시_지역화폐 결제 정보_20260120
2025-11,수원시 권선구,권선1동,미용/위생,60대 이상,432590,66,6554,미확인,0.35,1,남,2026-01-20,공공데이터포털_경기도 수원시_지역화폐 결제 정보_20260120
2025-11,수원시 권선구,권선1동,숙박업,60대 이상,4147,1,4147,미확인,0.35,1,남,2026-01-20,공공데이터포털_경기도 수원시_지역화폐 결제 정보_20260120
2025-11,수원시 권선구,권선1동,신변잡화,60대 이상,75480,1,75480,미확인,0.35,1,남,2026-01-20,공공데이터포털_경기도 수원시_지역화폐 결제 정보_20260120
2025-11,수원시 권선구,권선1동,약국,60대 이상,264229,72,3670,미확인,0.35,1,남,2026-01-20,공공데이터포털_경기도 수원시_지역화폐 결제 정보_20260120
2025-11,수원시 권선구,권선1동,용역서비스,60대 이상,142148,11,12923,미확인,0.35,1,남,2026-01-20,공공데이터포털_경기도 수원시_지역화폐 결제 정보_20260120
2025-11,수원시 권선구,권선1동,음료/식품,60대 이상,7747909,1249,6203,미확인,0.35,1,남,2026-01-20,공공데이터포털_경기도 수원시_지역화폐 결제 정보_20260120
2025-11,수원시 권선구,권선1동,의류,60대 이상,44495,17,2617,미확인,0.35,1,남,2026-01-20,공공데이터포털_경기도 수원시_지역화폐 결제 정보_20260120
2025-11,수원시 권선구,권선1동,의원,60대 이상,229754,49,4689,미확인,0.35,1,남,2026-01-20,공공데이터포털_경기도 수원시_지역화폐 결제 정보_20260120
2025-11,수원시 권선구,권선1동,일반/휴게 음식,60대 이상,5678432,1103,5148,미확인,0.35,1,남,2026-01-20,공공데이터포털_경기도 수원시_지역화폐 결제 정보_20260120
2025-11,수원시 권선구,권선1동,일반유통,60대 이상,1009365,437,2310,미확인,0.35,1,남,2026-01-20,공공데이터포털_경기도 수원시_지역화폐 결제 정보_20260120
2025-11,수원시 권선구,권선1동,자동차 정비/유지,60대 이상,207289,8,25911,미확인,0.35,1,남,2026-01-20,공공데이터포털_경기도 수원시_지역화폐 결제 정보_20260120
2025-11,수원시 권선구,권선1동,전자상거래,60대 이상,55208,1,55208,미확인,0.35,1,남,2026-01-20,공공데이터포털_경기도 수원시_지역화폐 결제 정보_20260120
2025-11,수원시 권선구,권선1동,전자제품,60대 이상,6844,3,2281,미확인,0.35,1,남,2026-01-20,공공데이터포털_경기도 수원시_지역화폐 결제 정보_20260120
2025-11,수원시 권선구,권선1동,주방용품,60대 이상,8588,5,1718,미확인,0.35,1,남,2026-01-20,공공데이터포털_경기도 수원시_지역화폐 결제 정보_20260120
2025-11,수원시 권선구,권선1동,주유/충전소,60대 이상,56068,5,11214,미확인,0.35,1,남,2026-01-20,공공데이터포털_경기도 수원시_지역화폐 결제 정보_20260120
2025-11,수원시 권선구,권선1동,학원,60대 이상,153246,4,38312,미확인,0.35,1,남,2026-01-20,공공데이터포털_경기도 수원시_지역화폐 결제 정보_20260120
2025-11,수원시 권선구,권선1동,가구,10대,158301,6,26384,미확인,0.35,1,여,2026-01-20,공공데이터포털_경기도 수원시_지역화폐 결제 정보_20260120
2025-11,수원시 권선구,권선1동,레저/문화 용품,10대,6400,1,6400,미확인,0.35,1,여,2026-01-20,공공데이터포털_경기도 수원시_지역화폐 결제 정보_20260120
2025-11,수원시 권선구,권선1동,레저/스포츠 서비스,10대,463,2,232,미확인,0.35,1,여,2026-01-20,공공데이터포털_경기도 수원시_지역화폐 결제 정보_20260120
2025-11,수원시 권선구,권선1동,미용/위생,10대,11262,3,3754,미확인,0.35,1,여,2026-01-20,공공데이터포털_경기도 수원시_지역화폐 결제 정보_20260120
2025-11,수원시 권선구,권선1동,서적/문구/학습자재,10대,5383,2,2692,미확인,0.35,1,여,2026-01-20,공공데이터포털_경기도 수원시_지역화폐 결제 정보_20260120
2025-11,수원시 권선구,권선1동,약국,10대,832,1,832,미확인,0.35,1,여,2026-01-20,공공데이터포털_경기도 수원시_지역화폐 결제 정보_20260120
2025-11,수원시 권선구,권선1동,음료/식품,10대,164058,16,10254,미확인,0.35,1,여,2026-01-20,공공데이터포털_경기도 수원시_지역화폐 결제 정보_20260120
2025-11,수원시 권선구,권선1동,의류,10대,1000,1,1000,미확인,0.35,1,여,2026-01-20,공공데이터포털_경기도 수원시_지역화폐 결제 정보_20260120
2025-11,수원시 권선구,권선1동,의원,10대,45993,2,22996,미확인,0.35,1,여,2026-01-20,공공데이터포털_경기도 수원시_지역화폐 결제 정보_20260120
2025-11,수원시 권선구,권선1동,일반/휴게 음식,10대,96681,15,6445,미확인,0.35,1,여,2026-01-20,공공데이터포털_경기도 수원시_지역화폐 결제 정보_20260120
2025-11,수원시 권선구,권선1동,일반유통,10대,132777,59,2250,미확인,0.35,1,여,2026-01-20,공공데이터포털_경기도 수원시_지역화폐 결제 정보_20260120
2025-11,수원시 권선구,권선1동,전자제품,10대,2000,1,2000,미확인,0.35,1,여,2026-01-20,공공데이터포털_경기도 수원시_지역화폐 결제 정보_20260120
2025-11,수원시 권선구,권선1동,학원,10대,226984,8,28373,미확인,0.35,1,여,2026-01-20,공공데이터포털_경기도 수원시_지역화폐 결제 정보_20260120
2025-11,수원시 권선구,권선1동,가구,20대,823894,9,91544,미확인,0.35,1,여,2026-01-20,공공데이터포털_경기도 수원시_지역화폐 결제 정보_20260120
2025-11,수원시 권선구,권선1동,기타의료,20대,53718,7,7674,미확인,0.35,1,여,2026-01-20,공공데이터포털_경기도 수원시_지역화폐 결제 정보_20260120
2025-11,수원시 권선구,권선1동,레저/스포츠 서비스,20대,40929,18,2274,미확인,0.35,1,여,2026-01-20,공공데이터포털_경기도 수원시_지역화폐 결제 정보_20260120
2025-11,수원시 권선구,권선1동,문화/취미,20대,531387,23,23104,미확인,0.35,1,여,2026-01-20,공공데이터포털_경기도 수원시_지역화폐 결제 정보_20260120
2025-11,수원시 권선구,권선1동,미분류,20대,885557,44,20126,미확인,0.35,1,여,2026-01-20,공공데이터포털_경기도 수원시_지역화폐 결제 정보_20260120
2025-11,수원시 권선구,권선1동,미용/위생,20대,1613973,47,34340,미확인,0.35,1,여,2026-01-20,공공데이터포털_경기도 수원시_지역화폐 결제 정보_20260120
2025-11,수원시 권선구,권선1동,서적/문구/학습자재,20대,3600,1,3600,미확인,0.35,1,여,2026-01-20,공공데이터포털_경기도 수원시_지역화폐 결제 정보_20260120
2025-11,수원시 권선구,권선1동,신변잡화,20대,7300,3,2433,미확인,0.35,1,여,2026-01-20,공공데이터포털_경기도 수원시_지역화폐 결제 정보_20260120
2025-11,수원시 권선구,권선1동,약국,20대,100937,29,3481,미확인,0.35,1,여,2026-01-20,공공데이터포털_경기도 수원시_지역화폐 결제 정보_20260120
2025-11,수원시 권선구,권선1동,용역서비스,20대,395837,32,12370,미확인,0.35,1,여,2026-01-20,공공데이터포털_경기도 수원시_지역화폐 결제 정보_20260120
2025-11,수원시 권선구,권선1동,음료/식품,20대,3879740,285,13613,미확인,0.35,1,여,2026-01-20,공공데이터포털_경기도 수원시_지역화폐 결제 정보_20260120
2025-11,수원시 권선구,권선1동,의류,20대,46270,4,11568,미확인,0.35,1,여,2026-01-20,공공데이터포털_경기도 수원시_지역화폐 결제 정보_20260120
2025-11,수원시 권선구,권선1동,의원,20대,194918,12,16243,미확인,0.35,1,여,2026-01-20,공공데이터포털_경기도 수원시_지역화폐 결제 정보_20260120
2025-11,수원시 권선구,권선1동,일반/휴게 음식,20대,6395285,747,8561,미확인,0.35,1,여,2026-01-20,공공데이터포털_경기도 수원시_지역화폐 결제 정보_20260120
2025-11,수원시 권선구,권선1동,일반유통,20대,2216901,522,4247,미확인,0.35,1,여,2026-01-20,공공데이터포털_경기도 수원시_지역화폐 결제 정보_20260120
2025-11,수원시 권선구,권선1동,자동차 정비/유지,20대,70000,2,35000,미확인,0.35,1,여,2026-01-20,공공데이터포털_경기도 수원시_지역화폐 결제 정보_20260120
2025-11,수원시 권선구,권선1동,전자제품,20대,43257,20,2163,미확인,0.35,1,여,2026-01-20,공공데이터포털_경기도 수원시_지역화폐 결제 정보_20260120
2025-11,수원시 권선구,권선1동,주유/충전소,20대,11000,1,11000,미확인,0.35,1,여,2026-01-20,공공데이터포털_경기도 수원시_지역화폐 결제 정보_20260120
2025-11,수원시 권선구,권선1동,학원,20대,225637,8,28205,미확인,0.35,1,여,2026-01-20,공공데이터포털_경기도 수원시_지역화폐 결제 정보_20260120
2025-11,수원시 권선구,권선1동,가구,30대,2259299,55,41078,미확인,0.35,1,여,2026-01-20,공공데이터포털_경기도 수원시_지역화폐 결제 정보_20260120
2025-11,수원시 권선구,권선1동,기타유통,30대,8500,1,8500,미확인,0.35,1,여,2026-01-20,공공데이터포털_경기도 수원시_지역화폐 결제 정보_20260120
2025-11,수원시 권선구,권선1동,기타의료,30대,579338,23,25189,미확인,0.35,1,여,2026-01-20,공공데이터포털_경기도 수원시_지역화폐 결제 정보_20260120
2025-11,수원시 권선구,권선1동,레저/스포츠 서비스,30대,388686,38,10229,미확인,0.35,1,여,2026-01-20,공공데이터포털_경기도 수원시_지역화폐 결제 정보_20260120
2025-11,수원시 권선구,권선1동,문화/취미,30대,416123,42,9908,미확인,0.35,1,여,2026-01-20,공공데이터포털_경기도 수원시_지역화폐 결제 정보_20260120
2025-11,수원시 권선구,권선1동,미분류,30대,392285,50,7846,미확인,0.35,1,여,2026-01-20,공공데이터포털_경기도 수원시_지역화폐 결제 정보_20260120
2025-11,수원시 권선구,권선1동,미용/위생,30대,1930814,79,24441,미확인,0.35,1,여,2026-01-20,공공데이터포털_경기도 수원시_지역화폐 결제 정보_20260120
2025-11,수원시 권선구,권선1동,서적/문구/학습자재,30대,25084,5,5017,미확인,0.35,1,여,2026-01-20,공공데이터포털_경기도 수원시_지역화폐 결제 정보_20260120
2025-11,수원시 권선구,권선1동,숙박업,30대,170000,2,85000,미확인,0.35,1,여,2026-01-20,공공데이터포털_경기도 수원시_지역화폐 결제 정보_20260120
2025-11,수원시 권선구,권선1동,약국,30대,272820,76,3590,미확인,0.35,1,여,2026-01-20,공공데이터포털_경기도 수원시_지역화폐 결제 정보_20260120
2025-11,수원시 권선구,권선1동,용역서비스,30대,1191857,51,23370,미확인,0.35,1,여,2026-01-20,공공데이터포털_경기도 수원시_지역화폐 결제 정보_20260120
2025-11,수원시 권선구,권선1동,음료/식품,30대,7043109,1006,7001,미확인,0.35,1,여,2026-01-20,공공데이터포털_경기도 수원시_지역화폐 결제 정보_20260120
2025-11,수원시 권선구,권선1동,의류,30대,277962,17,16351,미확인,0.35,1,여,2026-01-20,공공데이터포털_경기도 수원시_지역화폐 결제 정보_20260120
2025-11,수원시 권선구,권선1동,의원,30대,789139,48,16440,미확인,0.35,1,여,2026-01-20,공공데이터포털_경기도 수원시_지역화폐 결제 정보_20260120
2025-11,수원시 권선구,권선1동,일반/휴게 음식,30대,9588269,2086,4596,미확인,0.35,1,여,2026-01-20,공공데이터포털_경기도 수원시_지역화폐 결제 정보_20260120
2025-11,수원시 권선구,권선1동,일반유통,30대,1718728,840,2046,미확인,0.35,1,여,2026-01-20,공공데이터포털_경기도 수원시_지역화폐 결제 정보_20260120
2025-11,수원시 권선구,권선1동,자동차 정비/유지,30대,499412,6,83235,미확인,0.35,1,여,2026-01-20,공공데이터포털_경기도 수원시_지역화폐 결제 정보_20260120
2025-11,수원시 권선구,권선1동,전자상거래,30대,171810,3,57270,미확인,0.35,1,여,2026-01-20,공공데이터포털_경기도 수원시_지역화폐 결제 정보_20260120
2025-11,수원시 권선구,권선1동,전자제품,30대,22468,11,2043,미확인,0.35,1,여,2026-01-20,공공데이터포털_경기도 수원시_지역화폐 결제 정보_20260120
2025-11,수원시 권선구,권선1동,주방용품,30대,668,1,668,미확인,0.35,1,여,2026-01-20,공공데이터포털_경기도 수원시_지역화폐 결제 정보_20260120
2025-11,수원시 권선구,권선1동,주유/충전소,30대,269844,23,11732,미확인,0.35,1,여,2026-01-20,공공데이터포털_경기도 수원시_지역화폐 결제 정보_20260120
2025-11,수원시 권선구,권선1동,직물/침구류,30대,18430,1,18430,미확인,0.35,1,여,2026-01-20,공공데이터포털_경기도 수원시_지역화폐 결제 정보_20260120
2025-11,수원시 권선구,권선1동,학원,30대,592320,17,34842,미확인,0.35,1,여,2026-01-20,공공데이터포털_경기도 수원시_지역화폐 결제 정보_20260120
2025-11,수원시 권선구,권선1동,가구,40대,1040608,27,38541,미확인,0.35,1,여,2026-01-20,공공데이터포털_경기도 수원시_지역화폐 결제 정보_20260120
2025-11,수원시 권선구,권선1동,기타유통,40대,1819,1,1819,미확인,0.35,1,여,2026-01-20,공공데이터포털_경기도 수원시_지역화폐 결제 정보_20260120
2025-11,수원시 권선구,권선1동,기타의료,40대,40685,4,10171,미확인,0.35,1,여,2026-01-20,공공데이터포털_경기도 수원시_지역화폐 결제 정보_20260120
2025-11,수원시 권선구,권선1동,레저/문화 용품,40대,37419,3,12473,미확인,0.35,1,여,2026-01-20,공공데이터포털_경기도 수원시_지역화폐 결제 정보_20260120
2025-11,수원시 권선구,권선1동,레저/스포츠 서비스,40대,833882,50,16678,미확인,0.35,1,여,2026-01-20,공공데이터포털_경기도 수원시_지역화폐 결제 정보_20260120
2025-11,수원시 권선구,권선1동,문화/취미,40대,212767,22,9671,미확인,0.35,1,여,2026-01-20,공공데이터포털_경기도 수원시_지역화폐 결제 정보_20260120
2025-11,수원시 권선구,권선1동,미분류,40대,578631,113,5121,미확인,0.35,1,여,2026-01-20,공공데이터포털_경기도 수원시_지역화폐 결제 정보_20260120
2025-11,수원시 권선구,권선1동,미용/위생,40대,951833,92,10346,미확인,0.35,1,여,2026-01-20,공공데이터포털_경기도 수원시_지역화폐 결제 정보_20260120
2025-11,수원시 권선구,권선1동,서적/문구/학습자재,40대,56733,8,7092,미확인,0.35,1,여,2026-01-20,공공데이터포털_경기도 수원시_지역화폐 결제 정보_20260120
2025-11,수원시 권선구,권선1동,약국,40대,347733,147,2366,미확인,0.35,1,여,2026-01-20,공공데이터포털_경기도 수원시_지역화폐 결제 정보_20260120
2025-11,수원시 권선구,권선1동,용역서비스,40대,445818,29,15373,미확인,0.35,1,여,2026-01-20,공공데이터포털_경기도 수원시_지역화폐 결제 정보_20260120
2025-11,수원시 권선구,권선1동,음료/식품,40대,7957730,1229,6475,미확인,0.35,1,여,2026-01-20,공공데이터포털_경기도 수원시_지역화폐 결제 정보_20260120
2025-11,수원시 권선구,권선1동,의류,40대,156912,27,5812,미확인,0.35,1,여,2026-01-20,공공데이터포털_경기도 수원시_지역화폐 결제 정보_20260120
2025-11,수원시 권선구,권선1동,의원,40대,801911,119,6739,미확인,0.35,1,여,2026-01-20,공공데이터포털_경기도 수원시_지역화폐 결제 정보_20260120
2025-11,수원시 권선구,권선1동,일반/휴게 음식,40대,9697889,1977,4905,미확인,0.35,1,여,2026-01-20,공공데이터포털_경기도 수원시_지역화폐 결제 정보_20260120
2025-11,수원시 권선구,권선1동,일반유통,40대,1518226,568,2673,미확인,0.35,1,여,2026-01-20,공공데이터포털_경기도 수원시_지역화폐 결제 정보_20260120
2025-11,수원시 권선구,권선1동,자동차 정비/유지,40대,212527,7,30361,미확인,0.35,1,여,2026-01-20,공공데이터포털_경기도 수원시_지역화폐 결제 정보_20260120
2025-11,수원시 권선구,권선1동,전자상거래,40대,477400,1,477400,미확인,0.35,1,여,2026-01-20,공공데이터포털_경기도 수원시_지역화폐 결제 정보_20260120
2025-11,수원시 권선구,권선1동,전자제품,40대,9011,3,3004,미확인,0.35,1,여,2026-01-20,공공데이터포털_경기도 수원시_지역화폐 결제 정보_20260120
2025-11,수원시 권선구,권선1동,주방용품,40대,2059,1,2059,미확인,0.35,1,여,2026-01-20,공공데이터포털_경기도 수원시_지역화폐 결제 정보_20260120
2025-11,수원시 권선구,권선1동,주유/충전소,40대,117197,11,10654,미확인,0.35,1,여,2026-01-20,공공데이터포털_경기도 수원시_지역화폐 결제 정보_20260120
2025-11,수원시 권선구,권선1동,학원,40대,4725244,141,33512,미확인,0.35,1,여,2026-01-20,공공데이터포털_경기도 수원시_지역화폐 결제 정보_20260120
2025-11,수원시 권선구,권선1동,가구,50대,888886,22,40404,미확인,0.35,1,여,2026-01-20,공공데이터포털_경기도 수원시_지역화폐 결제 정보_20260120
2025-11,수원시 권선구,권선1동,건축자재,50대,8467,6,1411,미확인,0.35,1,여,2026-01-20,공공데이터포털_경기도 수원시_지역화폐 결제 정보_20260120
2025-11,수원시 권선구,권선1동,기타유통,50대,28907,4,7227,미확인,0.35,1,여,2026-01-20,공공데이터포털_경기도 수원시_지역화폐 결제 정보_20260120
2025-11,수원시 권선구,권선1동,기타의료,50대,132552,4,33138,미확인,0.35,1,여,2026-01-20,공공데이터포털_경기도 수원시_지역화폐 결제 정보_20260120
2025-11,수원시 권선구,권선1동,레저/문화 용품,50대,45455,1,45455,미확인,0.35,1,여,2026-01-20,공공데이터포털_경기도 수원시_지역화폐 결제 정보_20260120
2025-11,수원시 권선구,권선1동,레저/스포츠 서비스,50대,147635,29,5091,미확인,0.35,1,여,2026-01-20,공공데이터포털_경기도 수원시_지역화폐 결제 정보_20260120
2025-11,수원시 권선구,권선1동,문화/취미,50대,214611,22,9755,미확인,0.35,1,여,2026-01-20,공공데이터포털_경기도 수원시_지역화폐 결제 정보_20260120
2025-11,수원시 권선구,권선1동,미분류,50대,1773876,329,5392,미확인,0.35,1,여,2026-01-20,공공데이터포털_경기도 수원시_지역화폐 결제 정보_20260120
2025-11,수원시 권선구,권선1동,미용/위생,50대,1179290,97,12158,미확인,0.35,1,여,2026-01-20,공공데이터포털_경기도 수원시_지역화폐 결제 정보_20260120
2025-11,수원시 권선구,권선1동,서적/문구/학습자재,50대,5092,5,1018,미확인,0.35,1,여,2026-01-20,공공데이터포털_경기도 수원시_지역화폐 결제 정보_20260120
2025-11,수원시 권선구,권선1동,약국,50대,358872,126,2848,미확인,0.35,1,여,2026-01-20,공공데이터포털_경기도 수원시_지역화폐 결제 정보_20260120
2025-11,수원시 권선구,권선1동,용역서비스,50대,81693,15,5446,미확인,0.35,1,여,2026-01-20,공공데이터포털_경기도 수원시_지역화폐 결제 정보_20260120
2025-11,수원시 권선구,권선1동,음료/식품,50대,10809799,1617,6685,미확인,0.35,1,여,2026-01-20,공공데이터포털_경기도 수원시_지역화폐 결제 정보_20260120
2025-11,수원시 권선구,권선1동,의류,50대,72200,22,3282,미확인,0.35,1,여,2026-01-20,공공데이터포털_경기도 수원시_지역화폐 결제 정보_20260120
2025-11,수원시 권선구,권선1동,의원,50대,586468,91,6445,미확인,0.35,1,여,2026-01-20,공공데이터포털_경기도 수원시_지역화폐 결제 정보_20260120
2025-11,수원시 권선구,권선1동,일반/휴게 음식,50대,7386733,1574,4693,미확인,0.35,1,여,2026-01-20,공공데이터포털_경기도 수원시_지역화폐 결제 정보_20260120
2025-11,수원시 권선구,권선1동,일반유통,50대,1220586,524,2329,미확인,0.35,1,여,2026-01-20,공공데이터포털_경기도 수원시_지역화폐 결제 정보_20260120
2025-11,수원시 권선구,권선1동,자동차 정비/유지,50대,164971,9,18330,미확인,0.35,1,여,2026-01-20,공공데이터포털_경기도 수원시_지역화폐 결제 정보_20260120
2025-11,수원시 권선구,권선1동,전자상거래,50대,72500,2,36250,미확인,0.35,1,여,2026-01-20,공공데이터포털_경기도 수원시_지역화폐 결제 정보_20260120
2025-11,수원시 권선구,권선1동,전자제품,50대,36754,4,9188,미확인,0.35,1,여,2026-01-20,공공데이터포털_경기도 수원시_지역화폐 결제 정보_20260120
2025-11,수원시 권선구,권선1동,주방용품,50대,2563,2,1282,미확인,0.35,1,여,2026-01-20,공공데이터포털_경기도 수원시_지역화폐 결제 정보_20260120
2025-11,수원시 권선구,권선1동,주유/충전소,50대,150024,6,25004,미확인,0.35,1,여,2026-01-20,공공데이터포털_경기도 수원시_지역화폐 결제 정보_20260120
2025-11,수원시 권선구,권선1동,직물/침구류,50대,5000,1,5000,미확인,0.35,1,여,2026-01-20,공공데이터포털_경기도 수원시_지역화폐 결제 정보_20260120
2025-11,수원시 권선구,권선1동,학원,50대,1104392,35,31554,미확인,0.35,1,여,2026-01-20,공공데이터포털_경기도 수원시_지역화폐 결제 정보_20260120
2025-11,수원시 권선구,권선1동,가구,60대 이상,1067391,26,41054,미확인,0.35,1,여,2026-01-20,공공데이터포털_경기도 수원시_지역화폐 결제 정보_20260120
2025-11,수원시 권선구,권선1동,건축자재,60대 이상,17896,6,2983,미확인,0.35,1,여,2026-01-20,공공데이터포털_경기도 수원시_지역화폐 결제 정보_20260120
2025-11,수원시 권선구,권선1동,기타유통,60대 이상,125243,12,10437,미확인,0.35,1,여,2026-01-20,공공데이터포털_경기도 수원시_지역화폐 결제 정보_20260120
2025-11,수원시 권선구,권선1동,기타의료,60대 이상,50231,4,12558,미확인,0.35,1,여,2026-01-20,공공데이터포털_경기도 수원시_지역화폐 결제 정보_20260120
2025-11,수원시 권선구,권선1동,레저/스포츠 서비스,60대 이상,30472,11,2770,미확인,0.35,1,여,2026-01-20,공공데이터포털_경기도 수원시_지역화폐 결제 정보_20260120
2025-11,수원시 권선구,권선1동,문화/취미,60대 이상,283999,23,12348,미확인,0.35,1,여,2026-01-20,공공데이터포털_경기도 수원시_지역화폐 결제 정보_20260120
2025-11,수원시 권선구,권선1동,미분류,60대 이상,1817897,378,4809,미확인,0.35,1,여,2026-01-20,공공데이터포털_경기도 수원시_지역화폐 결제 정보_20260120
2025-11,수원시 권선구,권선1동,미용/위생,60대 이상,801654,72,11134,미확인,0.35,1,여,2026-01-20,공공데이터포털_경기도 수원시_지역화폐 결제 정보_20260120
2025-11,수원시 권선구,권선1동,서적/문구/학습자재,60대 이상,902,1,902,미확인,0.35,1,여,2026-01-20,공공데이터포털_경기도 수원시_지역화폐 결제 정보_20260120
2025-11,수원시 권선구,권선1동,약국,60대 이상,127238,81,1571,미확인,0.35,1,여,2026-01-20,공공데이터포털_경기도 수원시_지역화폐 결제 정보_20260120
2025-11,수원시 권선구,권선1동,용역서비스,60대 이상,87384,14,6242,미확인,0.35,1,여,2026-01-20,공공데이터포털_경기도 수원시_지역화폐 결제 정보_20260120
2025-11,수원시 권선구,권선1동,음료/식품,60대 이상,12650874,1973,6412,미확인,0.35,1,여,2026-01-20,공공데이터포털_경기도 수원시_지역화폐 결제 정보_20260120
2025-11,수원시 권선구,권선1동,의류,60대 이상,214291,35,6123,미확인,0.35,1,여,2026-01-20,공공데이터포털_경기도 수원시_지역화폐 결제 정보_20260120
2025-11,수원시 권선구,권선1동,의원,60대 이상,637159,123,5180,미확인,0.35,1,여,2026-01-20,공공데이터포털_경기도 수원시_지역화폐 결제 정보_20260120
2025-11,수원시 권선구,권선1동,일반/휴게 음식,60대 이상,4804231,901,5332,미확인,0.35,1,여,2026-01-20,공공데이터포털_경기도 수원시_지역화폐 결제 정보_20260120
2025-11,수원시 권선구,권선1동,일반유통,60대 이상,1051191,316,3327,미확인,0.35,1,여,2026-01-20,공공데이터포털_경기도 수원시_지역화폐 결제 정보_20260120
2025-11,수원시 권선구,권선1동,자동차 정비/유지,60대 이상,182738,6,30456,미확인,0.35,1,여,2026-01-20,공공데이터포털_경기도 수원시_지역화폐 결제 정보_20260120
2025-11,수원시 권선구,권선1동,주방용품,60대 이상,17626,4,4406,미확인,0.35,1,여,2026-01-20,공공데이터포털_경기도 수원시_지역화폐 결제 정보_20260120
2025-11,수원시 권선구,권선1동,주유/충전소,60대 이상,57187,7,8170,미확인,0.35,1,여,2026-01-20,공공데이터포털_경기도 수원시_지역화폐 결제 정보_20260120
2025-11,수원시 권선구,권선1동,직물/침구류,60대 이상,74535,3,24845,미확인,0.35,1,여,2026-01-20,공공데이터포털_경기도 수원시_지역화폐 결제 정보_20260120
2025-11,수원시 권선구,권선1동,학원,60대 이상,438747,13,33750,미확인,0.35,1,여,2026-01-20,공공데이터포털_경기도 수원시_지역화폐 결제 정보_20260120
2025-11,수원시 권선구,권선1동,회원정보미상,60대 이상,669280,31,21590,미확인,0.35,1,여,2026-01-20,공공데이터포털_경기도 수원시_지역화폐 결제 정보_20260120
2025-11,수원시 권선구,권선1동,회원정보미상,60대 이상,669280,31,21590,미확인,0.35,1,여,2026-01-20,공공데이터포털_경기도 수원시_지역화폐 결제 정보_20260120
2025-11,수원시 권선구,권선1동,가구,60대 이상,100000,1,100000,미확인,0.35,1,여,2026-01-20,공공데이터포털_경기도 수원시_지역화폐 결제 정보_20260120
2025-11,수원시 권선구,권선1동,기타유통,60대 이상,10000,1,10000,미확인,0.35,1,여,2026-01-20,공공데이터포털_경기도 수원시_지역화폐 결제 정보_20260120
2025-11,수원시 권선구,권선1동,음료/식품,60대 이상,428280,20,21414,미확인,0.35,1,여,2026-01-20,공공데이터포털_경기도 수원시_지역화폐 결제 정보_20260120
2025-11,수원시 권선구,권선1동,일반/휴게 음식,60대 이상,103300,6,17217,미확인,0.35,1,여,2026-01-20,공공데이터포털_경기도 수원시_지역화폐 결제 정보_20260120
2025-11,수원시 권선구,권선1동,일반유통,60대 이상,27700,3,9233,미확인,0.35,1,여,2026-01-20,공공데이터포털_경기도 수원시_지역화폐 결제 정보_20260120
2025-11,수원시 권선구,권선2동,레저/스포츠 서비스,10대,16300,6,2717,미확인,0.35,1,남,2026-01-20,공공데이터포털_경기도 수원시_지역화폐 결제 정보_20260120
2025-11,수원시 권선구,권선2동,미용/위생,10대,83855,13,6450,미확인,0.35,1,남,2026-01-20,공공데이터포털_경기도 수원시_지역화폐 결제 정보_20260120
2025-11,수원시 권선구,권선2동,서적/문구/학습자재,10대,3498,9,389,미확인,0.35,1,남,2026-01-20,공공데이터포털_경기도 수원시_지역화폐 결제 정보_20260120
2025-11,수원시 권선구,권선2동,신변잡화,10대,1162,1,1162,미확인,0.35,1,남,2026-01-20,공공데이터포털_경기도 수원시_지역화폐 결제 정보_20260120
2025-11,수원시 권선구,권선2동,약국,10대,2479,1,2479,미확인,0.35,1,남,2026-01-20,공공데이터포털_경기도 수원시_지역화폐 결제 정보_20260120
2025-11,수원시 권선구,권선2동,용역서비스,10대,34809,4,8702,미확인,0.35,1,남,2026-01-20,공공데이터포털_경기도 수원시_지역화폐 결제 정보_20260120
2025-11,수원시 권선구,권선2동,음료/식품,10대,78600,43,1828,미확인,0.35,1,남,2026-01-20,공공데이터포털_경기도 수원시_지역화폐 결제 정보_20260120
2025-11,수원시 권선구,권선2동,의원,10대,3016,1,3016,미확인,0.35,1,남,2026-01-20,공공데이터포털_경기도 수원시_지역화폐 결제 정보_20260120
2025-11,수원시 권선구,권선2동,일반/휴게 음식,10대,301936,55,5490,미확인,0.35,1,남,2026-01-20,공공데이터포털_경기도 수원시_지역화폐 결제 정보_20260120
2025-11,수원시 권선구,권선2동,일반유통,10대,133813,63,2124,미확인,0.35,1,남,2026-01-20,공공데이터포털_경기도 수원시_지역화폐 결제 정보_20260120
2025-11,수원시 권선구,권선2동,학원,10대,772988,24,32208,미확인,0.35,1,남,2026-01-20,공공데이터포털_경기도 수원시_지역화폐 결제 정보_20260120
2025-11,수원시 권선구,권선2동,가구,20대,16656,2,8328,미확인,0.35,1,남,2026-01-20,공공데이터포털_경기도 수원시_지역화폐 결제 정보_20260120
2025-11,수원시 권선구,권선2동,기타의료,20대,575426,7,82204,미확인,0.35,1,남,2026-01-20,공공데이터포털_경기도 수원시_지역화폐 결제 정보_20260120
2025-11,수원시 권선구,권선2동,레저/문화 용품,20대,724,1,724,미확인,0.35,1,남,2026-01-20,공공데이터포털_경기도 수원시_지역화폐 결제 정보_20260120
2025-11,수원시 권선구,권선2동,레저/스포츠 서비스,20대,312675,107,2922,미확인,0.35,1,남,2026-01-20,공공데이터포털_경기도 수원시_지역화폐 결제 정보_20260120
2025-11,수원시 권선구,권선2동,문화/취미,20대,56975,5,11395,미확인,0.35,1,남,2026-01-20,공공데이터포털_경기도 수원시_지역화폐 결제 정보_20260120
2025-11,수원시 권선구,권선2동,미용/위생,20대,1096133,60,18269,미확인,0.35,1,남,2026-01-20,공공데이터포털_경기도 수원시_지역화폐 결제 정보_20260120
2025-11,수원시 권선구,권선2동,병원,20대,4465,2,2232,미확인,0.35,1,남,2026-01-20,공공데이터포털_경기도 수원시_지역화폐 결제 정보_20260120
2025-11,수원시 권선구,권선2동,서적/문구/학습자재,20대,23300,6,3883,미확인,0.35,1,남,2026-01-20,공공데이터포털_경기도 수원시_지역화폐 결제 정보_20260120
2025-11,수원시 권선구,권선2동,신변잡화,20대,2000,1,2000,미확인,0.35,1,남,2026-01-20,공공데이터포털_경기도 수원시_지역화폐 결제 정보_20260120
2025-11,수원시 권선구,권선2동,약국,20대,99750,26,3837,미확인,0.35,1,남,2026-01-20,공공데이터포털_경기도 수원시_지역화폐 결제 정보_20260120
2025-11,수원시 권선구,권선2동,용역서비스,20대,427716,18,23762,미확인,0.35,1,남,2026-01-20,공공데이터포털_경기도 수원시_지역화폐 결제 정보_20260120
2025-11,수원시 권선구,권선2동,음료/식품,20대,1513629,178,8504,미확인,0.35,1,남,2026-01-20,공공데이터포털_경기도 수원시_지역화폐 결제 정보_20260120
2025-11,수원시 권선구,권선2동,의류,20대,316758,4,79190,미확인,0.35,1,남,2026-01-20,공공데이터포털_경기도 수원시_지역화폐 결제 정보_20260120
2025-11,수원시 권선구,권선2동,의원,20대,568300,41,13861,미확인,0.35,1,남,2026-01-20,공공데이터포털_경기도 수원시_지역화폐 결제 정보_20260120
2025-11,수원시 권선구,권선2동,일반/휴게 음식,20대,5240884,561,9342,미확인,0.35,1,남,2026-01-20,공공데이터포털_경기도 수원시_지역화폐 결제 정보_20260120
2025-11,수원시 권선구,권선2동,일반유통,20대,1576086,353,4465,미확인,0.35,1,남,2026-01-20,공공데이터포털_경기도 수원시_지역화폐 결제 정보_20260120
2025-11,수원시 권선구,권선2동,자동차판매,20대,50000,2,25000,미확인,0.35,1,남,2026-01-20,공공데이터포털_경기도 수원시_지역화폐 결제 정보_20260120
2025-11,수원시 권선구,권선2동,주방용품,20대,933,1,933,미확인,0.35,1,남,2026-01-20,공공데이터포털_경기도 수원시_지역화폐 결제 정보_20260120
2025-11,수원시 권선구,권선2동,주유/충전소,20대,38152,5,7630,미확인,0.35,1,남,2026-01-20,공공데이터포털_경기도 수원시_지역화폐 결제 정보_20260120
2025-11,수원시 권선구,권선2동,학원,20대,787916,14,56280,미확인,0.35,1,남,2026-01-20,공공데이터포털_경기도 수원시_지역화폐 결제 정보_20260120
2025-11,수원시 권선구,권선2동,건축자재,30대,14701,1,14701,미확인,0.35,1,남,2026-01-20,공공데이터포털_경기도 수원시_지역화폐 결제 정보_20260120
2025-11,수원시 권선구,권선2동,기타의료,30대,102015,13,7847,미확인,0.35,1,남,2026-01-20,공공데이터포털_경기도 수원시_지역화폐 결제 정보_20260120
2025-11,수원시 권선구,권선2동,레저/문화 용품,30대,75928,2,37964,미확인,0.35,1,남,2026-01-20,공공데이터포털_경기도 수원시_지역화폐 결제 정보_20260120
2025-11,수원시 권선구,권선2동,레저/스포츠 서비스,30대,349675,50,6994,미확인,0.35,1,남,2026-01-20,공공데이터포털_경기도 수원시_지역화폐 결제 정보_20260120
2025-11,수원시 권선구,권선2동,문화/취미,30대,192540,12,16045,미확인,0.35,1,남,2026-01-20,공공데이터포털_경기도 수원시_지역화폐 결제 정보_20260120
2025-11,수원시 권선구,권선2동,미용/위생,30대,645268,107,6031,미확인,0.35,1,남,2026-01-20,공공데이터포털_경기도 수원시_지역화폐 결제 정보_20260120
2025-11,수원시 권선구,권선2동,병원,30대,9005,5,1801,미확인,0.35,1,남,2026-01-20,공공데이터포털_경기도 수원시_지역화폐 결제 정보_20260120
2025-11,수원시 권선구,권선2동,서적/문구/학습자재,30대,22292,11,2027,미확인,0.35,1,남,2026-01-20,공공데이터포털_경기도 수원시_지역화폐 결제 정보_20260120
2025-11,수원시 권선구,권선2동,약국,30대,363923,108,3370,미확인,0.35,1,남,2026-01-20,공공데이터포털_경기도 수원시_지역화폐 결제 정보_20260120
2025-11,수원시 권선구,권선2동,용역서비스,30대,276950,45,6154,미확인,0.35,1,남,2026-01-20,공공데이터포털_경기도 수원시_지역화폐 결제 정보_20260120
2025-11,수원시 권선구,권선2동,음료/식품,30대,1551141,374,4147,미확인,0.35,1,남,2026-01-20,공공데이터포털_경기도 수원시_지역화폐 결제 정보_20260120
2025-11,수원시 권선구,권선2동,의류,30대,8098002,147,55088,미확인,0.35,1,남,2026-01-20,공공데이터포털_경기도 수원시_지역화폐 결제 정보_20260120
2025-11,수원시 권선구,권선2동,의원,30대,1600988,109,14688,미확인,0.35,1,남,2026-01-20,공공데이터포털_경기도 수원시_지역화폐 결제 정보_20260120
2025-11,수원시 권선구,권선2동,일반/휴게 음식,30대,5676891,1414,4015,미확인,0.35,1,남,2026-01-20,공공데이터포털_경기도 수원시_지역화폐 결제 정보_20260120
2025-11,수원시 권선구,권선2동,일반유통,30대,1746174,749,2331,미확인,0.35,1,남,2026-01-20,공공데이터포털_경기도 수원시_지역화폐 결제 정보_20260120
2025-11,수원시 권선구,권선2동,자동차 정비/유지,30대,63863,5,12773,미확인,0.35,1,남,2026-01-20,공공데이터포털_경기도 수원시_지역화폐 결제 정보_20260120
2025-11,수원시 권선구,권선2동,자동차판매,30대,253357,3,84452,미확인,0.35,1,남,2026-01-20,공공데이터포털_경기도 수원시_지역화폐 결제 정보_20260120
2025-11,수원시 권선구,권선2동,주방용품,30대,3500,1,3500,미확인,0.35,1,남,2026-01-20,공공데이터포털_경기도 수원시_지역화폐 결제 정보_20260120
2025-11,수원시 권선구,권선2동,주유/충전소,30대,18245,3,6082,미확인,0.35,1,남,2026-01-20,공공데이터포털_경기도 수원시_지역화폐 결제 정보_20260120
2025-11,수원시 권선구,권선2동,학원,30대,1292141,44,29367,미확인,0.35,1,남,2026-01-20,공공데이터포털_경기도 수원시_지역화폐 결제 정보_20260120
2025-11,수원시 권선구,권선2동,가구,40대,7850,2,3925,미확인,0.35,1,남,2026-01-20,공공데이터포털_경기도 수원시_지역화폐 결제 정보_20260120
2025-11,수원시 권선구,권선2동,기타의료,40대,167667,25,6707,미확인,0.35,1,남,2026-01-20,공공데이터포털_경기도 수원시_지역화폐 결제 정보_20260120
2025-11,수원시 권선구,권선2동,레저/스포츠 서비스,40대,438143,53,8267,미확인,0.35,1,남,2026-01-20,공공데이터포털_경기도 수원시_지역화폐 결제 정보_20260120
2025-11,수원시 권선구,권선2동,문화/취미,40대,209304,17,12312,미확인,0.35,1,남,2026-01-20,공공데이터포털_경기도 수원시_지역화폐 결제 정보_20260120
2025-11,수원시 권선구,권선2동,미용/위생,40대,2010688,250,8043,미확인,0.35,1,남,2026-01-20,공공데이터포털_경기도 수원시_지역화폐 결제 정보_20260120
2025-11,수원시 권선구,권선2동,병원,40대,18299,5,3660,미확인,0.35,1,남,2026-01-20,공공데이터포털_경기도 수원시_지역화폐 결제 정보_20260120
2025-11,수원시 권선구,권선2동,서적/문구/학습자재,40대,39034,36,1084,미확인,0.35,1,남,2026-01-20,공공데이터포털_경기도 수원시_지역화폐 결제 정보_20260120
2025-11,수원시 권선구,권선2동,신변잡화,40대,1406,1,1406,미확인,0.35,1,남,2026-01-20,공공데이터포털_경기도 수원시_지역화폐 결제 정보_20260120
2025-11,수원시 권선구,권선2동,약국,40대,561063,228,2461,미확인,0.35,1,남,2026-01-20,공공데이터포털_경기도 수원시_지역화폐 결제 정보_20260120
2025-11,수원시 권선구,권선2동,용역서비스,40대,327404,69,4745,미확인,0.35,1,남,2026-01-20,공공데이터포털_경기도 수원시_지역화폐 결제 정보_20260120
2025-11,수원시 권선구,권선2동,음료/식품,40대,2933153,778,3770,미확인,0.35,1,남,2026-01-20,공공데이터포털_경기도 수원시_지역화폐 결제 정보_20260120
2025-11,수원시 권선구,권선2동,의류,40대,1902984,25,76119,미확인,0.35,1,남,2026-01-20,공공데이터포털_경기도 수원시_지역화폐 결제 정보_20260120
2025-11,수원시 권선구,권선2동,의원,40대,1732637,259,6690,미확인,0.35,1,남,2026-01-20,공공데이터포털_경기도 수원시_지역화폐 결제 정보_20260120
2025-11,수원시 권선구,권선2동,일반/휴게 음식,40대,8857375,2056,4308,미확인,0.35,1,남,2026-01-20,공공데이터포털_경기도 수원시_지역화폐 결제 정보_20260120
2025-11,수원시 권선구,권선2동,일반유통,40대,2940657,1189,2473,미확인,0.35,1,남,2026-01-20,공공데이터포털_경기도 수원시_지역화폐 결제 정보_20260120
2025-11,수원시 권선구,권선2동,자동차 정비/유지,40대,110820,7,15831,미확인,0.35,1,남,2026-01-20,공공데이터포털_경기도 수원시_지역화폐 결제 정보_20260120
2025-11,수원시 권선구,권선2동,자동차판매,40대,16534,1,16534,미확인,0.35,1,남,2026-01-20,공공데이터포털_경기도 수원시_지역화폐 결제 정보_20260120
2025-11,수원시 권선구,권선2동,주방용품,40대,171922,9,19102,미확인,0.35,1,남,2026-01-20,공공데이터포털_경기도 수원시_지역화폐 결제 정보_20260120
2025-11,수원시 권선구,권선2동,주유/충전소,40대,22263,4,5566,미확인,0.35,1,남,2026-01-20,공공데이터포털_경기도 수원시_지역화폐 결제 정보_20260120
2025-11,수원시 권선구,권선2동,학원,40대,17181265,483,35572,미확인,0.35,1,남,2026-01-20,공공데이터포털_경기도 수원시_지역화폐 결제 정보_20260120
2025-11,수원시 권선구,권선2동,가구,50대,4684,4,1171,미확인,0.35,1,남,2026-01-20,공공데이터포털_경기도 수원시_지역화폐 결제 정보_20260120
2025-11,수원시 권선구,권선2동,기타의료,50대,123112,17,7242,미확인,0.35,1,남,2026-01-20,공공데이터포털_경기도 수원시_지역화폐 결제 정보_20260120
2025-11,수원시 권선구,권선2동,레저/문화 용품,50대,11777,4,2944,미확인,0.35,1,남,2026-01-20,공공데이터포털_경기도 수원시_지역화폐 결제 정보_20260120
2025-11,수원시 권선구,권선2동,레저/스포츠 서비스,50대,360567,53,6803,미확인,0.35,1,남,2026-01-20,공공데이터포털_경기도 수원시_지역화폐 결제 정보_20260120
2025-11,수원시 권선구,권선2동,문화/취미,50대,53371,5,10674,미확인,0.35,1,남,2026-01-20,공공데이터포털_경기도 수원시_지역화폐 결제 정보_20260120
2025-11,수원시 권선구,권선2동,미용/위생,50대,1335210,176,7586,미확인,0.35,1,남,2026-01-20,공공데이터포털_경기도 수원시_지역화폐 결제 정보_20260120
2025-11,수원시 권선구,권선2동,병원,50대,7824,4,1956,미확인,0.35,1,남,2026-01-20,공공데이터포털_경기도 수원시_지역화폐 결제 정보_20260120
2025-11,수원시 권선구,권선2동,서적/문구/학습자재,50대,24513,14,1751,미확인,0.35,1,남,2026-01-20,공공데이터포털_경기도 수원시_지역화폐 결제 정보_20260120
2025-11,수원시 권선구,권선2동,신변잡화,50대,14702,3,4901,미확인,0.35,1,남,2026-01-20,공공데이터포털_경기도 수원시_지역화폐 결제 정보_20260120
2025-11,수원시 권선구,권선2동,약국,50대,305412,110,2776,미확인,0.35,1,남,2026-01-20,공공데이터포털_경기도 수원시_지역화폐 결제 정보_20260120
2025-11,수원시 권선구,권선2동,용역서비스,50대,423508,92,4603,미확인,0.35,1,남,2026-01-20,공공데이터포털_경기도 수원시_지역화폐 결제 정보_20260120
2025-11,수원시 권선구,권선2동,음료/식품,50대,2011396,518,3883,미확인,0.35,1,남,2026-01-20,공공데이터포털_경기도 수원시_지역화폐 결제 정보_20260120
2025-11,수원시 권선구,권선2동,의류,50대,65257,4,16314,미확인,0.35,1,남,2026-01-20,공공데이터포털_경기도 수원시_지역화폐 결제 정보_20260120
2025-11,수원시 권선구,권선2동,의원,50대,1098582,132,8323,미확인,0.35,1,남,2026-01-20,공공데이터포털_경기도 수원시_지역화폐 결제 정보_20260120
2025-11,수원시 권선구,권선2동,일반/휴게 음식,50대,7056363,1701,4148,미확인,0.35,1,남,2026-01-20,공공데이터포털_경기도 수원시_지역화폐 결제 정보_20260120
2025-11,수원시 권선구,권선2동,일반유통,50대,2517589,912,2761,미확인,0.35,1,남,2026-01-20,공공데이터포털_경기도 수원시_지역화폐 결제 정보_20260120
2025-11,수원시 권선구,권선2동,자동차 정비/유지,50대,172687,7,24670,미확인,0.35,1,남,2026-01-20,공공데이터포털_경기도 수원시_지역화폐 결제 정보_20260120
2025-11,수원시 권선구,권선2동,자동차판매,50대,17797,6,2966,미확인,0.35,1,남,2026-01-20,공공데이터포털_경기도 수원시_지역화폐 결제 정보_20260120
2025-11,수원시 권선구,권선2동,전자상거래,50대,28260,1,28260,미확인,0.35,1,남,2026-01-20,공공데이터포털_경기도 수원시_지역화폐 결제 정보_20260120
2025-11,수원시 권선구,권선2동,주방용품,50대,8883,3,2961,미확인,0.35,1,남,2026-01-20,공공데이터포털_경기도 수원시_지역화폐 결제 정보_20260120
2025-11,수원시 권선구,권선2동,주유/충전소,50대,36979,9,4109,미확인,0.35,1,남,2026-01-20,공공데이터포털_경기도 수원시_지역화폐 결제 정보_20260120
2025-11,수원시 권선구,권선2동,학원,50대,6018104,175,34389,미확인,0.35,1,남,2026-01-20,공공데이터포털_경기도 수원시_지역화폐 결제 정보_20260120
2025-11,수원시 권선구,권선2동,가구,60대 이상,31580,10,3158,미확인,0.35,1,남,2026-01-20,공공데이터포털_경기도 수원시_지역화폐 결제 정보_20260120
2025-11,수원시 권선구,권선2동,기타유통,60대 이상,181963,5,36393,미확인,0.35,1,남,2026-01-20,공공데이터포털_경기도 수원시_지역화폐 결제 정보_20260120
2025-11,수원시 권선구,권선2동,기타의료,60대 이상,407265,18,22626,미확인,0.35,1,남,2026-01-20,공공데이터포털_경기도 수원시_지역화폐 결제 정보_20260120
2025-11,수원시 권선구,권선2동,레저/스포츠 서비스,60대 이상,103316,49,2108,미확인,0.35,1,남,2026-01-20,공공데이터포털_경기도 수원시_지역화폐 결제 정보_20260120
2025-11,수원시 권선구,권선2동,문화/취미,60대 이상,82254,7,11751,미확인,0.35,1,남,2026-01-20,공공데이터포털_경기도 수원시_지역화폐 결제 정보_20260120
2025-11,수원시 권선구,권선2동,미용/위생,60대 이상,652916,87,7505,미확인,0.35,1,남,2026-01-20,공공데이터포털_경기도 수원시_지역화폐 결제 정보_20260120
2025-11,수원시 권선구,권선2동,병원,60대 이상,2903,2,1452,미확인,0.35,1,남,2026-01-20,공공데이터포털_경기도 수원시_지역화폐 결제 정보_20260120
2025-11,수원시 권선구,권선2동,서적/문구/학습자재,60대 이상,2300,2,1150,미확인,0.35,1,남,2026-01-20,공공데이터포털_경기도 수원시_지역화폐 결제 정보_20260120
2025-11,수원시 권선구,권선2동,약국,60대 이상,524831,158,3322,미확인,0.35,1,남,2026-01-20,공공데이터포털_경기도 수원시_지역화폐 결제 정보_20260120
2025-11,수원시 권선구,권선2동,용역서비스,60대 이상,97895,24,4079,미확인,0.35,1,남,2026-01-20,공공데이터포털_경기도 수원시_지역화폐 결제 정보_20260120
2025-11,수원시 권선구,권선2동,음료/식품,60대 이상,1937099,464,4175,미확인,0.35,1,남,2026-01-20,공공데이터포털_경기도 수원시_지역화폐 결제 정보_20260120
2025-11,수원시 권선구,권선2동,의류,60대 이상,263109,7,37587,미확인,0.35,1,남,2026-01-20,공공데이터포털_경기도 수원시_지역화폐 결제 정보_20260120
2025-11,수원시 권선구,권선2동,의원,60대 이상,861000,150,5740,미확인,0.35,1,남,2026-01-20,공공데이터포털_경기도 수원시_지역화폐 결제 정보_20260120
2025-11,수원시 권선구,권선2동,일반/휴게 음식,60대 이상,4604304,1029,4475,미확인,0.35,1,남,2026-01-20,공공데이터포털_경기도 수원시_지역화폐 결제 정보_20260120
2025-11,수원시 권선구,권선2동,일반유통,60대 이상,1064357,504,2112,미확인,0.35,1,남,2026-01-20,공공데이터포털_경기도 수원시_지역화폐 결제 정보_20260120
2025-11,수원시 권선구,권선2동,자동차 정비/유지,60대 이상,37661,2,18830,미확인,0.35,1,남,2026-01-20,공공데이터포털_경기도 수원시_지역화폐 결제 정보_20260120
2025-11,수원시 권선구,권선2동,자동차판매,60대 이상,8109,2,4054,미확인,0.35,1,남,2026-01-20,공공데이터포털_경기도 수원시_지역화폐 결제 정보_20260120
2025-11,수원시 권선구,권선2동,주방용품,60대 이상,132263,9,14696,미확인,0.35,1,남,2026-01-20,공공데이터포털_경기도 수원시_지역화폐 결제 정보_20260120
2025-11,수원시 권선구,권선2동,주유/충전소,60대 이상,80534,12,6711,미확인,0.35,1,남,2026-01-20,공공데이터포털_경기도 수원시_지역화폐 결제 정보_20260120
2025-11,수원시 권선구,권선2동,직물/침구류,60대 이상,42000,1,42000,미확인,0.35,1,남,2026-01-20,공공데이터포털_경기도 수원시_지역화폐 결제 정보_20260120
2025-11,수원시 권선구,권선2동,학원,60대 이상,416122,13,32009,미확인,0.35,1,남,2026-01-20,공공데이터포털_경기도 수원시_지역화폐 결제 정보_20260120
2025-11,수원시 권선구,권선2동,기타의료,10대,15313,2,7656,미확인,0.35,1,여,2026-01-20,공공데이터포털_경기도 수원시_지역화폐 결제 정보_20260120
2025-11,수원시 권선구,권선2동,레저/스포츠 서비스,10대,7996,5,1599,미확인,0.35,1,여,2026-01-20,공공데이터포털_경기도 수원시_지역화폐 결제 정보_20260120
2025-11,수원시 권선구,권선2동,미용/위생,10대,53932,3,17977,미확인,0.35,1,여,2026-01-20,공공데이터포털_경기도 수원시_지역화폐 결제 정보_20260120
2025-11,수원시 권선구,권선2동,서적/문구/학습자재,10대,27573,3,9191,미확인,0.35,1,여,2026-01-20,공공데이터포털_경기도 수원시_지역화폐 결제 정보_20260120
2025-11,수원시 권선구,권선2동,약국,10대,3187,2,1594,미확인,0.35,1,여,2026-01-20,공공데이터포털_경기도 수원시_지역화폐 결제 정보_20260120
2025-11,수원시 권선구,권선2동,음료/식품,10대,52349,36,1454,미확인,0.35,1,여,2026-01-20,공공데이터포털_경기도 수원시_지역화폐 결제 정보_20260120
2025-11,수원시 권선구,권선2동,의원,10대,103009,5,20602,미확인,0.35,1,여,2026-01-20,공공데이터포털_경기도 수원시_지역화폐 결제 정보_20260120
2025-11,수원시 권선구,권선2동,일반/휴게 음식,10대,355612,74,4806,미확인,0.35,1,여,2026-01-20,공공데이터포털_경기도 수원시_지역화폐 결제 정보_20260120
2025-11,수원시 권선구,권선2동,일반유통,10대,163608,58,2821,미확인,0.35,1,여,2026-01-20,공공데이터포털_경기도 수원시_지역화폐 결제 정보_20260120
2025-11,수원시 권선구,권선2동,주유/충전소,10대,6546,1,6546,미확인,0.35,1,여,2026-01-20,공공데이터포털_경기도 수원시_지역화폐 결제 정보_20260120
2025-11,수원시 권선구,권선2동,학원,10대,479290,14,34235,미확인,0.35,1,여,2026-01-20,공공데이터포털_경기도 수원시_지역화폐 결제 정보_20260120
2025-11,수원시 권선구,권선2동,기타의료,20대,167927,5,33585,미확인,0.35,1,여,2026-01-20,공공데이터포털_경기도 수원시_지역화폐 결제 정보_20260120
2025-11,수원시 권선구,권선2동,레저/문화 용품,20대,11028,1,11028,미확인,0.35,1,여,2026-01-20,공공데이터포털_경기도 수원시_지역화폐 결제 정보_20260120
2025-11,수원시 권선구,권선2동,레저/스포츠 서비스,20대,558742,45,12416,미확인,0.35,1,여,2026-01-20,공공데이터포털_경기도 수원시_지역화폐 결제 정보_20260120
2025-11,수원시 권선구,권선2동,문화/취미,20대,116185,4,29046,미확인,0.35,1,여,2026-01-20,공공데이터포털_경기도 수원시_지역화폐 결제 정보_20260120
2025-11,수원시 권선구,권선2동,미용/위생,20대,1225357,51,24027,미확인,0.35,1,여,2026-01-20,공공데이터포털_경기도 수원시_지역화폐 결제 정보_20260120
2025-11,수원시 권선구,권선2동,서적/문구/학습자재,20대,5973,5,1195,미확인,0.35,1,여,2026-01-20,공공데이터포털_경기도 수원시_지역화폐 결제 정보_20260120
2025-11,수원시 권선구,권선2동,약국,20대,255052,45,5668,미확인,0.35,1,여,2026-01-20,공공데이터포털_경기도 수원시_지역화폐 결제 정보_20260120
2025-11,수원시 권선구,권선2동,용역서비스,20대,599134,31,19327,미확인,0.35,1,여,2026-01-20,공공데이터포털_경기도 수원시_지역화폐 결제 정보_20260120
2025-11,수원시 권선구,권선2동,음료/식품,20대,1065193,240,4438,미확인,0.35,1,여,2026-01-20,공공데이터포털_경기도 수원시_지역화폐 결제 정보_20260120
2025-11,수원시 권선구,권선2동,의류,20대,219658,6,36610,미확인,0.35,1,여,2026-01-20,공공데이터포털_경기도 수원시_지역화폐 결제 정보_20260120
2025-11,수원시 권선구,권선2동,의원,20대,772740,45,17172,미확인,0.35,1,여,2026-01-20,공공데이터포털_경기도 수원시_지역화폐 결제 정보_20260120
2025-11,수원시 권선구,권선2동,일반/휴게 음식,20대,7283835,1011,7205,미확인,0.35,1,여,2026-01-20,공공데이터포털_경기도 수원시_지역화폐 결제 정보_20260120
2025-11,수원시 권선구,권선2동,일반유통,20대,1561245,343,4552,미확인,0.35,1,여,2026-01-20,공공데이터포털_경기도 수원시_지역화폐 결제 정보_20260120
2025-11,수원시 권선구,권선2동,주유/충전소,20대,5967,1,5967,미확인,0.35,1,여,2026-01-20,공공데이터포털_경기도 수원시_지역화폐 결제 정보_20260120
2025-11,수원시 권선구,권선2동,학원,20대,234131,10,23413,미확인,0.35,1,여,2026-01-20,공공데이터포털_경기도 수원시_지역화폐 결제 정보_20260120
2025-11,수원시 권선구,권선2동,가구,30대,12482,3,4161,미확인,0.35,1,여,2026-01-20,공공데이터포털_경기도 수원시_지역화폐 결제 정보_20260120
2025-11,수원시 권선구,권선2동,기타유통,30대,60000,3,20000,미확인,0.35,1,여,2026-01-20,공공데이터포털_경기도 수원시_지역화폐 결제 정보_20260120
2025-11,수원시 권선구,권선2동,기타의료,30대,615959,18,34220,미확인,0.35,1,여,2026-01-20,공공데이터포털_경기도 수원시_지역화폐 결제 정보_20260120
2025-11,수원시 권선구,권선2동,레저/스포츠 서비스,30대,831914,52,15998,미확인,0.35,1,여,2026-01-20,공공데이터포털_경기도 수원시_지역화폐 결제 정보_20260120
2025-11,수원시 권선구,권선2동,문화/취미,30대,339979,16,21249,미확인,0.35,1,여,2026-01-20,공공데이터포털_경기도 수원시_지역화폐 결제 정보_20260120
2025-11,수원시 권선구,권선2동,미용/위생,30대,2049931,155,13225,미확인,0.35,1,여,2026-01-20,공공데이터포털_경기도 수원시_지역화폐 결제 정보_20260120
2025-11,수원시 권선구,권선2동,병원,30대,571,1,571,미확인,0.35,1,여,2026-01-20,공공데이터포털_경기도 수원시_지역화폐 결제 정보_20260120
2025-11,수원시 권선구,권선2동,서적/문구/학습자재,30대,32063,24,1336,미확인,0.35,1,여,2026-01-20,공공데이터포털_경기도 수원시_지역화폐 결제 정보_20260120
2025-11,수원시 권선구,권선2동,신변잡화,30대,2319,4,580,미확인,0.35,1,여,2026-01-20,공공데이터포털_경기도 수원시_지역화폐 결제 정보_20260120
2025-11,수원시 권선구,권선2동,약국,30대,646167,254,2544,미확인,0.35,1,여,2026-01-20,공공데이터포털_경기도 수원시_지역화폐 결제 정보_20260120
2025-11,수원시 권선구,권선2동,용역서비스,30대,268604,53,5068,미확인,0.35,1,여,2026-01-20,공공데이터포털_경기도 수원시_지역화폐 결제 정보_20260120
2025-11,수원시 권선구,권선2동,음료/식품,30대,3239018,691,4687,미확인,0.35,1,여,2026-01-20,공공데이터포털_경기도 수원시_지역화폐 결제 정보_20260120
2025-11,수원시 권선구,권선2동,의류,30대,17393022,165,105412,미확인,0.35,1,여,2026-01-20,공공데이터포털_경기도 수원시_지역화폐 결제 정보_20260120
2025-11,수원시 권선구,권선2동,의원,30대,1816559,282,6442,미확인,0.35,1,여,2026-01-20,공공데이터포털_경기도 수원시_지역화폐 결제 정보_20260120
2025-11,수원시 권선구,권선2동,일반/휴게 음식,30대,8405735,2201,3819,미확인,0.35,1,여,2026-01-20,공공데이터포털_경기도 수원시_지역화폐 결제 정보_20260120
2025-11,수원시 권선구,권선2동,일반유통,30대,2436420,955,2551,미확인,0.35,1,여,2026-01-20,공공데이터포털_경기도 수원시_지역화폐 결제 정보_20260120
2025-11,수원시 권선구,권선2동,자동차 정비/유지,30대,135969,2,67984,미확인,0.35,1,여,2026-01-20,공공데이터포털_경기도 수원시_지역화폐 결제 정보_20260120
2025-11,수원시 권선구,권선2동,주방용품,30대,34723,6,5787,미확인,0.35,1,여,2026-01-20,공공데이터포털_경기도 수원시_지역화폐 결제 정보_20260120
2025-11,수원시 권선구,권선2동,직물/침구류,30대,3340,1,3340,미확인,0.35,1,여,2026-01-20,공공데이터포털_경기도 수원시_지역화폐 결제 정보_20260120
2025-11,수원시 권선구,권선2동,학원,30대,3913531,132,29648,미확인,0.35,1,여,2026-01-20,공공데이터포털_경기도 수원시_지역화폐 결제 정보_20260120
2025-11,수원시 권선구,권선2동,기타의료,40대,299143,24,12464,미확인,0.35,1,여,2026-01-20,공공데이터포털_경기도 수원시_지역화폐 결제 정보_20260120
2025-11,수원시 권선구,권선2동,레저/문화 용품,40대,51450,2,25725,미확인,0.35,1,여,2026-01-20,공공데이터포털_경기도 수원시_지역화폐 결제 정보_20260120
2025-11,수원시 권선구,권선2동,레저/스포츠 서비스,40대,630290,54,11672,미확인,0.35,1,여,2026-01-20,공공데이터포털_경기도 수원시_지역화폐 결제 정보_20260120
2025-11,수원시 권선구,권선2동,문화/취미,40대,112181,17,6599,미확인,0.35,1,여,2026-01-20,공공데이터포털_경기도 수원시_지역화폐 결제 정보_20260120
2025-11,수원시 권선구,권선2동,미용/위생,40대,4186345,314,13332,미확인,0.35,1,여,2026-01-20,공공데이터포털_경기도 수원시_지역화폐 결제 정보_20260120
2025-11,수원시 권선구,권선2동,병원,40대,2514,3,838,미확인,0.35,1,여,2026-01-20,공공데이터포털_경기도 수원시_지역화폐 결제 정보_20260120
2025-11,수원시 권선구,권선2동,서적/문구/학습자재,40대,71560,105,682,미확인,0.35,1,여,2026-01-20,공공데이터포털_경기도 수원시_지역화폐 결제 정보_20260120
2025-11,수원시 권선구,권선2동,신변잡화,40대,10223,8,1278,미확인,0.35,1,여,2026-01-20,공공데이터포털_경기도 수원시_지역화폐 결제 정보_20260120
2025-11,수원시 권선구,권선2동,약국,40대,744425,372,2001,미확인,0.35,1,여,2026-01-20,공공데이터포털_경기도 수원시_지역화폐 결제 정보_20260120
2025-11,수원시 권선구,권선2동,용역서비스,40대,790812,161,4912,미확인,0.35,1,여,2026-01-20,공공데이터포털_경기도 수원시_지역화폐 결제 정보_20260120
2025-11,수원시 권선구,권선2동,음료/식품,40대,5306918,1504,3529,미확인,0.35,1,여,2026-01-20,공공데이터포털_경기도 수원시_지역화폐 결제 정보_20260120
2025-11,수원시 권선구,권선2동,의류,40대,1540104,17,90594,미확인,0.35,1,여,2026-01-20,공공데이터포털_경기도 수원시_지역화폐 결제 정보_20260120
2025-11,수원시 권선구,권선2동,의원,40대,2857535,478,5978,미확인,0.35,1,여,2026-01-20,공공데이터포털_경기도 수원시_지역화폐 결제 정보_20260120
2025-11,수원시 권선구,권선2동,일반/휴게 음식,40대,12919996,3740,3455,미확인,0.35,1,여,2026-01-20,공공데이터포털_경기도 수원시_지역화폐 결제 정보_20260120
2025-11,수원시 권선구,권선2동,일반유통,40대,4285207,1665,2574,미확인,0.35,1,여,2026-01-20,공공데이터포털_경기도 수원시_지역화폐 결제 정보_20260120
2025-11,수원시 권선구,권선2동,자동차 정비/유지,40대,48731,3,16244,미확인,0.35,1,여,2026-01-20,공공데이터포털_경기도 수원시_지역화폐 결제 정보_20260120
2025-11,수원시 권선구,권선2동,자동차판매,40대,21942,7,3135,미확인,0.35,1,여,2026-01-20,공공데이터포털_경기도 수원시_지역화폐 결제 정보_20260120
2025-11,수원시 권선구,권선2동,주유/충전소,40대,28260,2,14130,미확인,0.35,1,여,2026-01-20,공공데이터포털_경기도 수원시_지역화폐 결제 정보_20260120
2025-11,수원시 권선구,권선2동,직물/침구류,40대,1876,1,1876,미확인,0.35,1,여,2026-01-20,공공데이터포털_경기도 수원시_지역화폐 결제 정보_20260120
2025-11,수원시 권선구,권선2동,학원,40대,22956464,727,31577,미확인,0.35,1,여,2026-01-20,공공데이터포털_경기도 수원시_지역화폐 결제 정보_20260120
2025-11,수원시 권선구,권선2동,가구,50대,38922,11,3538,미확인,0.35,1,여,2026-01-20,공공데이터포털_경기도 수원시_지역화폐 결제 정보_20260120
2025-11,수원시 권선구,권선2동,기타의료,50대,519177,48,10816,미확인,0.35,1,여,2026-01-20,공공데이터포털_경기도 수원시_지역화폐 결제 정보_20260120
2025-11,수원시 권선구,권선2동,레저/문화 용품,50대,32016,5,6403,미확인,0.35,1,여,2026-01-20,공공데이터포털_경기도 수원시_지역화폐 결제 정보_20260120
2025-11,수원시 권선구,권선2동,레저/스포츠 서비스,50대,373929,30,12464,미확인,0.35,1,여,2026-01-20,공공데이터포털_경기도 수원시_지역화폐 결제 정보_20260120
2025-11,수원시 권선구,권선2동,문화/취미,50대,201331,14,14381,미확인,0.35,1,여,2026-01-20,공공데이터포털_경기도 수원시_지역화폐 결제 정보_20260120
2025-11,수원시 권선구,권선2동,미용/위생,50대,3195934,228,14017,미확인,0.35,1,여,2026-01-20,공공데이터포털_경기도 수원시_지역화폐 결제 정보_20260120
2025-11,수원시 권선구,권선2동,병원,50대,13200,9,1467,미확인,0.35,1,여,2026-01-20,공공데이터포털_경기도 수원시_지역화폐 결제 정보_20260120
2025-11,수원시 권선구,권선2동,사무/통신,50대,498,1,498,미확인,0.35,1,여,2026-01-20,공공데이터포털_경기도 수원시_지역화폐 결제 정보_20260120
2025-11,수원시 권선구,권선2동,서적/문구/학습자재,50대,77461,12,6455,미확인,0.35,1,여,2026-01-20,공공데이터포털_경기도 수원시_지역화폐 결제 정보_20260120
2025-11,수원시 권선구,권선2동,신변잡화,50대,2209,1,2209,미확인,0.35,1,여,2026-01-20,공공데이터포털_경기도 수원시_지역화폐 결제 정보_20260120
2025-11,수원시 권선구,권선2동,약국,50대,544000,236,2305,미확인,0.35,1,여,2026-01-20,공공데이터포털_경기도 수원시_지역화폐 결제 정보_20260120
2025-11,수원시 권선구,권선2동,용역서비스,50대,841580,132,6376,미확인,0.35,1,여,2026-01-20,공공데이터포털_경기도 수원시_지역화폐 결제 정보_20260120
2025-11,수원시 권선구,권선2동,음료/식품,50대,3999824,970,4124,미확인,0.35,1,여,2026-01-20,공공데이터포털_경기도 수원시_지역화폐 결제 정보_20260120
2025-11,수원시 권선구,권선2동,의류,50대,197037,13,15157,미확인,0.35,1,여,2026-01-20,공공데이터포털_경기도 수원시_지역화폐 결제 정보_20260120
2025-11,수원시 권선구,권선2동,의원,50대,1737875,232,7491,미확인,0.35,1,여,2026-01-20,공공데이터포털_경기도 수원시_지역화폐 결제 정보_20260120
2025-11,수원시 권선구,권선2동,일반/휴게 음식,50대,9504338,2430,3911,미확인,0.35,1,여,2026-01-20,공공데이터포털_경기도 수원시_지역화폐 결제 정보_20260120
2025-11,수원시 권선구,권선2동,일반유통,50대,2350959,934,2517,미확인,0.35,1,여,2026-01-20,공공데이터포털_경기도 수원시_지역화폐 결제 정보_20260120
2025-11,수원시 권선구,권선2동,자동차 정비/유지,50대,58732,2,29366,미확인,0.35,1,여,2026-01-20,공공데이터포털_경기도 수원시_지역화폐 결제 정보_20260120
2025-11,수원시 권선구,권선2동,자동차판매,50대,7694,1,7694,미확인,0.35,1,여,2026-01-20,공공데이터포털_경기도 수원시_지역화폐 결제 정보_20260120
2025-11,수원시 권선구,권선2동,주방용품,50대,33031,13,2541,미확인,0.35,1,여,2026-01-20,공공데이터포털_경기도 수원시_지역화폐 결제 정보_20260120
2025-11,수원시 권선구,권선2동,주유/충전소,50대,22958,5,4592,미확인,0.35,1,여,2026-01-20,공공데이터포털_경기도 수원시_지역화폐 결제 정보_20260120
2025-11,수원시 권선구,권선2동,직물/침구류,50대,154340,5,30868,미확인,0.35,1,여,2026-01-20,공공데이터포털_경기도 수원시_지역화폐 결제 정보_20260120
2025-11,수원시 권선구,권선2동,학원,50대,3091377,95,32541,미확인,0.35,1,여,2026-01-20,공공데이터포털_경기도 수원시_지역화폐 결제 정보_20260120
2025-11,수원시 권선구,권선2동,가구,60대 이상,139473,15,9298,미확인,0.35,1,여,2026-01-20,공공데이터포털_경기도 수원시_지역화폐 결제 정보_20260120
2025-11,수원시 권선구,권선2동,기타유통,60대 이상,47933,2,23966,미확인,0.35,1,여,2026-01-20,공공데이터포털_경기도 수원시_지역화폐 결제 정보_20260120
2025-11,수원시 권선구,권선2동,기타의료,60대 이상,267044,40,6676,미확인,0.35,1,여,2026-01-20,공공데이터포털_경기도 수원시_지역화폐 결제 정보_20260120
2025-11,수원시 권선구,권선2동,레저/문화 용품,60대 이상,4834,2,2417,미확인,0.35,1,여,2026-01-20,공공데이터포털_경기도 수원시_지역화폐 결제 정보_20260120
2025-11,수원시 권선구,권선2동,레저/스포츠 서비스,60대 이상,59336,7,8477,미확인,0.35,1,여,2026-01-20,공공데이터포털_경기도 수원시_지역화폐 결제 정보_20260120
2025-11,수원시 권선구,권선2동,문화/취미,60대 이상,21553,4,5388,미확인,0.35,1,여,2026-01-20,공공데이터포털_경기도 수원시_지역화폐 결제 정보_20260120
2025-11,수원시 권선구,권선2동,미용/위생,60대 이상,2380603,191,12464,미확인,0.35,1,여,2026-01-20,공공데이터포털_경기도 수원시_지역화폐 결제 정보_20260120
2025-11,수원시 권선구,권선2동,병원,60대 이상,27725,11,2520,미확인,0.35,1,여,2026-01-20,공공데이터포털_경기도 수원시_지역화폐 결제 정보_20260120
2025-11,수원시 권선구,권선2동,서적/문구/학습자재,60대 이상,5760,6,960,미확인,0.35,1,여,2026-01-20,공공데이터포털_경기도 수원시_지역화폐 결제 정보_20260120
2025-11,수원시 권선구,권선2동,약국,60대 이상,662919,198,3348,미확인,0.35,1,여,2026-01-20,공공데이터포털_경기도 수원시_지역화폐 결제 정보_20260120
2025-11,수원시 권선구,권선2동,용역서비스,60대 이상,319545,51,6266,미확인,0.35,1,여,2026-01-20,공공데이터포털_경기도 수원시_지역화폐 결제 정보_20260120
2025-11,수원시 권선구,권선2동,음료/식품,60대 이상,4215906,915,4608,미확인,0.35,1,여,2026-01-20,공공데이터포털_경기도 수원시_지역화폐 결제 정보_20260120
2025-11,수원시 권선구,권선2동,의류,60대 이상,372121,27,13782,미확인,0.35,1,여,2026-01-20,공공데이터포털_경기도 수원시_지역화폐 결제 정보_20260120
2025-11,수원시 권선구,권선2동,의원,60대 이상,1412939,199,7100,미확인,0.35,1,여,2026-01-20,공공데이터포털_경기도 수원시_지역화폐 결제 정보_20260120
2025-11,수원시 권선구,권선2동,일반/휴게 음식,60대 이상,4238039,1182,3585,미확인,0.35,1,여,2026-01-20,공공데이터포털_경기도 수원시_지역화폐 결제 정보_20260120
2025-11,수원시 권선구,권선2동,일반유통,60대 이상,1222819,440,2779,미확인,0.35,1,여,2026-01-20,공공데이터포털_경기도 수원시_지역화폐 결제 정보_20260120
2025-11,수원시 권선구,권선2동,자동차 정비/유지,60대 이상,75824,1,75824,미확인,0.35,1,여,2026-01-20,공공데이터포털_경기도 수원시_지역화폐 결제 정보_20260120
2025-11,수원시 권선구,권선2동,자동차판매,60대 이상,5000,1,5000,미확인,0.35,1,여,2026-01-20,공공데이터포털_경기도 수원시_지역화폐 결제 정보_20260120
2025-11,수원시 권선구,권선2동,주방용품,60대 이상,193542,22,8797,미확인,0.35,1,여,2026-01-20,공공데이터포털_경기도 수원시_지역화폐 결제 정보_20260120
2025-11,수원시 권선구,권선2동,주유/충전소,60대 이상,55987,3,18662,미확인,0.35,1,여,2026-01-20,공공데이터포털_경기도 수원시_지역화폐 결제 정보_20260120
2025-11,수원시 권선구,권선2동,직물/침구류,60대 이상,78086,4,19522,미확인,0.35,1,여,2026-01-20,공공데이터포털_경기도 수원시_지역화폐 결제 정보_20260120
2025-11,수원시 권선구,권선2동,학원,60대 이상,1150136,29,39660,미확인,0.35,1,여,2026-01-20,공공데이터포털_경기도 수원시_지역화폐 결제 정보_20260120
2025-11,수원시 권선구,권선2동,회원정보미상,60대 이상,241840,9,26871,미확인,0.35,1,여,2026-01-20,공공데이터포털_경기도 수원시_지역화폐 결제 정보_20260120
2025-11,수원시 권선구,권선2동,회원정보미상,60대 이상,241840,9,26871,미확인,0.35,1,여,2026-01-20,공공데이터포털_경기도 수원시_지역화폐 결제 정보_20260120
2025-11,수원시 권선구,권선2동,기타의료,60대 이상,36330,1,36330,미확인,0.35,1,여,2026-01-20,공공데이터포털_경기도 수원시_지역화폐 결제 정보_20260120
2025-11,수원시 권선구,권선2동,미용/위생,60대 이상,35000,1,35000,미확인,0.35,1,여,2026-01-20,공공데이터포털_경기도 수원시_지역화폐 결제 정보_20260120
2025-11,수원시 권선구,권선2동,용역서비스,60대 이상,14700,1,14700,미확인,0.35,1,여,2026-01-20,공공데이터포털_경기도 수원시_지역화폐 결제 정보_20260120
2025-11,수원시 권선구,권선2동,음료/식품,60대 이상,9960,1,9960,미확인,0.35,1,여,2026-01-20,공공데이터포털_경기도 수원시_지역화폐 결제 정보_20260120
2025-11,수원시 권선구,권선2동,의류,60대 이상,92900,3,30967,미확인,0.35,1,여,2026-01-20,공공데이터포털_경기도 수원시_지역화폐 결제 정보_20260120
2025-11,수원시 권선구,권선2동,일반/휴게 음식,60대 이상,52950,2,26475,미확인,0.35,1,여,2026-01-20,공공데이터포털_경기도 수원시_지역화폐 결제 정보_20260120
2025-11,수원시 권선구,금곡동,레저/스포츠 서비스,10대,33867,12,2822,미확인,0.35,1,남,2026-01-20,공공데이터포털_경기도 수원시_지역화폐 결제 정보_20260120
2025-11,수원시 권선구,금곡동,미용/위생,10대,19502,3,6501,미확인,0.35,1,남,2026-01-20,공공데이터포털_경기도 수원시_지역화폐 결제 정보_20260120
2025-11,수원시 권선구,금곡동,서적/문구/학습자재,10대,1663,3,554,미확인,0.35,1,남,2026-01-20,공공데이터포털_경기도 수원시_지역화폐 결제 정보_20260120
2025-11,수원시 권선구,금곡동,약국,10대,3196,2,1598,미확인,0.35,1,남,2026-01-20,공공데이터포털_경기도 수원시_지역화폐 결제 정보_20260120
2025-11,수원시 권선구,금곡동,음료/식품,10대,163250,43,3797,미확인,0.35,1,남,2026-01-20,공공데이터포털_경기도 수원시_지역화폐 결제 정보_20260120
2025-11,수원시 권선구,금곡동,의류,10대,3436,1,3436,미확인,0.35,1,남,2026-01-20,공공데이터포털_경기도 수원시_지역화폐 결제 정보_20260120
2025-11,수원시 권선구,금곡동,의원,10대,61221,3,20407,미확인,0.35,1,남,2026-01-20,공공데이터포털_경기도 수원시_지역화폐 결제 정보_20260120
2025-11,수원시 권선구,금곡동,일반/휴게 음식,10대,446503,83,5380,미확인,0.35,1,남,2026-01-20,공공데이터포털_경기도 수원시_지역화폐 결제 정보_20260120
2025-11,수원시 권선구,금곡동,일반유통,10대,182869,74,2471,미확인,0.35,1,남,2026-01-20,공공데이터포털_경기도 수원시_지역화폐 결제 정보_20260120
2025-11,수원시 권선구,금곡동,학원,10대,119696,6,19949,미확인,0.35,1,남,2026-01-20,공공데이터포털_경기도 수원시_지역화폐 결제 정보_20260120
2025-11,수원시 권선구,금곡동,기타의료,20대,2133,1,2133,미확인,0.35,1,남,2026-01-20,공공데이터포털_경기도 수원시_지역화폐 결제 정보_20260120
2025-11,수원시 권선구,금곡동,레저/스포츠 서비스,20대,647309,164,3947,미확인,0.35,1,남,2026-01-20,공공데이터포털_경기도 수원시_지역화폐 결제 정보_20260120
2025-11,수원시 권선구,금곡동,문화/취미,20대,384349,42,9151,미확인,0.35,1,남,2026-01-20,공공데이터포털_경기도 수원시_지역화폐 결제 정보_20260120
2025-11,수원시 권선구,금곡동,미용/위생,20대,1675259,54,31023,미확인,0.35,1,남,2026-01-20,공공데이터포털_경기도 수원시_지역화폐 결제 정보_20260120
2025-11,수원시 권선구,금곡동,사무/통신,20대,91376,1,91376,미확인,0.35,1,남,2026-01-20,공공데이터포털_경기도 수원시_지역화폐 결제 정보_20260120
2025-11,수원시 권선구,금곡동,서적/문구/학습자재,20대,520181,17,30599,미확인,0.35,1,남,2026-01-20,공공데이터포털_경기도 수원시_지역화폐 결제 정보_20260120
2025-11,수원시 권선구,금곡동,신변잡화,20대,1467,1,1467,미확인,0.35,1,남,2026-01-20,공공데이터포털_경기도 수원시_지역화폐 결제 정보_20260120
2025-11,수원시 권선구,금곡동,약국,20대,111552,22,5071,미확인,0.35,1,남,2026-01-20,공공데이터포털_경기도 수원시_지역화폐 결제 정보_20260120
2025-11,수원시 권선구,금곡동,용역서비스,20대,392541,19,20660,미확인,0.35,1,남,2026-01-20,공공데이터포털_경기도 수원시_지역화폐 결제 정보_20260120
2025-11,수원시 권선구,금곡동,음료/식품,20대,741003,160,4631,미확인,0.35,1,남,2026-01-20,공공데이터포털_경기도 수원시_지역화폐 결제 정보_20260120
2025-11,수원시 권선구,금곡동,의류,20대,100000,1,100000,미확인,0.35,1,남,2026-01-20,공공데이터포털_경기도 수원시_지역화폐 결제 정보_20260120
2025-11,수원시 권선구,금곡동,의원,20대,196501,15,13100,미확인,0.35,1,남,2026-01-20,공공데이터포털_경기도 수원시_지역화폐 결제 정보_20260120
2025-11,수원시 권선구,금곡동,일반/휴게 음식,20대,7180463,612,11733,미확인,0.35,1,남,2026-01-20,공공데이터포털_경기도 수원시_지역화폐 결제 정보_20260120
2025-11,수원시 권선구,금곡동,일반유통,20대,2137236,432,4947,미확인,0.35,1,남,2026-01-20,공공데이터포털_경기도 수원시_지역화폐 결제 정보_20260120
2025-11,수원시 권선구,금곡동,자동차 정비/유지,20대,90000,1,90000,미확인,0.35,1,남,2026-01-20,공공데이터포털_경기도 수원시_지역화폐 결제 정보_20260120
2025-11,수원시 권선구,금곡동,직물/침구류,20대,207000,1,207000,미확인,0.35,1,남,2026-01-20,공공데이터포털_경기도 수원시_지역화폐 결제 정보_20260120
2025-11,수원시 권선구,금곡동,학원,20대,61759,5,12352,미확인,0.35,1,남,2026-01-20,공공데이터포털_경기도 수원시_지역화폐 결제 정보_20260120
2025-11,수원시 권선구,금곡동,기타유통,30대,403,1,403,미확인,0.35,1,남,2026-01-20,공공데이터포털_경기도 수원시_지역화폐 결제 정보_20260120
2025-11,수원시 권선구,금곡동,기타의료,30대,2365810,33,71691,미확인,0.35,1,남,2026-01-20,공공데이터포털_경기도 수원시_지역화폐 결제 정보_20260120
2025-11,수원시 권선구,금곡동,레저/스포츠 서비스,30대,993814,256,3882,미확인,0.35,1,남,2026-01-20,공공데이터포털_경기도 수원시_지역화폐 결제 정보_20260120
2025-11,수원시 권선구,금곡동,문화/취미,30대,353003,160,2206,미확인,0.35,1,남,2026-01-20,공공데이터포털_경기도 수원시_지역화폐 결제 정보_20260120
2025-11,수원시 권선구,금곡동,미용/위생,30대,1783603,137,13019,미확인,0.35,1,남,2026-01-20,공공데이터포털_경기도 수원시_지역화폐 결제 정보_20260120
2025-11,수원시 권선구,금곡동,서적/문구/학습자재,30대,2588137,59,43867,미확인,0.35,1,남,2026-01-20,공공데이터포털_경기도 수원시_지역화폐 결제 정보_20260120
2025-11,수원시 권선구,금곡동,숙박업,30대,1035,1,1035,미확인,0.35,1,남,2026-01-20,공공데이터포털_경기도 수원시_지역화폐 결제 정보_20260120
2025-11,수원시 권선구,금곡동,신변잡화,30대,5428,4,1357,미확인,0.35,1,남,2026-01-20,공공데이터포털_경기도 수원시_지역화폐 결제 정보_20260120
2025-11,수원시 권선구,금곡동,약국,30대,350784,134,2618,미확인,0.35,1,남,2026-01-20,공공데이터포털_경기도 수원시_지역화폐 결제 정보_20260120
2025-11,수원시 권선구,금곡동,용역서비스,30대,798200,29,27524,미확인,0.35,1,남,2026-01-20,공공데이터포털_경기도 수원시_지역화폐 결제 정보_20260120
2025-11,수원시 권선구,금곡동,음료/식품,30대,1441498,305,4726,미확인,0.35,1,남,2026-01-20,공공데이터포털_경기도 수원시_지역화폐 결제 정보_20260120
2025-11,수원시 권선구,금곡동,의류,30대,109027,9,12114,미확인,0.35,1,남,2026-01-20,공공데이터포털_경기도 수원시_지역화폐 결제 정보_20260120
2025-11,수원시 권선구,금곡동,의원,30대,1050791,98,10722,미확인,0.35,1,남,2026-01-20,공공데이터포털_경기도 수원시_지역화폐 결제 정보_20260120
2025-11,수원시 권선구,금곡동,일반/휴게 음식,30대,11260995,1801,6253,미확인,0.35,1,남,2026-01-20,공공데이터포털_경기도 수원시_지역화폐 결제 정보_20260120
2025-11,수원시 권선구,금곡동,일반유통,30대,1484697,637,2331,미확인,0.35,1,남,2026-01-20,공공데이터포털_경기도 수원시_지역화폐 결제 정보_20260120
2025-11,수원시 권선구,금곡동,자동차 정비/유지,30대,43369,9,4819,미확인,0.35,1,남,2026-01-20,공공데이터포털_경기도 수원시_지역화폐 결제 정보_20260120
2025-11,수원시 권선구,금곡동,주방용품,30대,3387,1,3387,미확인,0.35,1,남,2026-01-20,공공데이터포털_경기도 수원시_지역화폐 결제 정보_20260120
2025-11,수원시 권선구,금곡동,직물/침구류,30대,41694,3,13898,미확인,0.35,1,남,2026-01-20,공공데이터포털_경기도 수원시_지역화폐 결제 정보_20260120
2025-11,수원시 권선구,금곡동,학원,30대,1874681,49,38259,미확인,0.35,1,남,2026-01-20,공공데이터포털_경기도 수원시_지역화폐 결제 정보_20260120
2025-11,수원시 권선구,금곡동,기타의료,40대,111518,8,13940,미확인,0.35,1,남,2026-01-20,공공데이터포털_경기도 수원시_지역화폐 결제 정보_20260120
2025-11,수원시 권선구,금곡동,레저/문화 용품,40대,166234,6,27706,미확인,0.35,1,남,2026-01-20,공공데이터포털_경기도 수원시_지역화폐 결제 정보_20260120
2025-11,수원시 권선구,금곡동,레저/스포츠 서비스,40대,1213600,904,1342,미확인,0.35,1,남,2026-01-20,공공데이터포털_경기도 수원시_지역화폐 결제 정보_20260120
2025-11,수원시 권선구,금곡동,문화/취미,40대,513787,330,1557,미확인,0.35,1,남,2026-01-20,공공데이터포털_경기도 수원시_지역화폐 결제 정보_20260120
2025-11,수원시 권선구,금곡동,미용/위생,40대,2487834,225,11057,미확인,0.35,1,남,2026-01-20,공공데이터포털_경기도 수원시_지역화폐 결제 정보_20260120
2025-11,수원시 권선구,금곡동,사무/통신,40대,25845,1,25845,미확인,0.35,1,남,2026-01-20,공공데이터포털_경기도 수원시_지역화폐 결제 정보_20260120
2025-11,수원시 권선구,금곡동,서적/문구/학습자재,40대,3500792,86,40707,미확인,0.35,1,남,2026-01-20,공공데이터포털_경기도 수원시_지역화폐 결제 정보_20260120
2025-11,수원시 권선구,금곡동,신변잡화,40대,20983,16,1311,미확인,0.35,1,남,2026-01-20,공공데이터포털_경기도 수원시_지역화폐 결제 정보_20260120
2025-11,수원시 권선구,금곡동,약국,40대,563993,213,2648,미확인,0.35,1,남,2026-01-20,공공데이터포털_경기도 수원시_지역화폐 결제 정보_20260120
2025-11,수원시 권선구,금곡동,용역서비스,40대,2213404,99,22358,미확인,0.35,1,남,2026-01-20,공공데이터포털_경기도 수원시_지역화폐 결제 정보_20260120
2025-11,수원시 권선구,금곡동,음료/식품,40대,2191070,600,3652,미확인,0.35,1,남,2026-01-20,공공데이터포털_경기도 수원시_지역화폐 결제 정보_20260120
2025-11,수원시 권선구,금곡동,의류,40대,16712,5,3342,미확인,0.35,1,남,2026-01-20,공공데이터포털_경기도 수원시_지역화폐 결제 정보_20260120
2025-11,수원시 권선구,금곡동,의원,40대,1712170,214,8001,미확인,0.35,1,남,2026-01-20,공공데이터포털_경기도 수원시_지역화폐 결제 정보_20260120
2025-11,수원시 권선구,금곡동,일반/휴게 음식,40대,12510991,2339,5349,미확인,0.35,1,남,2026-01-20,공공데이터포털_경기도 수원시_지역화폐 결제 정보_20260120
2025-11,수원시 권선구,금곡동,일반유통,40대,2322981,975,2383,미확인,0.35,1,남,2026-01-20,공공데이터포털_경기도 수원시_지역화폐 결제 정보_20260120
2025-11,수원시 권선구,금곡동,자동차 정비/유지,40대,89911,7,12844,미확인,0.35,1,남,2026-01-20,공공데이터포털_경기도 수원시_지역화폐 결제 정보_20260120
2025-11,수원시 권선구,금곡동,주방용품,40대,7232,1,7232,미확인,0.35,1,남,2026-01-20,공공데이터포털_경기도 수원시_지역화폐 결제 정보_20260120
2025-11,수원시 권선구,금곡동,직물/침구류,40대,215718,4,53930,미확인,0.35,1,남,2026-01-20,공공데이터포털_경기도 수원시_지역화폐 결제 정보_20260120
2025-11,수원시 권선구,금곡동,학원,40대,11263993,380,29642,미확인,0.35,1,남,2026-01-20,공공데이터포털_경기도 수원시_지역화폐 결제 정보_20260120
2025-11,수원시 권선구,금곡동,기타의료,50대,21293,8,2662,미확인,0.35,1,남,2026-01-20,공공데이터포털_경기도 수원시_지역화폐 결제 정보_20260120
2025-11,수원시 권선구,금곡동,레저/문화 용품,50대,42555,3,14185,미확인,0.35,1,남,2026-01-20,공공데이터포털_경기도 수원시_지역화폐 결제 정보_20260120
2025-11,수원시 권선구,금곡동,레저/스포츠 서비스,50대,285455,175,1631,미확인,0.35,1,남,2026-01-20,공공데이터포털_경기도 수원시_지역화폐 결제 정보_20260120
2025-11,수원시 권선구,금곡동,문화/취미,50대,88098,55,1602,미확인,0.35,1,남,2026-01-20,공공데이터포털_경기도 수원시_지역화폐 결제 정보_20260120
2025-11,수원시 권선구,금곡동,미용/위생,50대,1103310,132,8358,미확인,0.35,1,남,2026-01-20,공공데이터포털_경기도 수원시_지역화폐 결제 정보_20260120
2025-11,수원시 권선구,금곡동,서적/문구/학습자재,50대,1585,6,264,미확인,0.35,1,남,2026-01-20,공공데이터포털_경기도 수원시_지역화폐 결제 정보_20260120
2025-11,수원시 권선구,금곡동,신변잡화,50대,7011,1,7011,미확인,0.35,1,남,2026-01-20,공공데이터포털_경기도 수원시_지역화폐 결제 정보_20260120
2025-11,수원시 권선구,금곡동,약국,50대,213611,78,2739,미확인,0.35,1,남,2026-01-20,공공데이터포털_경기도 수원시_지역화폐 결제 정보_20260120
2025-11,수원시 권선구,금곡동,용역서비스,50대,190386,38,5010,미확인,0.35,1,남,2026-01-20,공공데이터포털_경기도 수원시_지역화폐 결제 정보_20260120
2025-11,수원시 권선구,금곡동,음료/식품,50대,1433226,385,3723,미확인,0.35,1,남,2026-01-20,공공데이터포털_경기도 수원시_지역화폐 결제 정보_20260120
2025-11,수원시 권선구,금곡동,의류,50대,15137,5,3027,미확인,0.35,1,남,2026-01-20,공공데이터포털_경기도 수원시_지역화폐 결제 정보_20260120
2025-11,수원시 권선구,금곡동,의원,50대,846790,80,10585,미확인,0.35,1,남,2026-01-20,공공데이터포털_경기도 수원시_지역화폐 결제 정보_20260120
2025-11,수원시 권선구,금곡동,일반/휴게 음식,50대,8164744,1606,5084,미확인,0.35,1,남,2026-01-20,공공데이터포털_경기도 수원시_지역화폐 결제 정보_20260120
2025-11,수원시 권선구,금곡동,일반유통,50대,2411290,956,2522,미확인,0.35,1,남,2026-01-20,공공데이터포털_경기도 수원시_지역화폐 결제 정보_20260120
2025-11,수원시 권선구,금곡동,자동차 정비/유지,50대,285162,12,23764,미확인,0.35,1,남,2026-01-20,공공데이터포털_경기도 수원시_지역화폐 결제 정보_20260120
2025-11,수원시 권선구,금곡동,주방용품,50대,1988,1,1988,미확인,0.35,1,남,2026-01-20,공공데이터포털_경기도 수원시_지역화폐 결제 정보_20260120
2025-11,수원시 권선구,금곡동,학원,50대,1480790,60,24680,미확인,0.35,1,남,2026-01-20,공공데이터포털_경기도 수원시_지역화폐 결제 정보_20260120
2025-11,수원시 권선구,금곡동,기타의료,60대 이상,210582,11,19144,미확인,0.35,1,남,2026-01-20,공공데이터포털_경기도 수원시_지역화폐 결제 정보_20260120
2025-11,수원시 권선구,금곡동,레저/문화 용품,60대 이상,5981,1,5981,미확인,0.35,1,남,2026-01-20,공공데이터포털_경기도 수원시_지역화폐 결제 정보_20260120
2025-11,수원시 권선구,금곡동,레저/스포츠 서비스,60대 이상,116920,29,4032,미확인,0.35,1,남,2026-01-20,공공데이터포털_경기도 수원시_지역화폐 결제 정보_20260120
2025-11,수원시 권선구,금곡동,문화/취미,60대 이상,16363,7,2338,미확인,0.35,1,남,2026-01-20,공공데이터포털_경기도 수원시_지역화폐 결제 정보_20260120
2025-11,수원시 권선구,금곡동,미용/위생,60대 이상,526468,64,8226,미확인,0.35,1,남,2026-01-20,공공데이터포털_경기도 수원시_지역화폐 결제 정보_20260120
2025-11,수원시 권선구,금곡동,서적/문구/학습자재,60대 이상,227766,8,28471,미확인,0.35,1,남,2026-01-20,공공데이터포털_경기도 수원시_지역화폐 결제 정보_20260120
2025-11,수원시 권선구,금곡동,신변잡화,60대 이상,8800,1,8800,미확인,0.35,1,남,2026-01-20,공공데이터포털_경기도 수원시_지역화폐 결제 정보_20260120
2025-11,수원시 권선구,금곡동,약국,60대 이상,600396,88,6823,미확인,0.35,1,남,2026-01-20,공공데이터포털_경기도 수원시_지역화폐 결제 정보_20260120
2025-11,수원시 권선구,금곡동,용역서비스,60대 이상,176429,17,10378,미확인,0.35,1,남,2026-01-20,공공데이터포털_경기도 수원시_지역화폐 결제 정보_20260120
2025-11,수원시 권선구,금곡동,음료/식품,60대 이상,951263,163,5836,미확인,0.35,1,남,2026-01-20,공공데이터포털_경기도 수원시_지역화폐 결제 정보_20260120
2025-11,수원시 권선구,금곡동,의류,60대 이상,26083,7,3726,미확인,0.35,1,남,2026-01-20,공공데이터포털_경기도 수원시_지역화폐 결제 정보_20260120
2025-11,수원시 권선구,금곡동,의원,60대 이상,554188,65,8526,미확인,0.35,1,남,2026-01-20,공공데이터포털_경기도 수원시_지역화폐 결제 정보_20260120
2025-11,수원시 권선구,금곡동,일반/휴게 음식,60대 이상,4110807,922,4459,미확인,0.35,1,남,2026-01-20,공공데이터포털_경기도 수원시_지역화폐 결제 정보_20260120
2025-11,수원시 권선구,금곡동,일반유통,60대 이상,1655588,592,2797,미확인,0.35,1,남,2026-01-20,공공데이터포털_경기도 수원시_지역화폐 결제 정보_20260120
2025-11,수원시 권선구,금곡동,자동차 정비/유지,60대 이상,66547,7,9507,미확인,0.35,1,남,2026-01-20,공공데이터포털_경기도 수원시_지역화폐 결제 정보_20260120
2025-11,수원시 권선구,금곡동,직물/침구류,60대 이상,8324,1,8324,미확인,0.35,1,남,2026-01-20,공공데이터포털_경기도 수원시_지역화폐 결제 정보_20260120
2025-11,수원시 권선구,금곡동,학원,60대 이상,261303,7,37329,미확인,0.35,1,남,2026-01-20,공공데이터포털_경기도 수원시_지역화폐 결제 정보_20260120
2025-11,수원시 권선구,금곡동,레저/스포츠 서비스,10대,43593,38,1147,미확인,0.35,1,여,2026-01-20,공공데이터포털_경기도 수원시_지역화폐 결제 정보_20260120
2025-11,수원시 권선구,금곡동,문화/취미,10대,86064,54,1594,미확인,0.35,1,여,2026-01-20,공공데이터포털_경기도 수원시_지역화폐 결제 정보_20260120
2025-11,수원시 권선구,금곡동,미용/위생,10대,116909,7,16701,미확인,0.35,1,여,2026-01-20,공공데이터포털_경기도 수원시_지역화폐 결제 정보_20260120
2025-11,수원시 권선구,금곡동,서적/문구/학습자재,10대,2000,1,2000,미확인,0.35,1,여,2026-01-20,공공데이터포털_경기도 수원시_지역화폐 결제 정보_20260120
2025-11,수원시 권선구,금곡동,약국,10대,5993,3,1998,미확인,0.35,1,여,2026-01-20,공공데이터포털_경기도 수원시_지역화폐 결제 정보_20260120
2025-11,수원시 권선구,금곡동,음료/식품,10대,100819,29,3477,미확인,0.35,1,여,2026-01-20,공공데이터포털_경기도 수원시_지역화폐 결제 정보_20260120
2025-11,수원시 권선구,금곡동,의원,10대,28665,4,7166,미확인,0.35,1,여,2026-01-20,공공데이터포털_경기도 수원시_지역화폐 결제 정보_20260120
2025-11,수원시 권선구,금곡동,일반/휴게 음식,10대,497659,87,5720,미확인,0.35,1,여,2026-01-20,공공데이터포털_경기도 수원시_지역화폐 결제 정보_20260120
2025-11,수원시 권선구,금곡동,일반유통,10대,174144,56,3110,미확인,0.35,1,여,2026-01-20,공공데이터포털_경기도 수원시_지역화폐 결제 정보_20260120
2025-11,수원시 권선구,금곡동,학원,10대,112875,9,12542,미확인,0.35,1,여,2026-01-20,공공데이터포털_경기도 수원시_지역화폐 결제 정보_20260120
2025-11,수원시 권선구,금곡동,기타의료,20대,130824,5,26165,미확인,0.35,1,여,2026-01-20,공공데이터포털_경기도 수원시_지역화폐 결제 정보_20260120
2025-11,수원시 권선구,금곡동,레저/스포츠 서비스,20대,686889,660,1041,미확인,0.35,1,여,2026-01-20,공공데이터포털_경기도 수원시_지역화폐 결제 정보_20260120
2025-11,수원시 권선구,금곡동,문화/취미,20대,689874,292,2363,미확인,0.35,1,여,2026-01-20,공공데이터포털_경기도 수원시_지역화폐 결제 정보_20260120
2025-11,수원시 권선구,금곡동,미용/위생,20대,2527994,88,28727,미확인,0.35,1,여,2026-01-20,공공데이터포털_경기도 수원시_지역화폐 결제 정보_20260120
2025-11,수원시 권선구,금곡동,서적/문구/학습자재,20대,409783,10,40978,미확인,0.35,1,여,2026-01-20,공공데이터포털_경기도 수원시_지역화폐 결제 정보_20260120
2025-11,수원시 권선구,금곡동,신변잡화,20대,63005,4,15751,미확인,0.35,1,여,2026-01-20,공공데이터포털_경기도 수원시_지역화폐 결제 정보_20260120
2025-11,수원시 권선구,금곡동,약국,20대,273746,53,5165,미확인,0.35,1,여,2026-01-20,공공데이터포털_경기도 수원시_지역화폐 결제 정보_20260120
2025-11,수원시 권선구,금곡동,용역서비스,20대,63405,17,3730,미확인,0.35,1,여,2026-01-20,공공데이터포털_경기도 수원시_지역화폐 결제 정보_20260120
2025-11,수원시 권선구,금곡동,음료/식품,20대,851790,163,5226,미확인,0.35,1,여,2026-01-20,공공데이터포털_경기도 수원시_지역화폐 결제 정보_20260120
2025-11,수원시 권선구,금곡동,의류,20대,59417,5,11883,미확인,0.35,1,여,2026-01-20,공공데이터포털_경기도 수원시_지역화폐 결제 정보_20260120
2025-11,수원시 권선구,금곡동,의원,20대,375668,25,15027,미확인,0.35,1,여,2026-01-20,공공데이터포털_경기도 수원시_지역화폐 결제 정보_20260120
2025-11,수원시 권선구,금곡동,일반/휴게 음식,20대,10929049,1148,9520,미확인,0.35,1,여,2026-01-20,공공데이터포털_경기도 수원시_지역화폐 결제 정보_20260120
2025-11,수원시 권선구,금곡동,일반유통,20대,1390235,371,3747,미확인,0.35,1,여,2026-01-20,공공데이터포털_경기도 수원시_지역화폐 결제 정보_20260120
2025-11,수원시 권선구,금곡동,자동차 정비/유지,20대,5037,1,5037,미확인,0.35,1,여,2026-01-20,공공데이터포털_경기도 수원시_지역화폐 결제 정보_20260120
2025-11,수원시 권선구,금곡동,직물/침구류,20대,80870,1,80870,미확인,0.35,1,여,2026-01-20,공공데이터포털_경기도 수원시_지역화폐 결제 정보_20260120
2025-11,수원시 권선구,금곡동,학원,20대,279914,11,25447,미확인,0.35,1,여,2026-01-20,공공데이터포털_경기도 수원시_지역화폐 결제 정보_20260120
2025-11,수원시 권선구,금곡동,기타의료,30대,4097873,58,70653,미확인,0.35,1,여,2026-01-20,공공데이터포털_경기도 수원시_지역화폐 결제 정보_20260120
2025-11,수원시 권선구,금곡동,레저/문화 용품,30대,4333,1,4333,미확인,0.35,1,여,2026-01-20,공공데이터포털_경기도 수원시_지역화폐 결제 정보_20260120
2025-11,수원시 권선구,금곡동,레저/스포츠 서비스,30대,1422057,983,1447,미확인,0.35,1,여,2026-01-20,공공데이터포털_경기도 수원시_지역화폐 결제 정보_20260120
2025-11,수원시 권선구,금곡동,문화/취미,30대,708943,764,928,미확인,0.35,1,여,2026-01-20,공공데이터포털_경기도 수원시_지역화폐 결제 정보_20260120
2025-11,수원시 권선구,금곡동,미용/위생,30대,4204945,174,24166,미확인,0.35,1,여,2026-01-20,공공데이터포털_경기도 수원시_지역화폐 결제 정보_20260120
2025-11,수원시 권선구,금곡동,서적/문구/학습자재,30대,4635957,140,33114,미확인,0.35,1,여,2026-01-20,공공데이터포털_경기도 수원시_지역화폐 결제 정보_20260120
2025-11,수원시 권선구,금곡동,신변잡화,30대,6460,8,808,미확인,0.35,1,여,2026-01-20,공공데이터포털_경기도 수원시_지역화폐 결제 정보_20260120
2025-11,수원시 권선구,금곡동,약국,30대,462224,229,2018,미확인,0.35,1,여,2026-01-20,공공데이터포털_경기도 수원시_지역화폐 결제 정보_20260120
2025-11,수원시 권선구,금곡동,용역서비스,30대,3724943,61,61065,미확인,0.35,1,여,2026-01-20,공공데이터포털_경기도 수원시_지역화폐 결제 정보_20260120
2025-11,수원시 권선구,금곡동,음료/식품,30대,3686875,676,5454,미확인,0.35,1,여,2026-01-20,공공데이터포털_경기도 수원시_지역화폐 결제 정보_20260120
2025-11,수원시 권선구,금곡동,의류,30대,557879,36,15497,미확인,0.35,1,여,2026-01-20,공공데이터포털_경기도 수원시_지역화폐 결제 정보_20260120
2025-11,수원시 권선구,금곡동,의원,30대,1460679,173,8443,미확인,0.35,1,여,2026-01-20,공공데이터포털_경기도 수원시_지역화폐 결제 정보_20260120
2025-11,수원시 권선구,금곡동,일반/휴게 음식,30대,14398670,2722,5290,미확인,0.35,1,여,2026-01-20,공공데이터포털_경기도 수원시_지역화폐 결제 정보_20260120
2025-11,수원시 권선구,금곡동,일반유통,30대,1963217,592,3316,미확인,0.35,1,여,2026-01-20,공공데이터포털_경기도 수원시_지역화폐 결제 정보_20260120
2025-11,수원시 권선구,금곡동,자동차 정비/유지,30대,121006,6,20168,미확인,0.35,1,여,2026-01-20,공공데이터포털_경기도 수원시_지역화폐 결제 정보_20260120
2025-11,수원시 권선구,금곡동,주방용품,30대,2006,1,2006,미확인,0.35,1,여,2026-01-20,공공데이터포털_경기도 수원시_지역화폐 결제 정보_20260120
2025-11,수원시 권선구,금곡동,직물/침구류,30대,65992,4,16498,미확인,0.35,1,여,2026-01-20,공공데이터포털_경기도 수원시_지역화폐 결제 정보_20260120
2025-11,수원시 권선구,금곡동,학원,30대,3358526,125,26868,미확인,0.35,1,여,2026-01-20,공공데이터포털_경기도 수원시_지역화폐 결제 정보_20260120
2025-11,수원시 권선구,금곡동,기타의료,40대,794979,9,88331,미확인,0.35,1,여,2026-01-20,공공데이터포털_경기도 수원시_지역화폐 결제 정보_20260120
2025-11,수원시 권선구,금곡동,레저/문화 용품,40대,30411,2,15206,미확인,0.35,1,여,2026-01-20,공공데이터포털_경기도 수원시_지역화폐 결제 정보_20260120
2025-11,수원시 권선구,금곡동,레저/스포츠 서비스,40대,1648468,1186,1390,미확인,0.35,1,여,2026-01-20,공공데이터포털_경기도 수원시_지역화폐 결제 정보_20260120
2025-11,수원시 권선구,금곡동,문화/취미,40대,528466,802,659,미확인,0.35,1,여,2026-01-20,공공데이터포털_경기도 수원시_지역화폐 결제 정보_20260120
2025-11,수원시 권선구,금곡동,미용/위생,40대,3013319,241,12503,미확인,0.35,1,여,2026-01-20,공공데이터포털_경기도 수원시_지역화폐 결제 정보_20260120
2025-11,수원시 권선구,금곡동,사무/통신,40대,100,1,100,미확인,0.35,1,여,2026-01-20,공공데이터포털_경기도 수원시_지역화폐 결제 정보_20260120
2025-11,수원시 권선구,금곡동,서적/문구/학습자재,40대,1802569,100,18026,미확인,0.35,1,여,2026-01-20,공공데이터포털_경기도 수원시_지역화폐 결제 정보_20260120
2025-11,수원시 권선구,금곡동,신변잡화,40대,36108,22,1641,미확인,0.35,1,여,2026-01-20,공공데이터포털_경기도 수원시_지역화폐 결제 정보_20260120
2025-11,수원시 권선구,금곡동,약국,40대,791996,271,2922,미확인,0.35,1,여,2026-01-20,공공데이터포털_경기도 수원시_지역화폐 결제 정보_20260120
2025-11,수원시 권선구,금곡동,용역서비스,40대,2176053,118,18441,미확인,0.35,1,여,2026-01-20,공공데이터포털_경기도 수원시_지역화폐 결제 정보_20260120
2025-11,수원시 권선구,금곡동,음료/식품,40대,5891391,1675,3517,미확인,0.35,1,여,2026-01-20,공공데이터포털_경기도 수원시_지역화폐 결제 정보_20260120
2025-11,수원시 권선구,금곡동,의류,40대,377289,27,13974,미확인,0.35,1,여,2026-01-20,공공데이터포털_경기도 수원시_지역화폐 결제 정보_20260120
2025-11,수원시 권선구,금곡동,의원,40대,1993491,264,7551,미확인,0.35,1,여,2026-01-20,공공데이터포털_경기도 수원시_지역화폐 결제 정보_20260120
2025-11,수원시 권선구,금곡동,일반/휴게 음식,40대,18921273,4429,4272,미확인,0.35,1,여,2026-01-20,공공데이터포털_경기도 수원시_지역화폐 결제 정보_20260120
2025-11,수원시 권선구,금곡동,일반유통,40대,3476157,1300,2674,미확인,0.35,1,여,2026-01-20,공공데이터포털_경기도 수원시_지역화폐 결제 정보_20260120
2025-11,수원시 권선구,금곡동,자동차 정비/유지,40대,106870,4,26718,미확인,0.35,1,여,2026-01-20,공공데이터포털_경기도 수원시_지역화폐 결제 정보_20260120
2025-11,수원시 권선구,금곡동,전자상거래,40대,32918,4,8230,미확인,0.35,1,여,2026-01-20,공공데이터포털_경기도 수원시_지역화폐 결제 정보_20260120
2025-11,수원시 권선구,금곡동,전자제품,40대,4305,1,4305,미확인,0.35,1,여,2026-01-20,공공데이터포털_경기도 수원시_지역화폐 결제 정보_20260120
2025-11,수원시 권선구,금곡동,직물/침구류,40대,95409,3,31803,미확인,0.35,1,여,2026-01-20,공공데이터포털_경기도 수원시_지역화폐 결제 정보_20260120
2025-11,수원시 권선구,금곡동,학원,40대,14086563,520,27090,미확인,0.35,1,여,2026-01-20,공공데이터포털_경기도 수원시_지역화폐 결제 정보_20260120
2025-11,수원시 권선구,금곡동,기타의료,50대,189781,13,14599,미확인,0.35,1,여,2026-01-20,공공데이터포털_경기도 수원시_지역화폐 결제 정보_20260120
2025-11,수원시 권선구,금곡동,레저/문화 용품,50대,97000,3,32333,미확인,0.35,1,여,2026-01-20,공공데이터포털_경기도 수원시_지역화폐 결제 정보_20260120
2025-11,수원시 권선구,금곡동,레저/스포츠 서비스,50대,478299,103,4644,미확인,0.35,1,여,2026-01-20,공공데이터포털_경기도 수원시_지역화폐 결제 정보_20260120
2025-11,수원시 권선구,금곡동,문화/취미,50대,112032,40,2801,미확인,0.35,1,여,2026-01-20,공공데이터포털_경기도 수원시_지역화폐 결제 정보_20260120
2025-11,수원시 권선구,금곡동,미용/위생,50대,2147422,162,13256,미확인,0.35,1,여,2026-01-20,공공데이터포털_경기도 수원시_지역화폐 결제 정보_20260120
2025-11,수원시 권선구,금곡동,서적/문구/학습자재,50대,3618,5,724,미확인,0.35,1,여,2026-01-20,공공데이터포털_경기도 수원시_지역화폐 결제 정보_20260120
2025-11,수원시 권선구,금곡동,신변잡화,50대,7199,6,1200,미확인,0.35,1,여,2026-01-20,공공데이터포털_경기도 수원시_지역화폐 결제 정보_20260120
2025-11,수원시 권선구,금곡동,약국,50대,587810,190,3094,미확인,0.35,1,여,2026-01-20,공공데이터포털_경기도 수원시_지역화폐 결제 정보_20260120
2025-11,수원시 권선구,금곡동,용역서비스,50대,442079,56,7894,미확인,0.35,1,여,2026-01-20,공공데이터포털_경기도 수원시_지역화폐 결제 정보_20260120
2025-11,수원시 권선구,금곡동,음료/식품,50대,2903508,705,4118,미확인,0.35,1,여,2026-01-20,공공데이터포털_경기도 수원시_지역화폐 결제 정보_20260120
2025-11,수원시 권선구,금곡동,의류,50대,257464,32,8046,미확인,0.35,1,여,2026-01-20,공공데이터포털_경기도 수원시_지역화폐 결제 정보_20260120
2025-11,수원시 권선구,금곡동,의원,50대,1322092,146,9055,미확인,0.35,1,여,2026-01-20,공공데이터포털_경기도 수원시_지역화폐 결제 정보_20260120
2025-11,수원시 권선구,금곡동,일반/휴게 음식,50대,10719263,2351,4559,미확인,0.35,1,여,2026-01-20,공공데이터포털_경기도 수원시_지역화폐 결제 정보_20260120
2025-11,수원시 권선구,금곡동,일반유통,50대,2433878,915,2660,미확인,0.35,1,여,2026-01-20,공공데이터포털_경기도 수원시_지역화폐 결제 정보_20260120
2025-11,수원시 권선구,금곡동,자동차 정비/유지,50대,126846,12,10570,미확인,0.35,1,여,2026-01-20,공공데이터포털_경기도 수원시_지역화폐 결제 정보_20260120
2025-11,수원시 권선구,금곡동,전자상거래,50대,13611,1,13611,미확인,0.35,1,여,2026-01-20,공공데이터포털_경기도 수원시_지역화폐 결제 정보_20260120
2025-11,수원시 권선구,금곡동,직물/침구류,50대,1380,1,1380,미확인,0.35,1,여,2026-01-20,공공데이터포털_경기도 수원시_지역화폐 결제 정보_20260120
2025-11,수원시 권선구,금곡동,학원,50대,1304797,39,33456,미확인,0.35,1,여,2026-01-20,공공데이터포털_경기도 수원시_지역화폐 결제 정보_20260120
2025-11,수원시 권선구,금곡동,기타의료,60대 이상,210986,13,16230,미확인,0.35,1,여,2026-01-20,공공데이터포털_경기도 수원시_지역화폐 결제 정보_20260120
2025-11,수원시 권선구,금곡동,레저/스포츠 서비스,60대 이상,498159,64,7784,미확인,0.35,1,여,2026-01-20,공공데이터포털_경기도 수원시_지역화폐 결제 정보_20260120
2025-11,수원시 권선구,금곡동,문화/취미,60대 이상,81413,23,3540,미확인,0.35,1,여,2026-01-20,공공데이터포털_경기도 수원시_지역화폐 결제 정보_20260120
2025-11,수원시 권선구,금곡동,미용/위생,60대 이상,1684068,96,17542,미확인,0.35,1,여,2026-01-20,공공데이터포털_경기도 수원시_지역화폐 결제 정보_20260120
2025-11,수원시 권선구,금곡동,사무/통신,60대 이상,1159,1,1159,미확인,0.35,1,여,2026-01-20,공공데이터포털_경기도 수원시_지역화폐 결제 정보_20260120
2025-11,수원시 권선구,금곡동,서적/문구/학습자재,60대 이상,538238,15,35883,미확인,0.35,1,여,2026-01-20,공공데이터포털_경기도 수원시_지역화폐 결제 정보_20260120
2025-11,수원시 권선구,금곡동,신변잡화,60대 이상,36543,7,5220,미확인,0.35,1,여,2026-01-20,공공데이터포털_경기도 수원시_지역화폐 결제 정보_20260120
2025-11,수원시 권선구,금곡동,약국,60대 이상,433670,148,2930,미확인,0.35,1,여,2026-01-20,공공데이터포털_경기도 수원시_지역화폐 결제 정보_20260120
2025-11,수원시 권선구,금곡동,용역서비스,60대 이상,289073,29,9968,미확인,0.35,1,여,2026-01-20,공공데이터포털_경기도 수원시_지역화폐 결제 정보_20260120
2025-11,수원시 권선구,금곡동,음료/식품,60대 이상,1735418,453,3831,미확인,0.35,1,여,2026-01-20,공공데이터포털_경기도 수원시_지역화폐 결제 정보_20260120
2025-11,수원시 권선구,금곡동,의류,60대 이상,288424,25,11537,미확인,0.35,1,여,2026-01-20,공공데이터포털_경기도 수원시_지역화폐 결제 정보_20260120
2025-11,수원시 권선구,금곡동,의원,60대 이상,929773,146,6368,미확인,0.35,1,여,2026-01-20,공공데이터포털_경기도 수원시_지역화폐 결제 정보_20260120
2025-11,수원시 권선구,금곡동,일반/휴게 음식,60대 이상,5373270,1155,4652,미확인,0.35,1,여,2026-01-20,공공데이터포털_경기도 수원시_지역화폐 결제 정보_20260120
2025-11,수원시 권선구,금곡동,일반유통,60대 이상,1797241,530,3391,미확인,0.35,1,여,2026-01-20,공공데이터포털_경기도 수원시_지역화폐 결제 정보_20260120
2025-11,수원시 권선구,금곡동,자동차 정비/유지,60대 이상,4599,2,2300,미확인,0.35,1,여,2026-01-20,공공데이터포털_경기도 수원시_지역화폐 결제 정보_20260120
2025-11,수원시 권선구,금곡동,직물/침구류,60대 이상,55546,3,18515,미확인,0.35,1,여,2026-01-20,공공데이터포털_경기도 수원시_지역화폐 결제 정보_20260120
2025-11,수원시 권선구,금곡동,학원,60대 이상,965689,25,38628,미확인,0.35,1,여,2026-01-20,공공데이터포털_경기도 수원시_지역화폐 결제 정보_20260120
2025-11,수원시 권선구,금곡동,회원정보미상,60대 이상,229300,13,17638,미확인,0.35,1,여,2026-01-20,공공데이터포털_경기도 수원시_지역화폐 결제 정보_20260120
2025-11,수원시 권선구,금곡동,회원정보미상,60대 이상,229300,13,17638,미확인,0.35,1,여,2026-01-20,공공데이터포털_경기도 수원시_지역화폐 결제 정보_20260120
2025-11,수원시 권선구,금곡동,미용/위생,60대 이상,13000,1,13000,미확인,0.35,1,여,2026-01-20,공공데이터포털_경기도 수원시_지역화폐 결제 정보_20260120
2025-11,수원시 권선구,금곡동,약국,60대 이상,23000,1,23000,미확인,0.35,1,여,2026-01-20,공공데이터포털_경기도 수원시_지역화폐 결제 정보_20260120
2025-11,수원시 권선구,금곡동,음료/식품,60대 이상,95700,3,31900,미확인,0.35,1,여,2026-01-20,공공데이터포털_경기도 수원시_지역화폐 결제 정보_20260120
2025-11,수원시 권선구,금곡동,일반/휴게 음식,60대 이상,83300,6,13883,미확인,0.35,1,여,2026-01-20,공공데이터포털_경기도 수원시_지역화폐 결제 정보_20260120
2025-11,수원시 권선구,금곡동,일반유통,60대 이상,14300,2,7150,미확인,0.35,1,여,2026-01-20,공공데이터포털_경기도 수원시_지역화폐 결제 정보_20260120
2025-11,수원시 영통구,망포1동,기타의료,10대,5271,3,1757,미확인,0.35,1,남,2026-01-20,공공데이터포털_경기도 수원시_지역화폐 결제 정보_20260120
2025-11,수원시 영통구,망포1동,레저/스포츠 서비스,10대,12694,7,1813,미확인,0.35,1,남,2026-01-20,공공데이터포털_경기도 수원시_지역화폐 결제 정보_20260120
2025-11,수원시 영통구,망포1동,문화/취미,10대,15305,2,7652,미확인,0.35,1,남,2026-01-20,공공데이터포털_경기도 수원시_지역화폐 결제 정보_20260120
2025-11,수원시 영통구,망포1동,미용/위생,10대,49891,11,4536,미확인,0.35,1,남,2026-01-20,공공데이터포털_경기도 수원시_지역화폐 결제 정보_20260120
2025-11,수원시 영통구,망포1동,서적/문구/학습자재,10대,1600,1,1600,미확인,0.35,1,남,2026-01-20,공공데이터포털_경기도 수원시_지역화폐 결제 정보_20260120
2025-11,수원시 영통구,망포1동,신변잡화,10대,8891,2,4446,미확인,0.35,1,남,2026-01-20,공공데이터포털_경기도 수원시_지역화폐 결제 정보_20260120
2025-11,수원시 영통구,망포1동,약국,10대,10825,6,1804,미확인,0.35,1,남,2026-01-20,공공데이터포털_경기도 수원시_지역화폐 결제 정보_20260120
2025-11,수원시 영통구,망포1동,음료/식품,10대,59945,22,2725,미확인,0.35,1,남,2026-01-20,공공데이터포털_경기도 수원시_지역화폐 결제 정보_20260120
2025-11,수원시 영통구,망포1동,의원,10대,81850,3,27283,미확인,0.35,1,남,2026-01-20,공공데이터포털_경기도 수원시_지역화폐 결제 정보_20260120
2025-11,수원시 영통구,망포1동,일반/휴게 음식,10대,368321,115,3203,미확인,0.35,1,남,2026-01-20,공공데이터포털_경기도 수원시_지역화폐 결제 정보_20260120
2025-11,수원시 영통구,망포1동,일반유통,10대,86291,63,1370,미확인,0.35,1,남,2026-01-20,공공데이터포털_경기도 수원시_지역화폐 결제 정보_20260120
2025-11,수원시 영통구,망포1동,학원,10대,973452,39,24960,미확인,0.35,1,남,2026-01-20,공공데이터포털_경기도 수원시_지역화폐 결제 정보_20260120
2025-11,수원시 영통구,망포1동,가구,20대,46470,1,46470,미확인,0.35,1,남,2026-01-20,공공데이터포털_경기도 수원시_지역화폐 결제 정보_20260120
2025-11,수원시 영통구,망포1동,기타의료,20대,157732,9,17526,미확인,0.35,1,남,2026-01-20,공공데이터포털_경기도 수원시_지역화폐 결제 정보_20260120
2025-11,수원시 영통구,망포1동,레저/스포츠 서비스,20대,373841,53,7054,미확인,0.35,1,남,2026-01-20,공공데이터포털_경기도 수원시_지역화폐 결제 정보_20260120
2025-11,수원시 영통구,망포1동,문화/취미,20대,137212,5,27442,미확인,0.35,1,남,2026-01-20,공공데이터포털_경기도 수원시_지역화폐 결제 정보_20260120
2025-11,수원시 영통구,망포1동,미용/위생,20대,1228106,56,21930,미확인,0.35,1,남,2026-01-20,공공데이터포털_경기도 수원시_지역화폐 결제 정보_20260120
2025-11,수원시 영통구,망포1동,서적/문구/학습자재,20대,8500,5,1700,미확인,0.35,1,남,2026-01-20,공공데이터포털_경기도 수원시_지역화폐 결제 정보_20260120
2025-11,수원시 영통구,망포1동,신변잡화,20대,21446,3,7149,미확인,0.35,1,남,2026-01-20,공공데이터포털_경기도 수원시_지역화폐 결제 정보_20260120
2025-11,수원시 영통구,망포1동,약국,20대,36490,8,4561,미확인,0.35,1,남,2026-01-20,공공데이터포털_경기도 수원시_지역화폐 결제 정보_20260120
2025-11,수원시 영통구,망포1동,용역서비스,20대,214699,11,19518,미확인,0.35,1,남,2026-01-20,공공데이터포털_경기도 수원시_지역화폐 결제 정보_20260120
2025-11,수원시 영통구,망포1동,음료/식품,20대,1132907,152,7453,미확인,0.35,1,남,2026-01-20,공공데이터포털_경기도 수원시_지역화폐 결제 정보_20260120
2025-11,수원시 영통구,망포1동,의류,20대,35000,1,35000,미확인,0.35,1,남,2026-01-20,공공데이터포털_경기도 수원시_지역화폐 결제 정보_20260120
2025-11,수원시 영통구,망포1동,의원,20대,119958,12,9996,미확인,0.35,1,남,2026-01-20,공공데이터포털_경기도 수원시_지역화폐 결제 정보_20260120
2025-11,수원시 영통구,망포1동,일반/휴게 음식,20대,3913164,497,7874,미확인,0.35,1,남,2026-01-20,공공데이터포털_경기도 수원시_지역화폐 결제 정보_20260120
2025-11,수원시 영통구,망포1동,일반유통,20대,1853927,274,6766,미확인,0.35,1,남,2026-01-20,공공데이터포털_경기도 수원시_지역화폐 결제 정보_20260120
2025-11,수원시 영통구,망포1동,자동차 정비/유지,20대,13597,3,4532,미확인,0.35,1,남,2026-01-20,공공데이터포털_경기도 수원시_지역화폐 결제 정보_20260120
2025-11,수원시 영통구,망포1동,학원,20대,623692,13,47976,미확인,0.35,1,남,2026-01-20,공공데이터포털_경기도 수원시_지역화폐 결제 정보_20260120
2025-11,수원시 영통구,망포1동,건축자재,30대,33729,1,33729,미확인,0.35,1,남,2026-01-20,공공데이터포털_경기도 수원시_지역화폐 결제 정보_20260120
2025-11,수원시 영통구,망포1동,기타의료,30대,62494,11,5681,미확인,0.35,1,남,2026-01-20,공공데이터포털_경기도 수원시_지역화폐 결제 정보_20260120
2025-11,수원시 영통구,망포1동,레저/스포츠 서비스,30대,904309,112,8074,미확인,0.35,1,남,2026-01-20,공공데이터포털_경기도 수원시_지역화폐 결제 정보_20260120
2025-11,수원시 영통구,망포1동,문화/취미,30대,37837,25,1513,미확인,0.35,1,남,2026-01-20,공공데이터포털_경기도 수원시_지역화폐 결제 정보_20260120
2025-11,수원시 영통구,망포1동,미용/위생,30대,906484,112,8094,미확인,0.35,1,남,2026-01-20,공공데이터포털_경기도 수원시_지역화폐 결제 정보_20260120
2025-11,수원시 영통구,망포1동,서적/문구/학습자재,30대,25105,26,966,미확인,0.35,1,남,2026-01-20,공공데이터포털_경기도 수원시_지역화폐 결제 정보_20260120
2025-11,수원시 영통구,망포1동,숙박업,30대,94961,6,15827,미확인,0.35,1,남,2026-01-20,공공데이터포털_경기도 수원시_지역화폐 결제 정보_20260120
2025-11,수원시 영통구,망포1동,약국,30대,296899,134,2216,미확인,0.35,1,남,2026-01-20,공공데이터포털_경기도 수원시_지역화폐 결제 정보_20260120
2025-11,수원시 영통구,망포1동,용역서비스,30대,85996,15,5733,미확인,0.35,1,남,2026-01-20,공공데이터포털_경기도 수원시_지역화폐 결제 정보_20260120
2025-11,수원시 영통구,망포1동,음료/식품,30대,1335270,302,4421,미확인,0.35,1,남,2026-01-20,공공데이터포털_경기도 수원시_지역화폐 결제 정보_20260120
2025-11,수원시 영통구,망포1동,의류,30대,21308,3,7103,미확인,0.35,1,남,2026-01-20,공공데이터포털_경기도 수원시_지역화폐 결제 정보_20260120
2025-11,수원시 영통구,망포1동,의원,30대,799887,83,9637,미확인,0.35,1,남,2026-01-20,공공데이터포털_경기도 수원시_지역화폐 결제 정보_20260120
2025-11,수원시 영통구,망포1동,일반/휴게 음식,30대,4962731,1263,3929,미확인,0.35,1,남,2026-01-20,공공데이터포털_경기도 수원시_지역화폐 결제 정보_20260120
2025-11,수원시 영통구,망포1동,일반유통,30대,3018426,943,3201,미확인,0.35,1,남,2026-01-20,공공데이터포털_경기도 수원시_지역화폐 결제 정보_20260120
2025-11,수원시 영통구,망포1동,자동차 정비/유지,30대,55399,16,3462,미확인,0.35,1,남,2026-01-20,공공데이터포털_경기도 수원시_지역화폐 결제 정보_20260120
2025-11,수원시 영통구,망포1동,학원,30대,3016255,90,33514,미확인,0.35,1,남,2026-01-20,공공데이터포털_경기도 수원시_지역화폐 결제 정보_20260120
2025-11,수원시 영통구,망포1동,건축자재,40대,5694,2,2847,미확인,0.35,1,남,2026-01-20,공공데이터포털_경기도 수원시_지역화폐 결제 정보_20260120
2025-11,수원시 영통구,망포1동,기타의료,40대,186922,23,8127,미확인,0.35,1,남,2026-01-20,공공데이터포털_경기도 수원시_지역화폐 결제 정보_20260120
2025-11,수원시 영통구,망포1동,레저/스포츠 서비스,40대,305360,77,3966,미확인,0.35,1,남,2026-01-20,공공데이터포털_경기도 수원시_지역화폐 결제 정보_20260120
2025-11,수원시 영통구,망포1동,문화/취미,40대,82615,11,7510,미확인,0.35,1,남,2026-01-20,공공데이터포털_경기도 수원시_지역화폐 결제 정보_20260120
2025-11,수원시 영통구,망포1동,미용/위생,40대,1633909,234,6983,미확인,0.35,1,남,2026-01-20,공공데이터포털_경기도 수원시_지역화폐 결제 정보_20260120
2025-11,수원시 영통구,망포1동,서적/문구/학습자재,40대,77989,64,1219,미확인,0.35,1,남,2026-01-20,공공데이터포털_경기도 수원시_지역화폐 결제 정보_20260120
2025-11,수원시 영통구,망포1동,신변잡화,40대,69504,13,5346,미확인,0.35,1,남,2026-01-20,공공데이터포털_경기도 수원시_지역화폐 결제 정보_20260120
2025-11,수원시 영통구,망포1동,약국,40대,562892,254,2216,미확인,0.35,1,남,2026-01-20,공공데이터포털_경기도 수원시_지역화폐 결제 정보_20260120
2025-11,수원시 영통구,망포1동,용역서비스,40대,387981,47,8255,미확인,0.35,1,남,2026-01-20,공공데이터포털_경기도 수원시_지역화폐 결제 정보_20260120
2025-11,수원시 영통구,망포1동,음료/식품,40대,2480146,666,3724,미확인,0.35,1,남,2026-01-20,공공데이터포털_경기도 수원시_지역화폐 결제 정보_20260120
2025-11,수원시 영통구,망포1동,의류,40대,3427,1,3427,미확인,0.35,1,남,2026-01-20,공공데이터포털_경기도 수원시_지역화폐 결제 정보_20260120
2025-11,수원시 영통구,망포1동,의원,40대,1394535,193,7226,미확인,0.35,1,남,2026-01-20,공공데이터포털_경기도 수원시_지역화폐 결제 정보_20260120
2025-11,수원시 영통구,망포1동,일반/휴게 음식,40대,9102300,2140,4253,미확인,0.35,1,남,2026-01-20,공공데이터포털_경기도 수원시_지역화폐 결제 정보_20260120
2025-11,수원시 영통구,망포1동,일반유통,40대,4205297,1482,2838,미확인,0.35,1,남,2026-01-20,공공데이터포털_경기도 수원시_지역화폐 결제 정보_20260120
2025-11,수원시 영통구,망포1동,자동차 정비/유지,40대,58882,19,3099,미확인,0.35,1,남,2026-01-20,공공데이터포털_경기도 수원시_지역화폐 결제 정보_20260120
2025-11,수원시 영통구,망포1동,직물/침구류,40대,5455,1,5455,미확인,0.35,1,남,2026-01-20,공공데이터포털_경기도 수원시_지역화폐 결제 정보_20260120
2025-11,수원시 영통구,망포1동,학원,40대,22065867,679,32498,미확인,0.35,1,남,2026-01-20,공공데이터포털_경기도 수원시_지역화폐 결제 정보_20260120
2025-11,수원시 영통구,망포1동,건축자재,50대,2590,3,863,미확인,0.35,1,남,2026-01-20,공공데이터포털_경기도 수원시_지역화폐 결제 정보_20260120
2025-11,수원시 영통구,망포1동,기타의료,50대,104447,16,6528,미확인,0.35,1,남,2026-01-20,공공데이터포털_경기도 수원시_지역화폐 결제 정보_20260120
2025-11,수원시 영통구,망포1동,레저/스포츠 서비스,50대,259541,58,4475,미확인,0.35,1,남,2026-01-20,공공데이터포털_경기도 수원시_지역화폐 결제 정보_20260120
2025-11,수원시 영통구,망포1동,문화/취미,50대,27465,6,4578,미확인,0.35,1,남,2026-01-20,공공데이터포털_경기도 수원시_지역화폐 결제 정보_20260120
2025-11,수원시 영통구,망포1동,미용/위생,50대,1033425,156,6625,미확인,0.35,1,남,2026-01-20,공공데이터포털_경기도 수원시_지역화폐 결제 정보_20260120
2025-11,수원시 영통구,망포1동,서적/문구/학습자재,50대,46841,16,2928,미확인,0.35,1,남,2026-01-20,공공데이터포털_경기도 수원시_지역화폐 결제 정보_20260120
2025-11,수원시 영통구,망포1동,신변잡화,50대,84186,10,8419,미확인,0.35,1,남,2026-01-20,공공데이터포털_경기도 수원시_지역화폐 결제 정보_20260120
2025-11,수원시 영통구,망포1동,약국,50대,222151,92,2415,미확인,0.35,1,남,2026-01-20,공공데이터포털_경기도 수원시_지역화폐 결제 정보_20260120
2025-11,수원시 영통구,망포1동,용역서비스,50대,287652,37,7774,미확인,0.35,1,남,2026-01-20,공공데이터포털_경기도 수원시_지역화폐 결제 정보_20260120
2025-11,수원시 영통구,망포1동,음료/식품,50대,1453668,398,3652,미확인,0.35,1,남,2026-01-20,공공데이터포털_경기도 수원시_지역화폐 결제 정보_20260120
2025-11,수원시 영통구,망포1동,의류,50대,13418,3,4473,미확인,0.35,1,남,2026-01-20,공공데이터포털_경기도 수원시_지역화폐 결제 정보_20260120
2025-11,수원시 영통구,망포1동,의원,50대,946432,75,12619,미확인,0.35,1,남,2026-01-20,공공데이터포털_경기도 수원시_지역화폐 결제 정보_20260120
2025-11,수원시 영통구,망포1동,일반/휴게 음식,50대,5975333,1379,4333,미확인,0.35,1,남,2026-01-20,공공데이터포털_경기도 수원시_지역화폐 결제 정보_20260120
2025-11,수원시 영통구,망포1동,일반유통,50대,2207234,772,2859,미확인,0.35,1,남,2026-01-20,공공데이터포털_경기도 수원시_지역화폐 결제 정보_20260120
2025-11,수원시 영통구,망포1동,자동차 정비/유지,50대,148597,15,9906,미확인,0.35,1,남,2026-01-20,공공데이터포털_경기도 수원시_지역화폐 결제 정보_20260120
2025-11,수원시 영통구,망포1동,학원,50대,9455158,271,34890,미확인,0.35,1,남,2026-01-20,공공데이터포털_경기도 수원시_지역화폐 결제 정보_20260120
2025-11,수원시 영통구,망포1동,건축자재,60대 이상,37416,11,3401,미확인,0.35,1,남,2026-01-20,공공데이터포털_경기도 수원시_지역화폐 결제 정보_20260120
2025-11,수원시 영통구,망포1동,기타의료,60대 이상,181949,29,6274,미확인,0.35,1,남,2026-01-20,공공데이터포털_경기도 수원시_지역화폐 결제 정보_20260120
2025-11,수원시 영통구,망포1동,레저/스포츠 서비스,60대 이상,149770,43,3483,미확인,0.35,1,남,2026-01-20,공공데이터포털_경기도 수원시_지역화폐 결제 정보_20260120
2025-11,수원시 영통구,망포1동,미용/위생,60대 이상,276617,48,5763,미확인,0.35,1,남,2026-01-20,공공데이터포털_경기도 수원시_지역화폐 결제 정보_20260120
2025-11,수원시 영통구,망포1동,서적/문구/학습자재,60대 이상,18499,2,9250,미확인,0.35,1,남,2026-01-20,공공데이터포털_경기도 수원시_지역화폐 결제 정보_20260120
2025-11,수원시 영통구,망포1동,신변잡화,60대 이상,5893,6,982,미확인,0.35,1,남,2026-01-20,공공데이터포털_경기도 수원시_지역화폐 결제 정보_20260120
2025-11,수원시 영통구,망포1동,약국,60대 이상,185499,54,3435,미확인,0.35,1,남,2026-01-20,공공데이터포털_경기도 수원시_지역화폐 결제 정보_20260120
2025-11,수원시 영통구,망포1동,용역서비스,60대 이상,71482,16,4468,미확인,0.35,1,남,2026-01-20,공공데이터포털_경기도 수원시_지역화폐 결제 정보_20260120
2025-11,수원시 영통구,망포1동,음료/식품,60대 이상,1722543,377,4569,미확인,0.35,1,남,2026-01-20,공공데이터포털_경기도 수원시_지역화폐 결제 정보_20260120
2025-11,수원시 영통구,망포1동,의류,60대 이상,10082,2,5041,미확인,0.35,1,남,2026-01-20,공공데이터포털_경기도 수원시_지역화폐 결제 정보_20260120
2025-11,수원시 영통구,망포1동,의원,60대 이상,431943,55,7854,미확인,0.35,1,남,2026-01-20,공공데이터포털_경기도 수원시_지역화폐 결제 정보_20260120
2025-11,수원시 영통구,망포1동,일반/휴게 음식,60대 이상,2728675,603,4525,미확인,0.35,1,남,2026-01-20,공공데이터포털_경기도 수원시_지역화폐 결제 정보_20260120
2025-11,수원시 영통구,망포1동,일반유통,60대 이상,1025019,421,2435,미확인,0.35,1,남,2026-01-20,공공데이터포털_경기도 수원시_지역화폐 결제 정보_20260120
2025-11,수원시 영통구,망포1동,자동차 정비/유지,60대 이상,64104,4,16026,미확인,0.35,1,남,2026-01-20,공공데이터포털_경기도 수원시_지역화폐 결제 정보_20260120
2025-11,수원시 영통구,망포1동,직물/침구류,60대 이상,23946,1,23946,미확인,0.35,1,남,2026-01-20,공공데이터포털_경기도 수원시_지역화폐 결제 정보_20260120
2025-11,수원시 영통구,망포1동,학원,60대 이상,737287,14,52663,미확인,0.35,1,남,2026-01-20,공공데이터포털_경기도 수원시_지역화폐 결제 정보_20260120
2025-11,수원시 영통구,망포1동,기타의료,10대,140541,2,70270,미확인,0.35,1,여,2026-01-20,공공데이터포털_경기도 수원시_지역화폐 결제 정보_20260120
2025-11,수원시 영통구,망포1동,문화/취미,10대,3345,2,1672,미확인,0.35,1,여,2026-01-20,공공데이터포털_경기도 수원시_지역화폐 결제 정보_20260120
2025-11,수원시 영통구,망포1동,미용/위생,10대,150476,10,15048,미확인,0.35,1,여,2026-01-20,공공데이터포털_경기도 수원시_지역화폐 결제 정보_20260120
2025-11,수원시 영통구,망포1동,서적/문구/학습자재,10대,109,1,109,미확인,0.35,1,여,2026-01-20,공공데이터포털_경기도 수원시_지역화폐 결제 정보_20260120
2025-11,수원시 영통구,망포1동,신변잡화,10대,6500,1,6500,미확인,0.35,1,여,2026-01-20,공공데이터포털_경기도 수원시_지역화폐 결제 정보_20260120
2025-11,수원시 영통구,망포1동,약국,10대,14943,4,3736,미확인,0.35,1,여,2026-01-20,공공데이터포털_경기도 수원시_지역화폐 결제 정보_20260120
2025-11,수원시 영통구,망포1동,용역서비스,10대,981,2,490,미확인,0.35,1,여,2026-01-20,공공데이터포털_경기도 수원시_지역화폐 결제 정보_20260120
2025-11,수원시 영통구,망포1동,음료/식품,10대,69781,29,2406,미확인,0.35,1,여,2026-01-20,공공데이터포털_경기도 수원시_지역화폐 결제 정보_20260120
2025-11,수원시 영통구,망포1동,의원,10대,16653,6,2776,미확인,0.35,1,여,2026-01-20,공공데이터포털_경기도 수원시_지역화폐 결제 정보_20260120
2025-11,수원시 영통구,망포1동,일반/휴게 음식,10대,417879,118,3541,미확인,0.35,1,여,2026-01-20,공공데이터포털_경기도 수원시_지역화폐 결제 정보_20260120
2025-11,수원시 영통구,망포1동,일반유통,10대,69997,57,1228,미확인,0.35,1,여,2026-01-20,공공데이터포털_경기도 수원시_지역화폐 결제 정보_20260120
2025-11,수원시 영통구,망포1동,학원,10대,1180465,38,31065,미확인,0.35,1,여,2026-01-20,공공데이터포털_경기도 수원시_지역화폐 결제 정보_20260120
2025-11,수원시 영통구,망포1동,기타의료,20대,399022,9,44336,미확인,0.35,1,여,2026-01-20,공공데이터포털_경기도 수원시_지역화폐 결제 정보_20260120
2025-11,수원시 영통구,망포1동,레저/스포츠 서비스,20대,233164,13,17936,미확인,0.35,1,여,2026-01-20,공공데이터포털_경기도 수원시_지역화폐 결제 정보_20260120
2025-11,수원시 영통구,망포1동,문화/취미,20대,187434,5,37487,미확인,0.35,1,여,2026-01-20,공공데이터포털_경기도 수원시_지역화폐 결제 정보_20260120
2025-11,수원시 영통구,망포1동,미용/위생,20대,1393137,45,30959,미확인,0.35,1,여,2026-01-20,공공데이터포털_경기도 수원시_지역화폐 결제 정보_20260120
2025-11,수원시 영통구,망포1동,서적/문구/학습자재,20대,21830,11,1985,미확인,0.35,1,여,2026-01-20,공공데이터포털_경기도 수원시_지역화폐 결제 정보_20260120
2025-11,수원시 영통구,망포1동,신변잡화,20대,22505,2,11252,미확인,0.35,1,여,2026-01-20,공공데이터포털_경기도 수원시_지역화폐 결제 정보_20260120
2025-11,수원시 영통구,망포1동,약국,20대,175874,27,6514,미확인,0.35,1,여,2026-01-20,공공데이터포털_경기도 수원시_지역화폐 결제 정보_20260120
2025-11,수원시 영통구,망포1동,용역서비스,20대,75180,7,10740,미확인,0.35,1,여,2026-01-20,공공데이터포털_경기도 수원시_지역화폐 결제 정보_20260120
2025-11,수원시 영통구,망포1동,음료/식품,20대,706690,151,4680,미확인,0.35,1,여,2026-01-20,공공데이터포털_경기도 수원시_지역화폐 결제 정보_20260120
2025-11,수원시 영통구,망포1동,의원,20대,134853,20,6743,미확인,0.35,1,여,2026-01-20,공공데이터포털_경기도 수원시_지역화폐 결제 정보_20260120
2025-11,수원시 영통구,망포1동,일반/휴게 음식,20대,4774189,606,7878,미확인,0.35,1,여,2026-01-20,공공데이터포털_경기도 수원시_지역화폐 결제 정보_20260120
2025-11,수원시 영통구,망포1동,일반유통,20대,746470,209,3572,미확인,0.35,1,여,2026-01-20,공공데이터포털_경기도 수원시_지역화폐 결제 정보_20260120
2025-11,수원시 영통구,망포1동,자동차 정비/유지,20대,163472,4,40868,미확인,0.35,1,여,2026-01-20,공공데이터포털_경기도 수원시_지역화폐 결제 정보_20260120
2025-11,수원시 영통구,망포1동,학원,20대,2013193,34,59212,미확인,0.35,1,여,2026-01-20,공공데이터포털_경기도 수원시_지역화폐 결제 정보_20260120
2025-11,수원시 영통구,망포1동,건축자재,30대,66544,2,33272,미확인,0.35,1,여,2026-01-20,공공데이터포털_경기도 수원시_지역화폐 결제 정보_20260120
2025-11,수원시 영통구,망포1동,기타의료,30대,284289,42,6769,미확인,0.35,1,여,2026-01-20,공공데이터포털_경기도 수원시_지역화폐 결제 정보_20260120
2025-11,수원시 영통구,망포1동,레저/스포츠 서비스,30대,732970,60,12216,미확인,0.35,1,여,2026-01-20,공공데이터포털_경기도 수원시_지역화폐 결제 정보_20260120
2025-11,수원시 영통구,망포1동,문화/취미,30대,386745,16,24172,미확인,0.35,1,여,2026-01-20,공공데이터포털_경기도 수원시_지역화폐 결제 정보_20260120
2025-11,수원시 영통구,망포1동,미용/위생,30대,1943673,141,13785,미확인,0.35,1,여,2026-01-20,공공데이터포털_경기도 수원시_지역화폐 결제 정보_20260120
2025-11,수원시 영통구,망포1동,서적/문구/학습자재,30대,44349,54,821,미확인,0.35,1,여,2026-01-20,공공데이터포털_경기도 수원시_지역화폐 결제 정보_20260120
2025-11,수원시 영통구,망포1동,신변잡화,30대,39886,7,5698,미확인,0.35,1,여,2026-01-20,공공데이터포털_경기도 수원시_지역화폐 결제 정보_20260120
2025-11,수원시 영통구,망포1동,약국,30대,602258,315,1912,미확인,0.35,1,여,2026-01-20,공공데이터포털_경기도 수원시_지역화폐 결제 정보_20260120
2025-11,수원시 영통구,망포1동,용역서비스,30대,201992,32,6312,미확인,0.35,1,여,2026-01-20,공공데이터포털_경기도 수원시_지역화폐 결제 정보_20260120
2025-11,수원시 영통구,망포1동,음료/식품,30대,1586707,580,2736,미확인,0.35,1,여,2026-01-20,공공데이터포털_경기도 수원시_지역화폐 결제 정보_20260120
2025-11,수원시 영통구,망포1동,의류,30대,9339,2,4670,미확인,0.35,1,여,2026-01-20,공공데이터포털_경기도 수원시_지역화폐 결제 정보_20260120
2025-11,수원시 영통구,망포1동,의원,30대,1146607,157,7303,미확인,0.35,1,여,2026-01-20,공공데이터포털_경기도 수원시_지역화폐 결제 정보_20260120
2025-11,수원시 영통구,망포1동,일반/휴게 음식,30대,6991651,1893,3693,미확인,0.35,1,여,2026-01-20,공공데이터포털_경기도 수원시_지역화폐 결제 정보_20260120
2025-11,수원시 영통구,망포1동,일반유통,30대,3045000,1157,2632,미확인,0.35,1,여,2026-01-20,공공데이터포털_경기도 수원시_지역화폐 결제 정보_20260120
2025-11,수원시 영통구,망포1동,자동차 정비/유지,30대,101197,7,14457,미확인,0.35,1,여,2026-01-20,공공데이터포털_경기도 수원시_지역화폐 결제 정보_20260120
2025-11,수원시 영통구,망포1동,학원,30대,4758240,157,30307,미확인,0.35,1,여,2026-01-20,공공데이터포털_경기도 수원시_지역화폐 결제 정보_20260120
2025-11,수원시 영통구,망포1동,건축자재,40대,33303,3,11101,미확인,0.35,1,여,2026-01-20,공공데이터포털_경기도 수원시_지역화폐 결제 정보_20260120
2025-11,수원시 영통구,망포1동,기타의료,40대,421872,51,8272,미확인,0.35,1,여,2026-01-20,공공데이터포털_경기도 수원시_지역화폐 결제 정보_20260120
2025-11,수원시 영통구,망포1동,레저/스포츠 서비스,40대,326902,42,7783,미확인,0.35,1,여,2026-01-20,공공데이터포털_경기도 수원시_지역화폐 결제 정보_20260120
2025-11,수원시 영통구,망포1동,문화/취미,40대,92041,11,8367,미확인,0.35,1,여,2026-01-20,공공데이터포털_경기도 수원시_지역화폐 결제 정보_20260120
2025-11,수원시 영통구,망포1동,미용/위생,40대,1854216,252,7358,미확인,0.35,1,여,2026-01-20,공공데이터포털_경기도 수원시_지역화폐 결제 정보_20260120
2025-11,수원시 영통구,망포1동,서적/문구/학습자재,40대,182370,160,1140,미확인,0.35,1,여,2026-01-20,공공데이터포털_경기도 수원시_지역화폐 결제 정보_20260120
2025-11,수원시 영통구,망포1동,신변잡화,40대,193228,28,6901,미확인,0.35,1,여,2026-01-20,공공데이터포털_경기도 수원시_지역화폐 결제 정보_20260120
2025-11,수원시 영통구,망포1동,약국,40대,772265,376,2054,미확인,0.35,1,여,2026-01-20,공공데이터포털_경기도 수원시_지역화폐 결제 정보_20260120
2025-11,수원시 영통구,망포1동,용역서비스,40대,498800,64,7794,미확인,0.35,1,여,2026-01-20,공공데이터포털_경기도 수원시_지역화폐 결제 정보_20260120
2025-11,수원시 영통구,망포1동,음료/식품,40대,3558812,1250,2847,미확인,0.35,1,여,2026-01-20,공공데이터포털_경기도 수원시_지역화폐 결제 정보_20260120
2025-11,수원시 영통구,망포1동,의류,40대,46747,12,3896,미확인,0.35,1,여,2026-01-20,공공데이터포털_경기도 수원시_지역화폐 결제 정보_20260120
2025-11,수원시 영통구,망포1동,의원,40대,1830606,237,7724,미확인,0.35,1,여,2026-01-20,공공데이터포털_경기도 수원시_지역화폐 결제 정보_20260120
2025-11,수원시 영통구,망포1동,일반/휴게 음식,40대,11376085,3322,3424,미확인,0.35,1,여,2026-01-20,공공데이터포털_경기도 수원시_지역화폐 결제 정보_20260120
2025-11,수원시 영통구,망포1동,일반유통,40대,4292000,1578,2720,미확인,0.35,1,여,2026-01-20,공공데이터포털_경기도 수원시_지역화폐 결제 정보_20260120
2025-11,수원시 영통구,망포1동,자동차 정비/유지,40대,23405,4,5851,미확인,0.35,1,여,2026-01-20,공공데이터포털_경기도 수원시_지역화폐 결제 정보_20260120
2025-11,수원시 영통구,망포1동,전자상거래,40대,8000,1,8000,미확인,0.35,1,여,2026-01-20,공공데이터포털_경기도 수원시_지역화폐 결제 정보_20260120
2025-11,수원시 영통구,망포1동,학원,40대,27209748,862,31566,미확인,0.35,1,여,2026-01-20,공공데이터포털_경기도 수원시_지역화폐 결제 정보_20260120
2025-11,수원시 영통구,망포1동,건축자재,50대,2236,2,1118,미확인,0.35,1,여,2026-01-20,공공데이터포털_경기도 수원시_지역화폐 결제 정보_20260120
2025-11,수원시 영통구,망포1동,기타의료,50대,633030,58,10914,미확인,0.35,1,여,2026-01-20,공공데이터포털_경기도 수원시_지역화폐 결제 정보_20260120
2025-11,수원시 영통구,망포1동,레저/스포츠 서비스,50대,150567,27,5577,미확인,0.35,1,여,2026-01-20,공공데이터포털_경기도 수원시_지역화폐 결제 정보_20260120
2025-11,수원시 영통구,망포1동,문화/취미,50대,82107,7,11730,미확인,0.35,1,여,2026-01-20,공공데이터포털_경기도 수원시_지역화폐 결제 정보_20260120
2025-11,수원시 영통구,망포1동,미용/위생,50대,1802860,172,10482,미확인,0.35,1,여,2026-01-20,공공데이터포털_경기도 수원시_지역화폐 결제 정보_20260120
2025-11,수원시 영통구,망포1동,사무/통신,50대,1514,2,757,미확인,0.35,1,여,2026-01-20,공공데이터포털_경기도 수원시_지역화폐 결제 정보_20260120
2025-11,수원시 영통구,망포1동,서적/문구/학습자재,50대,8990,12,749,미확인,0.35,1,여,2026-01-20,공공데이터포털_경기도 수원시_지역화폐 결제 정보_20260120
2025-11,수원시 영통구,망포1동,신변잡화,50대,62723,10,6272,미확인,0.35,1,여,2026-01-20,공공데이터포털_경기도 수원시_지역화폐 결제 정보_20260120
2025-11,수원시 영통구,망포1동,약국,50대,483550,171,2828,미확인,0.35,1,여,2026-01-20,공공데이터포털_경기도 수원시_지역화폐 결제 정보_20260120
2025-11,수원시 영통구,망포1동,용역서비스,50대,155227,50,3105,미확인,0.35,1,여,2026-01-20,공공데이터포털_경기도 수원시_지역화폐 결제 정보_20260120
2025-11,수원시 영통구,망포1동,음료/식품,50대,2908805,826,3522,미확인,0.35,1,여,2026-01-20,공공데이터포털_경기도 수원시_지역화폐 결제 정보_20260120
2025-11,수원시 영통구,망포1동,의류,50대,15571,8,1946,미확인,0.35,1,여,2026-01-20,공공데이터포털_경기도 수원시_지역화폐 결제 정보_20260120
2025-11,수원시 영통구,망포1동,의원,50대,1067135,97,11001,미확인,0.35,1,여,2026-01-20,공공데이터포털_경기도 수원시_지역화폐 결제 정보_20260120
2025-11,수원시 영통구,망포1동,일반/휴게 음식,50대,6039705,1584,3813,미확인,0.35,1,여,2026-01-20,공공데이터포털_경기도 수원시_지역화폐 결제 정보_20260120
2025-11,수원시 영통구,망포1동,일반유통,50대,2228987,712,3131,미확인,0.35,1,여,2026-01-20,공공데이터포털_경기도 수원시_지역화폐 결제 정보_20260120
2025-11,수원시 영통구,망포1동,자동차 정비/유지,50대,15563,6,2594,미확인,0.35,1,여,2026-01-20,공공데이터포털_경기도 수원시_지역화폐 결제 정보_20260120
2025-11,수원시 영통구,망포1동,전자상거래,50대,2835,2,1418,미확인,0.35,1,여,2026-01-20,공공데이터포털_경기도 수원시_지역화폐 결제 정보_20260120
2025-11,수원시 영통구,망포1동,학원,50대,6223826,140,44456,미확인,0.35,1,여,2026-01-20,공공데이터포털_경기도 수원시_지역화폐 결제 정보_20260120
2025-11,수원시 영통구,망포1동,가구,60대 이상,40000,1,40000,미확인,0.35,1,여,2026-01-20,공공데이터포털_경기도 수원시_지역화폐 결제 정보_20260120
2025-11,수원시 영통구,망포1동,기타의료,60대 이상,128469,26,4941,미확인,0.35,1,여,2026-01-20,공공데이터포털_경기도 수원시_지역화폐 결제 정보_20260120
2025-11,수원시 영통구,망포1동,레저/스포츠 서비스,60대 이상,145370,11,13215,미확인,0.35,1,여,2026-01-20,공공데이터포털_경기도 수원시_지역화폐 결제 정보_20260120
2025-11,수원시 영통구,망포1동,문화/취미,60대 이상,14470,4,3618,미확인,0.35,1,여,2026-01-20,공공데이터포털_경기도 수원시_지역화폐 결제 정보_20260120
2025-11,수원시 영통구,망포1동,미용/위생,60대 이상,826591,75,11021,미확인,0.35,1,여,2026-01-20,공공데이터포털_경기도 수원시_지역화폐 결제 정보_20260120
2025-11,수원시 영통구,망포1동,서적/문구/학습자재,60대 이상,4505,5,901,미확인,0.35,1,여,2026-01-20,공공데이터포털_경기도 수원시_지역화폐 결제 정보_20260120
2025-11,수원시 영통구,망포1동,신변잡화,60대 이상,25145,7,3592,미확인,0.35,1,여,2026-01-20,공공데이터포털_경기도 수원시_지역화폐 결제 정보_20260120
2025-11,수원시 영통구,망포1동,약국,60대 이상,212981,98,2173,미확인,0.35,1,여,2026-01-20,공공데이터포털_경기도 수원시_지역화폐 결제 정보_20260120
2025-11,수원시 영통구,망포1동,용역서비스,60대 이상,180709,22,8214,미확인,0.35,1,여,2026-01-20,공공데이터포털_경기도 수원시_지역화폐 결제 정보_20260120
2025-11,수원시 영통구,망포1동,음료/식품,60대 이상,3061645,938,3264,미확인,0.35,1,여,2026-01-20,공공데이터포털_경기도 수원시_지역화폐 결제 정보_20260120
2025-11,수원시 영통구,망포1동,의류,60대 이상,33615,9,3735,미확인,0.35,1,여,2026-01-20,공공데이터포털_경기도 수원시_지역화폐 결제 정보_20260120
2025-11,수원시 영통구,망포1동,의원,60대 이상,886453,101,8777,미확인,0.35,1,여,2026-01-20,공공데이터포털_경기도 수원시_지역화폐 결제 정보_20260120
2025-11,수원시 영통구,망포1동,일반/휴게 음식,60대 이상,2244100,618,3631,미확인,0.35,1,여,2026-01-20,공공데이터포털_경기도 수원시_지역화폐 결제 정보_20260120
2025-11,수원시 영통구,망포1동,일반유통,60대 이상,1615881,514,3144,미확인,0.35,1,여,2026-01-20,공공데이터포털_경기도 수원시_지역화폐 결제 정보_20260120
2025-11,수원시 영통구,망포1동,자동차 정비/유지,60대 이상,5279,2,2640,미확인,0.35,1,여,2026-01-20,공공데이터포털_경기도 수원시_지역화폐 결제 정보_20260120
2025-11,수원시 영통구,망포1동,학원,60대 이상,708451,25,28338,미확인,0.35,1,여,2026-01-20,공공데이터포털_경기도 수원시_지역화폐 결제 정보_20260120
2025-11,수원시 영통구,망포1동,회원정보미상,60대 이상,202250,14,14446,미확인,0.35,1,여,2026-01-20,공공데이터포털_경기도 수원시_지역화폐 결제 정보_20260120
2025-11,수원시 영통구,망포1동,회원정보미상,60대 이상,202250,14,14446,미확인,0.35,1,여,2026-01-20,공공데이터포털_경기도 수원시_지역화폐 결제 정보_20260120
2025-11,수원시 영통구,망포1동,가구,60대 이상,20000,1,20000,미확인,0.35,1,여,2026-01-20,공공데이터포털_경기도 수원시_지역화폐 결제 정보_20260120
2025-11,수원시 영통구,망포1동,신변잡화,60대 이상,3500,1,3500,미확인,0.35,1,여,2026-01-20,공공데이터포털_경기도 수원시_지역화폐 결제 정보_20260120
2025-11,수원시 영통구,망포1동,음료/식품,60대 이상,89050,4,22262,미확인,0.35,1,여,2026-01-20,공공데이터포털_경기도 수원시_지역화폐 결제 정보_20260120
2025-11,수원시 영통구,망포1동,의류,60대 이상,28000,1,28000,미확인,0.35,1,여,2026-01-20,공공데이터포털_경기도 수원시_지역화폐 결제 정보_20260120
2025-11,수원시 영통구,망포1동,일반/휴게 음식,60대 이상,58500,4,14625,미확인,0.35,1,여,2026-01-20,공공데이터포털_경기도 수원시_지역화폐 결제 정보_20260120
2025-11,수원시 영통구,망포1동,일반유통,60대 이상,3200,1,3200,미확인,0.35,1,여,2026-01-20,공공데이터포털_경기도 수원시_지역화폐 결제 정보_20260120
2025-11,수원시 영통구,망포2동,레저/스포츠 서비스,10대,17540,3,5847,미확인,0.35,1,남,2026-01-20,공공데이터포털_경기도 수원시_지역화폐 결제 정보_20260120
2025-11,수원시 영통구,망포2동,미용/위생,10대,76845,13,5911,미확인,0.35,1,남,2026-01-20,공공데이터포털_경기도 수원시_지역화폐 결제 정보_20260120
2025-11,수원시 영통구,망포2동,서적/문구/학습자재,10대,100707,26,3873,미확인,0.35,1,남,2026-01-20,공공데이터포털_경기도 수원시_지역화폐 결제 정보_20260120
2025-11,수원시 영통구,망포2동,약국,10대,16345,17,961,미확인,0.35,1,남,2026-01-20,공공데이터포털_경기도 수원시_지역화폐 결제 정보_20260120
2025-11,수원시 영통구,망포2동,음료/식품,10대,96162,86,1118,미확인,0.35,1,남,2026-01-20,공공데이터포털_경기도 수원시_지역화폐 결제 정보_20260120
2025-11,수원시 영통구,망포2동,의원,10대,532462,24,22186,미확인,0.35,1,남,2026-01-20,공공데이터포털_경기도 수원시_지역화폐 결제 정보_20260120
2025-11,수원시 영통구,망포2동,일반/휴게 음식,10대,360927,143,2524,미확인,0.35,1,남,2026-01-20,공공데이터포털_경기도 수원시_지역화폐 결제 정보_20260120
2025-11,수원시 영통구,망포2동,일반유통,10대,241013,183,1317,미확인,0.35,1,남,2026-01-20,공공데이터포털_경기도 수원시_지역화폐 결제 정보_20260120
2025-11,수원시 영통구,망포2동,자동차판매,10대,6632,1,6632,미확인,0.35,1,남,2026-01-20,공공데이터포털_경기도 수원시_지역화폐 결제 정보_20260120
2025-11,수원시 영통구,망포2동,전자제품,10대,461,4,115,미확인,0.35,1,남,2026-01-20,공공데이터포털_경기도 수원시_지역화폐 결제 정보_20260120
2025-11,수원시 영통구,망포2동,학원,10대,957359,45,21275,미확인,0.35,1,남,2026-01-20,공공데이터포털_경기도 수원시_지역화폐 결제 정보_20260120
2025-11,수원시 영통구,망포2동,기타의료,20대,21882,9,2431,미확인,0.35,1,남,2026-01-20,공공데이터포털_경기도 수원시_지역화폐 결제 정보_20260120
2025-11,수원시 영통구,망포2동,레저/문화 용품,20대,8978,1,8978,미확인,0.35,1,남,2026-01-20,공공데이터포털_경기도 수원시_지역화폐 결제 정보_20260120
2025-11,수원시 영통구,망포2동,레저/스포츠 서비스,20대,612536,14,43753,미확인,0.35,1,남,2026-01-20,공공데이터포털_경기도 수원시_지역화폐 결제 정보_20260120
2025-11,수원시 영통구,망포2동,문화/취미,20대,153992,13,11846,미확인,0.35,1,남,2026-01-20,공공데이터포털_경기도 수원시_지역화폐 결제 정보_20260120
2025-11,수원시 영통구,망포2동,미용/위생,20대,1528938,70,21842,미확인,0.35,1,남,2026-01-20,공공데이터포털_경기도 수원시_지역화폐 결제 정보_20260120
2025-11,수원시 영통구,망포2동,서적/문구/학습자재,20대,408916,35,11683,미확인,0.35,1,남,2026-01-20,공공데이터포털_경기도 수원시_지역화폐 결제 정보_20260120
2025-11,수원시 영통구,망포2동,신변잡화,20대,3112,2,1556,미확인,0.35,1,남,2026-01-20,공공데이터포털_경기도 수원시_지역화폐 결제 정보_20260120
2025-11,수원시 영통구,망포2동,약국,20대,274870,78,3524,미확인,0.35,1,남,2026-01-20,공공데이터포털_경기도 수원시_지역화폐 결제 정보_20260120
2025-11,수원시 영통구,망포2동,용역서비스,20대,217360,13,16720,미확인,0.35,1,남,2026-01-20,공공데이터포털_경기도 수원시_지역화폐 결제 정보_20260120
2025-11,수원시 영통구,망포2동,음료/식품,20대,911587,157,5806,미확인,0.35,1,남,2026-01-20,공공데이터포털_경기도 수원시_지역화폐 결제 정보_20260120
2025-11,수원시 영통구,망포2동,의원,20대,2006758,57,35206,미확인,0.35,1,남,2026-01-20,공공데이터포털_경기도 수원시_지역화폐 결제 정보_20260120
2025-11,수원시 영통구,망포2동,일반/휴게 음식,20대,4046279,563,7187,미확인,0.35,1,남,2026-01-20,공공데이터포털_경기도 수원시_지역화폐 결제 정보_20260120
2025-11,수원시 영통구,망포2동,일반유통,20대,837541,239,3504,미확인,0.35,1,남,2026-01-20,공공데이터포털_경기도 수원시_지역화폐 결제 정보_20260120
2025-11,수원시 영통구,망포2동,자동차판매,20대,1211,1,1211,미확인,0.35,1,남,2026-01-20,공공데이터포털_경기도 수원시_지역화폐 결제 정보_20260120
2025-11,수원시 영통구,망포2동,전자제품,20대,12000,1,12000,미확인,0.35,1,남,2026-01-20,공공데이터포털_경기도 수원시_지역화폐 결제 정보_20260120
2025-11,수원시 영통구,망포2동,직물/침구류,20대,61014,1,61014,미확인,0.35,1,남,2026-01-20,공공데이터포털_경기도 수원시_지역화폐 결제 정보_20260120
2025-11,수원시 영통구,망포2동,학원,20대,509713,19,26827,미확인,0.35,1,남,2026-01-20,공공데이터포털_경기도 수원시_지역화폐 결제 정보_20260120
2025-11,수원시 영통구,망포2동,기타유통,30대,2099,1,2099,미확인,0.35,1,남,2026-01-20,공공데이터포털_경기도 수원시_지역화폐 결제 정보_20260120
2025-11,수원시 영통구,망포2동,기타의료,30대,166959,42,3975,미확인,0.35,1,남,2026-01-20,공공데이터포털_경기도 수원시_지역화폐 결제 정보_20260120
2025-11,수원시 영통구,망포2동,레저/문화 용품,30대,91085,15,6072,미확인,0.35,1,남,2026-01-20,공공데이터포털_경기도 수원시_지역화폐 결제 정보_20260120
2025-11,수원시 영통구,망포2동,레저/스포츠 서비스,30대,1148698,311,3694,미확인,0.35,1,남,2026-01-20,공공데이터포털_경기도 수원시_지역화폐 결제 정보_20260120
2025-11,수원시 영통구,망포2동,문화/취미,30대,135450,28,4838,미확인,0.35,1,남,2026-01-20,공공데이터포털_경기도 수원시_지역화폐 결제 정보_20260120
2025-11,수원시 영통구,망포2동,미용/위생,30대,2254152,213,10583,미확인,0.35,1,남,2026-01-20,공공데이터포털_경기도 수원시_지역화폐 결제 정보_20260120
2025-11,수원시 영통구,망포2동,병원,30대,26848,6,4475,미확인,0.35,1,남,2026-01-20,공공데이터포털_경기도 수원시_지역화폐 결제 정보_20260120
2025-11,수원시 영통구,망포2동,서적/문구/학습자재,30대,457843,105,4360,미확인,0.35,1,남,2026-01-20,공공데이터포털_경기도 수원시_지역화폐 결제 정보_20260120
2025-11,수원시 영통구,망포2동,신변잡화,30대,22822,18,1268,미확인,0.35,1,남,2026-01-20,공공데이터포털_경기도 수원시_지역화폐 결제 정보_20260120
2025-11,수원시 영통구,망포2동,약국,30대,1921527,870,2209,미확인,0.35,1,남,2026-01-20,공공데이터포털_경기도 수원시_지역화폐 결제 정보_20260120
2025-11,수원시 영통구,망포2동,용역서비스,30대,411320,63,6529,미확인,0.35,1,남,2026-01-20,공공데이터포털_경기도 수원시_지역화폐 결제 정보_20260120
2025-11,수원시 영통구,망포2동,음료/식품,30대,2977758,978,3045,미확인,0.35,1,남,2026-01-20,공공데이터포털_경기도 수원시_지역화폐 결제 정보_20260120
2025-11,수원시 영통구,망포2동,의류,30대,11996,1,11996,미확인,0.35,1,남,2026-01-20,공공데이터포털_경기도 수원시_지역화폐 결제 정보_20260120
2025-11,수원시 영통구,망포2동,의원,30대,5947310,474,12547,미확인,0.35,1,남,2026-01-20,공공데이터포털_경기도 수원시_지역화폐 결제 정보_20260120
2025-11,수원시 영통구,망포2동,일반/휴게 음식,30대,6770673,2418,2800,미확인,0.35,1,남,2026-01-20,공공데이터포털_경기도 수원시_지역화폐 결제 정보_20260120
2025-11,수원시 영통구,망포2동,일반유통,30대,2753962,1243,2216,미확인,0.35,1,남,2026-01-20,공공데이터포털_경기도 수원시_지역화폐 결제 정보_20260120
2025-11,수원시 영통구,망포2동,자동차 정비/유지,30대,19106,2,9553,미확인,0.35,1,남,2026-01-20,공공데이터포털_경기도 수원시_지역화폐 결제 정보_20260120
2025-11,수원시 영통구,망포2동,자동차판매,30대,181575,3,60525,미확인,0.35,1,남,2026-01-20,공공데이터포털_경기도 수원시_지역화폐 결제 정보_20260120
2025-11,수원시 영통구,망포2동,전자제품,30대,786,2,393,미확인,0.35,1,남,2026-01-20,공공데이터포털_경기도 수원시_지역화폐 결제 정보_20260120
2025-11,수원시 영통구,망포2동,직물/침구류,30대,52692,2,26346,미확인,0.35,1,남,2026-01-20,공공데이터포털_경기도 수원시_지역화폐 결제 정보_20260120
2025-11,수원시 영통구,망포2동,학원,30대,4473557,141,31727,미확인,0.35,1,남,2026-01-20,공공데이터포털_경기도 수원시_지역화폐 결제 정보_20260120
2025-11,수원시 영통구,망포2동,기타유통,40대,77247,2,38624,미확인,0.35,1,남,2026-01-20,공공데이터포털_경기도 수원시_지역화폐 결제 정보_20260120
2025-11,수원시 영통구,망포2동,기타의료,40대,278842,67,4162,미확인,0.35,1,남,2026-01-20,공공데이터포털_경기도 수원시_지역화폐 결제 정보_20260120
2025-11,수원시 영통구,망포2동,레저/문화 용품,40대,161549,27,5983,미확인,0.35,1,남,2026-01-20,공공데이터포털_경기도 수원시_지역화폐 결제 정보_20260120
2025-11,수원시 영통구,망포2동,레저/스포츠 서비스,40대,3188707,395,8073,미확인,0.35,1,남,2026-01-20,공공데이터포털_경기도 수원시_지역화폐 결제 정보_20260120
2025-11,수원시 영통구,망포2동,문화/취미,40대,203919,45,4532,미확인,0.35,1,남,2026-01-20,공공데이터포털_경기도 수원시_지역화폐 결제 정보_20260120
2025-11,수원시 영통구,망포2동,미용/위생,40대,4607914,455,10127,미확인,0.35,1,남,2026-01-20,공공데이터포털_경기도 수원시_지역화폐 결제 정보_20260120
2025-11,수원시 영통구,망포2동,병원,40대,9048,1,9048,미확인,0.35,1,남,2026-01-20,공공데이터포털_경기도 수원시_지역화폐 결제 정보_20260120
2025-11,수원시 영통구,망포2동,서적/문구/학습자재,40대,2646544,527,5022,미확인,0.35,1,남,2026-01-20,공공데이터포털_경기도 수원시_지역화폐 결제 정보_20260120
2025-11,수원시 영통구,망포2동,신변잡화,40대,62669,51,1229,미확인,0.35,1,남,2026-01-20,공공데이터포털_경기도 수원시_지역화폐 결제 정보_20260120
2025-11,수원시 영통구,망포2동,약국,40대,3327432,1647,2020,미확인,0.35,1,남,2026-01-20,공공데이터포털_경기도 수원시_지역화폐 결제 정보_20260120
2025-11,수원시 영통구,망포2동,용역서비스,40대,724228,150,4828,미확인,0.35,1,남,2026-01-20,공공데이터포털_경기도 수원시_지역화폐 결제 정보_20260120
2025-11,수원시 영통구,망포2동,음료/식품,40대,7589566,2555,2970,미확인,0.35,1,남,2026-01-20,공공데이터포털_경기도 수원시_지역화폐 결제 정보_20260120
2025-11,수원시 영통구,망포2동,의류,40대,34757,1,34757,미확인,0.35,1,남,2026-01-20,공공데이터포털_경기도 수원시_지역화폐 결제 정보_20260120
2025-11,수원시 영통구,망포2동,의원,40대,7174424,991,7240,미확인,0.35,1,남,2026-01-20,공공데이터포털_경기도 수원시_지역화폐 결제 정보_20260120
2025-11,수원시 영통구,망포2동,일반/휴게 음식,40대,11713978,4389,2669,미확인,0.35,1,남,2026-01-20,공공데이터포털_경기도 수원시_지역화폐 결제 정보_20260120
2025-11,수원시 영통구,망포2동,일반유통,40대,6521265,2720,2398,미확인,0.35,1,남,2026-01-20,공공데이터포털_경기도 수원시_지역화폐 결제 정보_20260120
2025-11,수원시 영통구,망포2동,자동차 정비/유지,40대,189340,4,47335,미확인,0.35,1,남,2026-01-20,공공데이터포털_경기도 수원시_지역화폐 결제 정보_20260120
2025-11,수원시 영통구,망포2동,자동차판매,40대,130879,7,18697,미확인,0.35,1,남,2026-01-20,공공데이터포털_경기도 수원시_지역화폐 결제 정보_20260120
2025-11,수원시 영통구,망포2동,전자제품,40대,59022,41,1440,미확인,0.35,1,남,2026-01-20,공공데이터포털_경기도 수원시_지역화폐 결제 정보_20260120
2025-11,수원시 영통구,망포2동,직물/침구류,40대,105000,2,52500,미확인,0.35,1,남,2026-01-20,공공데이터포털_경기도 수원시_지역화폐 결제 정보_20260120
2025-11,수원시 영통구,망포2동,학원,40대,42032005,1373,30613,미확인,0.35,1,남,2026-01-20,공공데이터포털_경기도 수원시_지역화폐 결제 정보_20260120
2025-11,수원시 영통구,망포2동,건축자재,50대,7298,1,7298,미확인,0.35,1,남,2026-01-20,공공데이터포털_경기도 수원시_지역화폐 결제 정보_20260120
2025-11,수원시 영통구,망포2동,기타의료,50대,262375,28,9371,미확인,0.35,1,남,2026-01-20,공공데이터포털_경기도 수원시_지역화폐 결제 정보_20260120
2025-11,수원시 영통구,망포2동,레저/문화 용품,50대,16100,9,1789,미확인,0.35,1,남,2026-01-20,공공데이터포털_경기도 수원시_지역화폐 결제 정보_20260120
2025-11,수원시 영통구,망포2동,레저/스포츠 서비스,50대,873592,91,9600,미확인,0.35,1,남,2026-01-20,공공데이터포털_경기도 수원시_지역화폐 결제 정보_20260120
2025-11,수원시 영통구,망포2동,문화/취미,50대,66931,23,2910,미확인,0.35,1,남,2026-01-20,공공데이터포털_경기도 수원시_지역화폐 결제 정보_20260120
2025-11,수원시 영통구,망포2동,미용/위생,50대,1613626,220,7335,미확인,0.35,1,남,2026-01-20,공공데이터포털_경기도 수원시_지역화폐 결제 정보_20260120
2025-11,수원시 영통구,망포2동,서적/문구/학습자재,50대,903145,191,4729,미확인,0.35,1,남,2026-01-20,공공데이터포털_경기도 수원시_지역화폐 결제 정보_20260120
2025-11,수원시 영통구,망포2동,신변잡화,50대,16937,8,2117,미확인,0.35,1,남,2026-01-20,공공데이터포털_경기도 수원시_지역화폐 결제 정보_20260120
2025-11,수원시 영통구,망포2동,약국,50대,1088503,369,2950,미확인,0.35,1,남,2026-01-20,공공데이터포털_경기도 수원시_지역화폐 결제 정보_20260120
2025-11,수원시 영통구,망포2동,용역서비스,50대,300167,59,5088,미확인,0.35,1,남,2026-01-20,공공데이터포털_경기도 수원시_지역화폐 결제 정보_20260120
2025-11,수원시 영통구,망포2동,음료/식품,50대,2786353,749,3720,미확인,0.35,1,남,2026-01-20,공공데이터포털_경기도 수원시_지역화폐 결제 정보_20260120
2025-11,수원시 영통구,망포2동,의류,50대,59787,4,14947,미확인,0.35,1,남,2026-01-20,공공데이터포털_경기도 수원시_지역화폐 결제 정보_20260120
2025-11,수원시 영통구,망포2동,의원,50대,2413655,238,10141,미확인,0.35,1,남,2026-01-20,공공데이터포털_경기도 수원시_지역화폐 결제 정보_20260120
2025-11,수원시 영통구,망포2동,일반/휴게 음식,50대,5808710,1851,3138,미확인,0.35,1,남,2026-01-20,공공데이터포털_경기도 수원시_지역화폐 결제 정보_20260120
2025-11,수원시 영통구,망포2동,일반유통,50대,2976295,1047,2843,미확인,0.35,1,남,2026-01-20,공공데이터포털_경기도 수원시_지역화폐 결제 정보_20260120
2025-11,수원시 영통구,망포2동,자동차 정비/유지,50대,66809,5,13362,미확인,0.35,1,남,2026-01-20,공공데이터포털_경기도 수원시_지역화폐 결제 정보_20260120
2025-11,수원시 영통구,망포2동,자동차판매,50대,22014,3,7338,미확인,0.35,1,남,2026-01-20,공공데이터포털_경기도 수원시_지역화폐 결제 정보_20260120
2025-11,수원시 영통구,망포2동,전자제품,50대,29664,9,3296,미확인,0.35,1,남,2026-01-20,공공데이터포털_경기도 수원시_지역화폐 결제 정보_20260120
2025-11,수원시 영통구,망포2동,직물/침구류,50대,75348,2,37674,미확인,0.35,1,남,2026-01-20,공공데이터포털_경기도 수원시_지역화폐 결제 정보_20260120
2025-11,수원시 영통구,망포2동,학원,50대,8776785,262,33499,미확인,0.35,1,남,2026-01-20,공공데이터포털_경기도 수원시_지역화폐 결제 정보_20260120
2025-11,수원시 영통구,망포2동,기타유통,60대 이상,26797,3,8932,미확인,0.35,1,남,2026-01-20,공공데이터포털_경기도 수원시_지역화폐 결제 정보_20260120
2025-11,수원시 영통구,망포2동,기타의료,60대 이상,159915,18,8884,미확인,0.35,1,남,2026-01-20,공공데이터포털_경기도 수원시_지역화폐 결제 정보_20260120
2025-11,수원시 영통구,망포2동,레저/문화 용품,60대 이상,46581,5,9316,미확인,0.35,1,남,2026-01-20,공공데이터포털_경기도 수원시_지역화폐 결제 정보_20260120
2025-11,수원시 영통구,망포2동,레저/스포츠 서비스,60대 이상,374987,44,8522,미확인,0.35,1,남,2026-01-20,공공데이터포털_경기도 수원시_지역화폐 결제 정보_20260120
2025-11,수원시 영통구,망포2동,문화/취미,60대 이상,79033,12,6586,미확인,0.35,1,남,2026-01-20,공공데이터포털_경기도 수원시_지역화폐 결제 정보_20260120
2025-11,수원시 영통구,망포2동,미용/위생,60대 이상,590223,53,11136,미확인,0.35,1,남,2026-01-20,공공데이터포털_경기도 수원시_지역화폐 결제 정보_20260120
2025-11,수원시 영통구,망포2동,병원,60대 이상,65295,3,21765,미확인,0.35,1,남,2026-01-20,공공데이터포털_경기도 수원시_지역화폐 결제 정보_20260120
2025-11,수원시 영통구,망포2동,사무/통신,60대 이상,850,1,850,미확인,0.35,1,남,2026-01-20,공공데이터포털_경기도 수원시_지역화폐 결제 정보_20260120
2025-11,수원시 영통구,망포2동,서적/문구/학습자재,60대 이상,216602,23,9417,미확인,0.35,1,남,2026-01-20,공공데이터포털_경기도 수원시_지역화폐 결제 정보_20260120
2025-11,수원시 영통구,망포2동,약국,60대 이상,507137,172,2948,미확인,0.35,1,남,2026-01-20,공공데이터포털_경기도 수원시_지역화폐 결제 정보_20260120
2025-11,수원시 영통구,망포2동,용역서비스,60대 이상,204862,22,9312,미확인,0.35,1,남,2026-01-20,공공데이터포털_경기도 수원시_지역화폐 결제 정보_20260120
2025-11,수원시 영통구,망포2동,음료/식품,60대 이상,753218,233,3233,미확인,0.35,1,남,2026-01-20,공공데이터포털_경기도 수원시_지역화폐 결제 정보_20260120
2025-11,수원시 영통구,망포2동,의류,60대 이상,313353,4,78338,미확인,0.35,1,남,2026-01-20,공공데이터포털_경기도 수원시_지역화폐 결제 정보_20260120
2025-11,수원시 영통구,망포2동,의원,60대 이상,1323842,98,13509,미확인,0.35,1,남,2026-01-20,공공데이터포털_경기도 수원시_지역화폐 결제 정보_20260120
2025-11,수원시 영통구,망포2동,일반/휴게 음식,60대 이상,2249584,633,3554,미확인,0.35,1,남,2026-01-20,공공데이터포털_경기도 수원시_지역화폐 결제 정보_20260120
2025-11,수원시 영통구,망포2동,일반유통,60대 이상,725586,292,2485,미확인,0.35,1,남,2026-01-20,공공데이터포털_경기도 수원시_지역화폐 결제 정보_20260120
2025-11,수원시 영통구,망포2동,자동차판매,60대 이상,33176,1,33176,미확인,0.35,1,남,2026-01-20,공공데이터포털_경기도 수원시_지역화폐 결제 정보_20260120
2025-11,수원시 영통구,망포2동,전자제품,60대 이상,2219,2,1110,미확인,0.35,1,남,2026-01-20,공공데이터포털_경기도 수원시_지역화폐 결제 정보_20260120
2025-11,수원시 영통구,망포2동,학원,60대 이상,1233009,27,45667,미확인,0.35,1,남,2026-01-20,공공데이터포털_경기도 수원시_지역화폐 결제 정보_20260120
2025-11,수원시 영통구,망포2동,레저/스포츠 서비스,10대,3475,8,434,미확인,0.35,1,여,2026-01-20,공공데이터포털_경기도 수원시_지역화폐 결제 정보_20260120
2025-11,수원시 영통구,망포2동,문화/취미,10대,22161,4,5540,미확인,0.35,1,여,2026-01-20,공공데이터포털_경기도 수원시_지역화폐 결제 정보_20260120
2025-11,수원시 영통구,망포2동,미용/위생,10대,42128,7,6018,미확인,0.35,1,여,2026-01-20,공공데이터포털_경기도 수원시_지역화폐 결제 정보_20260120
2025-11,수원시 영통구,망포2동,서적/문구/학습자재,10대,182208,33,5521,미확인,0.35,1,여,2026-01-20,공공데이터포털_경기도 수원시_지역화폐 결제 정보_20260120
2025-11,수원시 영통구,망포2동,약국,10대,33134,25,1325,미확인,0.35,1,여,2026-01-20,공공데이터포털_경기도 수원시_지역화폐 결제 정보_20260120
2025-11,수원시 영통구,망포2동,용역서비스,10대,8484,2,4242,미확인,0.35,1,여,2026-01-20,공공데이터포털_경기도 수원시_지역화폐 결제 정보_20260120
2025-11,수원시 영통구,망포2동,음료/식품,10대,49717,28,1776,미확인,0.35,1,여,2026-01-20,공공데이터포털_경기도 수원시_지역화폐 결제 정보_20260120
2025-11,수원시 영통구,망포2동,의원,10대,161589,15,10773,미확인,0.35,1,여,2026-01-20,공공데이터포털_경기도 수원시_지역화폐 결제 정보_20260120
2025-11,수원시 영통구,망포2동,일반/휴게 음식,10대,347038,126,2754,미확인,0.35,1,여,2026-01-20,공공데이터포털_경기도 수원시_지역화폐 결제 정보_20260120
2025-11,수원시 영통구,망포2동,일반유통,10대,147611,96,1538,미확인,0.35,1,여,2026-01-20,공공데이터포털_경기도 수원시_지역화폐 결제 정보_20260120
2025-11,수원시 영통구,망포2동,학원,10대,780748,30,26025,미확인,0.35,1,여,2026-01-20,공공데이터포털_경기도 수원시_지역화폐 결제 정보_20260120
2025-11,수원시 영통구,망포2동,기타의료,20대,34668,11,3152,미확인,0.35,1,여,2026-01-20,공공데이터포털_경기도 수원시_지역화폐 결제 정보_20260120
2025-11,수원시 영통구,망포2동,레저/문화 용품,20대,40000,1,40000,미확인,0.35,1,여,2026-01-20,공공데이터포털_경기도 수원시_지역화폐 결제 정보_20260120
2025-11,수원시 영통구,망포2동,레저/스포츠 서비스,20대,1182354,91,12993,미확인,0.35,1,여,2026-01-20,공공데이터포털_경기도 수원시_지역화폐 결제 정보_20260120
2025-11,수원시 영통구,망포2동,문화/취미,20대,157648,16,9853,미확인,0.35,1,여,2026-01-20,공공데이터포털_경기도 수원시_지역화폐 결제 정보_20260120
2025-11,수원시 영통구,망포2동,미용/위생,20대,3995075,76,52567,미확인,0.35,1,여,2026-01-20,공공데이터포털_경기도 수원시_지역화폐 결제 정보_20260120
2025-11,수원시 영통구,망포2동,서적/문구/학습자재,20대,1493483,114,13101,미확인,0.35,1,여,2026-01-20,공공데이터포털_경기도 수원시_지역화폐 결제 정보_20260120
2025-11,수원시 영통구,망포2동,약국,20대,825727,175,4718,미확인,0.35,1,여,2026-01-20,공공데이터포털_경기도 수원시_지역화폐 결제 정보_20260120
2025-11,수원시 영통구,망포2동,용역서비스,20대,372246,20,18612,미확인,0.35,1,여,2026-01-20,공공데이터포털_경기도 수원시_지역화폐 결제 정보_20260120
2025-11,수원시 영통구,망포2동,음료/식품,20대,1724117,282,6114,미확인,0.35,1,여,2026-01-20,공공데이터포털_경기도 수원시_지역화폐 결제 정보_20260120
2025-11,수원시 영통구,망포2동,의류,20대,148000,1,148000,미확인,0.35,1,여,2026-01-20,공공데이터포털_경기도 수원시_지역화폐 결제 정보_20260120
2025-11,수원시 영통구,망포2동,의원,20대,2712218,107,25348,미확인,0.35,1,여,2026-01-20,공공데이터포털_경기도 수원시_지역화폐 결제 정보_20260120
2025-11,수원시 영통구,망포2동,일반/휴게 음식,20대,5790265,1060,5463,미확인,0.35,1,여,2026-01-20,공공데이터포털_경기도 수원시_지역화폐 결제 정보_20260120
2025-11,수원시 영통구,망포2동,일반유통,20대,1606197,277,5799,미확인,0.35,1,여,2026-01-20,공공데이터포털_경기도 수원시_지역화폐 결제 정보_20260120
2025-11,수원시 영통구,망포2동,자동차 정비/유지,20대,699,1,699,미확인,0.35,1,여,2026-01-20,공공데이터포털_경기도 수원시_지역화폐 결제 정보_20260120
2025-11,수원시 영통구,망포2동,자동차판매,20대,2681,1,2681,미확인,0.35,1,여,2026-01-20,공공데이터포털_경기도 수원시_지역화폐 결제 정보_20260120
2025-11,수원시 영통구,망포2동,전자제품,20대,5250,3,1750,미확인,0.35,1,여,2026-01-20,공공데이터포털_경기도 수원시_지역화폐 결제 정보_20260120
2025-11,수원시 영통구,망포2동,학원,20대,596588,24,24858,미확인,0.35,1,여,2026-01-20,공공데이터포털_경기도 수원시_지역화폐 결제 정보_20260120
2025-11,수원시 영통구,망포2동,기타유통,30대,8898,1,8898,미확인,0.35,1,여,2026-01-20,공공데이터포털_경기도 수원시_지역화폐 결제 정보_20260120
2025-11,수원시 영통구,망포2동,기타의료,30대,776055,119,6521,미확인,0.35,1,여,2026-01-20,공공데이터포털_경기도 수원시_지역화폐 결제 정보_20260120
2025-11,수원시 영통구,망포2동,레저/문화 용품,30대,8563,3,2854,미확인,0.35,1,여,2026-01-20,공공데이터포털_경기도 수원시_지역화폐 결제 정보_20260120
2025-11,수원시 영통구,망포2동,레저/스포츠 서비스,30대,2392226,362,6608,미확인,0.35,1,여,2026-01-20,공공데이터포털_경기도 수원시_지역화폐 결제 정보_20260120
2025-11,수원시 영통구,망포2동,문화/취미,30대,363510,43,8454,미확인,0.35,1,여,2026-01-20,공공데이터포털_경기도 수원시_지역화폐 결제 정보_20260120
2025-11,수원시 영통구,망포2동,미용/위생,30대,6863971,301,22804,미확인,0.35,1,여,2026-01-20,공공데이터포털_경기도 수원시_지역화폐 결제 정보_20260120
2025-11,수원시 영통구,망포2동,병원,30대,54595,3,18198,미확인,0.35,1,여,2026-01-20,공공데이터포털_경기도 수원시_지역화폐 결제 정보_20260120
2025-11,수원시 영통구,망포2동,서적/문구/학습자재,30대,1910224,331,5771,미확인,0.35,1,여,2026-01-20,공공데이터포털_경기도 수원시_지역화폐 결제 정보_20260120
2025-11,수원시 영통구,망포2동,신변잡화,30대,827923,33,25089,미확인,0.35,1,여,2026-01-20,공공데이터포털_경기도 수원시_지역화폐 결제 정보_20260120
2025-11,수원시 영통구,망포2동,약국,30대,3503140,2072,1691,미확인,0.35,1,여,2026-01-20,공공데이터포털_경기도 수원시_지역화폐 결제 정보_20260120
2025-11,수원시 영통구,망포2동,용역서비스,30대,2514264,97,25920,미확인,0.35,1,여,2026-01-20,공공데이터포털_경기도 수원시_지역화폐 결제 정보_20260120
2025-11,수원시 영통구,망포2동,음료/식품,30대,6085191,1996,3049,미확인,0.35,1,여,2026-01-20,공공데이터포털_경기도 수원시_지역화폐 결제 정보_20260120
2025-11,수원시 영통구,망포2동,의원,30대,9958643,1177,8461,미확인,0.35,1,여,2026-01-20,공공데이터포털_경기도 수원시_지역화폐 결제 정보_20260120
2025-11,수원시 영통구,망포2동,일반/휴게 음식,30대,10993433,4622,2379,미확인,0.35,1,여,2026-01-20,공공데이터포털_경기도 수원시_지역화폐 결제 정보_20260120
2025-11,수원시 영통구,망포2동,일반유통,30대,4263289,1553,2745,미확인,0.35,1,여,2026-01-20,공공데이터포털_경기도 수원시_지역화폐 결제 정보_20260120
2025-11,수원시 영통구,망포2동,자동차 정비/유지,30대,1755,1,1755,미확인,0.35,1,여,2026-01-20,공공데이터포털_경기도 수원시_지역화폐 결제 정보_20260120
2025-11,수원시 영통구,망포2동,자동차판매,30대,52338,2,26169,미확인,0.35,1,여,2026-01-20,공공데이터포털_경기도 수원시_지역화폐 결제 정보_20260120
2025-11,수원시 영통구,망포2동,전자제품,30대,7836,16,490,미확인,0.35,1,여,2026-01-20,공공데이터포털_경기도 수원시_지역화폐 결제 정보_20260120
2025-11,수원시 영통구,망포2동,학원,30대,11883845,410,28985,미확인,0.35,1,여,2026-01-20,공공데이터포털_경기도 수원시_지역화폐 결제 정보_20260120
2025-11,수원시 영통구,망포2동,건축자재,40대,15320,1,15320,미확인,0.35,1,여,2026-01-20,공공데이터포털_경기도 수원시_지역화폐 결제 정보_20260120
2025-11,수원시 영통구,망포2동,기타유통,40대,3700,2,1850,미확인,0.35,1,여,2026-01-20,공공데이터포털_경기도 수원시_지역화폐 결제 정보_20260120
2025-11,수원시 영통구,망포2동,기타의료,40대,822627,144,5713,미확인,0.35,1,여,2026-01-20,공공데이터포털_경기도 수원시_지역화폐 결제 정보_20260120
2025-11,수원시 영통구,망포2동,레저/문화 용품,40대,67951,9,7550,미확인,0.35,1,여,2026-01-20,공공데이터포털_경기도 수원시_지역화폐 결제 정보_20260120
2025-11,수원시 영통구,망포2동,레저/스포츠 서비스,40대,3511885,449,7822,미확인,0.35,1,여,2026-01-20,공공데이터포털_경기도 수원시_지역화폐 결제 정보_20260120
2025-11,수원시 영통구,망포2동,문화/취미,40대,302283,59,5123,미확인,0.35,1,여,2026-01-20,공공데이터포털_경기도 수원시_지역화폐 결제 정보_20260120
2025-11,수원시 영통구,망포2동,미용/위생,40대,6466589,507,12755,미확인,0.35,1,여,2026-01-20,공공데이터포털_경기도 수원시_지역화폐 결제 정보_20260120
2025-11,수원시 영통구,망포2동,병원,40대,13065,1,13065,미확인,0.35,1,여,2026-01-20,공공데이터포털_경기도 수원시_지역화폐 결제 정보_20260120
2025-11,수원시 영통구,망포2동,서적/문구/학습자재,40대,5973839,1129,5291,미확인,0.35,1,여,2026-01-20,공공데이터포털_경기도 수원시_지역화폐 결제 정보_20260120
2025-11,수원시 영통구,망포2동,신변잡화,40대,87948,87,1011,미확인,0.35,1,여,2026-01-20,공공데이터포털_경기도 수원시_지역화폐 결제 정보_20260120
2025-11,수원시 영통구,망포2동,약국,40대,4902630,2358,2079,미확인,0.35,1,여,2026-01-20,공공데이터포털_경기도 수원시_지역화폐 결제 정보_20260120
2025-11,수원시 영통구,망포2동,용역서비스,40대,1807561,212,8526,미확인,0.35,1,여,2026-01-20,공공데이터포털_경기도 수원시_지역화폐 결제 정보_20260120
2025-11,수원시 영통구,망포2동,음료/식품,40대,10446177,4334,2410,미확인,0.35,1,여,2026-01-20,공공데이터포털_경기도 수원시_지역화폐 결제 정보_20260120
2025-11,수원시 영통구,망포2동,의류,40대,302723,11,27520,미확인,0.35,1,여,2026-01-20,공공데이터포털_경기도 수원시_지역화폐 결제 정보_20260120
2025-11,수원시 영통구,망포2동,의원,40대,10695144,1445,7401,미확인,0.35,1,여,2026-01-20,공공데이터포털_경기도 수원시_지역화폐 결제 정보_20260120
2025-11,수원시 영통구,망포2동,일반/휴게 음식,40대,18547396,8123,2283,미확인,0.35,1,여,2026-01-20,공공데이터포털_경기도 수원시_지역화폐 결제 정보_20260120
2025-11,수원시 영통구,망포2동,일반유통,40대,8514324,3489,2440,미확인,0.35,1,여,2026-01-20,공공데이터포털_경기도 수원시_지역화폐 결제 정보_20260120
2025-11,수원시 영통구,망포2동,자동차 정비/유지,40대,45582,3,15194,미확인,0.35,1,여,2026-01-20,공공데이터포털_경기도 수원시_지역화폐 결제 정보_20260120
2025-11,수원시 영통구,망포2동,자동차판매,40대,13510,2,6755,미확인,0.35,1,여,2026-01-20,공공데이터포털_경기도 수원시_지역화폐 결제 정보_20260120
2025-11,수원시 영통구,망포2동,전자제품,40대,31240,45,694,미확인,0.35,1,여,2026-01-20,공공데이터포털_경기도 수원시_지역화폐 결제 정보_20260120
2025-11,수원시 영통구,망포2동,직물/침구류,40대,63149,2,31574,미확인,0.35,1,여,2026-01-20,공공데이터포털_경기도 수원시_지역화폐 결제 정보_20260120
2025-11,수원시 영통구,망포2동,학원,40대,44115240,1586,27815,미확인,0.35,1,여,2026-01-20,공공데이터포털_경기도 수원시_지역화폐 결제 정보_20260120
2025-11,수원시 영통구,망포2동,건축자재,50대,6000,1,6000,미확인,0.35,1,여,2026-01-20,공공데이터포털_경기도 수원시_지역화폐 결제 정보_20260120
2025-11,수원시 영통구,망포2동,기타유통,50대,104750,4,26188,미확인,0.35,1,여,2026-01-20,공공데이터포털_경기도 수원시_지역화폐 결제 정보_20260120
2025-11,수원시 영통구,망포2동,기타의료,50대,192797,56,3443,미확인,0.35,1,여,2026-01-20,공공데이터포털_경기도 수원시_지역화폐 결제 정보_20260120
2025-11,수원시 영통구,망포2동,레저/문화 용품,50대,16319,3,5440,미확인,0.35,1,여,2026-01-20,공공데이터포털_경기도 수원시_지역화폐 결제 정보_20260120
2025-11,수원시 영통구,망포2동,레저/스포츠 서비스,50대,1270782,144,8825,미확인,0.35,1,여,2026-01-20,공공데이터포털_경기도 수원시_지역화폐 결제 정보_20260120
2025-11,수원시 영통구,망포2동,문화/취미,50대,117361,26,4514,미확인,0.35,1,여,2026-01-20,공공데이터포털_경기도 수원시_지역화폐 결제 정보_20260120
2025-11,수원시 영통구,망포2동,미용/위생,50대,1917793,160,11986,미확인,0.35,1,여,2026-01-20,공공데이터포털_경기도 수원시_지역화폐 결제 정보_20260120
2025-11,수원시 영통구,망포2동,서적/문구/학습자재,50대,1023578,193,5304,미확인,0.35,1,여,2026-01-20,공공데이터포털_경기도 수원시_지역화폐 결제 정보_20260120
2025-11,수원시 영통구,망포2동,신변잡화,50대,17591,4,4398,미확인,0.35,1,여,2026-01-20,공공데이터포털_경기도 수원시_지역화폐 결제 정보_20260120
2025-11,수원시 영통구,망포2동,약국,50대,1438593,503,2860,미확인,0.35,1,여,2026-01-20,공공데이터포털_경기도 수원시_지역화폐 결제 정보_20260120
2025-11,수원시 영통구,망포2동,용역서비스,50대,669401,115,5821,미확인,0.35,1,여,2026-01-20,공공데이터포털_경기도 수원시_지역화폐 결제 정보_20260120
2025-11,수원시 영통구,망포2동,음료/식품,50대,4276889,1233,3469,미확인,0.35,1,여,2026-01-20,공공데이터포털_경기도 수원시_지역화폐 결제 정보_20260120
2025-11,수원시 영통구,망포2동,의류,50대,148707,13,11439,미확인,0.35,1,여,2026-01-20,공공데이터포털_경기도 수원시_지역화폐 결제 정보_20260120
2025-11,수원시 영통구,망포2동,의원,50대,3244107,327,9921,미확인,0.35,1,여,2026-01-20,공공데이터포털_경기도 수원시_지역화폐 결제 정보_20260120
2025-11,수원시 영통구,망포2동,일반/휴게 음식,50대,8591793,2827,3039,미확인,0.35,1,여,2026-01-20,공공데이터포털_경기도 수원시_지역화폐 결제 정보_20260120
2025-11,수원시 영통구,망포2동,일반유통,50대,2939405,900,3266,미확인,0.35,1,여,2026-01-20,공공데이터포털_경기도 수원시_지역화폐 결제 정보_20260120
2025-11,수원시 영통구,망포2동,자동차 정비/유지,50대,44087,2,22044,미확인,0.35,1,여,2026-01-20,공공데이터포털_경기도 수원시_지역화폐 결제 정보_20260120
2025-11,수원시 영통구,망포2동,전자제품,50대,15711,12,1309,미확인,0.35,1,여,2026-01-20,공공데이터포털_경기도 수원시_지역화폐 결제 정보_20260120
2025-11,수원시 영통구,망포2동,직물/침구류,50대,34724,4,8681,미확인,0.35,1,여,2026-01-20,공공데이터포털_경기도 수원시_지역화폐 결제 정보_20260120
2025-11,수원시 영통구,망포2동,학원,50대,3160518,128,24692,미확인,0.35,1,여,2026-01-20,공공데이터포털_경기도 수원시_지역화폐 결제 정보_20260120
2025-11,수원시 영통구,망포2동,기타유통,60대 이상,36567,2,18284,미확인,0.35,1,여,2026-01-20,공공데이터포털_경기도 수원시_지역화폐 결제 정보_20260120
2025-11,수원시 영통구,망포2동,기타의료,60대 이상,81017,25,3241,미확인,0.35,1,여,2026-01-20,공공데이터포털_경기도 수원시_지역화폐 결제 정보_20260120
2025-11,수원시 영통구,망포2동,레저/문화 용품,60대 이상,88410,2,44205,미확인,0.35,1,여,2026-01-20,공공데이터포털_경기도 수원시_지역화폐 결제 정보_20260120
2025-11,수원시 영통구,망포2동,레저/스포츠 서비스,60대 이상,637564,70,9108,미확인,0.35,1,여,2026-01-20,공공데이터포털_경기도 수원시_지역화폐 결제 정보_20260120
2025-11,수원시 영통구,망포2동,문화/취미,60대 이상,36065,10,3606,미확인,0.35,1,여,2026-01-20,공공데이터포털_경기도 수원시_지역화폐 결제 정보_20260120
2025-11,수원시 영통구,망포2동,미용/위생,60대 이상,1419655,83,17104,미확인,0.35,1,여,2026-01-20,공공데이터포털_경기도 수원시_지역화폐 결제 정보_20260120
2025-11,수원시 영통구,망포2동,병원,60대 이상,35747,8,4468,미확인,0.35,1,여,2026-01-20,공공데이터포털_경기도 수원시_지역화폐 결제 정보_20260120
2025-11,수원시 영통구,망포2동,서적/문구/학습자재,60대 이상,279708,58,4823,미확인,0.35,1,여,2026-01-20,공공데이터포털_경기도 수원시_지역화폐 결제 정보_20260120
2025-11,수원시 영통구,망포2동,신변잡화,60대 이상,5098,4,1274,미확인,0.35,1,여,2026-01-20,공공데이터포털_경기도 수원시_지역화폐 결제 정보_20260120
2025-11,수원시 영통구,망포2동,약국,60대 이상,1149117,320,3591,미확인,0.35,1,여,2026-01-20,공공데이터포털_경기도 수원시_지역화폐 결제 정보_20260120
2025-11,수원시 영통구,망포2동,용역서비스,60대 이상,140729,32,4398,미확인,0.35,1,여,2026-01-20,공공데이터포털_경기도 수원시_지역화폐 결제 정보_20260120
2025-11,수원시 영통구,망포2동,음료/식품,60대 이상,1448570,446,3248,미확인,0.35,1,여,2026-01-20,공공데이터포털_경기도 수원시_지역화폐 결제 정보_20260120
2025-11,수원시 영통구,망포2동,의류,60대 이상,33799,3,11266,미확인,0.35,1,여,2026-01-20,공공데이터포털_경기도 수원시_지역화폐 결제 정보_20260120
2025-11,수원시 영통구,망포2동,의원,60대 이상,1431885,187,7657,미확인,0.35,1,여,2026-01-20,공공데이터포털_경기도 수원시_지역화폐 결제 정보_20260120
2025-11,수원시 영통구,망포2동,일반/휴게 음식,60대 이상,2659063,945,2814,미확인,0.35,1,여,2026-01-20,공공데이터포털_경기도 수원시_지역화폐 결제 정보_20260120
2025-11,수원시 영통구,망포2동,일반유통,60대 이상,1120459,346,3238,미확인,0.35,1,여,2026-01-20,공공데이터포털_경기도 수원시_지역화폐 결제 정보_20260120
2025-11,수원시 영통구,망포2동,자동차판매,60대 이상,55554,2,27777,미확인,0.35,1,여,2026-01-20,공공데이터포털_경기도 수원시_지역화폐 결제 정보_20260120
2025-11,수원시 영통구,망포2동,전자제품,60대 이상,50756,4,12689,미확인,0.35,1,여,2026-01-20,공공데이터포털_경기도 수원시_지역화폐 결제 정보_20260120
2025-11,수원시 영통구,망포2동,직물/침구류,60대 이상,31565,2,15782,미확인,0.35,1,여,2026-01-20,공공데이터포털_경기도 수원시_지역화폐 결제 정보_20260120
2025-11,수원시 영통구,망포2동,학원,60대 이상,2113258,69,30627,미확인,0.35,1,여,2026-01-20,공공데이터포털_경기도 수원시_지역화폐 결제 정보_20260120
2025-11,수원시 영통구,망포2동,회원정보미상,60대 이상,161370,10,16137,미확인,0.35,1,여,2026-01-20,공공데이터포털_경기도 수원시_지역화폐 결제 정보_20260120
2025-11,수원시 영통구,망포2동,회원정보미상,60대 이상,161370,10,16137,미확인,0.35,1,여,2026-01-20,공공데이터포털_경기도 수원시_지역화폐 결제 정보_20260120
2025-11,수원시 영통구,망포2동,음료/식품,60대 이상,88410,4,22102,미확인,0.35,1,여,2026-01-20,공공데이터포털_경기도 수원시_지역화폐 결제 정보_20260120
2025-11,수원시 영통구,망포2동,일반/휴게 음식,60대 이상,24060,5,4812,미확인,0.35,1,여,2026-01-20,공공데이터포털_경기도 수원시_지역화폐 결제 정보_20260120
2025-11,수원시 영통구,망포2동,일반유통,60대 이상,48900,1,48900,미확인,0.35,1,여,2026-01-20,공공데이터포털_경기도 수원시_지역화폐 결제 정보_20260120
2025-11,수원시 영통구,매탄1동,기타의료,10대,1732,1,1732,미확인,0.35,1,남,2026-01-20,공공데이터포털_경기도 수원시_지역화폐 결제 정보_20260120
2025-11,수원시 영통구,매탄1동,레저/스포츠 서비스,10대,6662,1,6662,미확인,0.35,1,남,2026-01-20,공공데이터포털_경기도 수원시_지역화폐 결제 정보_20260120
2025-11,수원시 영통구,매탄1동,미용/위생,10대,1605,1,1605,미확인,0.35,1,남,2026-01-20,공공데이터포털_경기도 수원시_지역화폐 결제 정보_20260120
2025-11,수원시 영통구,매탄1동,신변잡화,10대,66283,2,33142,미확인,0.35,1,남,2026-01-20,공공데이터포털_경기도 수원시_지역화폐 결제 정보_20260120
2025-11,수원시 영통구,매탄1동,약국,10대,1156,1,1156,미확인,0.35,1,남,2026-01-20,공공데이터포털_경기도 수원시_지역화폐 결제 정보_20260120
2025-11,수원시 영통구,매탄1동,음료/식품,10대,37539,23,1632,미확인,0.35,1,남,2026-01-20,공공데이터포털_경기도 수원시_지역화폐 결제 정보_20260120
2025-11,수원시 영통구,매탄1동,의원,10대,5800,1,5800,미확인,0.35,1,남,2026-01-20,공공데이터포털_경기도 수원시_지역화폐 결제 정보_20260120
2025-11,수원시 영통구,매탄1동,일반/휴게 음식,10대,185964,31,5999,미확인,0.35,1,남,2026-01-20,공공데이터포털_경기도 수원시_지역화폐 결제 정보_20260120
2025-11,수원시 영통구,매탄1동,일반유통,10대,39139,5,7828,미확인,0.35,1,남,2026-01-20,공공데이터포털_경기도 수원시_지역화폐 결제 정보_20260120
2025-11,수원시 영통구,매탄1동,자동차판매,10대,1802,1,1802,미확인,0.35,1,남,2026-01-20,공공데이터포털_경기도 수원시_지역화폐 결제 정보_20260120
2025-11,수원시 영통구,매탄1동,학원,10대,186318,5,37264,미확인,0.35,1,남,2026-01-20,공공데이터포털_경기도 수원시_지역화폐 결제 정보_20260120
2025-11,수원시 영통구,매탄1동,기타의료,20대,21313,5,4263,미확인,0.35,1,남,2026-01-20,공공데이터포털_경기도 수원시_지역화폐 결제 정보_20260120
2025-11,수원시 영통구,매탄1동,대형유통,20대,34182,3,11394,미확인,0.35,1,남,2026-01-20,공공데이터포털_경기도 수원시_지역화폐 결제 정보_20260120
2025-11,수원시 영통구,매탄1동,레저/스포츠 서비스,20대,138535,3,46178,미확인,0.35,1,남,2026-01-20,공공데이터포털_경기도 수원시_지역화폐 결제 정보_20260120
2025-11,수원시 영통구,매탄1동,문화/취미,20대,12000,1,12000,미확인,0.35,1,남,2026-01-20,공공데이터포털_경기도 수원시_지역화폐 결제 정보_20260120
2025-11,수원시 영통구,매탄1동,미용/위생,20대,508734,23,22119,미확인,0.35,1,남,2026-01-20,공공데이터포털_경기도 수원시_지역화폐 결제 정보_20260120
2025-11,수원시 영통구,매탄1동,서적/문구/학습자재,20대,500,1,500,미확인,0.35,1,남,2026-01-20,공공데이터포털_경기도 수원시_지역화폐 결제 정보_20260120
2025-11,수원시 영통구,매탄1동,신변잡화,20대,31842,1,31842,미확인,0.35,1,남,2026-01-20,공공데이터포털_경기도 수원시_지역화폐 결제 정보_20260120
2025-11,수원시 영통구,매탄1동,약국,20대,171308,21,8158,미확인,0.35,1,남,2026-01-20,공공데이터포털_경기도 수원시_지역화폐 결제 정보_20260120
2025-11,수원시 영통구,매탄1동,용역서비스,20대,82539,22,3752,미확인,0.35,1,남,2026-01-20,공공데이터포털_경기도 수원시_지역화폐 결제 정보_20260120
2025-11,수원시 영통구,매탄1동,음료/식품,20대,3290184,306,10752,미확인,0.35,1,남,2026-01-20,공공데이터포털_경기도 수원시_지역화폐 결제 정보_20260120
2025-11,수원시 영통구,매탄1동,의류,20대,515566,6,85928,미확인,0.35,1,남,2026-01-20,공공데이터포털_경기도 수원시_지역화폐 결제 정보_20260120
2025-11,수원시 영통구,매탄1동,의원,20대,283244,32,8851,미확인,0.35,1,남,2026-01-20,공공데이터포털_경기도 수원시_지역화폐 결제 정보_20260120
2025-11,수원시 영통구,매탄1동,일반/휴게 음식,20대,2089058,311,6717,미확인,0.35,1,남,2026-01-20,공공데이터포털_경기도 수원시_지역화폐 결제 정보_20260120
2025-11,수원시 영통구,매탄1동,일반유통,20대,657433,174,3778,미확인,0.35,1,남,2026-01-20,공공데이터포털_경기도 수원시_지역화폐 결제 정보_20260120
2025-11,수원시 영통구,매탄1동,학원,20대,225895,5,45179,미확인,0.35,1,남,2026-01-20,공공데이터포털_경기도 수원시_지역화폐 결제 정보_20260120
2025-11,수원시 영통구,매탄1동,기타의료,30대,1028,1,1028,미확인,0.35,1,남,2026-01-20,공공데이터포털_경기도 수원시_지역화폐 결제 정보_20260120
2025-11,수원시 영통구,매탄1동,대형유통,30대,107661,4,26915,미확인,0.35,1,남,2026-01-20,공공데이터포털_경기도 수원시_지역화폐 결제 정보_20260120
2025-11,수원시 영통구,매탄1동,문화/취미,30대,153632,7,21947,미확인,0.35,1,남,2026-01-20,공공데이터포털_경기도 수원시_지역화폐 결제 정보_20260120
2025-11,수원시 영통구,매탄1동,미용/위생,30대,312440,32,9764,미확인,0.35,1,남,2026-01-20,공공데이터포털_경기도 수원시_지역화폐 결제 정보_20260120
2025-11,수원시 영통구,매탄1동,신변잡화,30대,250000,1,250000,미확인,0.35,1,남,2026-01-20,공공데이터포털_경기도 수원시_지역화폐 결제 정보_20260120
2025-11,수원시 영통구,매탄1동,약국,30대,65682,32,2053,미확인,0.35,1,남,2026-01-20,공공데이터포털_경기도 수원시_지역화폐 결제 정보_20260120
2025-11,수원시 영통구,매탄1동,용역서비스,30대,123312,13,9486,미확인,0.35,1,남,2026-01-20,공공데이터포털_경기도 수원시_지역화폐 결제 정보_20260120
2025-11,수원시 영통구,매탄1동,음료/식품,30대,1681056,408,4120,미확인,0.35,1,남,2026-01-20,공공데이터포털_경기도 수원시_지역화폐 결제 정보_20260120
2025-11,수원시 영통구,매탄1동,의류,30대,120804,9,13423,미확인,0.35,1,남,2026-01-20,공공데이터포털_경기도 수원시_지역화폐 결제 정보_20260120
2025-11,수원시 영통구,매탄1동,의원,30대,238141,46,5177,미확인,0.35,1,남,2026-01-20,공공데이터포털_경기도 수원시_지역화폐 결제 정보_20260120
2025-11,수원시 영통구,매탄1동,일반/휴게 음식,30대,1749662,476,3676,미확인,0.35,1,남,2026-01-20,공공데이터포털_경기도 수원시_지역화폐 결제 정보_20260120
2025-11,수원시 영통구,매탄1동,일반유통,30대,438761,185,2372,미확인,0.35,1,남,2026-01-20,공공데이터포털_경기도 수원시_지역화폐 결제 정보_20260120
2025-11,수원시 영통구,매탄1동,자동차 정비/유지,30대,1171,2,586,미확인,0.35,1,남,2026-01-20,공공데이터포털_경기도 수원시_지역화폐 결제 정보_20260120
2025-11,수원시 영통구,매탄1동,자동차판매,30대,39147,4,9787,미확인,0.35,1,남,2026-01-20,공공데이터포털_경기도 수원시_지역화폐 결제 정보_20260120
2025-11,수원시 영통구,매탄1동,전자제품,30대,955,1,955,미확인,0.35,1,남,2026-01-20,공공데이터포털_경기도 수원시_지역화폐 결제 정보_20260120
2025-11,수원시 영통구,매탄1동,학원,30대,513133,16,32071,미확인,0.35,1,남,2026-01-20,공공데이터포털_경기도 수원시_지역화폐 결제 정보_20260120
2025-11,수원시 영통구,매탄1동,건축자재,30대,18466,2,9233,미확인,0.35,1,남,2026-01-20,공공데이터포털_경기도 수원시_지역화폐 결제 정보_20260120
2025-11,수원시 영통구,매탄1동,기타의료,30대,22304,6,3717,미확인,0.35,1,남,2026-01-20,공공데이터포털_경기도 수원시_지역화폐 결제 정보_20260120
2025-11,수원시 영통구,매탄1동,문화/취미,30대,593387,20,29669,미확인,0.35,1,남,2026-01-20,공공데이터포털_경기도 수원시_지역화폐 결제 정보_20260120
2025-11,수원시 영통구,매탄1동,미용/위생,30대,419373,69,6078,미확인,0.35,1,남,2026-01-20,공공데이터포털_경기도 수원시_지역화폐 결제 정보_20260120
2025-11,수원시 영통구,매탄1동,서적/문구/학습자재,30대,13103,18,728,미확인,0.35,1,남,2026-01-20,공공데이터포털_경기도 수원시_지역화폐 결제 정보_20260120
2025-11,수원시 영통구,매탄1동,신변잡화,30대,1364,1,1364,미확인,0.35,1,남,2026-01-20,공공데이터포털_경기도 수원시_지역화폐 결제 정보_20260120
2025-11,수원시 영통구,매탄1동,약국,30대,117208,49,2392,미확인,0.35,1,남,2026-01-20,공공데이터포털_경기도 수원시_지역화폐 결제 정보_20260120
2025-11,수원시 영통구,매탄1동,용역서비스,30대,70235,27,2601,미확인,0.35,1,남,2026-01-20,공공데이터포털_경기도 수원시_지역화폐 결제 정보_20260120
2025-11,수원시 영통구,매탄1동,음료/식품,30대,3066184,913,3358,미확인,0.35,1,남,2026-01-20,공공데이터포털_경기도 수원시_지역화폐 결제 정보_20260120
2025-11,수원시 영통구,매탄1동,의류,30대,307164,17,18068,미확인,0.35,1,남,2026-01-20,공공데이터포털_경기도 수원시_지역화폐 결제 정보_20260120
2025-11,수원시 영통구,매탄1동,의원,30대,236240,46,5136,미확인,0.35,1,남,2026-01-20,공공데이터포털_경기도 수원시_지역화폐 결제 정보_20260120
2025-11,수원시 영통구,매탄1동,일반/휴게 음식,30대,2209238,721,3064,미확인,0.35,1,남,2026-01-20,공공데이터포털_경기도 수원시_지역화폐 결제 정보_20260120
2025-11,수원시 영통구,매탄1동,일반유통,30대,639864,293,2184,미확인,0.35,1,남,2026-01-20,공공데이터포털_경기도 수원시_지역화폐 결제 정보_20260120
2025-11,수원시 영통구,매탄1동,자동차 정비/유지,30대,1312,2,656,미확인,0.35,1,남,2026-01-20,공공데이터포털_경기도 수원시_지역화폐 결제 정보_20260120
2025-11,수원시 영통구,매탄1동,자동차판매,30대,17631,3,5877,미확인,0.35,1,남,2026-01-20,공공데이터포털_경기도 수원시_지역화폐 결제 정보_20260120
2025-11,수원시 영통구,매탄1동,전자제품,30대,79344,4,19836,미확인,0.35,1,남,2026-01-20,공공데이터포털_경기도 수원시_지역화폐 결제 정보_20260120
2025-11,수원시 영통구,매탄1동,직물/침구류,30대,3169,2,1584,미확인,0.35,1,남,2026-01-20,공공데이터포털_경기도 수원시_지역화폐 결제 정보_20260120
2025-11,수원시 영통구,매탄1동,학원,30대,2600207,88,29548,미확인,0.35,1,남,2026-01-20,공공데이터포털_경기도 수원시_지역화폐 결제 정보_20260120
2025-11,수원시 영통구,매탄1동,기타의료,50대,79537,19,4186,미확인,0.35,1,남,2026-01-20,공공데이터포털_경기도 수원시_지역화폐 결제 정보_20260120
2025-11,수원시 영통구,매탄1동,대형유통,50대,22785,4,5696,미확인,0.35,1,남,2026-01-20,공공데이터포털_경기도 수원시_지역화폐 결제 정보_20260120
2025-11,수원시 영통구,매탄1동,레저/스포츠 서비스,50대,84846,3,28282,미확인,0.35,1,남,2026-01-20,공공데이터포털_경기도 수원시_지역화폐 결제 정보_20260120
2025-11,수원시 영통구,매탄1동,문화/취미,50대,6000,1,6000,미확인,0.35,1,남,2026-01-20,공공데이터포털_경기도 수원시_지역화폐 결제 정보_20260120
2025-11,수원시 영통구,매탄1동,미용/위생,50대,671744,57,11785,미확인,0.35,1,남,2026-01-20,공공데이터포털_경기도 수원시_지역화폐 결제 정보_20260120
2025-11,수원시 영통구,매탄1동,서적/문구/학습자재,50대,3856,5,771,미확인,0.35,1,남,2026-01-20,공공데이터포털_경기도 수원시_지역화폐 결제 정보_20260120
2025-11,수원시 영통구,매탄1동,신변잡화,50대,135424,7,19346,미확인,0.35,1,남,2026-01-20,공공데이터포털_경기도 수원시_지역화폐 결제 정보_20260120
2025-11,수원시 영통구,매탄1동,약국,50대,122164,45,2715,미확인,0.35,1,남,2026-01-20,공공데이터포털_경기도 수원시_지역화폐 결제 정보_20260120
2025-11,수원시 영통구,매탄1동,용역서비스,50대,166138,40,4153,미확인,0.35,1,남,2026-01-20,공공데이터포털_경기도 수원시_지역화폐 결제 정보_20260120
2025-11,수원시 영통구,매탄1동,음료/식품,50대,4863844,1195,4070,미확인,0.35,1,남,2026-01-20,공공데이터포털_경기도 수원시_지역화폐 결제 정보_20260120
2025-11,수원시 영통구,매탄1동,의류,50대,105466,23,4585,미확인,0.35,1,남,2026-01-20,공공데이터포털_경기도 수원시_지역화폐 결제 정보_20260120
2025-11,수원시 영통구,매탄1동,의원,50대,458346,54,8488,미확인,0.35,1,남,2026-01-20,공공데이터포털_경기도 수원시_지역화폐 결제 정보_20260120
2025-11,수원시 영통구,매탄1동,일반/휴게 음식,50대,2670591,700,3815,미확인,0.35,1,남,2026-01-20,공공데이터포털_경기도 수원시_지역화폐 결제 정보_20260120
2025-11,수원시 영통구,매탄1동,일반유통,50대,651141,241,2702,미확인,0.35,1,남,2026-01-20,공공데이터포털_경기도 수원시_지역화폐 결제 정보_20260120
2025-11,수원시 영통구,매탄1동,자동차 정비/유지,50대,91241,6,15207,미확인,0.35,1,남,2026-01-20,공공데이터포털_경기도 수원시_지역화폐 결제 정보_20260120
2025-11,수원시 영통구,매탄1동,자동차판매,50대,3714,3,1238,미확인,0.35,1,남,2026-01-20,공공데이터포털_경기도 수원시_지역화폐 결제 정보_20260120
2025-11,수원시 영통구,매탄1동,전자제품,50대,2222,2,1111,미확인,0.35,1,남,2026-01-20,공공데이터포털_경기도 수원시_지역화폐 결제 정보_20260120
2025-11,수원시 영통구,매탄1동,직물/침구류,50대,12260,6,2043,미확인,0.35,1,남,2026-01-20,공공데이터포털_경기도 수원시_지역화폐 결제 정보_20260120
2025-11,수원시 영통구,매탄1동,학원,50대,1189260,26,45741,미확인,0.35,1,남,2026-01-20,공공데이터포털_경기도 수원시_지역화폐 결제 정보_20260120
2025-11,수원시 영통구,매탄1동,건축자재,60대 이상,389,1,389,미확인,0.35,1,남,2026-01-20,공공데이터포털_경기도 수원시_지역화폐 결제 정보_20260120
2025-11,수원시 영통구,매탄1동,기타의료,60대 이상,40111,7,5730,미확인,0.35,1,남,2026-01-20,공공데이터포털_경기도 수원시_지역화폐 결제 정보_20260120
2025-11,수원시 영통구,매탄1동,대형유통,60대 이상,32651,6,5442,미확인,0.35,1,남,2026-01-20,공공데이터포털_경기도 수원시_지역화폐 결제 정보_20260120
2025-11,수원시 영통구,매탄1동,레저/문화 용품,60대 이상,400,1,400,미확인,0.35,1,남,2026-01-20,공공데이터포털_경기도 수원시_지역화폐 결제 정보_20260120
2025-11,수원시 영통구,매탄1동,문화/취미,60대 이상,35206,2,17603,미확인,0.35,1,남,2026-01-20,공공데이터포털_경기도 수원시_지역화폐 결제 정보_20260120
2025-11,수원시 영통구,매탄1동,미용/위생,60대 이상,488042,26,18771,미확인,0.35,1,남,2026-01-20,공공데이터포털_경기도 수원시_지역화폐 결제 정보_20260120
2025-11,수원시 영통구,매탄1동,서적/문구/학습자재,60대 이상,250,1,250,미확인,0.35,1,남,2026-01-20,공공데이터포털_경기도 수원시_지역화폐 결제 정보_20260120
2025-11,수원시 영통구,매탄1동,약국,60대 이상,92927,59,1575,미확인,0.35,1,남,2026-01-20,공공데이터포털_경기도 수원시_지역화폐 결제 정보_20260120
2025-11,수원시 영통구,매탄1동,용역서비스,60대 이상,45478,19,2394,미확인,0.35,1,남,2026-01-20,공공데이터포털_경기도 수원시_지역화폐 결제 정보_20260120
2025-11,수원시 영통구,매탄1동,음료/식품,60대 이상,4036165,1167,3459,미확인,0.35,1,남,2026-01-20,공공데이터포털_경기도 수원시_지역화폐 결제 정보_20260120
2025-11,수원시 영통구,매탄1동,의류,60대 이상,142360,25,5694,미확인,0.35,1,남,2026-01-20,공공데이터포털_경기도 수원시_지역화폐 결제 정보_20260120
2025-11,수원시 영통구,매탄1동,의원,60대 이상,234812,70,3354,미확인,0.35,1,남,2026-01-20,공공데이터포털_경기도 수원시_지역화폐 결제 정보_20260120
2025-11,수원시 영통구,매탄1동,일반/휴게 음식,60대 이상,1690064,512,3301,미확인,0.35,1,남,2026-01-20,공공데이터포털_경기도 수원시_지역화폐 결제 정보_20260120
2025-11,수원시 영통구,매탄1동,일반유통,60대 이상,670066,278,2410,미확인,0.35,1,남,2026-01-20,공공데이터포털_경기도 수원시_지역화폐 결제 정보_20260120
2025-11,수원시 영통구,매탄1동,자동차판매,60대 이상,5954,1,5954,미확인,0.35,1,남,2026-01-20,공공데이터포털_경기도 수원시_지역화폐 결제 정보_20260120
2025-11,수원시 영통구,매탄1동,전자제품,60대 이상,19437,4,4859,미확인,0.35,1,남,2026-01-20,공공데이터포털_경기도 수원시_지역화폐 결제 정보_20260120
2025-11,수원시 영통구,매탄1동,직물/침구류,60대 이상,66720,8,8340,미확인,0.35,1,남,2026-01-20,공공데이터포털_경기도 수원시_지역화폐 결제 정보_20260120
2025-11,수원시 영통구,매탄1동,학원,60대 이상,16063,1,16063,미확인,0.35,1,남,2026-01-20,공공데이터포털_경기도 수원시_지역화폐 결제 정보_20260120
2025-11,수원시 영통구,매탄1동,미용/위생,10대,28308,3,9436,미확인,0.35,1,여,2026-01-20,공공데이터포털_경기도 수원시_지역화폐 결제 정보_20260120
2025-11,수원시 영통구,매탄1동,서적/문구/학습자재,10대,2000,1,2000,미확인,0.35,1,여,2026-01-20,공공데이터포털_경기도 수원시_지역화폐 결제 정보_20260120
2025-11,수원시 영통구,매탄1동,약국,10대,15139,5,3028,미확인,0.35,1,여,2026-01-20,공공데이터포털_경기도 수원시_지역화폐 결제 정보_20260120
2025-11,수원시 영통구,매탄1동,음료/식품,10대,67297,27,2492,미확인,0.35,1,여,2026-01-20,공공데이터포털_경기도 수원시_지역화폐 결제 정보_20260120
2025-11,수원시 영통구,매탄1동,의류,10대,814,1,814,미확인,0.35,1,여,2026-01-20,공공데이터포털_경기도 수원시_지역화폐 결제 정보_20260120
2025-11,수원시 영통구,매탄1동,의원,10대,12475,6,2079,미확인,0.35,1,여,2026-01-20,공공데이터포털_경기도 수원시_지역화폐 결제 정보_20260120
2025-11,수원시 영통구,매탄1동,일반/휴게 음식,10대,75227,26,2893,미확인,0.35,1,여,2026-01-20,공공데이터포털_경기도 수원시_지역화폐 결제 정보_20260120
2025-11,수원시 영통구,매탄1동,일반유통,10대,68448,17,4026,미확인,0.35,1,여,2026-01-20,공공데이터포털_경기도 수원시_지역화폐 결제 정보_20260120
2025-11,수원시 영통구,매탄1동,학원,10대,11627,5,2325,미확인,0.35,1,여,2026-01-20,공공데이터포털_경기도 수원시_지역화폐 결제 정보_20260120
2025-11,수원시 영통구,매탄1동,기타의료,20대,20944,6,3491,미확인,0.35,1,여,2026-01-20,공공데이터포털_경기도 수원시_지역화폐 결제 정보_20260120
2025-11,수원시 영통구,매탄1동,레저/문화 용품,20대,21997,1,21997,미확인,0.35,1,여,2026-01-20,공공데이터포털_경기도 수원시_지역화폐 결제 정보_20260120
2025-11,수원시 영통구,매탄1동,레저/스포츠 서비스,20대,118488,2,59244,미확인,0.35,1,여,2026-01-20,공공데이터포털_경기도 수원시_지역화폐 결제 정보_20260120
2025-11,수원시 영통구,매탄1동,미용/위생,20대,971057,25,38842,미확인,0.35,1,여,2026-01-20,공공데이터포털_경기도 수원시_지역화폐 결제 정보_20260120
2025-11,수원시 영통구,매탄1동,약국,20대,54549,16,3409,미확인,0.35,1,여,2026-01-20,공공데이터포털_경기도 수원시_지역화폐 결제 정보_20260120
2025-11,수원시 영통구,매탄1동,용역서비스,20대,52632,7,7519,미확인,0.35,1,여,2026-01-20,공공데이터포털_경기도 수원시_지역화폐 결제 정보_20260120
2025-11,수원시 영통구,매탄1동,음료/식품,20대,2072070,284,7296,미확인,0.35,1,여,2026-01-20,공공데이터포털_경기도 수원시_지역화폐 결제 정보_20260120
2025-11,수원시 영통구,매탄1동,의류,20대,376834,6,62806,미확인,0.35,1,여,2026-01-20,공공데이터포털_경기도 수원시_지역화폐 결제 정보_20260120
2025-11,수원시 영통구,매탄1동,의원,20대,360202,35,10291,미확인,0.35,1,여,2026-01-20,공공데이터포털_경기도 수원시_지역화폐 결제 정보_20260120
2025-11,수원시 영통구,매탄1동,일반/휴게 음식,20대,2463997,333,7399,미확인,0.35,1,여,2026-01-20,공공데이터포털_경기도 수원시_지역화폐 결제 정보_20260120
2025-11,수원시 영통구,매탄1동,일반유통,20대,598890,142,4218,미확인,0.35,1,여,2026-01-20,공공데이터포털_경기도 수원시_지역화폐 결제 정보_20260120
2025-11,수원시 영통구,매탄1동,직물/침구류,20대,11390,2,5695,미확인,0.35,1,여,2026-01-20,공공데이터포털_경기도 수원시_지역화폐 결제 정보_20260120
2025-11,수원시 영통구,매탄1동,학원,20대,113988,9,12665,미확인,0.35,1,여,2026-01-20,공공데이터포털_경기도 수원시_지역화폐 결제 정보_20260120
2025-11,수원시 영통구,매탄1동,건축자재,30대,665,1,665,미확인,0.35,1,여,2026-01-20,공공데이터포털_경기도 수원시_지역화폐 결제 정보_20260120
2025-11,수원시 영통구,매탄1동,기타의료,30대,3394,2,1697,미확인,0.35,1,여,2026-01-20,공공데이터포털_경기도 수원시_지역화폐 결제 정보_20260120
2025-11,수원시 영통구,매탄1동,대형유통,30대,106051,10,10605,미확인,0.35,1,여,2026-01-20,공공데이터포털_경기도 수원시_지역화폐 결제 정보_20260120
2025-11,수원시 영통구,매탄1동,레저/문화 용품,30대,20744,2,10372,미확인,0.35,1,여,2026-01-20,공공데이터포털_경기도 수원시_지역화폐 결제 정보_20260120
2025-11,수원시 영통구,매탄1동,레저/스포츠 서비스,30대,1560,1,1560,미확인,0.35,1,여,2026-01-20,공공데이터포털_경기도 수원시_지역화폐 결제 정보_20260120
2025-11,수원시 영통구,매탄1동,문화/취미,30대,244384,9,27154,미확인,0.35,1,여,2026-01-20,공공데이터포털_경기도 수원시_지역화폐 결제 정보_20260120
2025-11,수원시 영통구,매탄1동,미용/위생,30대,914991,31,29516,미확인,0.35,1,여,2026-01-20,공공데이터포털_경기도 수원시_지역화폐 결제 정보_20260120
2025-11,수원시 영통구,매탄1동,서적/문구/학습자재,30대,8116,9,902,미확인,0.35,1,여,2026-01-20,공공데이터포털_경기도 수원시_지역화폐 결제 정보_20260120
2025-11,수원시 영통구,매탄1동,신변잡화,30대,82814,4,20704,미확인,0.35,1,여,2026-01-20,공공데이터포털_경기도 수원시_지역화폐 결제 정보_20260120
2025-11,수원시 영통구,매탄1동,약국,30대,81347,44,1849,미확인,0.35,1,여,2026-01-20,공공데이터포털_경기도 수원시_지역화폐 결제 정보_20260120
2025-11,수원시 영통구,매탄1동,용역서비스,30대,3977868,27,147328,미확인,0.35,1,여,2026-01-20,공공데이터포털_경기도 수원시_지역화폐 결제 정보_20260120
2025-11,수원시 영통구,매탄1동,음료/식품,30대,2354796,658,3579,미확인,0.35,1,여,2026-01-20,공공데이터포털_경기도 수원시_지역화폐 결제 정보_20260120
2025-11,수원시 영통구,매탄1동,의류,30대,480909,17,28289,미확인,0.35,1,여,2026-01-20,공공데이터포털_경기도 수원시_지역화폐 결제 정보_20260120
2025-11,수원시 영통구,매탄1동,의원,30대,720872,67,10759,미확인,0.35,1,여,2026-01-20,공공데이터포털_경기도 수원시_지역화폐 결제 정보_20260120
2025-11,수원시 영통구,매탄1동,일반/휴게 음식,30대,2986702,601,4970,미확인,0.35,1,여,2026-01-20,공공데이터포털_경기도 수원시_지역화폐 결제 정보_20260120
2025-11,수원시 영통구,매탄1동,일반유통,30대,321863,142,2267,미확인,0.35,1,여,2026-01-20,공공데이터포털_경기도 수원시_지역화폐 결제 정보_20260120
2025-11,수원시 영통구,매탄1동,자동차판매,30대,4251,2,2126,미확인,0.35,1,여,2026-01-20,공공데이터포털_경기도 수원시_지역화폐 결제 정보_20260120
2025-11,수원시 영통구,매탄1동,전자제품,30대,31401,4,7850,미확인,0.35,1,여,2026-01-20,공공데이터포털_경기도 수원시_지역화폐 결제 정보_20260120
2025-11,수원시 영통구,매탄1동,직물/침구류,30대,23951,5,4790,미확인,0.35,1,여,2026-01-20,공공데이터포털_경기도 수원시_지역화폐 결제 정보_20260120
2025-11,수원시 영통구,매탄1동,학원,30대,390789,20,19539,미확인,0.35,1,여,2026-01-20,공공데이터포털_경기도 수원시_지역화폐 결제 정보_20260120
2025-11,수원시 영통구,매탄1동,기타의료,40대,3517,2,1758,미확인,0.35,1,여,2026-01-20,공공데이터포털_경기도 수원시_지역화폐 결제 정보_20260120
2025-11,수원시 영통구,매탄1동,대형유통,40대,11464,3,3821,미확인,0.35,1,여,2026-01-20,공공데이터포털_경기도 수원시_지역화폐 결제 정보_20260120
2025-11,수원시 영통구,매탄1동,레저/문화 용품,40대,36596,2,18298,미확인,0.35,1,여,2026-01-20,공공데이터포털_경기도 수원시_지역화폐 결제 정보_20260120
2025-11,수원시 영통구,매탄1동,문화/취미,40대,174615,10,17462,미확인,0.35,1,여,2026-01-20,공공데이터포털_경기도 수원시_지역화폐 결제 정보_20260120
2025-11,수원시 영통구,매탄1동,미용/위생,40대,998687,68,14687,미확인,0.35,1,여,2026-01-20,공공데이터포털_경기도 수원시_지역화폐 결제 정보_20260120
2025-11,수원시 영통구,매탄1동,서적/문구/학습자재,40대,20553,23,894,미확인,0.35,1,여,2026-01-20,공공데이터포털_경기도 수원시_지역화폐 결제 정보_20260120
2025-11,수원시 영통구,매탄1동,신변잡화,40대,2770,1,2770,미확인,0.35,1,여,2026-01-20,공공데이터포털_경기도 수원시_지역화폐 결제 정보_20260120
2025-11,수원시 영통구,매탄1동,약국,40대,147487,74,1993,미확인,0.35,1,여,2026-01-20,공공데이터포털_경기도 수원시_지역화폐 결제 정보_20260120
2025-11,수원시 영통구,매탄1동,용역서비스,40대,184289,31,5945,미확인,0.35,1,여,2026-01-20,공공데이터포털_경기도 수원시_지역화폐 결제 정보_20260120
2025-11,수원시 영통구,매탄1동,음료/식품,40대,6004839,1517,3958,미확인,0.35,1,여,2026-01-20,공공데이터포털_경기도 수원시_지역화폐 결제 정보_20260120
2025-11,수원시 영통구,매탄1동,의류,40대,164184,41,4004,미확인,0.35,1,여,2026-01-20,공공데이터포털_경기도 수원시_지역화폐 결제 정보_20260120
2025-11,수원시 영통구,매탄1동,의원,40대,601658,109,5520,미확인,0.35,1,여,2026-01-20,공공데이터포털_경기도 수원시_지역화폐 결제 정보_20260120
2025-11,수원시 영통구,매탄1동,일반/휴게 음식,40대,3450820,1189,2902,미확인,0.35,1,여,2026-01-20,공공데이터포털_경기도 수원시_지역화폐 결제 정보_20260120
2025-11,수원시 영통구,매탄1동,일반유통,40대,534417,218,2451,미확인,0.35,1,여,2026-01-20,공공데이터포털_경기도 수원시_지역화폐 결제 정보_20260120
2025-11,수원시 영통구,매탄1동,자동차 정비/유지,40대,2998,4,750,미확인,0.35,1,여,2026-01-20,공공데이터포털_경기도 수원시_지역화폐 결제 정보_20260120
2025-11,수원시 영통구,매탄1동,자동차판매,40대,49922,2,24961,미확인,0.35,1,여,2026-01-20,공공데이터포털_경기도 수원시_지역화폐 결제 정보_20260120
2025-11,수원시 영통구,매탄1동,전자제품,40대,5840,3,1947,미확인,0.35,1,여,2026-01-20,공공데이터포털_경기도 수원시_지역화폐 결제 정보_20260120
2025-11,수원시 영통구,매탄1동,직물/침구류,40대,15576,11,1416,미확인,0.35,1,여,2026-01-20,공공데이터포털_경기도 수원시_지역화폐 결제 정보_20260120
2025-11,수원시 영통구,매탄1동,학원,40대,4684698,153,30619,미확인,0.35,1,여,2026-01-20,공공데이터포털_경기도 수원시_지역화폐 결제 정보_20260120
2025-11,수원시 영통구,매탄1동,기타의료,50대,108068,8,13508,미확인,0.35,1,여,2026-01-20,공공데이터포털_경기도 수원시_지역화폐 결제 정보_20260120
2025-11,수원시 영통구,매탄1동,대형유통,50대,57315,12,4776,미확인,0.35,1,여,2026-01-20,공공데이터포털_경기도 수원시_지역화폐 결제 정보_20260120
2025-11,수원시 영통구,매탄1동,레저/문화 용품,50대,173024,9,19225,미확인,0.35,1,여,2026-01-20,공공데이터포털_경기도 수원시_지역화폐 결제 정보_20260120
2025-11,수원시 영통구,매탄1동,레저/스포츠 서비스,50대,158205,5,31641,미확인,0.35,1,여,2026-01-20,공공데이터포털_경기도 수원시_지역화폐 결제 정보_20260120
2025-11,수원시 영통구,매탄1동,문화/취미,50대,10822,3,3607,미확인,0.35,1,여,2026-01-20,공공데이터포털_경기도 수원시_지역화폐 결제 정보_20260120
2025-11,수원시 영통구,매탄1동,미용/위생,50대,805041,79,10190,미확인,0.35,1,여,2026-01-20,공공데이터포털_경기도 수원시_지역화폐 결제 정보_20260120
2025-11,수원시 영통구,매탄1동,서적/문구/학습자재,50대,5575,4,1394,미확인,0.35,1,여,2026-01-20,공공데이터포털_경기도 수원시_지역화폐 결제 정보_20260120
2025-11,수원시 영통구,매탄1동,신변잡화,50대,122762,7,17537,미확인,0.35,1,여,2026-01-20,공공데이터포털_경기도 수원시_지역화폐 결제 정보_20260120
2025-11,수원시 영통구,매탄1동,약국,50대,253694,76,3338,미확인,0.35,1,여,2026-01-20,공공데이터포털_경기도 수원시_지역화폐 결제 정보_20260120
2025-11,수원시 영통구,매탄1동,용역서비스,50대,144337,47,3071,미확인,0.35,1,여,2026-01-20,공공데이터포털_경기도 수원시_지역화폐 결제 정보_20260120
2025-11,수원시 영통구,매탄1동,음료/식품,50대,8872090,2195,4042,미확인,0.35,1,여,2026-01-20,공공데이터포털_경기도 수원시_지역화폐 결제 정보_20260120
2025-11,수원시 영통구,매탄1동,의류,50대,456388,85,5369,미확인,0.35,1,여,2026-01-20,공공데이터포털_경기도 수원시_지역화폐 결제 정보_20260120
2025-11,수원시 영통구,매탄1동,의원,50대,638435,99,6449,미확인,0.35,1,여,2026-01-20,공공데이터포털_경기도 수원시_지역화폐 결제 정보_20260120
2025-11,수원시 영통구,매탄1동,일반/휴게 음식,50대,3911171,1293,3025,미확인,0.35,1,여,2026-01-20,공공데이터포털_경기도 수원시_지역화폐 결제 정보_20260120
2025-11,수원시 영통구,매탄1동,일반유통,50대,734493,214,3432,미확인,0.35,1,여,2026-01-20,공공데이터포털_경기도 수원시_지역화폐 결제 정보_20260120
2025-11,수원시 영통구,매탄1동,자동차 정비/유지,50대,6212,5,1242,미확인,0.35,1,여,2026-01-20,공공데이터포털_경기도 수원시_지역화폐 결제 정보_20260120
2025-11,수원시 영통구,매탄1동,전자제품,50대,1397,2,698,미확인,0.35,1,여,2026-01-20,공공데이터포털_경기도 수원시_지역화폐 결제 정보_20260120
2025-11,수원시 영통구,매탄1동,직물/침구류,50대,36575,10,3658,미확인,0.35,1,여,2026-01-20,공공데이터포털_경기도 수원시_지역화폐 결제 정보_20260120
2025-11,수원시 영통구,매탄1동,학원,50대,340082,11,30917,미확인,0.35,1,여,2026-01-20,공공데이터포털_경기도 수원시_지역화폐 결제 정보_20260120
2025-11,수원시 영통구,매탄1동,건축자재,60대 이상,1230,1,1230,미확인,0.35,1,여,2026-01-20,공공데이터포털_경기도 수원시_지역화폐 결제 정보_20260120
2025-11,수원시 영통구,매탄1동,기타의료,60대 이상,25986,12,2166,미확인,0.35,1,여,2026-01-20,공공데이터포털_경기도 수원시_지역화폐 결제 정보_20260120
2025-11,수원시 영통구,매탄1동,대형유통,60대 이상,150555,27,5576,미확인,0.35,1,여,2026-01-20,공공데이터포털_경기도 수원시_지역화폐 결제 정보_20260120
2025-11,수원시 영통구,매탄1동,레저/문화 용품,60대 이상,85481,7,12212,미확인,0.35,1,여,2026-01-20,공공데이터포털_경기도 수원시_지역화폐 결제 정보_20260120
2025-11,수원시 영통구,매탄1동,문화/취미,60대 이상,62509,2,31254,미확인,0.35,1,여,2026-01-20,공공데이터포털_경기도 수원시_지역화폐 결제 정보_20260120
2025-11,수원시 영통구,매탄1동,미용/위생,60대 이상,546224,65,8403,미확인,0.35,1,여,2026-01-20,공공데이터포털_경기도 수원시_지역화폐 결제 정보_20260120
2025-11,수원시 영통구,매탄1동,서적/문구/학습자재,60대 이상,5570,5,1114,미확인,0.35,1,여,2026-01-20,공공데이터포털_경기도 수원시_지역화폐 결제 정보_20260120
2025-11,수원시 영통구,매탄1동,신변잡화,60대 이상,179935,13,13841,미확인,0.35,1,여,2026-01-20,공공데이터포털_경기도 수원시_지역화폐 결제 정보_20260120
2025-11,수원시 영통구,매탄1동,약국,60대 이상,330392,82,4029,미확인,0.35,1,여,2026-01-20,공공데이터포털_경기도 수원시_지역화폐 결제 정보_20260120
2025-11,수원시 영통구,매탄1동,용역서비스,60대 이상,68250,27,2528,미확인,0.35,1,여,2026-01-20,공공데이터포털_경기도 수원시_지역화폐 결제 정보_20260120
2025-11,수원시 영통구,매탄1동,음료/식품,60대 이상,10544677,2897,3640,미확인,0.35,1,여,2026-01-20,공공데이터포털_경기도 수원시_지역화폐 결제 정보_20260120
2025-11,수원시 영통구,매탄1동,의류,60대 이상,655431,120,5462,미확인,0.35,1,여,2026-01-20,공공데이터포털_경기도 수원시_지역화폐 결제 정보_20260120
2025-11,수원시 영통구,매탄1동,의원,60대 이상,262547,142,1849,미확인,0.35,1,여,2026-01-20,공공데이터포털_경기도 수원시_지역화폐 결제 정보_20260120
2025-11,수원시 영통구,매탄1동,일반/휴게 음식,60대 이상,2854773,961,2971,미확인,0.35,1,여,2026-01-20,공공데이터포털_경기도 수원시_지역화폐 결제 정보_20260120
2025-11,수원시 영통구,매탄1동,일반유통,60대 이상,1076385,269,4001,미확인,0.35,1,여,2026-01-20,공공데이터포털_경기도 수원시_지역화폐 결제 정보_20260120
2025-11,수원시 영통구,매탄1동,자동차 정비/유지,60대 이상,172,1,172,미확인,0.35,1,여,2026-01-20,공공데이터포털_경기도 수원시_지역화폐 결제 정보_20260120
2025-11,수원시 영통구,매탄1동,전자제품,60대 이상,2850,2,1425,미확인,0.35,1,여,2026-01-20,공공데이터포털_경기도 수원시_지역화폐 결제 정보_20260120
2025-11,수원시 영통구,매탄1동,직물/침구류,60대 이상,134309,31,4333,미확인,0.35,1,여,2026-01-20,공공데이터포털_경기도 수원시_지역화폐 결제 정보_20260120
2025-11,수원시 영통구,매탄1동,학원,60대 이상,139121,6,23187,미확인,0.35,1,여,2026-01-20,공공데이터포털_경기도 수원시_지역화폐 결제 정보_20260120
2025-11,수원시 영통구,매탄1동,회원정보미상,60대 이상,730620,50,14612,미확인,0.35,1,여,2026-01-20,공공데이터포털_경기도 수원시_지역화폐 결제 정보_20260120
2025-11,수원시 영통구,매탄1동,회원정보미상,60대 이상,730620,50,14612,미확인,0.35,1,여,2026-01-20,공공데이터포털_경기도 수원시_지역화폐 결제 정보_20260120
2025-11,수원시 영통구,매탄1동,기타의료,60대 이상,4000,1,4000,미확인,0.35,1,여,2026-01-20,공공데이터포털_경기도 수원시_지역화폐 결제 정보_20260120
2025-11,수원시 영통구,매탄1동,약국,60대 이상,1000,1,1000,미확인,0.35,1,여,2026-01-20,공공데이터포털_경기도 수원시_지역화폐 결제 정보_20260120
2025-11,수원시 영통구,매탄1동,음료/식품,60대 이상,444300,31,14332,미확인,0.35,1,여,2026-01-20,공공데이터포털_경기도 수원시_지역화폐 결제 정보_20260120
2025-11,수원시 영통구,매탄1동,의류,60대 이상,5000,1,5000,미확인,0.35,1,여,2026-01-20,공공데이터포털_경기도 수원시_지역화폐 결제 정보_20260120
2025-11,수원시 영통구,매탄1동,의원,60대 이상,30900,1,30900,미확인,0.35,1,여,2026-01-20,공공데이터포털_경기도 수원시_지역화폐 결제 정보_20260120
2025-11,수원시 영통구,매탄1동,일반/휴게 음식,60대 이상,64900,5,12980,미확인,0.35,1,여,2026-01-20,공공데이터포털_경기도 수원시_지역화폐 결제 정보_20260120
2025-11,수원시 영통구,매탄1동,일반유통,60대 이상,170520,9,18947,미확인,0.35,1,여,2026-01-20,공공데이터포털_경기도 수원시_지역화폐 결제 정보_20260120
2025-11,수원시 영통구,매탄1동,직물/침구류,60대 이상,10000,1,10000,미확인,0.35,1,여,2026-01-20,공공데이터포털_경기도 수원시_지역화폐 결제 정보_20260120
2025-11,수원시 영통구,매탄2동,레저/스포츠 서비스,10대,19800,4,4950,미확인,0.35,1,남,2026-01-20,공공데이터포털_경기도 수원시_지역화폐 결제 정보_20260120
2025-11,수원시 영통구,매탄2동,신변잡화,10대,16981,1,16981,미확인,0.35,1,남,2026-01-20,공공데이터포털_경기도 수원시_지역화폐 결제 정보_20260120
2025-11,수원시 영통구,매탄2동,약국,10대,455,1,455,미확인,0.35,1,남,2026-01-20,공공데이터포털_경기도 수원시_지역화폐 결제 정보_20260120
2025-11,수원시 영통구,매탄2동,음료/식품,10대,2854,4,714,미확인,0.35,1,남,2026-01-20,공공데이터포털_경기도 수원시_지역화폐 결제 정보_20260120
2025-11,수원시 영통구,매탄2동,일반/휴게 음식,10대,21082,10,2108,미확인,0.35,1,남,2026-01-20,공공데이터포털_경기도 수원시_지역화폐 결제 정보_20260120
2025-11,수원시 영통구,매탄2동,일반유통,10대,41809,12,3484,미확인,0.35,1,남,2026-01-20,공공데이터포털_경기도 수원시_지역화폐 결제 정보_20260120
2025-11,수원시 영통구,매탄2동,학원,10대,56138,2,28069,미확인,0.35,1,남,2026-01-20,공공데이터포털_경기도 수원시_지역화폐 결제 정보_20260120
2025-11,수원시 영통구,매탄2동,건축자재,20대,110552,3,36851,미확인,0.35,1,남,2026-01-20,공공데이터포털_경기도 수원시_지역화폐 결제 정보_20260120
2025-11,수원시 영통구,매탄2동,레저/문화 용품,20대,25766,2,12883,미확인,0.35,1,남,2026-01-20,공공데이터포털_경기도 수원시_지역화폐 결제 정보_20260120
2025-11,수원시 영통구,매탄2동,레저/스포츠 서비스,20대,248701,37,6722,미확인,0.35,1,남,2026-01-20,공공데이터포털_경기도 수원시_지역화폐 결제 정보_20260120
2025-11,수원시 영통구,매탄2동,문화/취미,20대,47772,4,11943,미확인,0.35,1,남,2026-01-20,공공데이터포털_경기도 수원시_지역화폐 결제 정보_20260120
2025-11,수원시 영통구,매탄2동,미용/위생,20대,297200,20,14860,미확인,0.35,1,남,2026-01-20,공공데이터포털_경기도 수원시_지역화폐 결제 정보_20260120
2025-11,수원시 영통구,매탄2동,병원,20대,16667,1,16667,미확인,0.35,1,남,2026-01-20,공공데이터포털_경기도 수원시_지역화폐 결제 정보_20260120
2025-11,수원시 영통구,매탄2동,신변잡화,20대,600000,2,300000,미확인,0.35,1,남,2026-01-20,공공데이터포털_경기도 수원시_지역화폐 결제 정보_20260120
2025-11,수원시 영통구,매탄2동,약국,20대,99164,10,9916,미확인,0.35,1,남,2026-01-20,공공데이터포털_경기도 수원시_지역화폐 결제 정보_20260120
2025-11,수원시 영통구,매탄2동,용역서비스,20대,193949,34,5704,미확인,0.35,1,남,2026-01-20,공공데이터포털_경기도 수원시_지역화폐 결제 정보_20260120
2025-11,수원시 영통구,매탄2동,음료/식품,20대,755681,50,15114,미확인,0.35,1,남,2026-01-20,공공데이터포털_경기도 수원시_지역화폐 결제 정보_20260120
2025-11,수원시 영통구,매탄2동,의류,20대,90860,1,90860,미확인,0.35,1,남,2026-01-20,공공데이터포털_경기도 수원시_지역화폐 결제 정보_20260120
2025-11,수원시 영통구,매탄2동,의원,20대,199096,9,22122,미확인,0.35,1,남,2026-01-20,공공데이터포털_경기도 수원시_지역화폐 결제 정보_20260120
2025-11,수원시 영통구,매탄2동,일반/휴게 음식,20대,2393435,242,9890,미확인,0.35,1,남,2026-01-20,공공데이터포털_경기도 수원시_지역화폐 결제 정보_20260120
2025-11,수원시 영통구,매탄2동,일반유통,20대,792988,197,4025,미확인,0.35,1,남,2026-01-20,공공데이터포털_경기도 수원시_지역화폐 결제 정보_20260120
2025-11,수원시 영통구,매탄2동,자동차 정비/유지,20대,18950,1,18950,미확인,0.35,1,남,2026-01-20,공공데이터포털_경기도 수원시_지역화폐 결제 정보_20260120
2025-11,수원시 영통구,매탄2동,직물/침구류,20대,246561,3,82187,미확인,0.35,1,남,2026-01-20,공공데이터포털_경기도 수원시_지역화폐 결제 정보_20260120
2025-11,수원시 영통구,매탄2동,학원,20대,114901,2,57450,미확인,0.35,1,남,2026-01-20,공공데이터포털_경기도 수원시_지역화폐 결제 정보_20260120
2025-11,수원시 영통구,매탄2동,건축자재,30대,9104,2,4552,미확인,0.35,1,남,2026-01-20,공공데이터포털_경기도 수원시_지역화폐 결제 정보_20260120
2025-11,수원시 영통구,매탄2동,기타의료,30대,76630,6,12772,미확인,0.35,1,남,2026-01-20,공공데이터포털_경기도 수원시_지역화폐 결제 정보_20260120
2025-11,수원시 영통구,매탄2동,레저/스포츠 서비스,30대,3595,8,449,미확인,0.35,1,남,2026-01-20,공공데이터포털_경기도 수원시_지역화폐 결제 정보_20260120
2025-11,수원시 영통구,매탄2동,문화/취미,30대,420667,6,70111,미확인,0.35,1,남,2026-01-20,공공데이터포털_경기도 수원시_지역화폐 결제 정보_20260120
2025-11,수원시 영통구,매탄2동,미용/위생,30대,230082,38,6055,미확인,0.35,1,남,2026-01-20,공공데이터포털_경기도 수원시_지역화폐 결제 정보_20260120
2025-11,수원시 영통구,매탄2동,비영리유통,30대,1846,2,923,미확인,0.35,1,남,2026-01-20,공공데이터포털_경기도 수원시_지역화폐 결제 정보_20260120
2025-11,수원시 영통구,매탄2동,서적/문구/학습자재,30대,256536,11,23321,미확인,0.35,1,남,2026-01-20,공공데이터포털_경기도 수원시_지역화폐 결제 정보_20260120
2025-11,수원시 영통구,매탄2동,약국,30대,218012,32,6813,미확인,0.35,1,남,2026-01-20,공공데이터포털_경기도 수원시_지역화폐 결제 정보_20260120
2025-11,수원시 영통구,매탄2동,용역서비스,30대,658813,28,23529,미확인,0.35,1,남,2026-01-20,공공데이터포털_경기도 수원시_지역화폐 결제 정보_20260120
2025-11,수원시 영통구,매탄2동,음료/식품,30대,289571,77,3761,미확인,0.35,1,남,2026-01-20,공공데이터포털_경기도 수원시_지역화폐 결제 정보_20260120
2025-11,수원시 영통구,매탄2동,의원,30대,159499,28,5696,미확인,0.35,1,남,2026-01-20,공공데이터포털_경기도 수원시_지역화폐 결제 정보_20260120
2025-11,수원시 영통구,매탄2동,일반/휴게 음식,30대,2265912,470,4821,미확인,0.35,1,남,2026-01-20,공공데이터포털_경기도 수원시_지역화폐 결제 정보_20260120
2025-11,수원시 영통구,매탄2동,일반유통,30대,594554,248,2397,미확인,0.35,1,남,2026-01-20,공공데이터포털_경기도 수원시_지역화폐 결제 정보_20260120
2025-11,수원시 영통구,매탄2동,자동차판매,30대,525,1,525,미확인,0.35,1,남,2026-01-20,공공데이터포털_경기도 수원시_지역화폐 결제 정보_20260120
2025-11,수원시 영통구,매탄2동,직물/침구류,30대,356928,4,89232,미확인,0.35,1,남,2026-01-20,공공데이터포털_경기도 수원시_지역화폐 결제 정보_20260120
2025-11,수원시 영통구,매탄2동,학원,30대,479571,11,43597,미확인,0.35,1,남,2026-01-20,공공데이터포털_경기도 수원시_지역화폐 결제 정보_20260120
2025-11,수원시 영통구,매탄2동,건축자재,40대,60808,10,6081,미확인,0.35,1,남,2026-01-20,공공데이터포털_경기도 수원시_지역화폐 결제 정보_20260120
2025-11,수원시 영통구,매탄2동,기타의료,40대,138998,7,19857,미확인,0.35,1,남,2026-01-20,공공데이터포털_경기도 수원시_지역화폐 결제 정보_20260120
2025-11,수원시 영통구,매탄2동,레저/문화 용품,40대,50855,1,50855,미확인,0.35,1,남,2026-01-20,공공데이터포털_경기도 수원시_지역화폐 결제 정보_20260120
2025-11,수원시 영통구,매탄2동,레저/스포츠 서비스,40대,65265,42,1554,미확인,0.35,1,남,2026-01-20,공공데이터포털_경기도 수원시_지역화폐 결제 정보_20260120
2025-11,수원시 영통구,매탄2동,문화/취미,40대,146728,14,10481,미확인,0.35,1,남,2026-01-20,공공데이터포털_경기도 수원시_지역화폐 결제 정보_20260120
2025-11,수원시 영통구,매탄2동,미용/위생,40대,453708,75,6049,미확인,0.35,1,남,2026-01-20,공공데이터포털_경기도 수원시_지역화폐 결제 정보_20260120
2025-11,수원시 영통구,매탄2동,병원,40대,34822,14,2487,미확인,0.35,1,남,2026-01-20,공공데이터포털_경기도 수원시_지역화폐 결제 정보_20260120
2025-11,수원시 영통구,매탄2동,비영리유통,40대,3701,4,925,미확인,0.35,1,남,2026-01-20,공공데이터포털_경기도 수원시_지역화폐 결제 정보_20260120
2025-11,수원시 영통구,매탄2동,서적/문구/학습자재,40대,902444,34,26542,미확인,0.35,1,남,2026-01-20,공공데이터포털_경기도 수원시_지역화폐 결제 정보_20260120
2025-11,수원시 영통구,매탄2동,약국,40대,147832,31,4769,미확인,0.35,1,남,2026-01-20,공공데이터포털_경기도 수원시_지역화폐 결제 정보_20260120
2025-11,수원시 영통구,매탄2동,용역서비스,40대,113468,33,3438,미확인,0.35,1,남,2026-01-20,공공데이터포털_경기도 수원시_지역화폐 결제 정보_20260120
2025-11,수원시 영통구,매탄2동,음료/식품,40대,698812,143,4887,미확인,0.35,1,남,2026-01-20,공공데이터포털_경기도 수원시_지역화폐 결제 정보_20260120
2025-11,수원시 영통구,매탄2동,의원,40대,101614,18,5645,미확인,0.35,1,남,2026-01-20,공공데이터포털_경기도 수원시_지역화폐 결제 정보_20260120
2025-11,수원시 영통구,매탄2동,일반/휴게 음식,40대,2468077,652,3785,미확인,0.35,1,남,2026-01-20,공공데이터포털_경기도 수원시_지역화폐 결제 정보_20260120
2025-11,수원시 영통구,매탄2동,일반유통,40대,936874,524,1788,미확인,0.35,1,남,2026-01-20,공공데이터포털_경기도 수원시_지역화폐 결제 정보_20260120
2025-11,수원시 영통구,매탄2동,자동차 정비/유지,40대,89547,6,14924,미확인,0.35,1,남,2026-01-20,공공데이터포털_경기도 수원시_지역화폐 결제 정보_20260120
2025-11,수원시 영통구,매탄2동,직물/침구류,40대,308322,5,61664,미확인,0.35,1,남,2026-01-20,공공데이터포털_경기도 수원시_지역화폐 결제 정보_20260120
2025-11,수원시 영통구,매탄2동,학원,40대,2488844,62,40143,미확인,0.35,1,남,2026-01-20,공공데이터포털_경기도 수원시_지역화폐 결제 정보_20260120
2025-11,수원시 영통구,매탄2동,건축자재,50대,2172,2,1086,미확인,0.35,1,남,2026-01-20,공공데이터포털_경기도 수원시_지역화폐 결제 정보_20260120
2025-11,수원시 영통구,매탄2동,기타의료,50대,118426,7,16918,미확인,0.35,1,남,2026-01-20,공공데이터포털_경기도 수원시_지역화폐 결제 정보_20260120
2025-11,수원시 영통구,매탄2동,레저/스포츠 서비스,50대,52405,13,4031,미확인,0.35,1,남,2026-01-20,공공데이터포털_경기도 수원시_지역화폐 결제 정보_20260120
2025-11,수원시 영통구,매탄2동,문화/취미,50대,197165,8,24646,미확인,0.35,1,남,2026-01-20,공공데이터포털_경기도 수원시_지역화폐 결제 정보_20260120
2025-11,수원시 영통구,매탄2동,미용/위생,50대,341936,53,6452,미확인,0.35,1,남,2026-01-20,공공데이터포털_경기도 수원시_지역화폐 결제 정보_20260120
2025-11,수원시 영통구,매탄2동,병원,50대,32681,3,10894,미확인,0.35,1,남,2026-01-20,공공데이터포털_경기도 수원시_지역화폐 결제 정보_20260120
2025-11,수원시 영통구,매탄2동,서적/문구/학습자재,50대,80520,5,16104,미확인,0.35,1,남,2026-01-20,공공데이터포털_경기도 수원시_지역화폐 결제 정보_20260120
2025-11,수원시 영통구,매탄2동,신변잡화,50대,81191,3,27064,미확인,0.35,1,남,2026-01-20,공공데이터포털_경기도 수원시_지역화폐 결제 정보_20260120
2025-11,수원시 영통구,매탄2동,약국,50대,141001,53,2660,미확인,0.35,1,남,2026-01-20,공공데이터포털_경기도 수원시_지역화폐 결제 정보_20260120
2025-11,수원시 영통구,매탄2동,용역서비스,50대,83455,31,2692,미확인,0.35,1,남,2026-01-20,공공데이터포털_경기도 수원시_지역화폐 결제 정보_20260120
2025-11,수원시 영통구,매탄2동,음료/식품,50대,589470,154,3828,미확인,0.35,1,남,2026-01-20,공공데이터포털_경기도 수원시_지역화폐 결제 정보_20260120
2025-11,수원시 영통구,매탄2동,의원,50대,388969,55,7072,미확인,0.35,1,남,2026-01-20,공공데이터포털_경기도 수원시_지역화폐 결제 정보_20260120
2025-11,수원시 영통구,매탄2동,일반/휴게 음식,50대,3332907,665,5012,미확인,0.35,1,남,2026-01-20,공공데이터포털_경기도 수원시_지역화폐 결제 정보_20260120
2025-11,수원시 영통구,매탄2동,일반유통,50대,1111032,531,2092,미확인,0.35,1,남,2026-01-20,공공데이터포털_경기도 수원시_지역화폐 결제 정보_20260120
2025-11,수원시 영통구,매탄2동,자동차 정비/유지,50대,160933,1,160933,미확인,0.35,1,남,2026-01-20,공공데이터포털_경기도 수원시_지역화폐 결제 정보_20260120
2025-11,수원시 영통구,매탄2동,자동차판매,50대,7739,2,3870,미확인,0.35,1,남,2026-01-20,공공데이터포털_경기도 수원시_지역화폐 결제 정보_20260120
2025-11,수원시 영통구,매탄2동,직물/침구류,50대,70529,4,17632,미확인,0.35,1,남,2026-01-20,공공데이터포털_경기도 수원시_지역화폐 결제 정보_20260120
2025-11,수원시 영통구,매탄2동,학원,50대,1235393,32,38606,미확인,0.35,1,남,2026-01-20,공공데이터포털_경기도 수원시_지역화폐 결제 정보_20260120
2025-11,수원시 영통구,매탄2동,건축자재,60대 이상,13649,5,2730,미확인,0.35,1,남,2026-01-20,공공데이터포털_경기도 수원시_지역화폐 결제 정보_20260120
2025-11,수원시 영통구,매탄2동,기타의료,60대 이상,14385,1,14385,미확인,0.35,1,남,2026-01-20,공공데이터포털_경기도 수원시_지역화폐 결제 정보_20260120
2025-11,수원시 영통구,매탄2동,레저/스포츠 서비스,60대 이상,118310,31,3816,미확인,0.35,1,남,2026-01-20,공공데이터포털_경기도 수원시_지역화폐 결제 정보_20260120
2025-11,수원시 영통구,매탄2동,문화/취미,60대 이상,41439,4,10360,미확인,0.35,1,남,2026-01-20,공공데이터포털_경기도 수원시_지역화폐 결제 정보_20260120
2025-11,수원시 영통구,매탄2동,미용/위생,60대 이상,301682,43,7016,미확인,0.35,1,남,2026-01-20,공공데이터포털_경기도 수원시_지역화폐 결제 정보_20260120
2025-11,수원시 영통구,매탄2동,비영리유통,60대 이상,299,1,299,미확인,0.35,1,남,2026-01-20,공공데이터포털_경기도 수원시_지역화폐 결제 정보_20260120
2025-11,수원시 영통구,매탄2동,서적/문구/학습자재,60대 이상,9524,3,3175,미확인,0.35,1,남,2026-01-20,공공데이터포털_경기도 수원시_지역화폐 결제 정보_20260120
2025-11,수원시 영통구,매탄2동,신변잡화,60대 이상,7583,2,3792,미확인,0.35,1,남,2026-01-20,공공데이터포털_경기도 수원시_지역화폐 결제 정보_20260120
2025-11,수원시 영통구,매탄2동,약국,60대 이상,130452,59,2211,미확인,0.35,1,남,2026-01-20,공공데이터포털_경기도 수원시_지역화폐 결제 정보_20260120
2025-11,수원시 영통구,매탄2동,용역서비스,60대 이상,18718,10,1872,미확인,0.35,1,남,2026-01-20,공공데이터포털_경기도 수원시_지역화폐 결제 정보_20260120
2025-11,수원시 영통구,매탄2동,음료/식품,60대 이상,323507,99,3268,미확인,0.35,1,남,2026-01-20,공공데이터포털_경기도 수원시_지역화폐 결제 정보_20260120
2025-11,수원시 영통구,매탄2동,의류,60대 이상,5666,1,5666,미확인,0.35,1,남,2026-01-20,공공데이터포털_경기도 수원시_지역화폐 결제 정보_20260120
2025-11,수원시 영통구,매탄2동,의원,60대 이상,131468,51,2578,미확인,0.35,1,남,2026-01-20,공공데이터포털_경기도 수원시_지역화폐 결제 정보_20260120
2025-11,수원시 영통구,매탄2동,일반/휴게 음식,60대 이상,1524184,357,4269,미확인,0.35,1,남,2026-01-20,공공데이터포털_경기도 수원시_지역화폐 결제 정보_20260120
2025-11,수원시 영통구,매탄2동,일반유통,60대 이상,1165134,426,2735,미확인,0.35,1,남,2026-01-20,공공데이터포털_경기도 수원시_지역화폐 결제 정보_20260120
2025-11,수원시 영통구,매탄2동,자동차판매,60대 이상,19725,2,9862,미확인,0.35,1,남,2026-01-20,공공데이터포털_경기도 수원시_지역화폐 결제 정보_20260120
2025-11,수원시 영통구,매탄2동,전자제품,60대 이상,1501,1,1501,미확인,0.35,1,남,2026-01-20,공공데이터포털_경기도 수원시_지역화폐 결제 정보_20260120
2025-11,수원시 영통구,매탄2동,직물/침구류,60대 이상,218393,7,31199,미확인,0.35,1,남,2026-01-20,공공데이터포털_경기도 수원시_지역화폐 결제 정보_20260120
2025-11,수원시 영통구,매탄2동,학원,60대 이상,211052,4,52763,미확인,0.35,1,남,2026-01-20,공공데이터포털_경기도 수원시_지역화폐 결제 정보_20260120
2025-11,수원시 영통구,매탄2동,미용/위생,10대,2046,1,2046,미확인,0.35,1,여,2026-01-20,공공데이터포털_경기도 수원시_지역화폐 결제 정보_20260120
2025-11,수원시 영통구,매탄2동,약국,10대,6100,2,3050,미확인,0.35,1,여,2026-01-20,공공데이터포털_경기도 수원시_지역화폐 결제 정보_20260120
2025-11,수원시 영통구,매탄2동,음료/식품,10대,16644,6,2774,미확인,0.35,1,여,2026-01-20,공공데이터포털_경기도 수원시_지역화폐 결제 정보_20260120
2025-11,수원시 영통구,매탄2동,의원,10대,3900,1,3900,미확인,0.35,1,여,2026-01-20,공공데이터포털_경기도 수원시_지역화폐 결제 정보_20260120
2025-11,수원시 영통구,매탄2동,일반/휴게 음식,10대,103248,15,6883,미확인,0.35,1,여,2026-01-20,공공데이터포털_경기도 수원시_지역화폐 결제 정보_20260120
2025-11,수원시 영통구,매탄2동,일반유통,10대,68074,26,2618,미확인,0.35,1,여,2026-01-20,공공데이터포털_경기도 수원시_지역화폐 결제 정보_20260120
2025-11,수원시 영통구,매탄2동,학원,10대,61535,3,20512,미확인,0.35,1,여,2026-01-20,공공데이터포털_경기도 수원시_지역화폐 결제 정보_20260120
2025-11,수원시 영통구,매탄2동,건축자재,20대,14696,2,7348,미확인,0.35,1,여,2026-01-20,공공데이터포털_경기도 수원시_지역화폐 결제 정보_20260120
2025-11,수원시 영통구,매탄2동,기타의료,20대,264083,9,29343,미확인,0.35,1,여,2026-01-20,공공데이터포털_경기도 수원시_지역화폐 결제 정보_20260120
2025-11,수원시 영통구,매탄2동,레저/스포츠 서비스,20대,317,1,317,미확인,0.35,1,여,2026-01-20,공공데이터포털_경기도 수원시_지역화폐 결제 정보_20260120
2025-11,수원시 영통구,매탄2동,문화/취미,20대,1818,1,1818,미확인,0.35,1,여,2026-01-20,공공데이터포털_경기도 수원시_지역화폐 결제 정보_20260120
2025-11,수원시 영통구,매탄2동,미용/위생,20대,87094,8,10887,미확인,0.35,1,여,2026-01-20,공공데이터포털_경기도 수원시_지역화폐 결제 정보_20260120
2025-11,수원시 영통구,매탄2동,병원,20대,41441,4,10360,미확인,0.35,1,여,2026-01-20,공공데이터포털_경기도 수원시_지역화폐 결제 정보_20260120
2025-11,수원시 영통구,매탄2동,서적/문구/학습자재,20대,1632,2,816,미확인,0.35,1,여,2026-01-20,공공데이터포털_경기도 수원시_지역화폐 결제 정보_20260120
2025-11,수원시 영통구,매탄2동,신변잡화,20대,25000,1,25000,미확인,0.35,1,여,2026-01-20,공공데이터포털_경기도 수원시_지역화폐 결제 정보_20260120
2025-11,수원시 영통구,매탄2동,약국,20대,60212,17,3542,미확인,0.35,1,여,2026-01-20,공공데이터포털_경기도 수원시_지역화폐 결제 정보_20260120
2025-11,수원시 영통구,매탄2동,용역서비스,20대,117969,18,6554,미확인,0.35,1,여,2026-01-20,공공데이터포털_경기도 수원시_지역화폐 결제 정보_20260120
2025-11,수원시 영통구,매탄2동,음료/식품,20대,495660,73,6790,미확인,0.35,1,여,2026-01-20,공공데이터포털_경기도 수원시_지역화폐 결제 정보_20260120
2025-11,수원시 영통구,매탄2동,의류,20대,150000,1,150000,미확인,0.35,1,여,2026-01-20,공공데이터포털_경기도 수원시_지역화폐 결제 정보_20260120
2025-11,수원시 영통구,매탄2동,의원,20대,129712,9,14412,미확인,0.35,1,여,2026-01-20,공공데이터포털_경기도 수원시_지역화폐 결제 정보_20260120
2025-11,수원시 영통구,매탄2동,일반/휴게 음식,20대,2749633,322,8539,미확인,0.35,1,여,2026-01-20,공공데이터포털_경기도 수원시_지역화폐 결제 정보_20260120
2025-11,수원시 영통구,매탄2동,일반유통,20대,663420,250,2654,미확인,0.35,1,여,2026-01-20,공공데이터포털_경기도 수원시_지역화폐 결제 정보_20260120
2025-11,수원시 영통구,매탄2동,직물/침구류,20대,112325,4,28081,미확인,0.35,1,여,2026-01-20,공공데이터포털_경기도 수원시_지역화폐 결제 정보_20260120
2025-11,수원시 영통구,매탄2동,학원,20대,368299,9,40922,미확인,0.35,1,여,2026-01-20,공공데이터포털_경기도 수원시_지역화폐 결제 정보_20260120
2025-11,수원시 영통구,매탄2동,건축자재,30대,47612,5,9522,미확인,0.35,1,여,2026-01-20,공공데이터포털_경기도 수원시_지역화폐 결제 정보_20260120
2025-11,수원시 영통구,매탄2동,기타의료,30대,757957,20,37898,미확인,0.35,1,여,2026-01-20,공공데이터포털_경기도 수원시_지역화폐 결제 정보_20260120
2025-11,수원시 영통구,매탄2동,레저/스포츠 서비스,30대,144742,3,48247,미확인,0.35,1,여,2026-01-20,공공데이터포털_경기도 수원시_지역화폐 결제 정보_20260120
2025-11,수원시 영통구,매탄2동,문화/취미,30대,370939,18,20608,미확인,0.35,1,여,2026-01-20,공공데이터포털_경기도 수원시_지역화폐 결제 정보_20260120
2025-11,수원시 영통구,매탄2동,미용/위생,30대,184034,23,8001,미확인,0.35,1,여,2026-01-20,공공데이터포털_경기도 수원시_지역화폐 결제 정보_20260120
2025-11,수원시 영통구,매탄2동,병원,30대,61780,3,20593,미확인,0.35,1,여,2026-01-20,공공데이터포털_경기도 수원시_지역화폐 결제 정보_20260120
2025-11,수원시 영통구,매탄2동,비영리유통,30대,666,1,666,미확인,0.35,1,여,2026-01-20,공공데이터포털_경기도 수원시_지역화폐 결제 정보_20260120
2025-11,수원시 영통구,매탄2동,서적/문구/학습자재,30대,1327777,45,29506,미확인,0.35,1,여,2026-01-20,공공데이터포털_경기도 수원시_지역화폐 결제 정보_20260120
2025-11,수원시 영통구,매탄2동,약국,30대,103495,45,2300,미확인,0.35,1,여,2026-01-20,공공데이터포털_경기도 수원시_지역화폐 결제 정보_20260120
2025-11,수원시 영통구,매탄2동,용역서비스,30대,1227045,17,72179,미확인,0.35,1,여,2026-01-20,공공데이터포털_경기도 수원시_지역화폐 결제 정보_20260120
2025-11,수원시 영통구,매탄2동,음료/식품,30대,799906,103,7766,미확인,0.35,1,여,2026-01-20,공공데이터포털_경기도 수원시_지역화폐 결제 정보_20260120
2025-11,수원시 영통구,매탄2동,의원,30대,36695,13,2823,미확인,0.35,1,여,2026-01-20,공공데이터포털_경기도 수원시_지역화폐 결제 정보_20260120
2025-11,수원시 영통구,매탄2동,일반/휴게 음식,30대,2441035,591,4130,미확인,0.35,1,여,2026-01-20,공공데이터포털_경기도 수원시_지역화폐 결제 정보_20260120
2025-11,수원시 영통구,매탄2동,일반유통,30대,932084,353,2640,미확인,0.35,1,여,2026-01-20,공공데이터포털_경기도 수원시_지역화폐 결제 정보_20260120
2025-11,수원시 영통구,매탄2동,자동차 정비/유지,30대,83619,1,83619,미확인,0.35,1,여,2026-01-20,공공데이터포털_경기도 수원시_지역화폐 결제 정보_20260120
2025-11,수원시 영통구,매탄2동,직물/침구류,30대,326457,9,36273,미확인,0.35,1,여,2026-01-20,공공데이터포털_경기도 수원시_지역화폐 결제 정보_20260120
2025-11,수원시 영통구,매탄2동,학원,30대,615410,20,30770,미확인,0.35,1,여,2026-01-20,공공데이터포털_경기도 수원시_지역화폐 결제 정보_20260120
2025-11,수원시 영통구,매탄2동,건축자재,40대,48967,5,9793,미확인,0.35,1,여,2026-01-20,공공데이터포털_경기도 수원시_지역화폐 결제 정보_20260120
2025-11,수원시 영통구,매탄2동,기타의료,40대,169504,16,10594,미확인,0.35,1,여,2026-01-20,공공데이터포털_경기도 수원시_지역화폐 결제 정보_20260120
2025-11,수원시 영통구,매탄2동,레저/문화 용품,40대,36509,1,36509,미확인,0.35,1,여,2026-01-20,공공데이터포털_경기도 수원시_지역화폐 결제 정보_20260120
2025-11,수원시 영통구,매탄2동,레저/스포츠 서비스,40대,23182,9,2576,미확인,0.35,1,여,2026-01-20,공공데이터포털_경기도 수원시_지역화폐 결제 정보_20260120
2025-11,수원시 영통구,매탄2동,문화/취미,40대,137332,16,8583,미확인,0.35,1,여,2026-01-20,공공데이터포털_경기도 수원시_지역화폐 결제 정보_20260120
2025-11,수원시 영통구,매탄2동,미용/위생,40대,740879,58,12774,미확인,0.35,1,여,2026-01-20,공공데이터포털_경기도 수원시_지역화폐 결제 정보_20260120
2025-11,수원시 영통구,매탄2동,병원,40대,21101,2,10550,미확인,0.35,1,여,2026-01-20,공공데이터포털_경기도 수원시_지역화폐 결제 정보_20260120
2025-11,수원시 영통구,매탄2동,서적/문구/학습자재,40대,485701,43,11295,미확인,0.35,1,여,2026-01-20,공공데이터포털_경기도 수원시_지역화폐 결제 정보_20260120
2025-11,수원시 영통구,매탄2동,약국,40대,182949,75,2439,미확인,0.35,1,여,2026-01-20,공공데이터포털_경기도 수원시_지역화폐 결제 정보_20260120
2025-11,수원시 영통구,매탄2동,용역서비스,40대,157510,26,6058,미확인,0.35,1,여,2026-01-20,공공데이터포털_경기도 수원시_지역화폐 결제 정보_20260120
2025-11,수원시 영통구,매탄2동,음료/식품,40대,812296,217,3743,미확인,0.35,1,여,2026-01-20,공공데이터포털_경기도 수원시_지역화폐 결제 정보_20260120
2025-11,수원시 영통구,매탄2동,의원,40대,80585,20,4029,미확인,0.35,1,여,2026-01-20,공공데이터포털_경기도 수원시_지역화폐 결제 정보_20260120
2025-11,수원시 영통구,매탄2동,일반/휴게 음식,40대,3642941,873,4173,미확인,0.35,1,여,2026-01-20,공공데이터포털_경기도 수원시_지역화폐 결제 정보_20260120
2025-11,수원시 영통구,매탄2동,일반유통,40대,1371099,503,2726,미확인,0.35,1,여,2026-01-20,공공데이터포털_경기도 수원시_지역화폐 결제 정보_20260120
2025-11,수원시 영통구,매탄2동,자동차 정비/유지,40대,43527,3,14509,미확인,0.35,1,여,2026-01-20,공공데이터포털_경기도 수원시_지역화폐 결제 정보_20260120
2025-11,수원시 영통구,매탄2동,직물/침구류,40대,178182,3,59394,미확인,0.35,1,여,2026-01-20,공공데이터포털_경기도 수원시_지역화폐 결제 정보_20260120
2025-11,수원시 영통구,매탄2동,학원,40대,2814584,99,28430,미확인,0.35,1,여,2026-01-20,공공데이터포털_경기도 수원시_지역화폐 결제 정보_20260120
2025-11,수원시 영통구,매탄2동,건축자재,50대,13843,3,4614,미확인,0.35,1,여,2026-01-20,공공데이터포털_경기도 수원시_지역화폐 결제 정보_20260120
2025-11,수원시 영통구,매탄2동,기타의료,50대,115108,14,8222,미확인,0.35,1,여,2026-01-20,공공데이터포털_경기도 수원시_지역화폐 결제 정보_20260120
2025-11,수원시 영통구,매탄2동,레저/스포츠 서비스,50대,36025,4,9006,미확인,0.35,1,여,2026-01-20,공공데이터포털_경기도 수원시_지역화폐 결제 정보_20260120
2025-11,수원시 영통구,매탄2동,문화/취미,50대,183690,14,13121,미확인,0.35,1,여,2026-01-20,공공데이터포털_경기도 수원시_지역화폐 결제 정보_20260120
2025-11,수원시 영통구,매탄2동,미용/위생,50대,650284,56,11612,미확인,0.35,1,여,2026-01-20,공공데이터포털_경기도 수원시_지역화폐 결제 정보_20260120
2025-11,수원시 영통구,매탄2동,병원,50대,176556,3,58852,미확인,0.35,1,여,2026-01-20,공공데이터포털_경기도 수원시_지역화폐 결제 정보_20260120
2025-11,수원시 영통구,매탄2동,비영리유통,50대,22903,4,5726,미확인,0.35,1,여,2026-01-20,공공데이터포털_경기도 수원시_지역화폐 결제 정보_20260120
2025-11,수원시 영통구,매탄2동,서적/문구/학습자재,50대,160541,10,16054,미확인,0.35,1,여,2026-01-20,공공데이터포털_경기도 수원시_지역화폐 결제 정보_20260120
2025-11,수원시 영통구,매탄2동,신변잡화,50대,194833,5,38967,미확인,0.35,1,여,2026-01-20,공공데이터포털_경기도 수원시_지역화폐 결제 정보_20260120
2025-11,수원시 영통구,매탄2동,약국,50대,284617,89,3198,미확인,0.35,1,여,2026-01-20,공공데이터포털_경기도 수원시_지역화폐 결제 정보_20260120
2025-11,수원시 영통구,매탄2동,용역서비스,50대,218582,43,5083,미확인,0.35,1,여,2026-01-20,공공데이터포털_경기도 수원시_지역화폐 결제 정보_20260120
2025-11,수원시 영통구,매탄2동,음료/식품,50대,1523109,227,6710,미확인,0.35,1,여,2026-01-20,공공데이터포털_경기도 수원시_지역화폐 결제 정보_20260120
2025-11,수원시 영통구,매탄2동,의류,50대,16586,4,4146,미확인,0.35,1,여,2026-01-20,공공데이터포털_경기도 수원시_지역화폐 결제 정보_20260120
2025-11,수원시 영통구,매탄2동,의원,50대,521040,75,6947,미확인,0.35,1,여,2026-01-20,공공데이터포털_경기도 수원시_지역화폐 결제 정보_20260120
2025-11,수원시 영통구,매탄2동,일반/휴게 음식,50대,3117360,826,3774,미확인,0.35,1,여,2026-01-20,공공데이터포털_경기도 수원시_지역화폐 결제 정보_20260120
2025-11,수원시 영통구,매탄2동,일반유통,50대,1635100,581,2814,미확인,0.35,1,여,2026-01-20,공공데이터포털_경기도 수원시_지역화폐 결제 정보_20260120
2025-11,수원시 영통구,매탄2동,자동차 정비/유지,50대,121657,7,17380,미확인,0.35,1,여,2026-01-20,공공데이터포털_경기도 수원시_지역화폐 결제 정보_20260120
2025-11,수원시 영통구,매탄2동,직물/침구류,50대,499908,21,23805,미확인,0.35,1,여,2026-01-20,공공데이터포털_경기도 수원시_지역화폐 결제 정보_20260120
2025-11,수원시 영통구,매탄2동,학교/교육,50대,3440,1,3440,미확인,0.35,1,여,2026-01-20,공공데이터포털_경기도 수원시_지역화폐 결제 정보_20260120
2025-11,수원시 영통구,매탄2동,학원,50대,539690,18,29983,미확인,0.35,1,여,2026-01-20,공공데이터포털_경기도 수원시_지역화폐 결제 정보_20260120
2025-11,수원시 영통구,매탄2동,건축자재,60대 이상,5799,3,1933,미확인,0.35,1,여,2026-01-20,공공데이터포털_경기도 수원시_지역화폐 결제 정보_20260120
2025-11,수원시 영통구,매탄2동,기타유통,60대 이상,50741,2,25370,미확인,0.35,1,여,2026-01-20,공공데이터포털_경기도 수원시_지역화폐 결제 정보_20260120
2025-11,수원시 영통구,매탄2동,기타의료,60대 이상,27829,4,6957,미확인,0.35,1,여,2026-01-20,공공데이터포털_경기도 수원시_지역화폐 결제 정보_20260120
2025-11,수원시 영통구,매탄2동,레저/스포츠 서비스,60대 이상,15513,6,2586,미확인,0.35,1,여,2026-01-20,공공데이터포털_경기도 수원시_지역화폐 결제 정보_20260120
2025-11,수원시 영통구,매탄2동,문화/취미,60대 이상,8795,3,2932,미확인,0.35,1,여,2026-01-20,공공데이터포털_경기도 수원시_지역화폐 결제 정보_20260120
2025-11,수원시 영통구,매탄2동,미용/위생,60대 이상,528148,48,11003,미확인,0.35,1,여,2026-01-20,공공데이터포털_경기도 수원시_지역화폐 결제 정보_20260120
2025-11,수원시 영통구,매탄2동,비영리유통,60대 이상,2645,4,661,미확인,0.35,1,여,2026-01-20,공공데이터포털_경기도 수원시_지역화폐 결제 정보_20260120
2025-11,수원시 영통구,매탄2동,서적/문구/학습자재,60대 이상,8276,4,2069,미확인,0.35,1,여,2026-01-20,공공데이터포털_경기도 수원시_지역화폐 결제 정보_20260120
2025-11,수원시 영통구,매탄2동,약국,60대 이상,167522,55,3046,미확인,0.35,1,여,2026-01-20,공공데이터포털_경기도 수원시_지역화폐 결제 정보_20260120
2025-11,수원시 영통구,매탄2동,용역서비스,60대 이상,52554,13,4043,미확인,0.35,1,여,2026-01-20,공공데이터포털_경기도 수원시_지역화폐 결제 정보_20260120
2025-11,수원시 영통구,매탄2동,음료/식품,60대 이상,1101233,164,6715,미확인,0.35,1,여,2026-01-20,공공데이터포털_경기도 수원시_지역화폐 결제 정보_20260120
2025-11,수원시 영통구,매탄2동,의류,60대 이상,44470,6,7412,미확인,0.35,1,여,2026-01-20,공공데이터포털_경기도 수원시_지역화폐 결제 정보_20260120
2025-11,수원시 영통구,매탄2동,의원,60대 이상,312985,35,8942,미확인,0.35,1,여,2026-01-20,공공데이터포털_경기도 수원시_지역화폐 결제 정보_20260120
2025-11,수원시 영통구,매탄2동,일반/휴게 음식,60대 이상,1569350,334,4699,미확인,0.35,1,여,2026-01-20,공공데이터포털_경기도 수원시_지역화폐 결제 정보_20260120
2025-11,수원시 영통구,매탄2동,일반유통,60대 이상,1065769,396,2691,미확인,0.35,1,여,2026-01-20,공공데이터포털_경기도 수원시_지역화폐 결제 정보_20260120
2025-11,수원시 영통구,매탄2동,자동차 정비/유지,60대 이상,13333,1,13333,미확인,0.35,1,여,2026-01-20,공공데이터포털_경기도 수원시_지역화폐 결제 정보_20260120
2025-11,수원시 영통구,매탄2동,전자제품,60대 이상,2562,1,2562,미확인,0.35,1,여,2026-01-20,공공데이터포털_경기도 수원시_지역화폐 결제 정보_20260120
2025-11,수원시 영통구,매탄2동,직물/침구류,60대 이상,290865,10,29086,미확인,0.35,1,여,2026-01-20,공공데이터포털_경기도 수원시_지역화폐 결제 정보_20260120
2025-11,수원시 영통구,매탄2동,학원,60대 이상,212704,7,30386,미확인,0.35,1,여,2026-01-20,공공데이터포털_경기도 수원시_지역화폐 결제 정보_20260120
2025-11,수원시 영통구,매탄2동,회원정보미상,60대 이상,251700,15,16780,미확인,0.35,1,여,2026-01-20,공공데이터포털_경기도 수원시_지역화폐 결제 정보_20260120
2025-11,수원시 영통구,매탄2동,회원정보미상,60대 이상,251700,15,16780,미확인,0.35,1,여,2026-01-20,공공데이터포털_경기도 수원시_지역화폐 결제 정보_20260120
2025-11,수원시 영통구,매탄2동,미용/위생,60대 이상,28200,2,14100,미확인,0.35,1,여,2026-01-20,공공데이터포털_경기도 수원시_지역화폐 결제 정보_20260120
2025-11,수원시 영통구,매탄2동,약국,60대 이상,16500,2,8250,미확인,0.35,1,여,2026-01-20,공공데이터포털_경기도 수원시_지역화폐 결제 정보_20260120
2025-11,수원시 영통구,매탄2동,음료/식품,60대 이상,15000,1,15000,미확인,0.35,1,여,2026-01-20,공공데이터포털_경기도 수원시_지역화폐 결제 정보_20260120
2025-11,수원시 영통구,매탄2동,일반/휴게 음식,60대 이상,53200,3,17733,미확인,0.35,1,여,2026-01-20,공공데이터포털_경기도 수원시_지역화폐 결제 정보_20260120
2025-11,수원시 영통구,매탄2동,일반유통,60대 이상,138800,7,19829,미확인,0.35,1,여,2026-01-20,공공데이터포털_경기도 수원시_지역화폐 결제 정보_20260120
2025-11,수원시 영통구,매탄3동,기타의료,10대,10823,5,2165,미확인,0.35,1,남,2026-01-20,공공데이터포털_경기도 수원시_지역화폐 결제 정보_20260120
2025-11,수원시 영통구,매탄3동,레저/스포츠 서비스,10대,301841,83,3637,미확인,0.35,1,남,2026-01-20,공공데이터포털_경기도 수원시_지역화폐 결제 정보_20260120
2025-11,수원시 영통구,매탄3동,문화/취미,10대,1645,3,548,미확인,0.35,1,남,2026-01-20,공공데이터포털_경기도 수원시_지역화폐 결제 정보_20260120
2025-11,수원시 영통구,매탄3동,미용/위생,10대,115154,13,8858,미확인,0.35,1,남,2026-01-20,공공데이터포털_경기도 수원시_지역화폐 결제 정보_20260120
2025-11,수원시 영통구,매탄3동,서적/문구/학습자재,10대,60672,24,2528,미확인,0.35,1,남,2026-01-20,공공데이터포털_경기도 수원시_지역화폐 결제 정보_20260120
2025-11,수원시 영통구,매탄3동,약국,10대,19950,13,1535,미확인,0.35,1,남,2026-01-20,공공데이터포털_경기도 수원시_지역화폐 결제 정보_20260120
2025-11,수원시 영통구,매탄3동,용역서비스,10대,4642,6,774,미확인,0.35,1,남,2026-01-20,공공데이터포털_경기도 수원시_지역화폐 결제 정보_20260120
2025-11,수원시 영통구,매탄3동,음료/식품,10대,118112,38,3108,미확인,0.35,1,남,2026-01-20,공공데이터포털_경기도 수원시_지역화폐 결제 정보_20260120
2025-11,수원시 영통구,매탄3동,의원,10대,38431,10,3843,미확인,0.35,1,남,2026-01-20,공공데이터포털_경기도 수원시_지역화폐 결제 정보_20260120
2025-11,수원시 영통구,매탄3동,일반/휴게 음식,10대,728895,168,4339,미확인,0.35,1,남,2026-01-20,공공데이터포털_경기도 수원시_지역화폐 결제 정보_20260120
2025-11,수원시 영통구,매탄3동,일반유통,10대,227607,118,1929,미확인,0.35,1,남,2026-01-20,공공데이터포털_경기도 수원시_지역화폐 결제 정보_20260120
2025-11,수원시 영통구,매탄3동,학원,10대,1294747,60,21579,미확인,0.35,1,남,2026-01-20,공공데이터포털_경기도 수원시_지역화폐 결제 정보_20260120
2025-11,수원시 영통구,매탄3동,기타의료,20대,144574,13,11121,미확인,0.35,1,남,2026-01-20,공공데이터포털_경기도 수원시_지역화폐 결제 정보_20260120
2025-11,수원시 영통구,매탄3동,레저/문화 용품,20대,41818,5,8364,미확인,0.35,1,남,2026-01-20,공공데이터포털_경기도 수원시_지역화폐 결제 정보_20260120
2025-11,수원시 영통구,매탄3동,레저/스포츠 서비스,20대,1564997,191,8194,미확인,0.35,1,남,2026-01-20,공공데이터포털_경기도 수원시_지역화폐 결제 정보_20260120
2025-11,수원시 영통구,매탄3동,문화/취미,20대,221072,31,7131,미확인,0.35,1,남,2026-01-20,공공데이터포털_경기도 수원시_지역화폐 결제 정보_20260120
2025-11,수원시 영통구,매탄3동,미용/위생,20대,1565497,95,16479,미확인,0.35,1,남,2026-01-20,공공데이터포털_경기도 수원시_지역화폐 결제 정보_20260120
2025-11,수원시 영통구,매탄3동,서적/문구/학습자재,20대,588734,31,18991,미확인,0.35,1,남,2026-01-20,공공데이터포털_경기도 수원시_지역화폐 결제 정보_20260120
2025-11,수원시 영통구,매탄3동,약국,20대,262830,61,4309,미확인,0.35,1,남,2026-01-20,공공데이터포털_경기도 수원시_지역화폐 결제 정보_20260120
2025-11,수원시 영통구,매탄3동,용역서비스,20대,211988,21,10095,미확인,0.35,1,남,2026-01-20,공공데이터포털_경기도 수원시_지역화폐 결제 정보_20260120
2025-11,수원시 영통구,매탄3동,음료/식품,20대,3260100,320,10188,미확인,0.35,1,남,2026-01-20,공공데이터포털_경기도 수원시_지역화폐 결제 정보_20260120
2025-11,수원시 영통구,매탄3동,의원,20대,210388,22,9563,미확인,0.35,1,남,2026-01-20,공공데이터포털_경기도 수원시_지역화폐 결제 정보_20260120
2025-11,수원시 영통구,매탄3동,일반/휴게 음식,20대,9181455,1165,7881,미확인,0.35,1,남,2026-01-20,공공데이터포털_경기도 수원시_지역화폐 결제 정보_20260120
2025-11,수원시 영통구,매탄3동,일반유통,20대,2000519,581,3443,미확인,0.35,1,남,2026-01-20,공공데이터포털_경기도 수원시_지역화폐 결제 정보_20260120
2025-11,수원시 영통구,매탄3동,자동차 정비/유지,20대,9981,1,9981,미확인,0.35,1,남,2026-01-20,공공데이터포털_경기도 수원시_지역화폐 결제 정보_20260120
2025-11,수원시 영통구,매탄3동,자동차판매,20대,10000,1,10000,미확인,0.35,1,남,2026-01-20,공공데이터포털_경기도 수원시_지역화폐 결제 정보_20260120
2025-11,수원시 영통구,매탄3동,전자제품,20대,10000,1,10000,미확인,0.35,1,남,2026-01-20,공공데이터포털_경기도 수원시_지역화폐 결제 정보_20260120
2025-11,수원시 영통구,매탄3동,주방용품,20대,3300,1,3300,미확인,0.35,1,남,2026-01-20,공공데이터포털_경기도 수원시_지역화폐 결제 정보_20260120
2025-11,수원시 영통구,매탄3동,직물/침구류,20대,97866,3,32622,미확인,0.35,1,남,2026-01-20,공공데이터포털_경기도 수원시_지역화폐 결제 정보_20260120
2025-11,수원시 영통구,매탄3동,학원,20대,1449002,46,31500,미확인,0.35,1,남,2026-01-20,공공데이터포털_경기도 수원시_지역화폐 결제 정보_20260120
2025-11,수원시 영통구,매탄3동,건축자재,30대,1158,1,1158,미확인,0.35,1,남,2026-01-20,공공데이터포털_경기도 수원시_지역화폐 결제 정보_20260120
2025-11,수원시 영통구,매탄3동,기타의료,30대,460738,46,10016,미확인,0.35,1,남,2026-01-20,공공데이터포털_경기도 수원시_지역화폐 결제 정보_20260120
2025-11,수원시 영통구,매탄3동,레저/문화 용품,30대,166961,30,5565,미확인,0.35,1,남,2026-01-20,공공데이터포털_경기도 수원시_지역화폐 결제 정보_20260120
2025-11,수원시 영통구,매탄3동,레저/스포츠 서비스,30대,1835826,269,6825,미확인,0.35,1,남,2026-01-20,공공데이터포털_경기도 수원시_지역화폐 결제 정보_20260120
2025-11,수원시 영통구,매탄3동,문화/취미,30대,229067,145,1580,미확인,0.35,1,남,2026-01-20,공공데이터포털_경기도 수원시_지역화폐 결제 정보_20260120
2025-11,수원시 영통구,매탄3동,미용/위생,30대,1996145,181,11028,미확인,0.35,1,남,2026-01-20,공공데이터포털_경기도 수원시_지역화폐 결제 정보_20260120
2025-11,수원시 영통구,매탄3동,서적/문구/학습자재,30대,312018,59,5288,미확인,0.35,1,남,2026-01-20,공공데이터포털_경기도 수원시_지역화폐 결제 정보_20260120
2025-11,수원시 영통구,매탄3동,약국,30대,428610,226,1897,미확인,0.35,1,남,2026-01-20,공공데이터포털_경기도 수원시_지역화폐 결제 정보_20260120
2025-11,수원시 영통구,매탄3동,용역서비스,30대,266942,39,6845,미확인,0.35,1,남,2026-01-20,공공데이터포털_경기도 수원시_지역화폐 결제 정보_20260120
2025-11,수원시 영통구,매탄3동,음료/식품,30대,2343706,670,3498,미확인,0.35,1,남,2026-01-20,공공데이터포털_경기도 수원시_지역화폐 결제 정보_20260120
2025-11,수원시 영통구,매탄3동,의원,30대,959711,86,11159,미확인,0.35,1,남,2026-01-20,공공데이터포털_경기도 수원시_지역화폐 결제 정보_20260120
2025-11,수원시 영통구,매탄3동,일반/휴게 음식,30대,9915847,2306,4300,미확인,0.35,1,남,2026-01-20,공공데이터포털_경기도 수원시_지역화폐 결제 정보_20260120
2025-11,수원시 영통구,매탄3동,일반유통,30대,2431706,1194,2037,미확인,0.35,1,남,2026-01-20,공공데이터포털_경기도 수원시_지역화폐 결제 정보_20260120
2025-11,수원시 영통구,매탄3동,자동차 정비/유지,30대,116856,2,58428,미확인,0.35,1,남,2026-01-20,공공데이터포털_경기도 수원시_지역화폐 결제 정보_20260120
2025-11,수원시 영통구,매탄3동,자동차판매,30대,7847,1,7847,미확인,0.35,1,남,2026-01-20,공공데이터포털_경기도 수원시_지역화폐 결제 정보_20260120
2025-11,수원시 영통구,매탄3동,학원,30대,1612407,62,26007,미확인,0.35,1,남,2026-01-20,공공데이터포털_경기도 수원시_지역화폐 결제 정보_20260120
2025-11,수원시 영통구,매탄3동,기타의료,40대,402817,79,5099,미확인,0.35,1,남,2026-01-20,공공데이터포털_경기도 수원시_지역화폐 결제 정보_20260120
2025-11,수원시 영통구,매탄3동,레저/문화 용품,40대,303479,2,151740,미확인,0.35,1,남,2026-01-20,공공데이터포털_경기도 수원시_지역화폐 결제 정보_20260120
2025-11,수원시 영통구,매탄3동,레저/스포츠 서비스,40대,2772439,544,5096,미확인,0.35,1,남,2026-01-20,공공데이터포털_경기도 수원시_지역화폐 결제 정보_20260120
2025-11,수원시 영통구,매탄3동,문화/취미,40대,193734,277,699,미확인,0.35,1,남,2026-01-20,공공데이터포털_경기도 수원시_지역화폐 결제 정보_20260120
2025-11,수원시 영통구,매탄3동,미용/위생,40대,2232330,238,9380,미확인,0.35,1,남,2026-01-20,공공데이터포털_경기도 수원시_지역화폐 결제 정보_20260120
2025-11,수원시 영통구,매탄3동,서적/문구/학습자재,40대,1362840,290,4699,미확인,0.35,1,남,2026-01-20,공공데이터포털_경기도 수원시_지역화폐 결제 정보_20260120
2025-11,수원시 영통구,매탄3동,약국,40대,817678,407,2009,미확인,0.35,1,남,2026-01-20,공공데이터포털_경기도 수원시_지역화폐 결제 정보_20260120
2025-11,수원시 영통구,매탄3동,용역서비스,40대,590949,63,9380,미확인,0.35,1,남,2026-01-20,공공데이터포털_경기도 수원시_지역화폐 결제 정보_20260120
2025-11,수원시 영통구,매탄3동,음료/식품,40대,3589564,1128,3182,미확인,0.35,1,남,2026-01-20,공공데이터포털_경기도 수원시_지역화폐 결제 정보_20260120
2025-11,수원시 영통구,매탄3동,의류,40대,42475,5,8495,미확인,0.35,1,남,2026-01-20,공공데이터포털_경기도 수원시_지역화폐 결제 정보_20260120
2025-11,수원시 영통구,매탄3동,의원,40대,1184886,174,6810,미확인,0.35,1,남,2026-01-20,공공데이터포털_경기도 수원시_지역화폐 결제 정보_20260120
2025-11,수원시 영통구,매탄3동,일반/휴게 음식,40대,15327058,3477,4408,미확인,0.35,1,남,2026-01-20,공공데이터포털_경기도 수원시_지역화폐 결제 정보_20260120
2025-11,수원시 영통구,매탄3동,일반유통,40대,3073303,1405,2187,미확인,0.35,1,남,2026-01-20,공공데이터포털_경기도 수원시_지역화폐 결제 정보_20260120
2025-11,수원시 영통구,매탄3동,자동차 정비/유지,40대,95343,4,23836,미확인,0.35,1,남,2026-01-20,공공데이터포털_경기도 수원시_지역화폐 결제 정보_20260120
2025-11,수원시 영통구,매탄3동,자동차판매,40대,64651,4,16163,미확인,0.35,1,남,2026-01-20,공공데이터포털_경기도 수원시_지역화폐 결제 정보_20260120
2025-11,수원시 영통구,매탄3동,전자제품,40대,400,1,400,미확인,0.35,1,남,2026-01-20,공공데이터포털_경기도 수원시_지역화폐 결제 정보_20260120
2025-11,수원시 영통구,매탄3동,주방용품,40대,346,1,346,미확인,0.35,1,남,2026-01-20,공공데이터포털_경기도 수원시_지역화폐 결제 정보_20260120
2025-11,수원시 영통구,매탄3동,직물/침구류,40대,59759,2,29880,미확인,0.35,1,남,2026-01-20,공공데이터포털_경기도 수원시_지역화폐 결제 정보_20260120
2025-11,수원시 영통구,매탄3동,학원,40대,20308804,665,30540,미확인,0.35,1,남,2026-01-20,공공데이터포털_경기도 수원시_지역화폐 결제 정보_20260120
2025-11,수원시 영통구,매탄3동,건축자재,50대,4193,3,1398,미확인,0.35,1,남,2026-01-20,공공데이터포털_경기도 수원시_지역화폐 결제 정보_20260120
2025-11,수원시 영통구,매탄3동,기타의료,50대,504355,59,8548,미확인,0.35,1,남,2026-01-20,공공데이터포털_경기도 수원시_지역화폐 결제 정보_20260120
2025-11,수원시 영통구,매탄3동,레저/문화 용품,50대,19817,3,6606,미확인,0.35,1,남,2026-01-20,공공데이터포털_경기도 수원시_지역화폐 결제 정보_20260120
2025-11,수원시 영통구,매탄3동,레저/스포츠 서비스,50대,3764483,345,10912,미확인,0.35,1,남,2026-01-20,공공데이터포털_경기도 수원시_지역화폐 결제 정보_20260120
2025-11,수원시 영통구,매탄3동,문화/취미,50대,289491,66,4386,미확인,0.35,1,남,2026-01-20,공공데이터포털_경기도 수원시_지역화폐 결제 정보_20260120
2025-11,수원시 영통구,매탄3동,미용/위생,50대,2023961,191,10597,미확인,0.35,1,남,2026-01-20,공공데이터포털_경기도 수원시_지역화폐 결제 정보_20260120
2025-11,수원시 영통구,매탄3동,서적/문구/학습자재,50대,708758,163,4348,미확인,0.35,1,남,2026-01-20,공공데이터포털_경기도 수원시_지역화폐 결제 정보_20260120
2025-11,수원시 영통구,매탄3동,약국,50대,802792,255,3148,미확인,0.35,1,남,2026-01-20,공공데이터포털_경기도 수원시_지역화폐 결제 정보_20260120
2025-11,수원시 영통구,매탄3동,용역서비스,50대,471855,88,5362,미확인,0.35,1,남,2026-01-20,공공데이터포털_경기도 수원시_지역화폐 결제 정보_20260120
2025-11,수원시 영통구,매탄3동,음료/식품,50대,3972031,1031,3853,미확인,0.35,1,남,2026-01-20,공공데이터포털_경기도 수원시_지역화폐 결제 정보_20260120
2025-11,수원시 영통구,매탄3동,의류,50대,24068,3,8023,미확인,0.35,1,남,2026-01-20,공공데이터포털_경기도 수원시_지역화폐 결제 정보_20260120
2025-11,수원시 영통구,매탄3동,의원,50대,1030117,175,5886,미확인,0.35,1,남,2026-01-20,공공데이터포털_경기도 수원시_지역화폐 결제 정보_20260120
2025-11,수원시 영통구,매탄3동,일반/휴게 음식,50대,13539546,3353,4038,미확인,0.35,1,남,2026-01-20,공공데이터포털_경기도 수원시_지역화폐 결제 정보_20260120
2025-11,수원시 영통구,매탄3동,일반유통,50대,3103163,1429,2172,미확인,0.35,1,남,2026-01-20,공공데이터포털_경기도 수원시_지역화폐 결제 정보_20260120
2025-11,수원시 영통구,매탄3동,자동차 정비/유지,50대,3935,2,1968,미확인,0.35,1,남,2026-01-20,공공데이터포털_경기도 수원시_지역화폐 결제 정보_20260120
2025-11,수원시 영통구,매탄3동,자동차판매,50대,18329,5,3666,미확인,0.35,1,남,2026-01-20,공공데이터포털_경기도 수원시_지역화폐 결제 정보_20260120
2025-11,수원시 영통구,매탄3동,전자제품,50대,24013,4,6003,미확인,0.35,1,남,2026-01-20,공공데이터포털_경기도 수원시_지역화폐 결제 정보_20260120
2025-11,수원시 영통구,매탄3동,주방용품,50대,8972,2,4486,미확인,0.35,1,남,2026-01-20,공공데이터포털_경기도 수원시_지역화폐 결제 정보_20260120
2025-11,수원시 영통구,매탄3동,직물/침구류,50대,100382,2,50191,미확인,0.35,1,남,2026-01-20,공공데이터포털_경기도 수원시_지역화폐 결제 정보_20260120
2025-11,수원시 영통구,매탄3동,학원,50대,13813866,387,35695,미확인,0.35,1,남,2026-01-20,공공데이터포털_경기도 수원시_지역화폐 결제 정보_20260120
2025-11,수원시 영통구,매탄3동,가구,60대 이상,45210,7,6459,미확인,0.35,1,남,2026-01-20,공공데이터포털_경기도 수원시_지역화폐 결제 정보_20260120
2025-11,수원시 영통구,매탄3동,건축자재,60대 이상,3847,5,769,미확인,0.35,1,남,2026-01-20,공공데이터포털_경기도 수원시_지역화폐 결제 정보_20260120
2025-11,수원시 영통구,매탄3동,기타의료,60대 이상,178171,32,5568,미확인,0.35,1,남,2026-01-20,공공데이터포털_경기도 수원시_지역화폐 결제 정보_20260120
2025-11,수원시 영통구,매탄3동,레저/스포츠 서비스,60대 이상,1296637,93,13942,미확인,0.35,1,남,2026-01-20,공공데이터포털_경기도 수원시_지역화폐 결제 정보_20260120
2025-11,수원시 영통구,매탄3동,문화/취미,60대 이상,65282,38,1718,미확인,0.35,1,남,2026-01-20,공공데이터포털_경기도 수원시_지역화폐 결제 정보_20260120
2025-11,수원시 영통구,매탄3동,미용/위생,60대 이상,572695,71,8066,미확인,0.35,1,남,2026-01-20,공공데이터포털_경기도 수원시_지역화폐 결제 정보_20260120
2025-11,수원시 영통구,매탄3동,서적/문구/학습자재,60대 이상,39357,16,2460,미확인,0.35,1,남,2026-01-20,공공데이터포털_경기도 수원시_지역화폐 결제 정보_20260120
2025-11,수원시 영통구,매탄3동,신변잡화,60대 이상,5341,6,890,미확인,0.35,1,남,2026-01-20,공공데이터포털_경기도 수원시_지역화폐 결제 정보_20260120
2025-11,수원시 영통구,매탄3동,약국,60대 이상,370096,145,2552,미확인,0.35,1,남,2026-01-20,공공데이터포털_경기도 수원시_지역화폐 결제 정보_20260120
2025-11,수원시 영통구,매탄3동,용역서비스,60대 이상,85453,37,2310,미확인,0.35,1,남,2026-01-20,공공데이터포털_경기도 수원시_지역화폐 결제 정보_20260120
2025-11,수원시 영통구,매탄3동,음료/식품,60대 이상,2087201,583,3580,미확인,0.35,1,남,2026-01-20,공공데이터포털_경기도 수원시_지역화폐 결제 정보_20260120
2025-11,수원시 영통구,매탄3동,의원,60대 이상,1114114,140,7958,미확인,0.35,1,남,2026-01-20,공공데이터포털_경기도 수원시_지역화폐 결제 정보_20260120
2025-11,수원시 영통구,매탄3동,일반/휴게 음식,60대 이상,3550435,867,4095,미확인,0.35,1,남,2026-01-20,공공데이터포털_경기도 수원시_지역화폐 결제 정보_20260120
2025-11,수원시 영통구,매탄3동,일반유통,60대 이상,941319,424,2220,미확인,0.35,1,남,2026-01-20,공공데이터포털_경기도 수원시_지역화폐 결제 정보_20260120
2025-11,수원시 영통구,매탄3동,자동차판매,60대 이상,7589,2,3794,미확인,0.35,1,남,2026-01-20,공공데이터포털_경기도 수원시_지역화폐 결제 정보_20260120
2025-11,수원시 영통구,매탄3동,전자제품,60대 이상,31385,6,5231,미확인,0.35,1,남,2026-01-20,공공데이터포털_경기도 수원시_지역화폐 결제 정보_20260120
2025-11,수원시 영통구,매탄3동,학원,60대 이상,303789,12,25316,미확인,0.35,1,남,2026-01-20,공공데이터포털_경기도 수원시_지역화폐 결제 정보_20260120
2025-11,수원시 영통구,매탄3동,기타의료,10대,47182,5,9436,미확인,0.35,1,여,2026-01-20,공공데이터포털_경기도 수원시_지역화폐 결제 정보_20260120
2025-11,수원시 영통구,매탄3동,레저/스포츠 서비스,10대,58551,53,1105,미확인,0.35,1,여,2026-01-20,공공데이터포털_경기도 수원시_지역화폐 결제 정보_20260120
2025-11,수원시 영통구,매탄3동,문화/취미,10대,4842,29,167,미확인,0.35,1,여,2026-01-20,공공데이터포털_경기도 수원시_지역화폐 결제 정보_20260120
2025-11,수원시 영통구,매탄3동,미용/위생,10대,35659,9,3962,미확인,0.35,1,여,2026-01-20,공공데이터포털_경기도 수원시_지역화폐 결제 정보_20260120
2025-11,수원시 영통구,매탄3동,서적/문구/학습자재,10대,379182,57,6652,미확인,0.35,1,여,2026-01-20,공공데이터포털_경기도 수원시_지역화폐 결제 정보_20260120
2025-11,수원시 영통구,매탄3동,약국,10대,26258,13,2020,미확인,0.35,1,여,2026-01-20,공공데이터포털_경기도 수원시_지역화폐 결제 정보_20260120
2025-11,수원시 영통구,매탄3동,용역서비스,10대,27089,9,3010,미확인,0.35,1,여,2026-01-20,공공데이터포털_경기도 수원시_지역화폐 결제 정보_20260120
2025-11,수원시 영통구,매탄3동,음료/식품,10대,332354,95,3498,미확인,0.35,1,여,2026-01-20,공공데이터포털_경기도 수원시_지역화폐 결제 정보_20260120
2025-11,수원시 영통구,매탄3동,의원,10대,97026,10,9703,미확인,0.35,1,여,2026-01-20,공공데이터포털_경기도 수원시_지역화폐 결제 정보_20260120
2025-11,수원시 영통구,매탄3동,일반/휴게 음식,10대,1072178,258,4156,미확인,0.35,1,여,2026-01-20,공공데이터포털_경기도 수원시_지역화폐 결제 정보_20260120
2025-11,수원시 영통구,매탄3동,일반유통,10대,232163,193,1203,미확인,0.35,1,여,2026-01-20,공공데이터포털_경기도 수원시_지역화폐 결제 정보_20260120
2025-11,수원시 영통구,매탄3동,학원,10대,1863255,76,24517,미확인,0.35,1,여,2026-01-20,공공데이터포털_경기도 수원시_지역화폐 결제 정보_20260120
2025-11,수원시 영통구,매탄3동,건축자재,20대,900,1,900,미확인,0.35,1,여,2026-01-20,공공데이터포털_경기도 수원시_지역화폐 결제 정보_20260120
2025-11,수원시 영통구,매탄3동,기타의료,20대,612167,33,18551,미확인,0.35,1,여,2026-01-20,공공데이터포털_경기도 수원시_지역화폐 결제 정보_20260120
2025-11,수원시 영통구,매탄3동,레저/문화 용품,20대,171849,6,28642,미확인,0.35,1,여,2026-01-20,공공데이터포털_경기도 수원시_지역화폐 결제 정보_20260120
2025-11,수원시 영통구,매탄3동,레저/스포츠 서비스,20대,2101804,199,10562,미확인,0.35,1,여,2026-01-20,공공데이터포털_경기도 수원시_지역화폐 결제 정보_20260120
2025-11,수원시 영통구,매탄3동,문화/취미,20대,266140,34,7828,미확인,0.35,1,여,2026-01-20,공공데이터포털_경기도 수원시_지역화폐 결제 정보_20260120
2025-11,수원시 영통구,매탄3동,미용/위생,20대,2621268,61,42972,미확인,0.35,1,여,2026-01-20,공공데이터포털_경기도 수원시_지역화폐 결제 정보_20260120
2025-11,수원시 영통구,매탄3동,서적/문구/학습자재,20대,408424,66,6188,미확인,0.35,1,여,2026-01-20,공공데이터포털_경기도 수원시_지역화폐 결제 정보_20260120
2025-11,수원시 영통구,매탄3동,약국,20대,319988,92,3478,미확인,0.35,1,여,2026-01-20,공공데이터포털_경기도 수원시_지역화폐 결제 정보_20260120
2025-11,수원시 영통구,매탄3동,용역서비스,20대,251569,37,6799,미확인,0.35,1,여,2026-01-20,공공데이터포털_경기도 수원시_지역화폐 결제 정보_20260120
2025-11,수원시 영통구,매탄3동,음료/식품,20대,1662718,283,5875,미확인,0.35,1,여,2026-01-20,공공데이터포털_경기도 수원시_지역화폐 결제 정보_20260120
2025-11,수원시 영통구,매탄3동,의원,20대,643479,51,12617,미확인,0.35,1,여,2026-01-20,공공데이터포털_경기도 수원시_지역화폐 결제 정보_20260120
2025-11,수원시 영통구,매탄3동,일반/휴게 음식,20대,8976625,1248,7193,미확인,0.35,1,여,2026-01-20,공공데이터포털_경기도 수원시_지역화폐 결제 정보_20260120
2025-11,수원시 영통구,매탄3동,일반유통,20대,1704672,495,3444,미확인,0.35,1,여,2026-01-20,공공데이터포털_경기도 수원시_지역화폐 결제 정보_20260120
2025-11,수원시 영통구,매탄3동,주방용품,20대,269,1,269,미확인,0.35,1,여,2026-01-20,공공데이터포털_경기도 수원시_지역화폐 결제 정보_20260120
2025-11,수원시 영통구,매탄3동,학원,20대,1476733,29,50922,미확인,0.35,1,여,2026-01-20,공공데이터포털_경기도 수원시_지역화폐 결제 정보_20260120
2025-11,수원시 영통구,매탄3동,기타의료,30대,583214,77,7574,미확인,0.35,1,여,2026-01-20,공공데이터포털_경기도 수원시_지역화폐 결제 정보_20260120
2025-11,수원시 영통구,매탄3동,레저/문화 용품,30대,168875,7,24125,미확인,0.35,1,여,2026-01-20,공공데이터포털_경기도 수원시_지역화폐 결제 정보_20260120
2025-11,수원시 영통구,매탄3동,레저/스포츠 서비스,30대,3090315,449,6883,미확인,0.35,1,여,2026-01-20,공공데이터포털_경기도 수원시_지역화폐 결제 정보_20260120
2025-11,수원시 영통구,매탄3동,문화/취미,30대,447446,251,1783,미확인,0.35,1,여,2026-01-20,공공데이터포털_경기도 수원시_지역화폐 결제 정보_20260120
2025-11,수원시 영통구,매탄3동,미용/위생,30대,2438900,126,19356,미확인,0.35,1,여,2026-01-20,공공데이터포털_경기도 수원시_지역화폐 결제 정보_20260120
2025-11,수원시 영통구,매탄3동,서적/문구/학습자재,30대,1179967,195,6051,미확인,0.35,1,여,2026-01-20,공공데이터포털_경기도 수원시_지역화폐 결제 정보_20260120
2025-11,수원시 영통구,매탄3동,약국,30대,657020,339,1938,미확인,0.35,1,여,2026-01-20,공공데이터포털_경기도 수원시_지역화폐 결제 정보_20260120
2025-11,수원시 영통구,매탄3동,용역서비스,30대,343443,59,5821,미확인,0.35,1,여,2026-01-20,공공데이터포털_경기도 수원시_지역화폐 결제 정보_20260120
2025-11,수원시 영통구,매탄3동,음료/식품,30대,3019378,949,3182,미확인,0.35,1,여,2026-01-20,공공데이터포털_경기도 수원시_지역화폐 결제 정보_20260120
2025-11,수원시 영통구,매탄3동,의원,30대,2118931,123,17227,미확인,0.35,1,여,2026-01-20,공공데이터포털_경기도 수원시_지역화폐 결제 정보_20260120
2025-11,수원시 영통구,매탄3동,일반/휴게 음식,30대,11351168,2916,3893,미확인,0.35,1,여,2026-01-20,공공데이터포털_경기도 수원시_지역화폐 결제 정보_20260120
2025-11,수원시 영통구,매탄3동,일반유통,30대,1608561,851,1890,미확인,0.35,1,여,2026-01-20,공공데이터포털_경기도 수원시_지역화폐 결제 정보_20260120
2025-11,수원시 영통구,매탄3동,자동차 정비/유지,30대,95596,3,31865,미확인,0.35,1,여,2026-01-20,공공데이터포털_경기도 수원시_지역화폐 결제 정보_20260120
2025-11,수원시 영통구,매탄3동,전자제품,30대,1207,1,1207,미확인,0.35,1,여,2026-01-20,공공데이터포털_경기도 수원시_지역화폐 결제 정보_20260120
2025-11,수원시 영통구,매탄3동,직물/침구류,30대,54135,2,27068,미확인,0.35,1,여,2026-01-20,공공데이터포털_경기도 수원시_지역화폐 결제 정보_20260120
2025-11,수원시 영통구,매탄3동,학원,30대,5100587,155,32907,미확인,0.35,1,여,2026-01-20,공공데이터포털_경기도 수원시_지역화폐 결제 정보_20260120
2025-11,수원시 영통구,매탄3동,건축자재,40대,1019,1,1019,미확인,0.35,1,여,2026-01-20,공공데이터포털_경기도 수원시_지역화폐 결제 정보_20260120
2025-11,수원시 영통구,매탄3동,기타의료,40대,607368,147,4132,미확인,0.35,1,여,2026-01-20,공공데이터포털_경기도 수원시_지역화폐 결제 정보_20260120
2025-11,수원시 영통구,매탄3동,레저/문화 용품,40대,4055,2,2028,미확인,0.35,1,여,2026-01-20,공공데이터포털_경기도 수원시_지역화폐 결제 정보_20260120
2025-11,수원시 영통구,매탄3동,레저/스포츠 서비스,40대,3564701,429,8309,미확인,0.35,1,여,2026-01-20,공공데이터포털_경기도 수원시_지역화폐 결제 정보_20260120
2025-11,수원시 영통구,매탄3동,문화/취미,40대,276589,221,1252,미확인,0.35,1,여,2026-01-20,공공데이터포털_경기도 수원시_지역화폐 결제 정보_20260120
2025-11,수원시 영통구,매탄3동,미용/위생,40대,3741270,313,11953,미확인,0.35,1,여,2026-01-20,공공데이터포털_경기도 수원시_지역화폐 결제 정보_20260120
2025-11,수원시 영통구,매탄3동,서적/문구/학습자재,40대,3736434,739,5056,미확인,0.35,1,여,2026-01-20,공공데이터포털_경기도 수원시_지역화폐 결제 정보_20260120
2025-11,수원시 영통구,매탄3동,약국,40대,1393582,745,1871,미확인,0.35,1,여,2026-01-20,공공데이터포털_경기도 수원시_지역화폐 결제 정보_20260120
2025-11,수원시 영통구,매탄3동,용역서비스,40대,883762,120,7365,미확인,0.35,1,여,2026-01-20,공공데이터포털_경기도 수원시_지역화폐 결제 정보_20260120
2025-11,수원시 영통구,매탄3동,음료/식품,40대,7821997,2556,3060,미확인,0.35,1,여,2026-01-20,공공데이터포털_경기도 수원시_지역화폐 결제 정보_20260120
2025-11,수원시 영통구,매탄3동,의류,40대,73670,8,9209,미확인,0.35,1,여,2026-01-20,공공데이터포털_경기도 수원시_지역화폐 결제 정보_20260120
2025-11,수원시 영통구,매탄3동,의원,40대,1974415,319,6189,미확인,0.35,1,여,2026-01-20,공공데이터포털_경기도 수원시_지역화폐 결제 정보_20260120
2025-11,수원시 영통구,매탄3동,일반/휴게 음식,40대,19308140,5924,3259,미확인,0.35,1,여,2026-01-20,공공데이터포털_경기도 수원시_지역화폐 결제 정보_20260120
2025-11,수원시 영통구,매탄3동,일반유통,40대,2293584,1349,1700,미확인,0.35,1,여,2026-01-20,공공데이터포털_경기도 수원시_지역화폐 결제 정보_20260120
2025-11,수원시 영통구,매탄3동,자동차 정비/유지,40대,21201,2,10600,미확인,0.35,1,여,2026-01-20,공공데이터포털_경기도 수원시_지역화폐 결제 정보_20260120
2025-11,수원시 영통구,매탄3동,자동차판매,40대,23373,3,7791,미확인,0.35,1,여,2026-01-20,공공데이터포털_경기도 수원시_지역화폐 결제 정보_20260120
2025-11,수원시 영통구,매탄3동,전자제품,40대,29308,4,7327,미확인,0.35,1,여,2026-01-20,공공데이터포털_경기도 수원시_지역화폐 결제 정보_20260120
2025-11,수원시 영통구,매탄3동,직물/침구류,40대,42038,2,21019,미확인,0.35,1,여,2026-01-20,공공데이터포털_경기도 수원시_지역화폐 결제 정보_20260120
2025-11,수원시 영통구,매탄3동,학원,40대,29313409,989,29639,미확인,0.35,1,여,2026-01-20,공공데이터포털_경기도 수원시_지역화폐 결제 정보_20260120
2025-11,수원시 영통구,매탄3동,건축자재,50대,6838,3,2279,미확인,0.35,1,여,2026-01-20,공공데이터포털_경기도 수원시_지역화폐 결제 정보_20260120
2025-11,수원시 영통구,매탄3동,기타의료,50대,665554,114,5838,미확인,0.35,1,여,2026-01-20,공공데이터포털_경기도 수원시_지역화폐 결제 정보_20260120
2025-11,수원시 영통구,매탄3동,레저/문화 용품,50대,39693,2,19846,미확인,0.35,1,여,2026-01-20,공공데이터포털_경기도 수원시_지역화폐 결제 정보_20260120
2025-11,수원시 영통구,매탄3동,레저/스포츠 서비스,50대,4618783,197,23446,미확인,0.35,1,여,2026-01-20,공공데이터포털_경기도 수원시_지역화폐 결제 정보_20260120
2025-11,수원시 영통구,매탄3동,문화/취미,50대,142072,34,4179,미확인,0.35,1,여,2026-01-20,공공데이터포털_경기도 수원시_지역화폐 결제 정보_20260120
2025-11,수원시 영통구,매탄3동,미용/위생,50대,3278707,205,15994,미확인,0.35,1,여,2026-01-20,공공데이터포털_경기도 수원시_지역화폐 결제 정보_20260120
2025-11,수원시 영통구,매탄3동,사무/통신,50대,5000,1,5000,미확인,0.35,1,여,2026-01-20,공공데이터포털_경기도 수원시_지역화폐 결제 정보_20260120
2025-11,수원시 영통구,매탄3동,서적/문구/학습자재,50대,927224,190,4880,미확인,0.35,1,여,2026-01-20,공공데이터포털_경기도 수원시_지역화폐 결제 정보_20260120
2025-11,수원시 영통구,매탄3동,약국,50대,971023,360,2697,미확인,0.35,1,여,2026-01-20,공공데이터포털_경기도 수원시_지역화폐 결제 정보_20260120
2025-11,수원시 영통구,매탄3동,용역서비스,50대,452366,127,3562,미확인,0.35,1,여,2026-01-20,공공데이터포털_경기도 수원시_지역화폐 결제 정보_20260120
2025-11,수원시 영통구,매탄3동,음료/식품,50대,7865946,2034,3867,미확인,0.35,1,여,2026-01-20,공공데이터포털_경기도 수원시_지역화폐 결제 정보_20260120
2025-11,수원시 영통구,매탄3동,의류,50대,77822,6,12970,미확인,0.35,1,여,2026-01-20,공공데이터포털_경기도 수원시_지역화폐 결제 정보_20260120
2025-11,수원시 영통구,매탄3동,의원,50대,1775154,233,7619,미확인,0.35,1,여,2026-01-20,공공데이터포털_경기도 수원시_지역화폐 결제 정보_20260120
2025-11,수원시 영통구,매탄3동,일반/휴게 음식,50대,14402972,3749,3842,미확인,0.35,1,여,2026-01-20,공공데이터포털_경기도 수원시_지역화폐 결제 정보_20260120
2025-11,수원시 영통구,매탄3동,일반유통,50대,2174314,933,2330,미확인,0.35,1,여,2026-01-20,공공데이터포털_경기도 수원시_지역화폐 결제 정보_20260120
2025-11,수원시 영통구,매탄3동,자동차판매,50대,5622,1,5622,미확인,0.35,1,여,2026-01-20,공공데이터포털_경기도 수원시_지역화폐 결제 정보_20260120
2025-11,수원시 영통구,매탄3동,전자상거래,50대,1353,1,1353,미확인,0.35,1,여,2026-01-20,공공데이터포털_경기도 수원시_지역화폐 결제 정보_20260120
2025-11,수원시 영통구,매탄3동,전자제품,50대,27455,5,5491,미확인,0.35,1,여,2026-01-20,공공데이터포털_경기도 수원시_지역화폐 결제 정보_20260120
2025-11,수원시 영통구,매탄3동,주방용품,50대,3478,1,3478,미확인,0.35,1,여,2026-01-20,공공데이터포털_경기도 수원시_지역화폐 결제 정보_20260120
2025-11,수원시 영통구,매탄3동,학원,50대,6628463,208,31868,미확인,0.35,1,여,2026-01-20,공공데이터포털_경기도 수원시_지역화폐 결제 정보_20260120
2025-11,수원시 영통구,매탄3동,가구,60대 이상,15381,1,15381,미확인,0.35,1,여,2026-01-20,공공데이터포털_경기도 수원시_지역화폐 결제 정보_20260120
2025-11,수원시 영통구,매탄3동,기타의료,60대 이상,156640,42,3730,미확인,0.35,1,여,2026-01-20,공공데이터포털_경기도 수원시_지역화폐 결제 정보_20260120
2025-11,수원시 영통구,매탄3동,레저/스포츠 서비스,60대 이상,1193777,41,29117,미확인,0.35,1,여,2026-01-20,공공데이터포털_경기도 수원시_지역화폐 결제 정보_20260120
2025-11,수원시 영통구,매탄3동,문화/취미,60대 이상,43002,9,4778,미확인,0.35,1,여,2026-01-20,공공데이터포털_경기도 수원시_지역화폐 결제 정보_20260120
2025-11,수원시 영통구,매탄3동,미용/위생,60대 이상,679383,85,7993,미확인,0.35,1,여,2026-01-20,공공데이터포털_경기도 수원시_지역화폐 결제 정보_20260120
2025-11,수원시 영통구,매탄3동,사무/통신,60대 이상,1545,1,1545,미확인,0.35,1,여,2026-01-20,공공데이터포털_경기도 수원시_지역화폐 결제 정보_20260120
2025-11,수원시 영통구,매탄3동,서적/문구/학습자재,60대 이상,246437,39,6319,미확인,0.35,1,여,2026-01-20,공공데이터포털_경기도 수원시_지역화폐 결제 정보_20260120
2025-11,수원시 영통구,매탄3동,약국,60대 이상,626419,215,2914,미확인,0.35,1,여,2026-01-20,공공데이터포털_경기도 수원시_지역화폐 결제 정보_20260120
2025-11,수원시 영통구,매탄3동,용역서비스,60대 이상,123383,35,3525,미확인,0.35,1,여,2026-01-20,공공데이터포털_경기도 수원시_지역화폐 결제 정보_20260120
2025-11,수원시 영통구,매탄3동,음료/식품,60대 이상,4990579,1420,3514,미확인,0.35,1,여,2026-01-20,공공데이터포털_경기도 수원시_지역화폐 결제 정보_20260120
2025-11,수원시 영통구,매탄3동,의류,60대 이상,9631,2,4816,미확인,0.35,1,여,2026-01-20,공공데이터포털_경기도 수원시_지역화폐 결제 정보_20260120
2025-11,수원시 영통구,매탄3동,의원,60대 이상,996623,169,5897,미확인,0.35,1,여,2026-01-20,공공데이터포털_경기도 수원시_지역화폐 결제 정보_20260120
2025-11,수원시 영통구,매탄3동,일반/휴게 음식,60대 이상,3606580,1004,3592,미확인,0.35,1,여,2026-01-20,공공데이터포털_경기도 수원시_지역화폐 결제 정보_20260120
2025-11,수원시 영통구,매탄3동,일반유통,60대 이상,1046542,408,2565,미확인,0.35,1,여,2026-01-20,공공데이터포털_경기도 수원시_지역화폐 결제 정보_20260120
2025-11,수원시 영통구,매탄3동,자동차 정비/유지,60대 이상,79167,2,39584,미확인,0.35,1,여,2026-01-20,공공데이터포털_경기도 수원시_지역화폐 결제 정보_20260120
2025-11,수원시 영통구,매탄3동,전자제품,60대 이상,12972,4,3243,미확인,0.35,1,여,2026-01-20,공공데이터포털_경기도 수원시_지역화폐 결제 정보_20260120
2025-11,수원시 영통구,매탄3동,주방용품,60대 이상,7523,2,3762,미확인,0.35,1,여,2026-01-20,공공데이터포털_경기도 수원시_지역화폐 결제 정보_20260120
2025-11,수원시 영통구,매탄3동,직물/침구류,60대 이상,56294,2,28147,미확인,0.35,1,여,2026-01-20,공공데이터포털_경기도 수원시_지역화폐 결제 정보_20260120
2025-11,수원시 영통구,매탄3동,학원,60대 이상,1033112,29,35625,미확인,0.35,1,여,2026-01-20,공공데이터포털_경기도 수원시_지역화폐 결제 정보_20260120
2025-11,수원시 영통구,매탄3동,회원정보미상,60대 이상,501740,35,14335,미확인,0.35,1,여,2026-01-20,공공데이터포털_경기도 수원시_지역화폐 결제 정보_20260120
2025-11,수원시 영통구,매탄3동,회원정보미상,60대 이상,501740,35,14335,미확인,0.35,1,여,2026-01-20,공공데이터포털_경기도 수원시_지역화폐 결제 정보_20260120
2025-11,수원시 영통구,매탄3동,미용/위생,60대 이상,33000,1,33000,미확인,0.35,1,여,2026-01-20,공공데이터포털_경기도 수원시_지역화폐 결제 정보_20260120
2025-11,수원시 영통구,매탄3동,약국,60대 이상,40000,1,40000,미확인,0.35,1,여,2026-01-20,공공데이터포털_경기도 수원시_지역화폐 결제 정보_20260120
2025-11,수원시 영통구,매탄3동,음료/식품,60대 이상,261700,24,10904,미확인,0.35,1,여,2026-01-20,공공데이터포털_경기도 수원시_지역화폐 결제 정보_20260120
2025-11,수원시 영통구,매탄3동,일반/휴게 음식,60대 이상,135240,6,22540,미확인,0.35,1,여,2026-01-20,공공데이터포털_경기도 수원시_지역화폐 결제 정보_20260120
2025-11,수원시 영통구,매탄3동,일반유통,60대 이상,31800,3,10600,미확인,0.35,1,여,2026-01-20,공공데이터포털_경기도 수원시_지역화폐 결제 정보_20260120
2025-11,수원시 영통구,매탄4동,레저/문화 용품,10대,3783,1,3783,미확인,0.35,1,남,2026-01-20,공공데이터포털_경기도 수원시_지역화폐 결제 정보_20260120
2025-11,수원시 영통구,매탄4동,미용/위생,10대,8756,2,4378,미확인,0.35,1,남,2026-01-20,공공데이터포털_경기도 수원시_지역화폐 결제 정보_20260120
2025-11,수원시 영통구,매탄4동,약국,10대,3354,2,1677,미확인,0.35,1,남,2026-01-20,공공데이터포털_경기도 수원시_지역화폐 결제 정보_20260120
2025-11,수원시 영통구,매탄4동,음료/식품,10대,4007,2,2004,미확인,0.35,1,남,2026-01-20,공공데이터포털_경기도 수원시_지역화폐 결제 정보_20260120
2025-11,수원시 영통구,매탄4동,의원,10대,798,1,798,미확인,0.35,1,남,2026-01-20,공공데이터포털_경기도 수원시_지역화폐 결제 정보_20260120
2025-11,수원시 영통구,매탄4동,일반/휴게 음식,10대,96967,4,24242,미확인,0.35,1,남,2026-01-20,공공데이터포털_경기도 수원시_지역화폐 결제 정보_20260120
2025-11,수원시 영통구,매탄4동,일반유통,10대,47393,19,2494,미확인,0.35,1,남,2026-01-20,공공데이터포털_경기도 수원시_지역화폐 결제 정보_20260120
2025-11,수원시 영통구,매탄4동,학원,10대,13032,5,2606,미확인,0.35,1,남,2026-01-20,공공데이터포털_경기도 수원시_지역화폐 결제 정보_20260120
2025-11,수원시 영통구,매탄4동,기타의료,20대,2431,2,1216,미확인,0.35,1,남,2026-01-20,공공데이터포털_경기도 수원시_지역화폐 결제 정보_20260120
2025-11,수원시 영통구,매탄4동,레저/문화 용품,20대,197152,8,24644,미확인,0.35,1,남,2026-01-20,공공데이터포털_경기도 수원시_지역화폐 결제 정보_20260120
2025-11,수원시 영통구,매탄4동,레저/스포츠 서비스,20대,100808,2,50404,미확인,0.35,1,남,2026-01-20,공공데이터포털_경기도 수원시_지역화폐 결제 정보_20260120
2025-11,수원시 영통구,매탄4동,문화/취미,20대,56031,2,28016,미확인,0.35,1,남,2026-01-20,공공데이터포털_경기도 수원시_지역화폐 결제 정보_20260120
2025-11,수원시 영통구,매탄4동,미용/위생,20대,196139,21,9340,미확인,0.35,1,남,2026-01-20,공공데이터포털_경기도 수원시_지역화폐 결제 정보_20260120
2025-11,수원시 영통구,매탄4동,약국,20대,82339,11,7485,미확인,0.35,1,남,2026-01-20,공공데이터포털_경기도 수원시_지역화폐 결제 정보_20260120
2025-11,수원시 영통구,매탄4동,용역서비스,20대,53284,6,8881,미확인,0.35,1,남,2026-01-20,공공데이터포털_경기도 수원시_지역화폐 결제 정보_20260120
2025-11,수원시 영통구,매탄4동,음료/식품,20대,455035,76,5987,미확인,0.35,1,남,2026-01-20,공공데이터포털_경기도 수원시_지역화폐 결제 정보_20260120
2025-11,수원시 영통구,매탄4동,의류,20대,51247,3,17082,미확인,0.35,1,남,2026-01-20,공공데이터포털_경기도 수원시_지역화폐 결제 정보_20260120
2025-11,수원시 영통구,매탄4동,의원,20대,2131,2,1066,미확인,0.35,1,남,2026-01-20,공공데이터포털_경기도 수원시_지역화폐 결제 정보_20260120
2025-11,수원시 영통구,매탄4동,일반/휴게 음식,20대,1882548,185,10176,미확인,0.35,1,남,2026-01-20,공공데이터포털_경기도 수원시_지역화폐 결제 정보_20260120
2025-11,수원시 영통구,매탄4동,일반유통,20대,1328702,267,4976,미확인,0.35,1,남,2026-01-20,공공데이터포털_경기도 수원시_지역화폐 결제 정보_20260120
2025-11,수원시 영통구,매탄4동,학원,20대,30326,3,10109,미확인,0.35,1,남,2026-01-20,공공데이터포털_경기도 수원시_지역화폐 결제 정보_20260120
2025-11,수원시 영통구,매탄4동,가구,30대,142410,1,142410,미확인,0.35,1,남,2026-01-20,공공데이터포털_경기도 수원시_지역화폐 결제 정보_20260120
2025-11,수원시 영통구,매탄4동,건축자재,30대,86041,1,86041,미확인,0.35,1,남,2026-01-20,공공데이터포털_경기도 수원시_지역화폐 결제 정보_20260120
2025-11,수원시 영통구,매탄4동,레저/문화 용품,30대,72828,4,18207,미확인,0.35,1,남,2026-01-20,공공데이터포털_경기도 수원시_지역화폐 결제 정보_20260120
2025-11,수원시 영통구,매탄4동,레저/스포츠 서비스,30대,47210,5,9442,미확인,0.35,1,남,2026-01-20,공공데이터포털_경기도 수원시_지역화폐 결제 정보_20260120
2025-11,수원시 영통구,매탄4동,문화/취미,30대,17892,3,5964,미확인,0.35,1,남,2026-01-20,공공데이터포털_경기도 수원시_지역화폐 결제 정보_20260120
2025-11,수원시 영통구,매탄4동,미용/위생,30대,128723,26,4951,미확인,0.35,1,남,2026-01-20,공공데이터포털_경기도 수원시_지역화폐 결제 정보_20260120
2025-11,수원시 영통구,매탄4동,서적/문구/학습자재,30대,21815,10,2182,미확인,0.35,1,남,2026-01-20,공공데이터포털_경기도 수원시_지역화폐 결제 정보_20260120
2025-11,수원시 영통구,매탄4동,약국,30대,139710,66,2117,미확인,0.35,1,남,2026-01-20,공공데이터포털_경기도 수원시_지역화폐 결제 정보_20260120
2025-11,수원시 영통구,매탄4동,용역서비스,30대,13949,4,3487,미확인,0.35,1,남,2026-01-20,공공데이터포털_경기도 수원시_지역화폐 결제 정보_20260120
2025-11,수원시 영통구,매탄4동,음료/식품,30대,281354,85,3310,미확인,0.35,1,남,2026-01-20,공공데이터포털_경기도 수원시_지역화폐 결제 정보_20260120
2025-11,수원시 영통구,매탄4동,의류,30대,4053,1,4053,미확인,0.35,1,남,2026-01-20,공공데이터포털_경기도 수원시_지역화폐 결제 정보_20260120
2025-11,수원시 영통구,매탄4동,의원,30대,40649,14,2904,미확인,0.35,1,남,2026-01-20,공공데이터포털_경기도 수원시_지역화폐 결제 정보_20260120
2025-11,수원시 영통구,매탄4동,일반/휴게 음식,30대,1859895,442,4208,미확인,0.35,1,남,2026-01-20,공공데이터포털_경기도 수원시_지역화폐 결제 정보_20260120
2025-11,수원시 영통구,매탄4동,일반유통,30대,1400922,540,2594,미확인,0.35,1,남,2026-01-20,공공데이터포털_경기도 수원시_지역화폐 결제 정보_20260120
2025-11,수원시 영통구,매탄4동,자동차 정비/유지,30대,8557,2,4278,미확인,0.35,1,남,2026-01-20,공공데이터포털_경기도 수원시_지역화폐 결제 정보_20260120
2025-11,수원시 영통구,매탄4동,주방용품,30대,1273,1,1273,미확인,0.35,1,남,2026-01-20,공공데이터포털_경기도 수원시_지역화폐 결제 정보_20260120
2025-11,수원시 영통구,매탄4동,학원,30대,711311,13,54716,미확인,0.35,1,남,2026-01-20,공공데이터포털_경기도 수원시_지역화폐 결제 정보_20260120
2025-11,수원시 영통구,매탄4동,건축자재,40대,4519,1,4519,미확인,0.35,1,남,2026-01-20,공공데이터포털_경기도 수원시_지역화폐 결제 정보_20260120
2025-11,수원시 영통구,매탄4동,기타의료,40대,8164,4,2041,미확인,0.35,1,남,2026-01-20,공공데이터포털_경기도 수원시_지역화폐 결제 정보_20260120
2025-11,수원시 영통구,매탄4동,레저/문화 용품,40대,219904,18,12217,미확인,0.35,1,남,2026-01-20,공공데이터포털_경기도 수원시_지역화폐 결제 정보_20260120
2025-11,수원시 영통구,매탄4동,레저/스포츠 서비스,40대,177377,21,8447,미확인,0.35,1,남,2026-01-20,공공데이터포털_경기도 수원시_지역화폐 결제 정보_20260120
2025-11,수원시 영통구,매탄4동,문화/취미,40대,10965,4,2741,미확인,0.35,1,남,2026-01-20,공공데이터포털_경기도 수원시_지역화폐 결제 정보_20260120
2025-11,수원시 영통구,매탄4동,미용/위생,40대,295482,54,5472,미확인,0.35,1,남,2026-01-20,공공데이터포털_경기도 수원시_지역화폐 결제 정보_20260120
2025-11,수원시 영통구,매탄4동,서적/문구/학습자재,40대,65280,21,3109,미확인,0.35,1,남,2026-01-20,공공데이터포털_경기도 수원시_지역화폐 결제 정보_20260120
2025-11,수원시 영통구,매탄4동,약국,40대,190489,142,1341,미확인,0.35,1,남,2026-01-20,공공데이터포털_경기도 수원시_지역화폐 결제 정보_20260120
2025-11,수원시 영통구,매탄4동,용역서비스,40대,31113,10,3111,미확인,0.35,1,남,2026-01-20,공공데이터포털_경기도 수원시_지역화폐 결제 정보_20260120
2025-11,수원시 영통구,매탄4동,음료/식품,40대,176309,71,2483,미확인,0.35,1,남,2026-01-20,공공데이터포털_경기도 수원시_지역화폐 결제 정보_20260120
2025-11,수원시 영통구,매탄4동,의류,40대,15622,4,3906,미확인,0.35,1,남,2026-01-20,공공데이터포털_경기도 수원시_지역화폐 결제 정보_20260120
2025-11,수원시 영통구,매탄4동,의원,40대,237961,39,6102,미확인,0.35,1,남,2026-01-20,공공데이터포털_경기도 수원시_지역화폐 결제 정보_20260120
2025-11,수원시 영통구,매탄4동,일반/휴게 음식,40대,2922836,518,5643,미확인,0.35,1,남,2026-01-20,공공데이터포털_경기도 수원시_지역화폐 결제 정보_20260120
2025-11,수원시 영통구,매탄4동,일반유통,40대,1624451,526,3088,미확인,0.35,1,남,2026-01-20,공공데이터포털_경기도 수원시_지역화폐 결제 정보_20260120
2025-11,수원시 영통구,매탄4동,자동차 정비/유지,40대,56540,2,28270,미확인,0.35,1,남,2026-01-20,공공데이터포털_경기도 수원시_지역화폐 결제 정보_20260120
2025-11,수원시 영통구,매탄4동,자동차판매,40대,5436,2,2718,미확인,0.35,1,남,2026-01-20,공공데이터포털_경기도 수원시_지역화폐 결제 정보_20260120
2025-11,수원시 영통구,매탄4동,전자제품,40대,13577,2,6788,미확인,0.35,1,남,2026-01-20,공공데이터포털_경기도 수원시_지역화폐 결제 정보_20260120
2025-11,수원시 영통구,매탄4동,주방용품,40대,2981,1,2981,미확인,0.35,1,남,2026-01-20,공공데이터포털_경기도 수원시_지역화폐 결제 정보_20260120
2025-11,수원시 영통구,매탄4동,학원,40대,1341946,32,41936,미확인,0.35,1,남,2026-01-20,공공데이터포털_경기도 수원시_지역화폐 결제 정보_20260120
2025-11,수원시 영통구,매탄4동,건축자재,50대,1833,1,1833,미확인,0.35,1,남,2026-01-20,공공데이터포털_경기도 수원시_지역화폐 결제 정보_20260120
2025-11,수원시 영통구,매탄4동,기타의료,50대,1808,3,603,미확인,0.35,1,남,2026-01-20,공공데이터포털_경기도 수원시_지역화폐 결제 정보_20260120
2025-11,수원시 영통구,매탄4동,레저/문화 용품,50대,98923,29,3411,미확인,0.35,1,남,2026-01-20,공공데이터포털_경기도 수원시_지역화폐 결제 정보_20260120
2025-11,수원시 영통구,매탄4동,레저/스포츠 서비스,50대,134802,19,7095,미확인,0.35,1,남,2026-01-20,공공데이터포털_경기도 수원시_지역화폐 결제 정보_20260120
2025-11,수원시 영통구,매탄4동,문화/취미,50대,50100,6,8350,미확인,0.35,1,남,2026-01-20,공공데이터포털_경기도 수원시_지역화폐 결제 정보_20260120
2025-11,수원시 영통구,매탄4동,미용/위생,50대,437176,44,9936,미확인,0.35,1,남,2026-01-20,공공데이터포털_경기도 수원시_지역화폐 결제 정보_20260120
2025-11,수원시 영통구,매탄4동,서적/문구/학습자재,50대,6505,1,6505,미확인,0.35,1,남,2026-01-20,공공데이터포털_경기도 수원시_지역화폐 결제 정보_20260120
2025-11,수원시 영통구,매탄4동,약국,50대,185598,101,1838,미확인,0.35,1,남,2026-01-20,공공데이터포털_경기도 수원시_지역화폐 결제 정보_20260120
2025-11,수원시 영통구,매탄4동,용역서비스,50대,32732,13,2518,미확인,0.35,1,남,2026-01-20,공공데이터포털_경기도 수원시_지역화폐 결제 정보_20260120
2025-11,수원시 영통구,매탄4동,음료/식품,50대,325830,75,4344,미확인,0.35,1,남,2026-01-20,공공데이터포털_경기도 수원시_지역화폐 결제 정보_20260120
2025-11,수원시 영통구,매탄4동,의류,50대,70668,10,7067,미확인,0.35,1,남,2026-01-20,공공데이터포털_경기도 수원시_지역화폐 결제 정보_20260120
2025-11,수원시 영통구,매탄4동,의원,50대,212545,36,5904,미확인,0.35,1,남,2026-01-20,공공데이터포털_경기도 수원시_지역화폐 결제 정보_20260120
2025-11,수원시 영통구,매탄4동,일반/휴게 음식,50대,2968806,582,5101,미확인,0.35,1,남,2026-01-20,공공데이터포털_경기도 수원시_지역화폐 결제 정보_20260120
2025-11,수원시 영통구,매탄4동,일반유통,50대,1474635,488,3022,미확인,0.35,1,남,2026-01-20,공공데이터포털_경기도 수원시_지역화폐 결제 정보_20260120
2025-11,수원시 영통구,매탄4동,자동차 정비/유지,50대,28911,3,9637,미확인,0.35,1,남,2026-01-20,공공데이터포털_경기도 수원시_지역화폐 결제 정보_20260120
2025-11,수원시 영통구,매탄4동,학원,50대,812580,8,101572,미확인,0.35,1,남,2026-01-20,공공데이터포털_경기도 수원시_지역화폐 결제 정보_20260120
2025-11,수원시 영통구,매탄4동,기타유통,60대 이상,28151,1,28151,미확인,0.35,1,남,2026-01-20,공공데이터포털_경기도 수원시_지역화폐 결제 정보_20260120
2025-11,수원시 영통구,매탄4동,기타의료,60대 이상,79137,7,11305,미확인,0.35,1,남,2026-01-20,공공데이터포털_경기도 수원시_지역화폐 결제 정보_20260120
2025-11,수원시 영통구,매탄4동,레저/문화 용품,60대 이상,168141,4,42035,미확인,0.35,1,남,2026-01-20,공공데이터포털_경기도 수원시_지역화폐 결제 정보_20260120
2025-11,수원시 영통구,매탄4동,레저/스포츠 서비스,60대 이상,53409,17,3142,미확인,0.35,1,남,2026-01-20,공공데이터포털_경기도 수원시_지역화폐 결제 정보_20260120
2025-11,수원시 영통구,매탄4동,문화/취미,60대 이상,11521,4,2880,미확인,0.35,1,남,2026-01-20,공공데이터포털_경기도 수원시_지역화폐 결제 정보_20260120
2025-11,수원시 영통구,매탄4동,미용/위생,60대 이상,147634,33,4474,미확인,0.35,1,남,2026-01-20,공공데이터포털_경기도 수원시_지역화폐 결제 정보_20260120
2025-11,수원시 영통구,매탄4동,약국,60대 이상,124771,76,1642,미확인,0.35,1,남,2026-01-20,공공데이터포털_경기도 수원시_지역화폐 결제 정보_20260120
2025-11,수원시 영통구,매탄4동,용역서비스,60대 이상,17826,13,1371,미확인,0.35,1,남,2026-01-20,공공데이터포털_경기도 수원시_지역화폐 결제 정보_20260120
2025-11,수원시 영통구,매탄4동,음료/식품,60대 이상,564134,106,5322,미확인,0.35,1,남,2026-01-20,공공데이터포털_경기도 수원시_지역화폐 결제 정보_20260120
2025-11,수원시 영통구,매탄4동,의류,60대 이상,9757,3,3252,미확인,0.35,1,남,2026-01-20,공공데이터포털_경기도 수원시_지역화폐 결제 정보_20260120
2025-11,수원시 영통구,매탄4동,의원,60대 이상,51713,40,1293,미확인,0.35,1,남,2026-01-20,공공데이터포털_경기도 수원시_지역화폐 결제 정보_20260120
2025-11,수원시 영통구,매탄4동,일반/휴게 음식,60대 이상,1155309,261,4426,미확인,0.35,1,남,2026-01-20,공공데이터포털_경기도 수원시_지역화폐 결제 정보_20260120
2025-11,수원시 영통구,매탄4동,일반유통,60대 이상,725772,350,2074,미확인,0.35,1,남,2026-01-20,공공데이터포털_경기도 수원시_지역화폐 결제 정보_20260120
2025-11,수원시 영통구,매탄4동,자동차판매,60대 이상,1083,1,1083,미확인,0.35,1,남,2026-01-20,공공데이터포털_경기도 수원시_지역화폐 결제 정보_20260120
2025-11,수원시 영통구,매탄4동,전자제품,60대 이상,2635,1,2635,미확인,0.35,1,남,2026-01-20,공공데이터포털_경기도 수원시_지역화폐 결제 정보_20260120
2025-11,수원시 영통구,매탄4동,학원,60대 이상,75609,1,75609,미확인,0.35,1,남,2026-01-20,공공데이터포털_경기도 수원시_지역화폐 결제 정보_20260120
2025-11,수원시 영통구,매탄4동,레저/문화 용품,10대,1481,1,1481,미확인,0.35,1,여,2026-01-20,공공데이터포털_경기도 수원시_지역화폐 결제 정보_20260120
2025-11,수원시 영통구,매탄4동,약국,10대,5306,2,2653,미확인,0.35,1,여,2026-01-20,공공데이터포털_경기도 수원시_지역화폐 결제 정보_20260120
2025-11,수원시 영통구,매탄4동,음료/식품,10대,25113,9,2790,미확인,0.35,1,여,2026-01-20,공공데이터포털_경기도 수원시_지역화폐 결제 정보_20260120
2025-11,수원시 영통구,매탄4동,일반/휴게 음식,10대,73233,17,4308,미확인,0.35,1,여,2026-01-20,공공데이터포털_경기도 수원시_지역화폐 결제 정보_20260120
2025-11,수원시 영통구,매탄4동,일반유통,10대,28064,11,2551,미확인,0.35,1,여,2026-01-20,공공데이터포털_경기도 수원시_지역화폐 결제 정보_20260120
2025-11,수원시 영통구,매탄4동,기타유통,20대,155671,2,77836,미확인,0.35,1,여,2026-01-20,공공데이터포털_경기도 수원시_지역화폐 결제 정보_20260120
2025-11,수원시 영통구,매탄4동,레저/문화 용품,20대,273131,8,34141,미확인,0.35,1,여,2026-01-20,공공데이터포털_경기도 수원시_지역화폐 결제 정보_20260120
2025-11,수원시 영통구,매탄4동,문화/취미,20대,41119,4,10280,미확인,0.35,1,여,2026-01-20,공공데이터포털_경기도 수원시_지역화폐 결제 정보_20260120
2025-11,수원시 영통구,매탄4동,미용/위생,20대,106435,5,21287,미확인,0.35,1,여,2026-01-20,공공데이터포털_경기도 수원시_지역화폐 결제 정보_20260120
2025-11,수원시 영통구,매탄4동,약국,20대,249576,39,6399,미확인,0.35,1,여,2026-01-20,공공데이터포털_경기도 수원시_지역화폐 결제 정보_20260120
2025-11,수원시 영통구,매탄4동,용역서비스,20대,29751,4,7438,미확인,0.35,1,여,2026-01-20,공공데이터포털_경기도 수원시_지역화폐 결제 정보_20260120
2025-11,수원시 영통구,매탄4동,음료/식품,20대,389106,31,12552,미확인,0.35,1,여,2026-01-20,공공데이터포털_경기도 수원시_지역화폐 결제 정보_20260120
2025-11,수원시 영통구,매탄4동,의류,20대,2418,1,2418,미확인,0.35,1,여,2026-01-20,공공데이터포털_경기도 수원시_지역화폐 결제 정보_20260120
2025-11,수원시 영통구,매탄4동,의원,20대,48360,10,4836,미확인,0.35,1,여,2026-01-20,공공데이터포털_경기도 수원시_지역화폐 결제 정보_20260120
2025-11,수원시 영통구,매탄4동,일반/휴게 음식,20대,2276177,245,9291,미확인,0.35,1,여,2026-01-20,공공데이터포털_경기도 수원시_지역화폐 결제 정보_20260120
2025-11,수원시 영통구,매탄4동,일반유통,20대,1023285,222,4609,미확인,0.35,1,여,2026-01-20,공공데이터포털_경기도 수원시_지역화폐 결제 정보_20260120
2025-11,수원시 영통구,매탄4동,자동차 정비/유지,20대,5454,1,5454,미확인,0.35,1,여,2026-01-20,공공데이터포털_경기도 수원시_지역화폐 결제 정보_20260120
2025-11,수원시 영통구,매탄4동,학원,20대,3810,2,1905,미확인,0.35,1,여,2026-01-20,공공데이터포털_경기도 수원시_지역화폐 결제 정보_20260120
2025-11,수원시 영통구,매탄4동,건축자재,30대,65060,1,65060,미확인,0.35,1,여,2026-01-20,공공데이터포털_경기도 수원시_지역화폐 결제 정보_20260120
2025-11,수원시 영통구,매탄4동,기타의료,30대,966,1,966,미확인,0.35,1,여,2026-01-20,공공데이터포털_경기도 수원시_지역화폐 결제 정보_20260120
2025-11,수원시 영통구,매탄4동,레저/문화 용품,30대,55309,9,6145,미확인,0.35,1,여,2026-01-20,공공데이터포털_경기도 수원시_지역화폐 결제 정보_20260120
2025-11,수원시 영통구,매탄4동,레저/스포츠 서비스,30대,73006,4,18252,미확인,0.35,1,여,2026-01-20,공공데이터포털_경기도 수원시_지역화폐 결제 정보_20260120
2025-11,수원시 영통구,매탄4동,문화/취미,30대,8250,1,8250,미확인,0.35,1,여,2026-01-20,공공데이터포털_경기도 수원시_지역화폐 결제 정보_20260120
2025-11,수원시 영통구,매탄4동,미용/위생,30대,122125,17,7184,미확인,0.35,1,여,2026-01-20,공공데이터포털_경기도 수원시_지역화폐 결제 정보_20260120
2025-11,수원시 영통구,매탄4동,서적/문구/학습자재,30대,58479,12,4873,미확인,0.35,1,여,2026-01-20,공공데이터포털_경기도 수원시_지역화폐 결제 정보_20260120
2025-11,수원시 영통구,매탄4동,약국,30대,126455,94,1345,미확인,0.35,1,여,2026-01-20,공공데이터포털_경기도 수원시_지역화폐 결제 정보_20260120
2025-11,수원시 영통구,매탄4동,용역서비스,30대,9822,7,1403,미확인,0.35,1,여,2026-01-20,공공데이터포털_경기도 수원시_지역화폐 결제 정보_20260120
2025-11,수원시 영통구,매탄4동,음료/식품,30대,236549,77,3072,미확인,0.35,1,여,2026-01-20,공공데이터포털_경기도 수원시_지역화폐 결제 정보_20260120
2025-11,수원시 영통구,매탄4동,의원,30대,369587,23,16069,미확인,0.35,1,여,2026-01-20,공공데이터포털_경기도 수원시_지역화폐 결제 정보_20260120
2025-11,수원시 영통구,매탄4동,일반/휴게 음식,30대,2543360,598,4253,미확인,0.35,1,여,2026-01-20,공공데이터포털_경기도 수원시_지역화폐 결제 정보_20260120
2025-11,수원시 영통구,매탄4동,일반유통,30대,906242,417,2173,미확인,0.35,1,여,2026-01-20,공공데이터포털_경기도 수원시_지역화폐 결제 정보_20260120
2025-11,수원시 영통구,매탄4동,자동차 정비/유지,30대,157452,3,52484,미확인,0.35,1,여,2026-01-20,공공데이터포털_경기도 수원시_지역화폐 결제 정보_20260120
2025-11,수원시 영통구,매탄4동,주방용품,30대,2224,1,2224,미확인,0.35,1,여,2026-01-20,공공데이터포털_경기도 수원시_지역화폐 결제 정보_20260120
2025-11,수원시 영통구,매탄4동,직물/침구류,30대,50000,1,50000,미확인,0.35,1,여,2026-01-20,공공데이터포털_경기도 수원시_지역화폐 결제 정보_20260120
2025-11,수원시 영통구,매탄4동,학원,30대,279581,11,25416,미확인,0.35,1,여,2026-01-20,공공데이터포털_경기도 수원시_지역화폐 결제 정보_20260120
2025-11,수원시 영통구,매탄4동,기타의료,40대,20966,8,2621,미확인,0.35,1,여,2026-01-20,공공데이터포털_경기도 수원시_지역화폐 결제 정보_20260120
2025-11,수원시 영통구,매탄4동,레저/문화 용품,40대,187336,17,11020,미확인,0.35,1,여,2026-01-20,공공데이터포털_경기도 수원시_지역화폐 결제 정보_20260120
2025-11,수원시 영통구,매탄4동,레저/스포츠 서비스,40대,92666,3,30889,미확인,0.35,1,여,2026-01-20,공공데이터포털_경기도 수원시_지역화폐 결제 정보_20260120
2025-11,수원시 영통구,매탄4동,문화/취미,40대,164768,12,13731,미확인,0.35,1,여,2026-01-20,공공데이터포털_경기도 수원시_지역화폐 결제 정보_20260120
2025-11,수원시 영통구,매탄4동,미용/위생,40대,440822,39,11303,미확인,0.35,1,여,2026-01-20,공공데이터포털_경기도 수원시_지역화폐 결제 정보_20260120
2025-11,수원시 영통구,매탄4동,서적/문구/학습자재,40대,139045,31,4485,미확인,0.35,1,여,2026-01-20,공공데이터포털_경기도 수원시_지역화폐 결제 정보_20260120
2025-11,수원시 영통구,매탄4동,신변잡화,40대,1410,1,1410,미확인,0.35,1,여,2026-01-20,공공데이터포털_경기도 수원시_지역화폐 결제 정보_20260120
2025-11,수원시 영통구,매탄4동,약국,40대,438330,249,1760,미확인,0.35,1,여,2026-01-20,공공데이터포털_경기도 수원시_지역화폐 결제 정보_20260120
2025-11,수원시 영통구,매탄4동,용역서비스,40대,55197,24,2300,미확인,0.35,1,여,2026-01-20,공공데이터포털_경기도 수원시_지역화폐 결제 정보_20260120
2025-11,수원시 영통구,매탄4동,음료/식품,40대,515825,130,3968,미확인,0.35,1,여,2026-01-20,공공데이터포털_경기도 수원시_지역화폐 결제 정보_20260120
2025-11,수원시 영통구,매탄4동,의류,40대,9785,2,4892,미확인,0.35,1,여,2026-01-20,공공데이터포털_경기도 수원시_지역화폐 결제 정보_20260120
2025-11,수원시 영통구,매탄4동,의원,40대,88905,41,2168,미확인,0.35,1,여,2026-01-20,공공데이터포털_경기도 수원시_지역화폐 결제 정보_20260120
2025-11,수원시 영통구,매탄4동,일반/휴게 음식,40대,3300852,675,4890,미확인,0.35,1,여,2026-01-20,공공데이터포털_경기도 수원시_지역화폐 결제 정보_20260120
2025-11,수원시 영통구,매탄4동,일반유통,40대,1231515,420,2932,미확인,0.35,1,여,2026-01-20,공공데이터포털_경기도 수원시_지역화폐 결제 정보_20260120
2025-11,수원시 영통구,매탄4동,자동차 정비/유지,40대,6896,2,3448,미확인,0.35,1,여,2026-01-20,공공데이터포털_경기도 수원시_지역화폐 결제 정보_20260120
2025-11,수원시 영통구,매탄4동,전자상거래,40대,6336,1,6336,미확인,0.35,1,여,2026-01-20,공공데이터포털_경기도 수원시_지역화폐 결제 정보_20260120
2025-11,수원시 영통구,매탄4동,주방용품,40대,1821,1,1821,미확인,0.35,1,여,2026-01-20,공공데이터포털_경기도 수원시_지역화폐 결제 정보_20260120
2025-11,수원시 영통구,매탄4동,학원,40대,1611207,53,30400,미확인,0.35,1,여,2026-01-20,공공데이터포털_경기도 수원시_지역화폐 결제 정보_20260120
2025-11,수원시 영통구,매탄4동,기타의료,50대,25115,6,4186,미확인,0.35,1,여,2026-01-20,공공데이터포털_경기도 수원시_지역화폐 결제 정보_20260120
2025-11,수원시 영통구,매탄4동,레저/문화 용품,50대,78377,15,5225,미확인,0.35,1,여,2026-01-20,공공데이터포털_경기도 수원시_지역화폐 결제 정보_20260120
2025-11,수원시 영통구,매탄4동,레저/스포츠 서비스,50대,153812,10,15381,미확인,0.35,1,여,2026-01-20,공공데이터포털_경기도 수원시_지역화폐 결제 정보_20260120
2025-11,수원시 영통구,매탄4동,문화/취미,50대,97941,8,12243,미확인,0.35,1,여,2026-01-20,공공데이터포털_경기도 수원시_지역화폐 결제 정보_20260120
2025-11,수원시 영통구,매탄4동,미용/위생,50대,560333,64,8755,미확인,0.35,1,여,2026-01-20,공공데이터포털_경기도 수원시_지역화폐 결제 정보_20260120
2025-11,수원시 영통구,매탄4동,서적/문구/학습자재,50대,21563,3,7188,미확인,0.35,1,여,2026-01-20,공공데이터포털_경기도 수원시_지역화폐 결제 정보_20260120
2025-11,수원시 영통구,매탄4동,신변잡화,50대,4934,1,4934,미확인,0.35,1,여,2026-01-20,공공데이터포털_경기도 수원시_지역화폐 결제 정보_20260120
2025-11,수원시 영통구,매탄4동,약국,50대,249520,146,1709,미확인,0.35,1,여,2026-01-20,공공데이터포털_경기도 수원시_지역화폐 결제 정보_20260120
2025-11,수원시 영통구,매탄4동,용역서비스,50대,107373,23,4668,미확인,0.35,1,여,2026-01-20,공공데이터포털_경기도 수원시_지역화폐 결제 정보_20260120
2025-11,수원시 영통구,매탄4동,음료/식품,50대,951013,289,3291,미확인,0.35,1,여,2026-01-20,공공데이터포털_경기도 수원시_지역화폐 결제 정보_20260120
2025-11,수원시 영통구,매탄4동,의류,50대,7284,4,1821,미확인,0.35,1,여,2026-01-20,공공데이터포털_경기도 수원시_지역화폐 결제 정보_20260120
2025-11,수원시 영통구,매탄4동,의원,50대,228172,39,5851,미확인,0.35,1,여,2026-01-20,공공데이터포털_경기도 수원시_지역화폐 결제 정보_20260120
2025-11,수원시 영통구,매탄4동,일반/휴게 음식,50대,2575173,567,4542,미확인,0.35,1,여,2026-01-20,공공데이터포털_경기도 수원시_지역화폐 결제 정보_20260120
2025-11,수원시 영통구,매탄4동,일반유통,50대,1683416,469,3589,미확인,0.35,1,여,2026-01-20,공공데이터포털_경기도 수원시_지역화폐 결제 정보_20260120
2025-11,수원시 영통구,매탄4동,자동차 정비/유지,50대,18182,1,18182,미확인,0.35,1,여,2026-01-20,공공데이터포털_경기도 수원시_지역화폐 결제 정보_20260120
2025-11,수원시 영통구,매탄4동,전자제품,50대,5644,1,5644,미확인,0.35,1,여,2026-01-20,공공데이터포털_경기도 수원시_지역화폐 결제 정보_20260120
2025-11,수원시 영통구,매탄4동,주방용품,50대,23372,3,7791,미확인,0.35,1,여,2026-01-20,공공데이터포털_경기도 수원시_지역화폐 결제 정보_20260120
2025-11,수원시 영통구,매탄4동,학원,50대,84649,3,28216,미확인,0.35,1,여,2026-01-20,공공데이터포털_경기도 수원시_지역화폐 결제 정보_20260120
2025-11,수원시 영통구,매탄4동,기타의료,60대 이상,82739,7,11820,미확인,0.35,1,여,2026-01-20,공공데이터포털_경기도 수원시_지역화폐 결제 정보_20260120
2025-11,수원시 영통구,매탄4동,레저/문화 용품,60대 이상,24323,2,12162,미확인,0.35,1,여,2026-01-20,공공데이터포털_경기도 수원시_지역화폐 결제 정보_20260120
2025-11,수원시 영통구,매탄4동,레저/스포츠 서비스,60대 이상,8621,3,2874,미확인,0.35,1,여,2026-01-20,공공데이터포털_경기도 수원시_지역화폐 결제 정보_20260120
2025-11,수원시 영통구,매탄4동,문화/취미,60대 이상,12452,5,2490,미확인,0.35,1,여,2026-01-20,공공데이터포털_경기도 수원시_지역화폐 결제 정보_20260120
2025-11,수원시 영통구,매탄4동,미용/위생,60대 이상,390335,62,6296,미확인,0.35,1,여,2026-01-20,공공데이터포털_경기도 수원시_지역화폐 결제 정보_20260120
2025-11,수원시 영통구,매탄4동,서적/문구/학습자재,60대 이상,3028,1,3028,미확인,0.35,1,여,2026-01-20,공공데이터포털_경기도 수원시_지역화폐 결제 정보_20260120
2025-11,수원시 영통구,매탄4동,약국,60대 이상,294103,111,2650,미확인,0.35,1,여,2026-01-20,공공데이터포털_경기도 수원시_지역화폐 결제 정보_20260120
2025-11,수원시 영통구,매탄4동,용역서비스,60대 이상,26018,13,2001,미확인,0.35,1,여,2026-01-20,공공데이터포털_경기도 수원시_지역화폐 결제 정보_20260120
2025-11,수원시 영통구,매탄4동,음료/식품,60대 이상,1288606,191,6747,미확인,0.35,1,여,2026-01-20,공공데이터포털_경기도 수원시_지역화폐 결제 정보_20260120
2025-11,수원시 영통구,매탄4동,의류,60대 이상,28043,7,4006,미확인,0.35,1,여,2026-01-20,공공데이터포털_경기도 수원시_지역화폐 결제 정보_20260120
2025-11,수원시 영통구,매탄4동,의원,60대 이상,61192,36,1700,미확인,0.35,1,여,2026-01-20,공공데이터포털_경기도 수원시_지역화폐 결제 정보_20260120
2025-11,수원시 영통구,매탄4동,일반/휴게 음식,60대 이상,1261857,232,5439,미확인,0.35,1,여,2026-01-20,공공데이터포털_경기도 수원시_지역화폐 결제 정보_20260120
2025-11,수원시 영통구,매탄4동,일반유통,60대 이상,1196481,381,3140,미확인,0.35,1,여,2026-01-20,공공데이터포털_경기도 수원시_지역화폐 결제 정보_20260120
2025-11,수원시 영통구,매탄4동,전자제품,60대 이상,4666,2,2333,미확인,0.35,1,여,2026-01-20,공공데이터포털_경기도 수원시_지역화폐 결제 정보_20260120
2025-11,수원시 영통구,매탄4동,학원,60대 이상,108019,7,15431,미확인,0.35,1,여,2026-01-20,공공데이터포털_경기도 수원시_지역화폐 결제 정보_20260120
2025-11,수원시 영통구,매탄4동,회원정보미상,60대 이상,156920,9,17436,미확인,0.35,1,여,2026-01-20,공공데이터포털_경기도 수원시_지역화폐 결제 정보_20260120
2025-11,수원시 영통구,매탄4동,회원정보미상,60대 이상,156920,9,17436,미확인,0.35,1,여,2026-01-20,공공데이터포털_경기도 수원시_지역화폐 결제 정보_20260120
2025-11,수원시 영통구,매탄4동,약국,60대 이상,60000,1,60000,미확인,0.35,1,여,2026-01-20,공공데이터포털_경기도 수원시_지역화폐 결제 정보_20260120
2025-11,수원시 영통구,매탄4동,음료/식품,60대 이상,38860,3,12953,미확인,0.35,1,여,2026-01-20,공공데이터포털_경기도 수원시_지역화폐 결제 정보_20260120
2025-11,수원시 영통구,매탄4동,일반/휴게 음식,60대 이상,20000,2,10000,미확인,0.35,1,여,2026-01-20,공공데이터포털_경기도 수원시_지역화폐 결제 정보_20260120
2025-11,수원시 영통구,매탄4동,일반유통,60대 이상,38060,3,12687,미확인,0.35,1,여,2026-01-20,공공데이터포털_경기도 수원시_지역화폐 결제 정보_20260120
2025-11,수원시 권선구,서둔동,기타의료,10대,5500,1,5500,미확인,0.35,1,남,2026-01-20,공공데이터포털_경기도 수원시_지역화폐 결제 정보_20260120
2025-11,수원시 권선구,서둔동,레저/문화 용품,10대,2928,1,2928,미확인,0.35,1,남,2026-01-20,공공데이터포털_경기도 수원시_지역화폐 결제 정보_20260120
2025-11,수원시 권선구,서둔동,레저/스포츠 서비스,10대,123545,29,4260,미확인,0.35,1,남,2026-01-20,공공데이터포털_경기도 수원시_지역화폐 결제 정보_20260120
2025-11,수원시 권선구,서둔동,신변잡화,10대,457,2,228,미확인,0.35,1,남,2026-01-20,공공데이터포털_경기도 수원시_지역화폐 결제 정보_20260120
2025-11,수원시 권선구,서둔동,약국,10대,3500,1,3500,미확인,0.35,1,남,2026-01-20,공공데이터포털_경기도 수원시_지역화폐 결제 정보_20260120
2025-11,수원시 권선구,서둔동,음료/식품,10대,24700,7,3529,미확인,0.35,1,남,2026-01-20,공공데이터포털_경기도 수원시_지역화폐 결제 정보_20260120
2025-11,수원시 권선구,서둔동,의류,10대,33000,1,33000,미확인,0.35,1,남,2026-01-20,공공데이터포털_경기도 수원시_지역화폐 결제 정보_20260120
2025-11,수원시 권선구,서둔동,의원,10대,1510,1,1510,미확인,0.35,1,남,2026-01-20,공공데이터포털_경기도 수원시_지역화폐 결제 정보_20260120
2025-11,수원시 권선구,서둔동,일반/휴게 음식,10대,423500,38,11145,미확인,0.35,1,남,2026-01-20,공공데이터포털_경기도 수원시_지역화폐 결제 정보_20260120
2025-11,수원시 권선구,서둔동,일반유통,10대,178273,47,3793,미확인,0.35,1,남,2026-01-20,공공데이터포털_경기도 수원시_지역화폐 결제 정보_20260120
2025-11,수원시 권선구,서둔동,학원,10대,83514,3,27838,미확인,0.35,1,남,2026-01-20,공공데이터포털_경기도 수원시_지역화폐 결제 정보_20260120
2025-11,수원시 권선구,서둔동,기타의료,20대,265918,7,37988,미확인,0.35,1,남,2026-01-20,공공데이터포털_경기도 수원시_지역화폐 결제 정보_20260120
2025-11,수원시 권선구,서둔동,레저/문화 용품,20대,354733,28,12669,미확인,0.35,1,남,2026-01-20,공공데이터포털_경기도 수원시_지역화폐 결제 정보_20260120
2025-11,수원시 권선구,서둔동,레저/스포츠 서비스,20대,407270,46,8854,미확인,0.35,1,남,2026-01-20,공공데이터포털_경기도 수원시_지역화폐 결제 정보_20260120
2025-11,수원시 권선구,서둔동,문화/취미,20대,10000,1,10000,미확인,0.35,1,남,2026-01-20,공공데이터포털_경기도 수원시_지역화폐 결제 정보_20260120
2025-11,수원시 권선구,서둔동,미용/위생,20대,732415,37,19795,미확인,0.35,1,남,2026-01-20,공공데이터포털_경기도 수원시_지역화폐 결제 정보_20260120
2025-11,수원시 권선구,서둔동,서적/문구/학습자재,20대,1500,1,1500,미확인,0.35,1,남,2026-01-20,공공데이터포털_경기도 수원시_지역화폐 결제 정보_20260120
2025-11,수원시 권선구,서둔동,신변잡화,20대,4734,1,4734,미확인,0.35,1,남,2026-01-20,공공데이터포털_경기도 수원시_지역화폐 결제 정보_20260120
2025-11,수원시 권선구,서둔동,약국,20대,113905,19,5995,미확인,0.35,1,남,2026-01-20,공공데이터포털_경기도 수원시_지역화폐 결제 정보_20260120
2025-11,수원시 권선구,서둔동,용역서비스,20대,81993,13,6307,미확인,0.35,1,남,2026-01-20,공공데이터포털_경기도 수원시_지역화폐 결제 정보_20260120
2025-11,수원시 권선구,서둔동,음료/식품,20대,1188328,168,7073,미확인,0.35,1,남,2026-01-20,공공데이터포털_경기도 수원시_지역화폐 결제 정보_20260120
2025-11,수원시 권선구,서둔동,의류,20대,239000,4,59750,미확인,0.35,1,남,2026-01-20,공공데이터포털_경기도 수원시_지역화폐 결제 정보_20260120
2025-11,수원시 권선구,서둔동,의원,20대,27980,24,1166,미확인,0.35,1,남,2026-01-20,공공데이터포털_경기도 수원시_지역화폐 결제 정보_20260120
2025-11,수원시 권선구,서둔동,일반/휴게 음식,20대,5929512,536,11063,미확인,0.35,1,남,2026-01-20,공공데이터포털_경기도 수원시_지역화폐 결제 정보_20260120
2025-11,수원시 권선구,서둔동,일반유통,20대,2114959,469,4510,미확인,0.35,1,남,2026-01-20,공공데이터포털_경기도 수원시_지역화폐 결제 정보_20260120
2025-11,수원시 권선구,서둔동,자동차 정비/유지,20대,50987,13,3922,미확인,0.35,1,남,2026-01-20,공공데이터포털_경기도 수원시_지역화폐 결제 정보_20260120
2025-11,수원시 권선구,서둔동,주방용품,20대,63700,2,31850,미확인,0.35,1,남,2026-01-20,공공데이터포털_경기도 수원시_지역화폐 결제 정보_20260120
2025-11,수원시 권선구,서둔동,직물/침구류,20대,5170,5,1034,미확인,0.35,1,남,2026-01-20,공공데이터포털_경기도 수원시_지역화폐 결제 정보_20260120
2025-11,수원시 권선구,서둔동,학원,20대,119000,3,39667,미확인,0.35,1,남,2026-01-20,공공데이터포털_경기도 수원시_지역화폐 결제 정보_20260120
2025-11,수원시 권선구,서둔동,기타의료,30대,72132,10,7213,미확인,0.35,1,남,2026-01-20,공공데이터포털_경기도 수원시_지역화폐 결제 정보_20260120
2025-11,수원시 권선구,서둔동,레저/문화 용품,30대,302562,28,10806,미확인,0.35,1,남,2026-01-20,공공데이터포털_경기도 수원시_지역화폐 결제 정보_20260120
2025-11,수원시 권선구,서둔동,레저/스포츠 서비스,30대,177347,100,1773,미확인,0.35,1,남,2026-01-20,공공데이터포털_경기도 수원시_지역화폐 결제 정보_20260120
2025-11,수원시 권선구,서둔동,문화/취미,30대,421377,6,70230,미확인,0.35,1,남,2026-01-20,공공데이터포털_경기도 수원시_지역화폐 결제 정보_20260120
2025-11,수원시 권선구,서둔동,미용/위생,30대,617271,69,8946,미확인,0.35,1,남,2026-01-20,공공데이터포털_경기도 수원시_지역화폐 결제 정보_20260120
2025-11,수원시 권선구,서둔동,서적/문구/학습자재,30대,58464,3,19488,미확인,0.35,1,남,2026-01-20,공공데이터포털_경기도 수원시_지역화폐 결제 정보_20260120
2025-11,수원시 권선구,서둔동,신변잡화,30대,2533,3,844,미확인,0.35,1,남,2026-01-20,공공데이터포털_경기도 수원시_지역화폐 결제 정보_20260120
2025-11,수원시 권선구,서둔동,약국,30대,141407,43,3289,미확인,0.35,1,남,2026-01-20,공공데이터포털_경기도 수원시_지역화폐 결제 정보_20260120
2025-11,수원시 권선구,서둔동,용역서비스,30대,85674,25,3427,미확인,0.35,1,남,2026-01-20,공공데이터포털_경기도 수원시_지역화폐 결제 정보_20260120
2025-11,수원시 권선구,서둔동,음료/식품,30대,437508,191,2291,미확인,0.35,1,남,2026-01-20,공공데이터포털_경기도 수원시_지역화폐 결제 정보_20260120
2025-11,수원시 권선구,서둔동,의류,30대,1272,1,1272,미확인,0.35,1,남,2026-01-20,공공데이터포털_경기도 수원시_지역화폐 결제 정보_20260120
2025-11,수원시 권선구,서둔동,의원,30대,135111,40,3378,미확인,0.35,1,남,2026-01-20,공공데이터포털_경기도 수원시_지역화폐 결제 정보_20260120
2025-11,수원시 권선구,서둔동,일반/휴게 음식,30대,4986788,971,5136,미확인,0.35,1,남,2026-01-20,공공데이터포털_경기도 수원시_지역화폐 결제 정보_20260120
2025-11,수원시 권선구,서둔동,일반유통,30대,1524954,668,2283,미확인,0.35,1,남,2026-01-20,공공데이터포털_경기도 수원시_지역화폐 결제 정보_20260120
2025-11,수원시 권선구,서둔동,자동차 정비/유지,30대,801181,36,22255,미확인,0.35,1,남,2026-01-20,공공데이터포털_경기도 수원시_지역화폐 결제 정보_20260120
2025-11,수원시 권선구,서둔동,주방용품,30대,36670,7,5239,미확인,0.35,1,남,2026-01-20,공공데이터포털_경기도 수원시_지역화폐 결제 정보_20260120
2025-11,수원시 권선구,서둔동,학원,30대,284997,18,15833,미확인,0.35,1,남,2026-01-20,공공데이터포털_경기도 수원시_지역화폐 결제 정보_20260120
2025-11,수원시 권선구,서둔동,기타의료,40대,130254,17,7662,미확인,0.35,1,남,2026-01-20,공공데이터포털_경기도 수원시_지역화폐 결제 정보_20260120
2025-11,수원시 권선구,서둔동,레저/문화 용품,40대,14742,2,7371,미확인,0.35,1,남,2026-01-20,공공데이터포털_경기도 수원시_지역화폐 결제 정보_20260120
2025-11,수원시 권선구,서둔동,레저/스포츠 서비스,40대,391774,84,4664,미확인,0.35,1,남,2026-01-20,공공데이터포털_경기도 수원시_지역화폐 결제 정보_20260120
2025-11,수원시 권선구,서둔동,문화/취미,40대,32276,11,2934,미확인,0.35,1,남,2026-01-20,공공데이터포털_경기도 수원시_지역화폐 결제 정보_20260120
2025-11,수원시 권선구,서둔동,미용/위생,40대,464315,80,5804,미확인,0.35,1,남,2026-01-20,공공데이터포털_경기도 수원시_지역화폐 결제 정보_20260120
2025-11,수원시 권선구,서둔동,서적/문구/학습자재,40대,4948,2,2474,미확인,0.35,1,남,2026-01-20,공공데이터포털_경기도 수원시_지역화폐 결제 정보_20260120
2025-11,수원시 권선구,서둔동,신변잡화,40대,62148,11,5650,미확인,0.35,1,남,2026-01-20,공공데이터포털_경기도 수원시_지역화폐 결제 정보_20260120
2025-11,수원시 권선구,서둔동,약국,40대,297297,87,3417,미확인,0.35,1,남,2026-01-20,공공데이터포털_경기도 수원시_지역화폐 결제 정보_20260120
2025-11,수원시 권선구,서둔동,용역서비스,40대,63258,20,3163,미확인,0.35,1,남,2026-01-20,공공데이터포털_경기도 수원시_지역화폐 결제 정보_20260120
2025-11,수원시 권선구,서둔동,음료/식품,40대,1392323,263,5294,미확인,0.35,1,남,2026-01-20,공공데이터포털_경기도 수원시_지역화폐 결제 정보_20260120
2025-11,수원시 권선구,서둔동,의류,40대,7338,3,2446,미확인,0.35,1,남,2026-01-20,공공데이터포털_경기도 수원시_지역화폐 결제 정보_20260120
2025-11,수원시 권선구,서둔동,의원,40대,218454,63,3468,미확인,0.35,1,남,2026-01-20,공공데이터포털_경기도 수원시_지역화폐 결제 정보_20260120
2025-11,수원시 권선구,서둔동,일반/휴게 음식,40대,7371490,1416,5206,미확인,0.35,1,남,2026-01-20,공공데이터포털_경기도 수원시_지역화폐 결제 정보_20260120
2025-11,수원시 권선구,서둔동,일반유통,40대,2395231,1051,2279,미확인,0.35,1,남,2026-01-20,공공데이터포털_경기도 수원시_지역화폐 결제 정보_20260120
2025-11,수원시 권선구,서둔동,자동차 정비/유지,40대,710643,63,11280,미확인,0.35,1,남,2026-01-20,공공데이터포털_경기도 수원시_지역화폐 결제 정보_20260120
2025-11,수원시 권선구,서둔동,전자상거래,40대,6503,1,6503,미확인,0.35,1,남,2026-01-20,공공데이터포털_경기도 수원시_지역화폐 결제 정보_20260120
2025-11,수원시 권선구,서둔동,전자제품,40대,3191,2,1596,미확인,0.35,1,남,2026-01-20,공공데이터포털_경기도 수원시_지역화폐 결제 정보_20260120
2025-11,수원시 권선구,서둔동,주방용품,40대,139795,13,10753,미확인,0.35,1,남,2026-01-20,공공데이터포털_경기도 수원시_지역화폐 결제 정보_20260120
2025-11,수원시 권선구,서둔동,학원,40대,2996024,84,35667,미확인,0.35,1,남,2026-01-20,공공데이터포털_경기도 수원시_지역화폐 결제 정보_20260120
2025-11,수원시 권선구,서둔동,건축자재,50대,27786,2,13893,미확인,0.35,1,남,2026-01-20,공공데이터포털_경기도 수원시_지역화폐 결제 정보_20260120
2025-11,수원시 권선구,서둔동,기타의료,50대,48589,7,6941,미확인,0.35,1,남,2026-01-20,공공데이터포털_경기도 수원시_지역화폐 결제 정보_20260120
2025-11,수원시 권선구,서둔동,레저/문화 용품,50대,221880,12,18490,미확인,0.35,1,남,2026-01-20,공공데이터포털_경기도 수원시_지역화폐 결제 정보_20260120
2025-11,수원시 권선구,서둔동,레저/스포츠 서비스,50대,603360,129,4677,미확인,0.35,1,남,2026-01-20,공공데이터포털_경기도 수원시_지역화폐 결제 정보_20260120
2025-11,수원시 권선구,서둔동,문화/취미,50대,60232,5,12046,미확인,0.35,1,남,2026-01-20,공공데이터포털_경기도 수원시_지역화폐 결제 정보_20260120
2025-11,수원시 권선구,서둔동,미용/위생,50대,544760,80,6810,미확인,0.35,1,남,2026-01-20,공공데이터포털_경기도 수원시_지역화폐 결제 정보_20260120
2025-11,수원시 권선구,서둔동,서적/문구/학습자재,50대,6621,3,2207,미확인,0.35,1,남,2026-01-20,공공데이터포털_경기도 수원시_지역화폐 결제 정보_20260120
2025-11,수원시 권선구,서둔동,신변잡화,50대,12048,14,861,미확인,0.35,1,남,2026-01-20,공공데이터포털_경기도 수원시_지역화폐 결제 정보_20260120
2025-11,수원시 권선구,서둔동,약국,50대,190945,61,3130,미확인,0.35,1,남,2026-01-20,공공데이터포털_경기도 수원시_지역화폐 결제 정보_20260120
2025-11,수원시 권선구,서둔동,용역서비스,50대,163630,37,4422,미확인,0.35,1,남,2026-01-20,공공데이터포털_경기도 수원시_지역화폐 결제 정보_20260120
2025-11,수원시 권선구,서둔동,음료/식품,50대,936475,193,4852,미확인,0.35,1,남,2026-01-20,공공데이터포털_경기도 수원시_지역화폐 결제 정보_20260120
2025-11,수원시 권선구,서둔동,의류,50대,8153,3,2718,미확인,0.35,1,남,2026-01-20,공공데이터포털_경기도 수원시_지역화폐 결제 정보_20260120
2025-11,수원시 권선구,서둔동,의원,50대,282402,47,6009,미확인,0.35,1,남,2026-01-20,공공데이터포털_경기도 수원시_지역화폐 결제 정보_20260120
2025-11,수원시 권선구,서둔동,일반/휴게 음식,50대,6873676,1233,5575,미확인,0.35,1,남,2026-01-20,공공데이터포털_경기도 수원시_지역화폐 결제 정보_20260120
2025-11,수원시 권선구,서둔동,일반유통,50대,2073581,874,2373,미확인,0.35,1,남,2026-01-20,공공데이터포털_경기도 수원시_지역화폐 결제 정보_20260120
2025-11,수원시 권선구,서둔동,자동차 정비/유지,50대,237708,22,10805,미확인,0.35,1,남,2026-01-20,공공데이터포털_경기도 수원시_지역화폐 결제 정보_20260120
2025-11,수원시 권선구,서둔동,주방용품,50대,137822,21,6563,미확인,0.35,1,남,2026-01-20,공공데이터포털_경기도 수원시_지역화폐 결제 정보_20260120
2025-11,수원시 권선구,서둔동,직물/침구류,50대,3300,2,1650,미확인,0.35,1,남,2026-01-20,공공데이터포털_경기도 수원시_지역화폐 결제 정보_20260120
2025-11,수원시 권선구,서둔동,학원,50대,484866,15,32324,미확인,0.35,1,남,2026-01-20,공공데이터포털_경기도 수원시_지역화폐 결제 정보_20260120
2025-11,수원시 권선구,서둔동,건축자재,60대 이상,84613,6,14102,미확인,0.35,1,남,2026-01-20,공공데이터포털_경기도 수원시_지역화폐 결제 정보_20260120
2025-11,수원시 권선구,서둔동,기타유통,60대 이상,715,1,715,미확인,0.35,1,남,2026-01-20,공공데이터포털_경기도 수원시_지역화폐 결제 정보_20260120
2025-11,수원시 권선구,서둔동,기타의료,60대 이상,152697,14,10907,미확인,0.35,1,남,2026-01-20,공공데이터포털_경기도 수원시_지역화폐 결제 정보_20260120
2025-11,수원시 권선구,서둔동,레저/문화 용품,60대 이상,173585,14,12399,미확인,0.35,1,남,2026-01-20,공공데이터포털_경기도 수원시_지역화폐 결제 정보_20260120
2025-11,수원시 권선구,서둔동,레저/스포츠 서비스,60대 이상,255473,82,3116,미확인,0.35,1,남,2026-01-20,공공데이터포털_경기도 수원시_지역화폐 결제 정보_20260120
2025-11,수원시 권선구,서둔동,문화/취미,60대 이상,25395,2,12698,미확인,0.35,1,남,2026-01-20,공공데이터포털_경기도 수원시_지역화폐 결제 정보_20260120
2025-11,수원시 권선구,서둔동,미용/위생,60대 이상,215034,74,2906,미확인,0.35,1,남,2026-01-20,공공데이터포털_경기도 수원시_지역화폐 결제 정보_20260120
2025-11,수원시 권선구,서둔동,서적/문구/학습자재,60대 이상,6447,9,716,미확인,0.35,1,남,2026-01-20,공공데이터포털_경기도 수원시_지역화폐 결제 정보_20260120
2025-11,수원시 권선구,서둔동,약국,60대 이상,436795,104,4200,미확인,0.35,1,남,2026-01-20,공공데이터포털_경기도 수원시_지역화폐 결제 정보_20260120
2025-11,수원시 권선구,서둔동,용역서비스,60대 이상,151323,21,7206,미확인,0.35,1,남,2026-01-20,공공데이터포털_경기도 수원시_지역화폐 결제 정보_20260120
2025-11,수원시 권선구,서둔동,음료/식품,60대 이상,1221916,257,4755,미확인,0.35,1,남,2026-01-20,공공데이터포털_경기도 수원시_지역화폐 결제 정보_20260120
2025-11,수원시 권선구,서둔동,의류,60대 이상,9625,6,1604,미확인,0.35,1,남,2026-01-20,공공데이터포털_경기도 수원시_지역화폐 결제 정보_20260120
2025-11,수원시 권선구,서둔동,의원,60대 이상,208517,68,3066,미확인,0.35,1,남,2026-01-20,공공데이터포털_경기도 수원시_지역화폐 결제 정보_20260120
2025-11,수원시 권선구,서둔동,일반/휴게 음식,60대 이상,4215861,880,4791,미확인,0.35,1,남,2026-01-20,공공데이터포털_경기도 수원시_지역화폐 결제 정보_20260120
2025-11,수원시 권선구,서둔동,일반유통,60대 이상,1360093,567,2399,미확인,0.35,1,남,2026-01-20,공공데이터포털_경기도 수원시_지역화폐 결제 정보_20260120
2025-11,수원시 권선구,서둔동,자동차 정비/유지,60대 이상,102989,15,6866,미확인,0.35,1,남,2026-01-20,공공데이터포털_경기도 수원시_지역화폐 결제 정보_20260120
2025-11,수원시 권선구,서둔동,전자제품,60대 이상,18484,2,9242,미확인,0.35,1,남,2026-01-20,공공데이터포털_경기도 수원시_지역화폐 결제 정보_20260120
2025-11,수원시 권선구,서둔동,주방용품,60대 이상,51443,41,1255,미확인,0.35,1,남,2026-01-20,공공데이터포털_경기도 수원시_지역화폐 결제 정보_20260120
2025-11,수원시 권선구,서둔동,직물/침구류,60대 이상,10066,8,1258,미확인,0.35,1,남,2026-01-20,공공데이터포털_경기도 수원시_지역화폐 결제 정보_20260120
2025-11,수원시 권선구,서둔동,학원,60대 이상,91180,2,45590,미확인,0.35,1,남,2026-01-20,공공데이터포털_경기도 수원시_지역화폐 결제 정보_20260120
2025-11,수원시 권선구,서둔동,레저/스포츠 서비스,10대,71100,13,5469,미확인,0.35,1,여,2026-01-20,공공데이터포털_경기도 수원시_지역화폐 결제 정보_20260120
2025-11,수원시 권선구,서둔동,미용/위생,10대,19685,2,9842,미확인,0.35,1,여,2026-01-20,공공데이터포털_경기도 수원시_지역화폐 결제 정보_20260120
2025-11,수원시 권선구,서둔동,약국,10대,10078,5,2016,미확인,0.35,1,여,2026-01-20,공공데이터포털_경기도 수원시_지역화폐 결제 정보_20260120
2025-11,수원시 권선구,서둔동,음료/식품,10대,122153,17,7185,미확인,0.35,1,여,2026-01-20,공공데이터포털_경기도 수원시_지역화폐 결제 정보_20260120
2025-11,수원시 권선구,서둔동,의류,10대,4331,1,4331,미확인,0.35,1,여,2026-01-20,공공데이터포털_경기도 수원시_지역화폐 결제 정보_20260120
2025-11,수원시 권선구,서둔동,의원,10대,6914,4,1728,미확인,0.35,1,여,2026-01-20,공공데이터포털_경기도 수원시_지역화폐 결제 정보_20260120
2025-11,수원시 권선구,서둔동,일반/휴게 음식,10대,453440,40,11336,미확인,0.35,1,여,2026-01-20,공공데이터포털_경기도 수원시_지역화폐 결제 정보_20260120
2025-11,수원시 권선구,서둔동,일반유통,10대,166291,40,4157,미확인,0.35,1,여,2026-01-20,공공데이터포털_경기도 수원시_지역화폐 결제 정보_20260120
2025-11,수원시 권선구,서둔동,학원,10대,38709,1,38709,미확인,0.35,1,여,2026-01-20,공공데이터포털_경기도 수원시_지역화폐 결제 정보_20260120
2025-11,수원시 권선구,서둔동,기타의료,20대,44508,6,7418,미확인,0.35,1,여,2026-01-20,공공데이터포털_경기도 수원시_지역화폐 결제 정보_20260120
2025-11,수원시 권선구,서둔동,레저/문화 용품,20대,336723,15,22448,미확인,0.35,1,여,2026-01-20,공공데이터포털_경기도 수원시_지역화폐 결제 정보_20260120
2025-11,수원시 권선구,서둔동,레저/스포츠 서비스,20대,416492,42,9916,미확인,0.35,1,여,2026-01-20,공공데이터포털_경기도 수원시_지역화폐 결제 정보_20260120
2025-11,수원시 권선구,서둔동,문화/취미,20대,2216,1,2216,미확인,0.35,1,여,2026-01-20,공공데이터포털_경기도 수원시_지역화폐 결제 정보_20260120
2025-11,수원시 권선구,서둔동,미용/위생,20대,802909,32,25091,미확인,0.35,1,여,2026-01-20,공공데이터포털_경기도 수원시_지역화폐 결제 정보_20260120
2025-11,수원시 권선구,서둔동,서적/문구/학습자재,20대,11200,7,1600,미확인,0.35,1,여,2026-01-20,공공데이터포털_경기도 수원시_지역화폐 결제 정보_20260120
2025-11,수원시 권선구,서둔동,신변잡화,20대,13000,2,6500,미확인,0.35,1,여,2026-01-20,공공데이터포털_경기도 수원시_지역화폐 결제 정보_20260120
2025-11,수원시 권선구,서둔동,약국,20대,184339,36,5121,미확인,0.35,1,여,2026-01-20,공공데이터포털_경기도 수원시_지역화폐 결제 정보_20260120
2025-11,수원시 권선구,서둔동,용역서비스,20대,78640,16,4915,미확인,0.35,1,여,2026-01-20,공공데이터포털_경기도 수원시_지역화폐 결제 정보_20260120
2025-11,수원시 권선구,서둔동,음료/식품,20대,925586,163,5678,미확인,0.35,1,여,2026-01-20,공공데이터포털_경기도 수원시_지역화폐 결제 정보_20260120
2025-11,수원시 권선구,서둔동,의류,20대,75000,1,75000,미확인,0.35,1,여,2026-01-20,공공데이터포털_경기도 수원시_지역화폐 결제 정보_20260120
2025-11,수원시 권선구,서둔동,의원,20대,146075,13,11237,미확인,0.35,1,여,2026-01-20,공공데이터포털_경기도 수원시_지역화폐 결제 정보_20260120
2025-11,수원시 권선구,서둔동,일반/휴게 음식,20대,5555746,575,9662,미확인,0.35,1,여,2026-01-20,공공데이터포털_경기도 수원시_지역화폐 결제 정보_20260120
2025-11,수원시 권선구,서둔동,일반유통,20대,2718436,549,4952,미확인,0.35,1,여,2026-01-20,공공데이터포털_경기도 수원시_지역화폐 결제 정보_20260120
2025-11,수원시 권선구,서둔동,자동차 정비/유지,20대,1272305,6,212051,미확인,0.35,1,여,2026-01-20,공공데이터포털_경기도 수원시_지역화폐 결제 정보_20260120
2025-11,수원시 권선구,서둔동,전자제품,20대,50000,1,50000,미확인,0.35,1,여,2026-01-20,공공데이터포털_경기도 수원시_지역화폐 결제 정보_20260120
2025-11,수원시 권선구,서둔동,주방용품,20대,6798,4,1700,미확인,0.35,1,여,2026-01-20,공공데이터포털_경기도 수원시_지역화폐 결제 정보_20260120
2025-11,수원시 권선구,서둔동,직물/침구류,20대,1510,1,1510,미확인,0.35,1,여,2026-01-20,공공데이터포털_경기도 수원시_지역화폐 결제 정보_20260120
2025-11,수원시 권선구,서둔동,학원,20대,330613,6,55102,미확인,0.35,1,여,2026-01-20,공공데이터포털_경기도 수원시_지역화폐 결제 정보_20260120
2025-11,수원시 권선구,서둔동,기타의료,30대,150331,6,25055,미확인,0.35,1,여,2026-01-20,공공데이터포털_경기도 수원시_지역화폐 결제 정보_20260120
2025-11,수원시 권선구,서둔동,레저/문화 용품,30대,414617,19,21822,미확인,0.35,1,여,2026-01-20,공공데이터포털_경기도 수원시_지역화폐 결제 정보_20260120
2025-11,수원시 권선구,서둔동,레저/스포츠 서비스,30대,582664,23,25333,미확인,0.35,1,여,2026-01-20,공공데이터포털_경기도 수원시_지역화폐 결제 정보_20260120
2025-11,수원시 권선구,서둔동,문화/취미,30대,697201,22,31691,미확인,0.35,1,여,2026-01-20,공공데이터포털_경기도 수원시_지역화폐 결제 정보_20260120
2025-11,수원시 권선구,서둔동,미용/위생,30대,479552,60,7993,미확인,0.35,1,여,2026-01-20,공공데이터포털_경기도 수원시_지역화폐 결제 정보_20260120
2025-11,수원시 권선구,서둔동,서적/문구/학습자재,30대,110409,9,12268,미확인,0.35,1,여,2026-01-20,공공데이터포털_경기도 수원시_지역화폐 결제 정보_20260120
2025-11,수원시 권선구,서둔동,약국,30대,219313,75,2924,미확인,0.35,1,여,2026-01-20,공공데이터포털_경기도 수원시_지역화폐 결제 정보_20260120
2025-11,수원시 권선구,서둔동,용역서비스,30대,103053,20,5153,미확인,0.35,1,여,2026-01-20,공공데이터포털_경기도 수원시_지역화폐 결제 정보_20260120
2025-11,수원시 권선구,서둔동,음료/식품,30대,1216763,224,5432,미확인,0.35,1,여,2026-01-20,공공데이터포털_경기도 수원시_지역화폐 결제 정보_20260120
2025-11,수원시 권선구,서둔동,의류,30대,223693,9,24855,미확인,0.35,1,여,2026-01-20,공공데이터포털_경기도 수원시_지역화폐 결제 정보_20260120
2025-11,수원시 권선구,서둔동,의원,30대,343059,38,9028,미확인,0.35,1,여,2026-01-20,공공데이터포털_경기도 수원시_지역화폐 결제 정보_20260120
2025-11,수원시 권선구,서둔동,일반/휴게 음식,30대,6911670,1293,5345,미확인,0.35,1,여,2026-01-20,공공데이터포털_경기도 수원시_지역화폐 결제 정보_20260120
2025-11,수원시 권선구,서둔동,일반유통,30대,2279004,717,3179,미확인,0.35,1,여,2026-01-20,공공데이터포털_경기도 수원시_지역화폐 결제 정보_20260120
2025-11,수원시 권선구,서둔동,자동차 정비/유지,30대,515151,20,25758,미확인,0.35,1,여,2026-01-20,공공데이터포털_경기도 수원시_지역화폐 결제 정보_20260120
2025-11,수원시 권선구,서둔동,전자상거래,30대,5190,1,5190,미확인,0.35,1,여,2026-01-20,공공데이터포털_경기도 수원시_지역화폐 결제 정보_20260120
2025-11,수원시 권선구,서둔동,주방용품,30대,13003,7,1858,미확인,0.35,1,여,2026-01-20,공공데이터포털_경기도 수원시_지역화폐 결제 정보_20260120
2025-11,수원시 권선구,서둔동,학원,30대,930266,31,30009,미확인,0.35,1,여,2026-01-20,공공데이터포털_경기도 수원시_지역화폐 결제 정보_20260120
2025-11,수원시 권선구,서둔동,가구,40대,18700,1,18700,미확인,0.35,1,여,2026-01-20,공공데이터포털_경기도 수원시_지역화폐 결제 정보_20260120
2025-11,수원시 권선구,서둔동,기타의료,40대,121549,20,6077,미확인,0.35,1,여,2026-01-20,공공데이터포털_경기도 수원시_지역화폐 결제 정보_20260120
2025-11,수원시 권선구,서둔동,레저/문화 용품,40대,118245,9,13138,미확인,0.35,1,여,2026-01-20,공공데이터포털_경기도 수원시_지역화폐 결제 정보_20260120
2025-11,수원시 권선구,서둔동,레저/스포츠 서비스,40대,423476,35,12099,미확인,0.35,1,여,2026-01-20,공공데이터포털_경기도 수원시_지역화폐 결제 정보_20260120
2025-11,수원시 권선구,서둔동,문화/취미,40대,152890,16,9556,미확인,0.35,1,여,2026-01-20,공공데이터포털_경기도 수원시_지역화폐 결제 정보_20260120
2025-11,수원시 권선구,서둔동,미용/위생,40대,1321235,104,12704,미확인,0.35,1,여,2026-01-20,공공데이터포털_경기도 수원시_지역화폐 결제 정보_20260120
2025-11,수원시 권선구,서둔동,서적/문구/학습자재,40대,6647,10,665,미확인,0.35,1,여,2026-01-20,공공데이터포털_경기도 수원시_지역화폐 결제 정보_20260120
2025-11,수원시 권선구,서둔동,신변잡화,40대,3689,5,738,미확인,0.35,1,여,2026-01-20,공공데이터포털_경기도 수원시_지역화폐 결제 정보_20260120
2025-11,수원시 권선구,서둔동,약국,40대,259700,132,1967,미확인,0.35,1,여,2026-01-20,공공데이터포털_경기도 수원시_지역화폐 결제 정보_20260120
2025-11,수원시 권선구,서둔동,용역서비스,40대,277463,52,5336,미확인,0.35,1,여,2026-01-20,공공데이터포털_경기도 수원시_지역화폐 결제 정보_20260120
2025-11,수원시 권선구,서둔동,음료/식품,40대,1831640,448,4088,미확인,0.35,1,여,2026-01-20,공공데이터포털_경기도 수원시_지역화폐 결제 정보_20260120
2025-11,수원시 권선구,서둔동,의류,40대,29022,11,2638,미확인,0.35,1,여,2026-01-20,공공데이터포털_경기도 수원시_지역화폐 결제 정보_20260120
2025-11,수원시 권선구,서둔동,의원,40대,906558,95,9543,미확인,0.35,1,여,2026-01-20,공공데이터포털_경기도 수원시_지역화폐 결제 정보_20260120
2025-11,수원시 권선구,서둔동,일반/휴게 음식,40대,9312339,1744,5340,미확인,0.35,1,여,2026-01-20,공공데이터포털_경기도 수원시_지역화폐 결제 정보_20260120
2025-11,수원시 권선구,서둔동,일반유통,40대,3365362,955,3524,미확인,0.35,1,여,2026-01-20,공공데이터포털_경기도 수원시_지역화폐 결제 정보_20260120
2025-11,수원시 권선구,서둔동,자동차 정비/유지,40대,292968,42,6975,미확인,0.35,1,여,2026-01-20,공공데이터포털_경기도 수원시_지역화폐 결제 정보_20260120
2025-11,수원시 권선구,서둔동,주방용품,40대,42100,11,3827,미확인,0.35,1,여,2026-01-20,공공데이터포털_경기도 수원시_지역화폐 결제 정보_20260120
2025-11,수원시 권선구,서둔동,직물/침구류,40대,4070,3,1357,미확인,0.35,1,여,2026-01-20,공공데이터포털_경기도 수원시_지역화폐 결제 정보_20260120
2025-11,수원시 권선구,서둔동,학원,40대,3732413,120,31103,미확인,0.35,1,여,2026-01-20,공공데이터포털_경기도 수원시_지역화폐 결제 정보_20260120
2025-11,수원시 권선구,서둔동,기타의료,50대,332763,26,12799,미확인,0.35,1,여,2026-01-20,공공데이터포털_경기도 수원시_지역화폐 결제 정보_20260120
2025-11,수원시 권선구,서둔동,레저/문화 용품,50대,279307,21,13300,미확인,0.35,1,여,2026-01-20,공공데이터포털_경기도 수원시_지역화폐 결제 정보_20260120
2025-11,수원시 권선구,서둔동,레저/스포츠 서비스,50대,88905,33,2694,미확인,0.35,1,여,2026-01-20,공공데이터포털_경기도 수원시_지역화폐 결제 정보_20260120
2025-11,수원시 권선구,서둔동,문화/취미,50대,84457,12,7038,미확인,0.35,1,여,2026-01-20,공공데이터포털_경기도 수원시_지역화폐 결제 정보_20260120
2025-11,수원시 권선구,서둔동,미용/위생,50대,1441084,140,10293,미확인,0.35,1,여,2026-01-20,공공데이터포털_경기도 수원시_지역화폐 결제 정보_20260120
2025-11,수원시 권선구,서둔동,서적/문구/학습자재,50대,3941,4,985,미확인,0.35,1,여,2026-01-20,공공데이터포털_경기도 수원시_지역화폐 결제 정보_20260120
2025-11,수원시 권선구,서둔동,신변잡화,50대,9961,11,906,미확인,0.35,1,여,2026-01-20,공공데이터포털_경기도 수원시_지역화폐 결제 정보_20260120
2025-11,수원시 권선구,서둔동,약국,50대,561326,119,4717,미확인,0.35,1,여,2026-01-20,공공데이터포털_경기도 수원시_지역화폐 결제 정보_20260120
2025-11,수원시 권선구,서둔동,용역서비스,50대,223923,41,5462,미확인,0.35,1,여,2026-01-20,공공데이터포털_경기도 수원시_지역화폐 결제 정보_20260120
2025-11,수원시 권선구,서둔동,음료/식품,50대,2245148,488,4601,미확인,0.35,1,여,2026-01-20,공공데이터포털_경기도 수원시_지역화폐 결제 정보_20260120
2025-11,수원시 권선구,서둔동,의류,50대,288961,36,8027,미확인,0.35,1,여,2026-01-20,공공데이터포털_경기도 수원시_지역화폐 결제 정보_20260120
2025-11,수원시 권선구,서둔동,의원,50대,526878,81,6505,미확인,0.35,1,여,2026-01-20,공공데이터포털_경기도 수원시_지역화폐 결제 정보_20260120
2025-11,수원시 권선구,서둔동,일반/휴게 음식,50대,8217446,1596,5149,미확인,0.35,1,여,2026-01-20,공공데이터포털_경기도 수원시_지역화폐 결제 정보_20260120
2025-11,수원시 권선구,서둔동,일반유통,50대,2224239,760,2927,미확인,0.35,1,여,2026-01-20,공공데이터포털_경기도 수원시_지역화폐 결제 정보_20260120
2025-11,수원시 권선구,서둔동,자동차 정비/유지,50대,177196,18,9844,미확인,0.35,1,여,2026-01-20,공공데이터포털_경기도 수원시_지역화폐 결제 정보_20260120
2025-11,수원시 권선구,서둔동,전자제품,50대,2609,1,2609,미확인,0.35,1,여,2026-01-20,공공데이터포털_경기도 수원시_지역화폐 결제 정보_20260120
2025-11,수원시 권선구,서둔동,주방용품,50대,103233,32,3226,미확인,0.35,1,여,2026-01-20,공공데이터포털_경기도 수원시_지역화폐 결제 정보_20260120
2025-11,수원시 권선구,서둔동,직물/침구류,50대,1821,1,1821,미확인,0.35,1,여,2026-01-20,공공데이터포털_경기도 수원시_지역화폐 결제 정보_20260120
2025-11,수원시 권선구,서둔동,학원,50대,350743,12,29229,미확인,0.35,1,여,2026-01-20,공공데이터포털_경기도 수원시_지역화폐 결제 정보_20260120
2025-11,수원시 권선구,서둔동,가구,60대 이상,27887,1,27887,미확인,0.35,1,여,2026-01-20,공공데이터포털_경기도 수원시_지역화폐 결제 정보_20260120
2025-11,수원시 권선구,서둔동,건축자재,60대 이상,9780,2,4890,미확인,0.35,1,여,2026-01-20,공공데이터포털_경기도 수원시_지역화폐 결제 정보_20260120
2025-11,수원시 권선구,서둔동,기타유통,60대 이상,1552,2,776,미확인,0.35,1,여,2026-01-20,공공데이터포털_경기도 수원시_지역화폐 결제 정보_20260120
2025-11,수원시 권선구,서둔동,기타의료,60대 이상,317763,45,7061,미확인,0.35,1,여,2026-01-20,공공데이터포털_경기도 수원시_지역화폐 결제 정보_20260120
2025-11,수원시 권선구,서둔동,레저/문화 용품,60대 이상,372048,28,13287,미확인,0.35,1,여,2026-01-20,공공데이터포털_경기도 수원시_지역화폐 결제 정보_20260120
2025-11,수원시 권선구,서둔동,레저/스포츠 서비스,60대 이상,143701,38,3782,미확인,0.35,1,여,2026-01-20,공공데이터포털_경기도 수원시_지역화폐 결제 정보_20260120
2025-11,수원시 권선구,서둔동,문화/취미,60대 이상,50307,3,16769,미확인,0.35,1,여,2026-01-20,공공데이터포털_경기도 수원시_지역화폐 결제 정보_20260120
2025-11,수원시 권선구,서둔동,미용/위생,60대 이상,1133029,115,9852,미확인,0.35,1,여,2026-01-20,공공데이터포털_경기도 수원시_지역화폐 결제 정보_20260120
2025-11,수원시 권선구,서둔동,신변잡화,60대 이상,27604,16,1725,미확인,0.35,1,여,2026-01-20,공공데이터포털_경기도 수원시_지역화폐 결제 정보_20260120
2025-11,수원시 권선구,서둔동,약국,60대 이상,770875,184,4190,미확인,0.35,1,여,2026-01-20,공공데이터포털_경기도 수원시_지역화폐 결제 정보_20260120
2025-11,수원시 권선구,서둔동,용역서비스,60대 이상,113721,27,4212,미확인,0.35,1,여,2026-01-20,공공데이터포털_경기도 수원시_지역화폐 결제 정보_20260120
2025-11,수원시 권선구,서둔동,음료/식품,60대 이상,2313235,473,4891,미확인,0.35,1,여,2026-01-20,공공데이터포털_경기도 수원시_지역화폐 결제 정보_20260120
2025-11,수원시 권선구,서둔동,의류,60대 이상,266306,30,8877,미확인,0.35,1,여,2026-01-20,공공데이터포털_경기도 수원시_지역화폐 결제 정보_20260120
2025-11,수원시 권선구,서둔동,의원,60대 이상,536720,184,2917,미확인,0.35,1,여,2026-01-20,공공데이터포털_경기도 수원시_지역화폐 결제 정보_20260120
2025-11,수원시 권선구,서둔동,일반/휴게 음식,60대 이상,5239545,880,5954,미확인,0.35,1,여,2026-01-20,공공데이터포털_경기도 수원시_지역화폐 결제 정보_20260120
2025-11,수원시 권선구,서둔동,일반유통,60대 이상,1914480,482,3972,미확인,0.35,1,여,2026-01-20,공공데이터포털_경기도 수원시_지역화폐 결제 정보_20260120
2025-11,수원시 권선구,서둔동,자동차 정비/유지,60대 이상,138655,10,13866,미확인,0.35,1,여,2026-01-20,공공데이터포털_경기도 수원시_지역화폐 결제 정보_20260120
2025-11,수원시 권선구,서둔동,전자제품,60대 이상,15935,2,7968,미확인,0.35,1,여,2026-01-20,공공데이터포털_경기도 수원시_지역화폐 결제 정보_20260120
2025-11,수원시 권선구,서둔동,주방용품,60대 이상,66325,42,1579,미확인,0.35,1,여,2026-01-20,공공데이터포털_경기도 수원시_지역화폐 결제 정보_20260120
2025-11,수원시 권선구,서둔동,직물/침구류,60대 이상,6401,3,2134,미확인,0.35,1,여,2026-01-20,공공데이터포털_경기도 수원시_지역화폐 결제 정보_20260120
2025-11,수원시 권선구,서둔동,학원,60대 이상,272110,5,54422,미확인,0.35,1,여,2026-01-20,공공데이터포털_경기도 수원시_지역화폐 결제 정보_20260120
2025-11,수원시 권선구,서둔동,회원정보미상,60대 이상,265400,13,20415,미확인,0.35,1,여,2026-01-20,공공데이터포털_경기도 수원시_지역화폐 결제 정보_20260120
2025-11,수원시 권선구,서둔동,회원정보미상,60대 이상,265400,13,20415,미확인,0.35,1,여,2026-01-20,공공데이터포털_경기도 수원시_지역화폐 결제 정보_20260120
2025-11,수원시 권선구,서둔동,약국,60대 이상,15000,2,7500,미확인,0.35,1,여,2026-01-20,공공데이터포털_경기도 수원시_지역화폐 결제 정보_20260120
2025-11,수원시 권선구,서둔동,음료/식품,60대 이상,191700,6,31950,미확인,0.35,1,여,2026-01-20,공공데이터포털_경기도 수원시_지역화폐 결제 정보_20260120
2025-11,수원시 권선구,서둔동,의류,60대 이상,25500,1,25500,미확인,0.35,1,여,2026-01-20,공공데이터포털_경기도 수원시_지역화폐 결제 정보_20260120
2025-11,수원시 권선구,서둔동,일반/휴게 음식,60대 이상,19900,1,19900,미확인,0.35,1,여,2026-01-20,공공데이터포털_경기도 수원시_지역화폐 결제 정보_20260120
2025-11,수원시 권선구,서둔동,일반유통,60대 이상,13300,3,4433,미확인,0.35,1,여,2026-01-20,공공데이터포털_경기도 수원시_지역화폐 결제 정보_20260120
2025-11,수원시 권선구,세류1동,미용/위생,10대,20931,4,5233,미확인,0.35,1,남,2026-01-20,공공데이터포털_경기도 수원시_지역화폐 결제 정보_20260120
2025-11,수원시 권선구,세류1동,서적/문구/학습자재,10대,9500,2,4750,미확인,0.35,1,남,2026-01-20,공공데이터포털_경기도 수원시_지역화폐 결제 정보_20260120
2025-11,수원시 권선구,세류1동,음료/식품,10대,1000,1,1000,미확인,0.35,1,남,2026-01-20,공공데이터포털_경기도 수원시_지역화폐 결제 정보_20260120
2025-11,수원시 권선구,세류1동,의원,10대,1243,1,1243,미확인,0.35,1,남,2026-01-20,공공데이터포털_경기도 수원시_지역화폐 결제 정보_20260120
2025-11,수원시 권선구,세류1동,일반유통,10대,37730,10,3773,미확인,0.35,1,남,2026-01-20,공공데이터포털_경기도 수원시_지역화폐 결제 정보_20260120
2025-11,수원시 권선구,세류1동,학원,10대,13161,6,2194,미확인,0.35,1,남,2026-01-20,공공데이터포털_경기도 수원시_지역화폐 결제 정보_20260120
2025-11,수원시 권선구,세류1동,기타의료,20대,6257,2,3128,미확인,0.35,1,남,2026-01-20,공공데이터포털_경기도 수원시_지역화폐 결제 정보_20260120
2025-11,수원시 권선구,세류1동,레저/스포츠 서비스,20대,109421,2,54710,미확인,0.35,1,남,2026-01-20,공공데이터포털_경기도 수원시_지역화폐 결제 정보_20260120
2025-11,수원시 권선구,세류1동,문화/취미,20대,1279,1,1279,미확인,0.35,1,남,2026-01-20,공공데이터포털_경기도 수원시_지역화폐 결제 정보_20260120
2025-11,수원시 권선구,세류1동,미용/위생,20대,475789,23,20686,미확인,0.35,1,남,2026-01-20,공공데이터포털_경기도 수원시_지역화폐 결제 정보_20260120
2025-11,수원시 권선구,세류1동,서적/문구/학습자재,20대,1854,4,464,미확인,0.35,1,남,2026-01-20,공공데이터포털_경기도 수원시_지역화폐 결제 정보_20260120
2025-11,수원시 권선구,세류1동,약국,20대,107267,11,9752,미확인,0.35,1,남,2026-01-20,공공데이터포털_경기도 수원시_지역화폐 결제 정보_20260120
2025-11,수원시 권선구,세류1동,용역서비스,20대,9206,2,4603,미확인,0.35,1,남,2026-01-20,공공데이터포털_경기도 수원시_지역화폐 결제 정보_20260120
2025-11,수원시 권선구,세류1동,음료/식품,20대,19105,13,1470,미확인,0.35,1,남,2026-01-20,공공데이터포털_경기도 수원시_지역화폐 결제 정보_20260120
2025-11,수원시 권선구,세류1동,의원,20대,23859,7,3408,미확인,0.35,1,남,2026-01-20,공공데이터포털_경기도 수원시_지역화폐 결제 정보_20260120
2025-11,수원시 권선구,세류1동,일반/휴게 음식,20대,407223,60,6787,미확인,0.35,1,남,2026-01-20,공공데이터포털_경기도 수원시_지역화폐 결제 정보_20260120
2025-11,수원시 권선구,세류1동,일반유통,20대,364498,84,4339,미확인,0.35,1,남,2026-01-20,공공데이터포털_경기도 수원시_지역화폐 결제 정보_20260120
2025-11,수원시 권선구,세류1동,학원,20대,132467,5,26493,미확인,0.35,1,남,2026-01-20,공공데이터포털_경기도 수원시_지역화폐 결제 정보_20260120
2025-11,수원시 권선구,세류1동,기타의료,30대,84640,6,14107,미확인,0.35,1,남,2026-01-20,공공데이터포털_경기도 수원시_지역화폐 결제 정보_20260120
2025-11,수원시 권선구,세류1동,레저/스포츠 서비스,30대,62355,9,6928,미확인,0.35,1,남,2026-01-20,공공데이터포털_경기도 수원시_지역화폐 결제 정보_20260120
2025-11,수원시 권선구,세류1동,문화/취미,30대,69148,4,17287,미확인,0.35,1,남,2026-01-20,공공데이터포털_경기도 수원시_지역화폐 결제 정보_20260120
2025-11,수원시 권선구,세류1동,미용/위생,30대,495013,52,9519,미확인,0.35,1,남,2026-01-20,공공데이터포털_경기도 수원시_지역화폐 결제 정보_20260120
2025-11,수원시 권선구,세류1동,서적/문구/학습자재,30대,83195,17,4894,미확인,0.35,1,남,2026-01-20,공공데이터포털_경기도 수원시_지역화폐 결제 정보_20260120
2025-11,수원시 권선구,세류1동,약국,30대,152873,87,1757,미확인,0.35,1,남,2026-01-20,공공데이터포털_경기도 수원시_지역화폐 결제 정보_20260120
2025-11,수원시 권선구,세류1동,용역서비스,30대,18625,7,2661,미확인,0.35,1,남,2026-01-20,공공데이터포털_경기도 수원시_지역화폐 결제 정보_20260120
2025-11,수원시 권선구,세류1동,음료/식품,30대,161189,72,2239,미확인,0.35,1,남,2026-01-20,공공데이터포털_경기도 수원시_지역화폐 결제 정보_20260120
2025-11,수원시 권선구,세류1동,의원,30대,499810,92,5433,미확인,0.35,1,남,2026-01-20,공공데이터포털_경기도 수원시_지역화폐 결제 정보_20260120
2025-11,수원시 권선구,세류1동,일반/휴게 음식,30대,480348,278,1728,미확인,0.35,1,남,2026-01-20,공공데이터포털_경기도 수원시_지역화폐 결제 정보_20260120
2025-11,수원시 권선구,세류1동,일반유통,30대,440110,233,1889,미확인,0.35,1,남,2026-01-20,공공데이터포털_경기도 수원시_지역화폐 결제 정보_20260120
2025-11,수원시 권선구,세류1동,자동차 정비/유지,30대,51257,1,51257,미확인,0.35,1,남,2026-01-20,공공데이터포털_경기도 수원시_지역화폐 결제 정보_20260120
2025-11,수원시 권선구,세류1동,자동차판매,30대,103222,2,51611,미확인,0.35,1,남,2026-01-20,공공데이터포털_경기도 수원시_지역화폐 결제 정보_20260120
2025-11,수원시 권선구,세류1동,학원,30대,413042,15,27536,미확인,0.35,1,남,2026-01-20,공공데이터포털_경기도 수원시_지역화폐 결제 정보_20260120
2025-11,수원시 권선구,세류1동,기타유통,30대,13358,2,6679,미확인,0.35,1,남,2026-01-20,공공데이터포털_경기도 수원시_지역화폐 결제 정보_20260120
2025-11,수원시 권선구,세류1동,기타의료,30대,6820,1,6820,미확인,0.35,1,남,2026-01-20,공공데이터포털_경기도 수원시_지역화폐 결제 정보_20260120
2025-11,수원시 권선구,세류1동,레저/스포츠 서비스,30대,659868,22,29994,미확인,0.35,1,남,2026-01-20,공공데이터포털_경기도 수원시_지역화폐 결제 정보_20260120
2025-11,수원시 권선구,세류1동,문화/취미,30대,14177,2,7088,미확인,0.35,1,남,2026-01-20,공공데이터포털_경기도 수원시_지역화폐 결제 정보_20260120
2025-11,수원시 권선구,세류1동,미용/위생,30대,328481,48,6843,미확인,0.35,1,남,2026-01-20,공공데이터포털_경기도 수원시_지역화폐 결제 정보_20260120
2025-11,수원시 권선구,세류1동,서적/문구/학습자재,30대,80486,36,2236,미확인,0.35,1,남,2026-01-20,공공데이터포털_경기도 수원시_지역화폐 결제 정보_20260120
2025-11,수원시 권선구,세류1동,약국,30대,221715,112,1980,미확인,0.35,1,남,2026-01-20,공공데이터포털_경기도 수원시_지역화폐 결제 정보_20260120
2025-11,수원시 권선구,세류1동,용역서비스,30대,413276,15,27552,미확인,0.35,1,남,2026-01-20,공공데이터포털_경기도 수원시_지역화폐 결제 정보_20260120
2025-11,수원시 권선구,세류1동,음료/식품,30대,156112,109,1432,미확인,0.35,1,남,2026-01-20,공공데이터포털_경기도 수원시_지역화폐 결제 정보_20260120
2025-11,수원시 권선구,세류1동,의원,30대,249640,67,3726,미확인,0.35,1,남,2026-01-20,공공데이터포털_경기도 수원시_지역화폐 결제 정보_20260120
2025-11,수원시 권선구,세류1동,일반/휴게 음식,30대,781589,367,2130,미확인,0.35,1,남,2026-01-20,공공데이터포털_경기도 수원시_지역화폐 결제 정보_20260120
2025-11,수원시 권선구,세류1동,일반유통,30대,369760,191,1936,미확인,0.35,1,남,2026-01-20,공공데이터포털_경기도 수원시_지역화폐 결제 정보_20260120
2025-11,수원시 권선구,세류1동,자동차 정비/유지,30대,43756,1,43756,미확인,0.35,1,남,2026-01-20,공공데이터포털_경기도 수원시_지역화폐 결제 정보_20260120
2025-11,수원시 권선구,세류1동,학원,30대,2093858,80,26173,미확인,0.35,1,남,2026-01-20,공공데이터포털_경기도 수원시_지역화폐 결제 정보_20260120
2025-11,수원시 권선구,세류1동,기타의료,50대,3166,1,3166,미확인,0.35,1,남,2026-01-20,공공데이터포털_경기도 수원시_지역화폐 결제 정보_20260120
2025-11,수원시 권선구,세류1동,레저/스포츠 서비스,50대,230235,4,57559,미확인,0.35,1,남,2026-01-20,공공데이터포털_경기도 수원시_지역화폐 결제 정보_20260120
2025-11,수원시 권선구,세류1동,문화/취미,50대,8538,1,8538,미확인,0.35,1,남,2026-01-20,공공데이터포털_경기도 수원시_지역화폐 결제 정보_20260120
2025-11,수원시 권선구,세류1동,미용/위생,50대,162617,29,5607,미확인,0.35,1,남,2026-01-20,공공데이터포털_경기도 수원시_지역화폐 결제 정보_20260120
2025-11,수원시 권선구,세류1동,서적/문구/학습자재,50대,7170,4,1792,미확인,0.35,1,남,2026-01-20,공공데이터포털_경기도 수원시_지역화폐 결제 정보_20260120
2025-11,수원시 권선구,세류1동,약국,50대,62003,30,2067,미확인,0.35,1,남,2026-01-20,공공데이터포털_경기도 수원시_지역화폐 결제 정보_20260120
2025-11,수원시 권선구,세류1동,용역서비스,50대,59599,8,7450,미확인,0.35,1,남,2026-01-20,공공데이터포털_경기도 수원시_지역화폐 결제 정보_20260120
2025-11,수원시 권선구,세류1동,음료/식품,50대,70807,40,1770,미확인,0.35,1,남,2026-01-20,공공데이터포털_경기도 수원시_지역화폐 결제 정보_20260120
2025-11,수원시 권선구,세류1동,의원,50대,293754,30,9792,미확인,0.35,1,남,2026-01-20,공공데이터포털_경기도 수원시_지역화폐 결제 정보_20260120
2025-11,수원시 권선구,세류1동,일반/휴게 음식,50대,639177,188,3400,미확인,0.35,1,남,2026-01-20,공공데이터포털_경기도 수원시_지역화폐 결제 정보_20260120
2025-11,수원시 권선구,세류1동,일반유통,50대,124719,83,1503,미확인,0.35,1,남,2026-01-20,공공데이터포털_경기도 수원시_지역화폐 결제 정보_20260120
2025-11,수원시 권선구,세류1동,학원,50대,289081,12,24090,미확인,0.35,1,남,2026-01-20,공공데이터포털_경기도 수원시_지역화폐 결제 정보_20260120
2025-11,수원시 권선구,세류1동,건축자재,60대 이상,23479,3,7826,미확인,0.35,1,남,2026-01-20,공공데이터포털_경기도 수원시_지역화폐 결제 정보_20260120
2025-11,수원시 권선구,세류1동,기타유통,60대 이상,2652,1,2652,미확인,0.35,1,남,2026-01-20,공공데이터포털_경기도 수원시_지역화폐 결제 정보_20260120
2025-11,수원시 권선구,세류1동,기타의료,60대 이상,32000,2,16000,미확인,0.35,1,남,2026-01-20,공공데이터포털_경기도 수원시_지역화폐 결제 정보_20260120
2025-11,수원시 권선구,세류1동,미용/위생,60대 이상,155398,20,7770,미확인,0.35,1,남,2026-01-20,공공데이터포털_경기도 수원시_지역화폐 결제 정보_20260120
2025-11,수원시 권선구,세류1동,약국,60대 이상,286693,61,4700,미확인,0.35,1,남,2026-01-20,공공데이터포털_경기도 수원시_지역화폐 결제 정보_20260120
2025-11,수원시 권선구,세류1동,용역서비스,60대 이상,54155,5,10831,미확인,0.35,1,남,2026-01-20,공공데이터포털_경기도 수원시_지역화폐 결제 정보_20260120
2025-11,수원시 권선구,세류1동,음료/식품,60대 이상,118710,37,3208,미확인,0.35,1,남,2026-01-20,공공데이터포털_경기도 수원시_지역화폐 결제 정보_20260120
2025-11,수원시 권선구,세류1동,의원,60대 이상,244414,56,4365,미확인,0.35,1,남,2026-01-20,공공데이터포털_경기도 수원시_지역화폐 결제 정보_20260120
2025-11,수원시 권선구,세류1동,일반/휴게 음식,60대 이상,369309,144,2565,미확인,0.35,1,남,2026-01-20,공공데이터포털_경기도 수원시_지역화폐 결제 정보_20260120
2025-11,수원시 권선구,세류1동,일반유통,60대 이상,226162,89,2541,미확인,0.35,1,남,2026-01-20,공공데이터포털_경기도 수원시_지역화폐 결제 정보_20260120
2025-11,수원시 권선구,세류1동,학원,60대 이상,130147,4,32537,미확인,0.35,1,남,2026-01-20,공공데이터포털_경기도 수원시_지역화폐 결제 정보_20260120
2025-11,수원시 권선구,세류1동,서적/문구/학습자재,10대,9000,1,9000,미확인,0.35,1,여,2026-01-20,공공데이터포털_경기도 수원시_지역화폐 결제 정보_20260120
2025-11,수원시 권선구,세류1동,음료/식품,10대,28200,13,2169,미확인,0.35,1,여,2026-01-20,공공데이터포털_경기도 수원시_지역화폐 결제 정보_20260120
2025-11,수원시 권선구,세류1동,일반/휴게 음식,10대,27441,7,3920,미확인,0.35,1,여,2026-01-20,공공데이터포털_경기도 수원시_지역화폐 결제 정보_20260120
2025-11,수원시 권선구,세류1동,일반유통,10대,44100,17,2594,미확인,0.35,1,여,2026-01-20,공공데이터포털_경기도 수원시_지역화폐 결제 정보_20260120
2025-11,수원시 권선구,세류1동,학원,10대,7000,2,3500,미확인,0.35,1,여,2026-01-20,공공데이터포털_경기도 수원시_지역화폐 결제 정보_20260120
2025-11,수원시 권선구,세류1동,기타의료,20대,246893,4,61723,미확인,0.35,1,여,2026-01-20,공공데이터포털_경기도 수원시_지역화폐 결제 정보_20260120
2025-11,수원시 권선구,세류1동,레저/스포츠 서비스,20대,178715,2,89358,미확인,0.35,1,여,2026-01-20,공공데이터포털_경기도 수원시_지역화폐 결제 정보_20260120
2025-11,수원시 권선구,세류1동,문화/취미,20대,32253,2,16126,미확인,0.35,1,여,2026-01-20,공공데이터포털_경기도 수원시_지역화폐 결제 정보_20260120
2025-11,수원시 권선구,세류1동,미용/위생,20대,682026,19,35896,미확인,0.35,1,여,2026-01-20,공공데이터포털_경기도 수원시_지역화폐 결제 정보_20260120
2025-11,수원시 권선구,세류1동,약국,20대,159246,31,5137,미확인,0.35,1,여,2026-01-20,공공데이터포털_경기도 수원시_지역화폐 결제 정보_20260120
2025-11,수원시 권선구,세류1동,용역서비스,20대,10370,1,10370,미확인,0.35,1,여,2026-01-20,공공데이터포털_경기도 수원시_지역화폐 결제 정보_20260120
2025-11,수원시 권선구,세류1동,음료/식품,20대,90080,36,2502,미확인,0.35,1,여,2026-01-20,공공데이터포털_경기도 수원시_지역화폐 결제 정보_20260120
2025-11,수원시 권선구,세류1동,의원,20대,125587,14,8970,미확인,0.35,1,여,2026-01-20,공공데이터포털_경기도 수원시_지역화폐 결제 정보_20260120
2025-11,수원시 권선구,세류1동,일반/휴게 음식,20대,417669,125,3341,미확인,0.35,1,여,2026-01-20,공공데이터포털_경기도 수원시_지역화폐 결제 정보_20260120
2025-11,수원시 권선구,세류1동,일반유통,20대,357025,87,4104,미확인,0.35,1,여,2026-01-20,공공데이터포털_경기도 수원시_지역화폐 결제 정보_20260120
2025-11,수원시 권선구,세류1동,자동차 정비/유지,20대,24898,1,24898,미확인,0.35,1,여,2026-01-20,공공데이터포털_경기도 수원시_지역화폐 결제 정보_20260120
2025-11,수원시 권선구,세류1동,학원,20대,110891,8,13861,미확인,0.35,1,여,2026-01-20,공공데이터포털_경기도 수원시_지역화폐 결제 정보_20260120
2025-11,수원시 권선구,세류1동,기타의료,30대,85609,7,12230,미확인,0.35,1,여,2026-01-20,공공데이터포털_경기도 수원시_지역화폐 결제 정보_20260120
2025-11,수원시 권선구,세류1동,레저/스포츠 서비스,30대,586405,14,41886,미확인,0.35,1,여,2026-01-20,공공데이터포털_경기도 수원시_지역화폐 결제 정보_20260120
2025-11,수원시 권선구,세류1동,문화/취미,30대,214919,8,26865,미확인,0.35,1,여,2026-01-20,공공데이터포털_경기도 수원시_지역화폐 결제 정보_20260120
2025-11,수원시 권선구,세류1동,미용/위생,30대,661620,45,14703,미확인,0.35,1,여,2026-01-20,공공데이터포털_경기도 수원시_지역화폐 결제 정보_20260120
2025-11,수원시 권선구,세류1동,서적/문구/학습자재,30대,91004,12,7584,미확인,0.35,1,여,2026-01-20,공공데이터포털_경기도 수원시_지역화폐 결제 정보_20260120
2025-11,수원시 권선구,세류1동,약국,30대,397492,180,2208,미확인,0.35,1,여,2026-01-20,공공데이터포털_경기도 수원시_지역화폐 결제 정보_20260120
2025-11,수원시 권선구,세류1동,용역서비스,30대,7299,2,3650,미확인,0.35,1,여,2026-01-20,공공데이터포털_경기도 수원시_지역화폐 결제 정보_20260120
2025-11,수원시 권선구,세류1동,음료/식품,30대,189989,86,2209,미확인,0.35,1,여,2026-01-20,공공데이터포털_경기도 수원시_지역화폐 결제 정보_20260120
2025-11,수원시 권선구,세류1동,의원,30대,494066,97,5093,미확인,0.35,1,여,2026-01-20,공공데이터포털_경기도 수원시_지역화폐 결제 정보_20260120
2025-11,수원시 권선구,세류1동,일반/휴게 음식,30대,1150415,417,2759,미확인,0.35,1,여,2026-01-20,공공데이터포털_경기도 수원시_지역화폐 결제 정보_20260120
2025-11,수원시 권선구,세류1동,일반유통,30대,391579,212,1847,미확인,0.35,1,여,2026-01-20,공공데이터포털_경기도 수원시_지역화폐 결제 정보_20260120
2025-11,수원시 권선구,세류1동,자동차판매,30대,99783,1,99783,미확인,0.35,1,여,2026-01-20,공공데이터포털_경기도 수원시_지역화폐 결제 정보_20260120
2025-11,수원시 권선구,세류1동,학원,30대,1389618,35,39703,미확인,0.35,1,여,2026-01-20,공공데이터포털_경기도 수원시_지역화폐 결제 정보_20260120
2025-11,수원시 권선구,세류1동,기타의료,40대,36848,3,12283,미확인,0.35,1,여,2026-01-20,공공데이터포털_경기도 수원시_지역화폐 결제 정보_20260120
2025-11,수원시 권선구,세류1동,레저/스포츠 서비스,40대,484980,18,26943,미확인,0.35,1,여,2026-01-20,공공데이터포털_경기도 수원시_지역화폐 결제 정보_20260120
2025-11,수원시 권선구,세류1동,문화/취미,40대,12643,4,3161,미확인,0.35,1,여,2026-01-20,공공데이터포털_경기도 수원시_지역화폐 결제 정보_20260120
2025-11,수원시 권선구,세류1동,미용/위생,40대,579798,39,14867,미확인,0.35,1,여,2026-01-20,공공데이터포털_경기도 수원시_지역화폐 결제 정보_20260120
2025-11,수원시 권선구,세류1동,서적/문구/학습자재,40대,72780,74,984,미확인,0.35,1,여,2026-01-20,공공데이터포털_경기도 수원시_지역화폐 결제 정보_20260120
2025-11,수원시 권선구,세류1동,약국,40대,304997,166,1837,미확인,0.35,1,여,2026-01-20,공공데이터포털_경기도 수원시_지역화폐 결제 정보_20260120
2025-11,수원시 권선구,세류1동,용역서비스,40대,95535,12,7961,미확인,0.35,1,여,2026-01-20,공공데이터포털_경기도 수원시_지역화폐 결제 정보_20260120
2025-11,수원시 권선구,세류1동,음료/식품,40대,212046,99,2142,미확인,0.35,1,여,2026-01-20,공공데이터포털_경기도 수원시_지역화폐 결제 정보_20260120
2025-11,수원시 권선구,세류1동,의원,40대,650198,106,6134,미확인,0.35,1,여,2026-01-20,공공데이터포털_경기도 수원시_지역화폐 결제 정보_20260120
2025-11,수원시 권선구,세류1동,일반/휴게 음식,40대,1092485,549,1990,미확인,0.35,1,여,2026-01-20,공공데이터포털_경기도 수원시_지역화폐 결제 정보_20260120
2025-11,수원시 권선구,세류1동,일반유통,40대,269811,167,1616,미확인,0.35,1,여,2026-01-20,공공데이터포털_경기도 수원시_지역화폐 결제 정보_20260120
2025-11,수원시 권선구,세류1동,자동차 정비/유지,40대,89530,1,89530,미확인,0.35,1,여,2026-01-20,공공데이터포털_경기도 수원시_지역화폐 결제 정보_20260120
2025-11,수원시 권선구,세류1동,자동차판매,40대,5635,1,5635,미확인,0.35,1,여,2026-01-20,공공데이터포털_경기도 수원시_지역화폐 결제 정보_20260120
2025-11,수원시 권선구,세류1동,학원,40대,2880294,116,24830,미확인,0.35,1,여,2026-01-20,공공데이터포털_경기도 수원시_지역화폐 결제 정보_20260120
2025-11,수원시 권선구,세류1동,기타의료,50대,40111,6,6685,미확인,0.35,1,여,2026-01-20,공공데이터포털_경기도 수원시_지역화폐 결제 정보_20260120
2025-11,수원시 권선구,세류1동,레저/스포츠 서비스,50대,113205,7,16172,미확인,0.35,1,여,2026-01-20,공공데이터포털_경기도 수원시_지역화폐 결제 정보_20260120
2025-11,수원시 권선구,세류1동,문화/취미,50대,58625,4,14656,미확인,0.35,1,여,2026-01-20,공공데이터포털_경기도 수원시_지역화폐 결제 정보_20260120
2025-11,수원시 권선구,세류1동,미용/위생,50대,456845,39,11714,미확인,0.35,1,여,2026-01-20,공공데이터포털_경기도 수원시_지역화폐 결제 정보_20260120
2025-11,수원시 권선구,세류1동,서적/문구/학습자재,50대,355,5,71,미확인,0.35,1,여,2026-01-20,공공데이터포털_경기도 수원시_지역화폐 결제 정보_20260120
2025-11,수원시 권선구,세류1동,약국,50대,102007,47,2170,미확인,0.35,1,여,2026-01-20,공공데이터포털_경기도 수원시_지역화폐 결제 정보_20260120
2025-11,수원시 권선구,세류1동,용역서비스,50대,28226,7,4032,미확인,0.35,1,여,2026-01-20,공공데이터포털_경기도 수원시_지역화폐 결제 정보_20260120
2025-11,수원시 권선구,세류1동,음료/식품,50대,119015,61,1951,미확인,0.35,1,여,2026-01-20,공공데이터포털_경기도 수원시_지역화폐 결제 정보_20260120
2025-11,수원시 권선구,세류1동,의원,50대,242406,48,5050,미확인,0.35,1,여,2026-01-20,공공데이터포털_경기도 수원시_지역화폐 결제 정보_20260120
2025-11,수원시 권선구,세류1동,일반/휴게 음식,50대,756639,332,2279,미확인,0.35,1,여,2026-01-20,공공데이터포털_경기도 수원시_지역화폐 결제 정보_20260120
2025-11,수원시 권선구,세류1동,일반유통,50대,214329,102,2101,미확인,0.35,1,여,2026-01-20,공공데이터포털_경기도 수원시_지역화폐 결제 정보_20260120
2025-11,수원시 권선구,세류1동,학원,50대,202626,12,16886,미확인,0.35,1,여,2026-01-20,공공데이터포털_경기도 수원시_지역화폐 결제 정보_20260120
2025-11,수원시 권선구,세류1동,레저/스포츠 서비스,60대 이상,26844,3,8948,미확인,0.35,1,여,2026-01-20,공공데이터포털_경기도 수원시_지역화폐 결제 정보_20260120
2025-11,수원시 권선구,세류1동,문화/취미,60대 이상,18000,1,18000,미확인,0.35,1,여,2026-01-20,공공데이터포털_경기도 수원시_지역화폐 결제 정보_20260120
2025-11,수원시 권선구,세류1동,미용/위생,60대 이상,313815,33,9510,미확인,0.35,1,여,2026-01-20,공공데이터포털_경기도 수원시_지역화폐 결제 정보_20260120
2025-11,수원시 권선구,세류1동,서적/문구/학습자재,60대 이상,32431,2,16216,미확인,0.35,1,여,2026-01-20,공공데이터포털_경기도 수원시_지역화폐 결제 정보_20260120
2025-11,수원시 권선구,세류1동,약국,60대 이상,200651,94,2135,미확인,0.35,1,여,2026-01-20,공공데이터포털_경기도 수원시_지역화폐 결제 정보_20260120
2025-11,수원시 권선구,세류1동,용역서비스,60대 이상,23913,7,3416,미확인,0.35,1,여,2026-01-20,공공데이터포털_경기도 수원시_지역화폐 결제 정보_20260120
2025-11,수원시 권선구,세류1동,음료/식품,60대 이상,161177,38,4242,미확인,0.35,1,여,2026-01-20,공공데이터포털_경기도 수원시_지역화폐 결제 정보_20260120
2025-11,수원시 권선구,세류1동,의원,60대 이상,208735,72,2899,미확인,0.35,1,여,2026-01-20,공공데이터포털_경기도 수원시_지역화폐 결제 정보_20260120
2025-11,수원시 권선구,세류1동,일반/휴게 음식,60대 이상,536367,180,2980,미확인,0.35,1,여,2026-01-20,공공데이터포털_경기도 수원시_지역화폐 결제 정보_20260120
2025-11,수원시 권선구,세류1동,일반유통,60대 이상,117553,58,2027,미확인,0.35,1,여,2026-01-20,공공데이터포털_경기도 수원시_지역화폐 결제 정보_20260120
2025-11,수원시 권선구,세류1동,학원,60대 이상,189232,7,27033,미확인,0.35,1,여,2026-01-20,공공데이터포털_경기도 수원시_지역화폐 결제 정보_20260120
2025-11,수원시 권선구,세류1동,회원정보미상,60대 이상,34040,4,8510,미확인,0.35,1,여,2026-01-20,공공데이터포털_경기도 수원시_지역화폐 결제 정보_20260120
2025-11,수원시 권선구,세류1동,회원정보미상,60대 이상,34040,4,8510,미확인,0.35,1,여,2026-01-20,공공데이터포털_경기도 수원시_지역화폐 결제 정보_20260120
2025-11,수원시 권선구,세류1동,미용/위생,60대 이상,19000,1,19000,미확인,0.35,1,여,2026-01-20,공공데이터포털_경기도 수원시_지역화폐 결제 정보_20260120
2025-11,수원시 권선구,세류1동,일반/휴게 음식,60대 이상,6000,1,6000,미확인,0.35,1,여,2026-01-20,공공데이터포털_경기도 수원시_지역화폐 결제 정보_20260120
2025-11,수원시 권선구,세류1동,일반유통,60대 이상,9040,2,4520,미확인,0.35,1,여,2026-01-20,공공데이터포털_경기도 수원시_지역화폐 결제 정보_20260120
2025-11,수원시 권선구,세류2동,용역서비스,10대,36900,2,18450,미확인,0.35,1,남,2026-01-20,공공데이터포털_경기도 수원시_지역화폐 결제 정보_20260120
2025-11,수원시 권선구,세류2동,일반/휴게 음식,10대,13572,4,3393,미확인,0.35,1,남,2026-01-20,공공데이터포털_경기도 수원시_지역화폐 결제 정보_20260120
2025-11,수원시 권선구,세류2동,일반유통,10대,105082,23,4569,미확인,0.35,1,남,2026-01-20,공공데이터포털_경기도 수원시_지역화폐 결제 정보_20260120
2025-11,수원시 권선구,세류2동,주유/충전소,10대,11248,2,5624,미확인,0.35,1,남,2026-01-20,공공데이터포털_경기도 수원시_지역화폐 결제 정보_20260120
2025-11,수원시 권선구,세류2동,기타유통,20대,120000,1,120000,미확인,0.35,1,남,2026-01-20,공공데이터포털_경기도 수원시_지역화폐 결제 정보_20260120
2025-11,수원시 권선구,세류2동,기타의료,20대,955,1,955,미확인,0.35,1,남,2026-01-20,공공데이터포털_경기도 수원시_지역화폐 결제 정보_20260120
2025-11,수원시 권선구,세류2동,레저/스포츠 서비스,20대,314711,11,28610,미확인,0.35,1,남,2026-01-20,공공데이터포털_경기도 수원시_지역화폐 결제 정보_20260120
2025-11,수원시 권선구,세류2동,문화/취미,20대,50597,3,16866,미확인,0.35,1,남,2026-01-20,공공데이터포털_경기도 수원시_지역화폐 결제 정보_20260120
2025-11,수원시 권선구,세류2동,미용/위생,20대,94478,7,13497,미확인,0.35,1,남,2026-01-20,공공데이터포털_경기도 수원시_지역화폐 결제 정보_20260120
2025-11,수원시 권선구,세류2동,서적/문구/학습자재,20대,187000,2,93500,미확인,0.35,1,남,2026-01-20,공공데이터포털_경기도 수원시_지역화폐 결제 정보_20260120
2025-11,수원시 권선구,세류2동,약국,20대,25142,9,2794,미확인,0.35,1,남,2026-01-20,공공데이터포털_경기도 수원시_지역화폐 결제 정보_20260120
2025-11,수원시 권선구,세류2동,용역서비스,20대,1281,1,1281,미확인,0.35,1,남,2026-01-20,공공데이터포털_경기도 수원시_지역화폐 결제 정보_20260120
2025-11,수원시 권선구,세류2동,음료/식품,20대,518277,36,14397,미확인,0.35,1,남,2026-01-20,공공데이터포털_경기도 수원시_지역화폐 결제 정보_20260120
2025-11,수원시 권선구,세류2동,의원,20대,31100,3,10367,미확인,0.35,1,남,2026-01-20,공공데이터포털_경기도 수원시_지역화폐 결제 정보_20260120
2025-11,수원시 권선구,세류2동,일반/휴게 음식,20대,1647862,197,8365,미확인,0.35,1,남,2026-01-20,공공데이터포털_경기도 수원시_지역화폐 결제 정보_20260120
2025-11,수원시 권선구,세류2동,일반유통,20대,1644096,264,6228,미확인,0.35,1,남,2026-01-20,공공데이터포털_경기도 수원시_지역화폐 결제 정보_20260120
2025-11,수원시 권선구,세류2동,자동차 정비/유지,20대,110649,7,15807,미확인,0.35,1,남,2026-01-20,공공데이터포털_경기도 수원시_지역화폐 결제 정보_20260120
2025-11,수원시 권선구,세류2동,전자제품,20대,89000,2,44500,미확인,0.35,1,남,2026-01-20,공공데이터포털_경기도 수원시_지역화폐 결제 정보_20260120
2025-11,수원시 권선구,세류2동,주방용품,20대,23060,16,1441,미확인,0.35,1,남,2026-01-20,공공데이터포털_경기도 수원시_지역화폐 결제 정보_20260120
2025-11,수원시 권선구,세류2동,주유/충전소,20대,2653871,146,18177,미확인,0.35,1,남,2026-01-20,공공데이터포털_경기도 수원시_지역화폐 결제 정보_20260120
2025-11,수원시 권선구,세류2동,건축자재,30대,1158,1,1158,미확인,0.35,1,남,2026-01-20,공공데이터포털_경기도 수원시_지역화폐 결제 정보_20260120
2025-11,수원시 권선구,세류2동,기타의료,30대,14993,4,3748,미확인,0.35,1,남,2026-01-20,공공데이터포털_경기도 수원시_지역화폐 결제 정보_20260120
2025-11,수원시 권선구,세류2동,레저/문화 용품,30대,14366,2,7183,미확인,0.35,1,남,2026-01-20,공공데이터포털_경기도 수원시_지역화폐 결제 정보_20260120
2025-11,수원시 권선구,세류2동,레저/스포츠 서비스,30대,38061,20,1903,미확인,0.35,1,남,2026-01-20,공공데이터포털_경기도 수원시_지역화폐 결제 정보_20260120
2025-11,수원시 권선구,세류2동,문화/취미,30대,88059,12,7338,미확인,0.35,1,남,2026-01-20,공공데이터포털_경기도 수원시_지역화폐 결제 정보_20260120
2025-11,수원시 권선구,세류2동,미용/위생,30대,188206,26,7239,미확인,0.35,1,남,2026-01-20,공공데이터포털_경기도 수원시_지역화폐 결제 정보_20260120
2025-11,수원시 권선구,세류2동,서적/문구/학습자재,30대,15322,2,7661,미확인,0.35,1,남,2026-01-20,공공데이터포털_경기도 수원시_지역화폐 결제 정보_20260120
2025-11,수원시 권선구,세류2동,숙박업,30대,5047,1,5047,미확인,0.35,1,남,2026-01-20,공공데이터포털_경기도 수원시_지역화폐 결제 정보_20260120
2025-11,수원시 권선구,세류2동,약국,30대,85402,35,2440,미확인,0.35,1,남,2026-01-20,공공데이터포털_경기도 수원시_지역화폐 결제 정보_20260120
2025-11,수원시 권선구,세류2동,용역서비스,30대,1754329,32,54823,미확인,0.35,1,남,2026-01-20,공공데이터포털_경기도 수원시_지역화폐 결제 정보_20260120
2025-11,수원시 권선구,세류2동,음료/식품,30대,570613,67,8517,미확인,0.35,1,남,2026-01-20,공공데이터포털_경기도 수원시_지역화폐 결제 정보_20260120
2025-11,수원시 권선구,세류2동,의원,30대,283,1,283,미확인,0.35,1,남,2026-01-20,공공데이터포털_경기도 수원시_지역화폐 결제 정보_20260120
2025-11,수원시 권선구,세류2동,일반/휴게 음식,30대,2064761,397,5201,미확인,0.35,1,남,2026-01-20,공공데이터포털_경기도 수원시_지역화폐 결제 정보_20260120
2025-11,수원시 권선구,세류2동,일반유통,30대,1242340,512,2426,미확인,0.35,1,남,2026-01-20,공공데이터포털_경기도 수원시_지역화폐 결제 정보_20260120
2025-11,수원시 권선구,세류2동,자동차 정비/유지,30대,48331,15,3222,미확인,0.35,1,남,2026-01-20,공공데이터포털_경기도 수원시_지역화폐 결제 정보_20260120
2025-11,수원시 권선구,세류2동,전자제품,30대,688,1,688,미확인,0.35,1,남,2026-01-20,공공데이터포털_경기도 수원시_지역화폐 결제 정보_20260120
2025-11,수원시 권선구,세류2동,주방용품,30대,895,1,895,미확인,0.35,1,남,2026-01-20,공공데이터포털_경기도 수원시_지역화폐 결제 정보_20260120
2025-11,수원시 권선구,세류2동,주유/충전소,30대,7154559,655,10923,미확인,0.35,1,남,2026-01-20,공공데이터포털_경기도 수원시_지역화폐 결제 정보_20260120
2025-11,수원시 권선구,세류2동,학원,30대,431293,6,71882,미확인,0.35,1,남,2026-01-20,공공데이터포털_경기도 수원시_지역화폐 결제 정보_20260120
2025-11,수원시 권선구,세류2동,기타의료,40대,5120,2,2560,미확인,0.35,1,남,2026-01-20,공공데이터포털_경기도 수원시_지역화폐 결제 정보_20260120
2025-11,수원시 권선구,세류2동,레저/문화 용품,40대,70953,4,17738,미확인,0.35,1,남,2026-01-20,공공데이터포털_경기도 수원시_지역화폐 결제 정보_20260120
2025-11,수원시 권선구,세류2동,레저/스포츠 서비스,40대,30425,10,3042,미확인,0.35,1,남,2026-01-20,공공데이터포털_경기도 수원시_지역화폐 결제 정보_20260120
2025-11,수원시 권선구,세류2동,문화/취미,40대,148806,20,7440,미확인,0.35,1,남,2026-01-20,공공데이터포털_경기도 수원시_지역화폐 결제 정보_20260120
2025-11,수원시 권선구,세류2동,미용/위생,40대,73367,17,4316,미확인,0.35,1,남,2026-01-20,공공데이터포털_경기도 수원시_지역화폐 결제 정보_20260120
2025-11,수원시 권선구,세류2동,서적/문구/학습자재,40대,24166,21,1151,미확인,0.35,1,남,2026-01-20,공공데이터포털_경기도 수원시_지역화폐 결제 정보_20260120
2025-11,수원시 권선구,세류2동,숙박업,40대,10216,2,5108,미확인,0.35,1,남,2026-01-20,공공데이터포털_경기도 수원시_지역화폐 결제 정보_20260120
2025-11,수원시 권선구,세류2동,약국,40대,95617,35,2732,미확인,0.35,1,남,2026-01-20,공공데이터포털_경기도 수원시_지역화폐 결제 정보_20260120
2025-11,수원시 권선구,세류2동,용역서비스,40대,81423,24,3393,미확인,0.35,1,남,2026-01-20,공공데이터포털_경기도 수원시_지역화폐 결제 정보_20260120
2025-11,수원시 권선구,세류2동,음료/식품,40대,350592,73,4803,미확인,0.35,1,남,2026-01-20,공공데이터포털_경기도 수원시_지역화폐 결제 정보_20260120
2025-11,수원시 권선구,세류2동,의원,40대,102134,15,6809,미확인,0.35,1,남,2026-01-20,공공데이터포털_경기도 수원시_지역화폐 결제 정보_20260120
2025-11,수원시 권선구,세류2동,일반/휴게 음식,40대,2189694,436,5022,미확인,0.35,1,남,2026-01-20,공공데이터포털_경기도 수원시_지역화폐 결제 정보_20260120
2025-11,수원시 권선구,세류2동,일반유통,40대,871043,436,1998,미확인,0.35,1,남,2026-01-20,공공데이터포털_경기도 수원시_지역화폐 결제 정보_20260120
2025-11,수원시 권선구,세류2동,자동차 정비/유지,40대,589943,18,32775,미확인,0.35,1,남,2026-01-20,공공데이터포털_경기도 수원시_지역화폐 결제 정보_20260120
2025-11,수원시 권선구,세류2동,전자제품,40대,4012,1,4012,미확인,0.35,1,남,2026-01-20,공공데이터포털_경기도 수원시_지역화폐 결제 정보_20260120
2025-11,수원시 권선구,세류2동,주방용품,40대,4666,2,2333,미확인,0.35,1,남,2026-01-20,공공데이터포털_경기도 수원시_지역화폐 결제 정보_20260120
2025-11,수원시 권선구,세류2동,주유/충전소,40대,5162454,553,9335,미확인,0.35,1,남,2026-01-20,공공데이터포털_경기도 수원시_지역화폐 결제 정보_20260120
2025-11,수원시 권선구,세류2동,학원,40대,573987,25,22959,미확인,0.35,1,남,2026-01-20,공공데이터포털_경기도 수원시_지역화폐 결제 정보_20260120
2025-11,수원시 권선구,세류2동,가구,50대,3516,1,3516,미확인,0.35,1,남,2026-01-20,공공데이터포털_경기도 수원시_지역화폐 결제 정보_20260120
2025-11,수원시 권선구,세류2동,건축자재,50대,3367,1,3367,미확인,0.35,1,남,2026-01-20,공공데이터포털_경기도 수원시_지역화폐 결제 정보_20260120
2025-11,수원시 권선구,세류2동,기타의료,50대,2202,2,1101,미확인,0.35,1,남,2026-01-20,공공데이터포털_경기도 수원시_지역화폐 결제 정보_20260120
2025-11,수원시 권선구,세류2동,대형유통,50대,2918,2,1459,미확인,0.35,1,남,2026-01-20,공공데이터포털_경기도 수원시_지역화폐 결제 정보_20260120
2025-11,수원시 권선구,세류2동,레저/문화 용품,50대,27950,8,3494,미확인,0.35,1,남,2026-01-20,공공데이터포털_경기도 수원시_지역화폐 결제 정보_20260120
2025-11,수원시 권선구,세류2동,레저/스포츠 서비스,50대,20901,27,774,미확인,0.35,1,남,2026-01-20,공공데이터포털_경기도 수원시_지역화폐 결제 정보_20260120
2025-11,수원시 권선구,세류2동,문화/취미,50대,96289,11,8754,미확인,0.35,1,남,2026-01-20,공공데이터포털_경기도 수원시_지역화폐 결제 정보_20260120
2025-11,수원시 권선구,세류2동,미용/위생,50대,146321,20,7316,미확인,0.35,1,남,2026-01-20,공공데이터포털_경기도 수원시_지역화폐 결제 정보_20260120
2025-11,수원시 권선구,세류2동,서적/문구/학습자재,50대,6353,19,334,미확인,0.35,1,남,2026-01-20,공공데이터포털_경기도 수원시_지역화폐 결제 정보_20260120
2025-11,수원시 권선구,세류2동,약국,50대,213798,37,5778,미확인,0.35,1,남,2026-01-20,공공데이터포털_경기도 수원시_지역화폐 결제 정보_20260120
2025-11,수원시 권선구,세류2동,용역서비스,50대,74801,10,7480,미확인,0.35,1,남,2026-01-20,공공데이터포털_경기도 수원시_지역화폐 결제 정보_20260120
2025-11,수원시 권선구,세류2동,음료/식품,50대,466190,58,8038,미확인,0.35,1,남,2026-01-20,공공데이터포털_경기도 수원시_지역화폐 결제 정보_20260120
2025-11,수원시 권선구,세류2동,의류,50대,2728,1,2728,미확인,0.35,1,남,2026-01-20,공공데이터포털_경기도 수원시_지역화폐 결제 정보_20260120
2025-11,수원시 권선구,세류2동,의원,50대,156829,9,17425,미확인,0.35,1,남,2026-01-20,공공데이터포털_경기도 수원시_지역화폐 결제 정보_20260120
2025-11,수원시 권선구,세류2동,일반/휴게 음식,50대,1863515,438,4255,미확인,0.35,1,남,2026-01-20,공공데이터포털_경기도 수원시_지역화폐 결제 정보_20260120
2025-11,수원시 권선구,세류2동,일반유통,50대,956559,483,1980,미확인,0.35,1,남,2026-01-20,공공데이터포털_경기도 수원시_지역화폐 결제 정보_20260120
2025-11,수원시 권선구,세류2동,자동차 정비/유지,50대,148796,12,12400,미확인,0.35,1,남,2026-01-20,공공데이터포털_경기도 수원시_지역화폐 결제 정보_20260120
2025-11,수원시 권선구,세류2동,전자제품,50대,58436,2,29218,미확인,0.35,1,남,2026-01-20,공공데이터포털_경기도 수원시_지역화폐 결제 정보_20260120
2025-11,수원시 권선구,세류2동,주방용품,50대,1505,1,1505,미확인,0.35,1,남,2026-01-20,공공데이터포털_경기도 수원시_지역화폐 결제 정보_20260120
2025-11,수원시 권선구,세류2동,주유/충전소,50대,3851785,401,9605,미확인,0.35,1,남,2026-01-20,공공데이터포털_경기도 수원시_지역화폐 결제 정보_20260120
2025-11,수원시 권선구,세류2동,학원,50대,295291,11,26845,미확인,0.35,1,남,2026-01-20,공공데이터포털_경기도 수원시_지역화폐 결제 정보_20260120
2025-11,수원시 권선구,세류2동,건축자재,60대 이상,43371,1,43371,미확인,0.35,1,남,2026-01-20,공공데이터포털_경기도 수원시_지역화폐 결제 정보_20260120
2025-11,수원시 권선구,세류2동,기타유통,60대 이상,10301,2,5150,미확인,0.35,1,남,2026-01-20,공공데이터포털_경기도 수원시_지역화폐 결제 정보_20260120
2025-11,수원시 권선구,세류2동,기타의료,60대 이상,35567,8,4446,미확인,0.35,1,남,2026-01-20,공공데이터포털_경기도 수원시_지역화폐 결제 정보_20260120
2025-11,수원시 권선구,세류2동,대형유통,60대 이상,9019,2,4510,미확인,0.35,1,남,2026-01-20,공공데이터포털_경기도 수원시_지역화폐 결제 정보_20260120
2025-11,수원시 권선구,세류2동,레저/스포츠 서비스,60대 이상,54349,9,6039,미확인,0.35,1,남,2026-01-20,공공데이터포털_경기도 수원시_지역화폐 결제 정보_20260120
2025-11,수원시 권선구,세류2동,문화/취미,60대 이상,18806,3,6269,미확인,0.35,1,남,2026-01-20,공공데이터포털_경기도 수원시_지역화폐 결제 정보_20260120
2025-11,수원시 권선구,세류2동,미용/위생,60대 이상,43820,15,2921,미확인,0.35,1,남,2026-01-20,공공데이터포털_경기도 수원시_지역화폐 결제 정보_20260120
2025-11,수원시 권선구,세류2동,사무/통신,60대 이상,1069,1,1069,미확인,0.35,1,남,2026-01-20,공공데이터포털_경기도 수원시_지역화폐 결제 정보_20260120
2025-11,수원시 권선구,세류2동,서적/문구/학습자재,60대 이상,11649,2,5824,미확인,0.35,1,남,2026-01-20,공공데이터포털_경기도 수원시_지역화폐 결제 정보_20260120
2025-11,수원시 권선구,세류2동,약국,60대 이상,225067,59,3815,미확인,0.35,1,남,2026-01-20,공공데이터포털_경기도 수원시_지역화폐 결제 정보_20260120
2025-11,수원시 권선구,세류2동,용역서비스,60대 이상,39315,14,2808,미확인,0.35,1,남,2026-01-20,공공데이터포털_경기도 수원시_지역화폐 결제 정보_20260120
2025-11,수원시 권선구,세류2동,음료/식품,60대 이상,539600,103,5239,미확인,0.35,1,남,2026-01-20,공공데이터포털_경기도 수원시_지역화폐 결제 정보_20260120
2025-11,수원시 권선구,세류2동,의류,60대 이상,93123,4,23281,미확인,0.35,1,남,2026-01-20,공공데이터포털_경기도 수원시_지역화폐 결제 정보_20260120
2025-11,수원시 권선구,세류2동,의원,60대 이상,240600,51,4718,미확인,0.35,1,남,2026-01-20,공공데이터포털_경기도 수원시_지역화폐 결제 정보_20260120
2025-11,수원시 권선구,세류2동,일반/휴게 음식,60대 이상,1522770,378,4028,미확인,0.35,1,남,2026-01-20,공공데이터포털_경기도 수원시_지역화폐 결제 정보_20260120
2025-11,수원시 권선구,세류2동,일반유통,60대 이상,621345,281,2211,미확인,0.35,1,남,2026-01-20,공공데이터포털_경기도 수원시_지역화폐 결제 정보_20260120
2025-11,수원시 권선구,세류2동,자동차 정비/유지,60대 이상,52764,5,10553,미확인,0.35,1,남,2026-01-20,공공데이터포털_경기도 수원시_지역화폐 결제 정보_20260120
2025-11,수원시 권선구,세류2동,주방용품,60대 이상,19699,5,3940,미확인,0.35,1,남,2026-01-20,공공데이터포털_경기도 수원시_지역화폐 결제 정보_20260120
2025-11,수원시 권선구,세류2동,주유/충전소,60대 이상,3592628,301,11936,미확인,0.35,1,남,2026-01-20,공공데이터포털_경기도 수원시_지역화폐 결제 정보_20260120
2025-11,수원시 권선구,세류2동,학원,60대 이상,25339,1,25339,미확인,0.35,1,남,2026-01-20,공공데이터포털_경기도 수원시_지역화폐 결제 정보_20260120
2025-11,수원시 권선구,세류2동,미용/위생,10대,18000,1,18000,미확인,0.35,1,여,2026-01-20,공공데이터포털_경기도 수원시_지역화폐 결제 정보_20260120
2025-11,수원시 권선구,세류2동,서적/문구/학습자재,10대,1372,1,1372,미확인,0.35,1,여,2026-01-20,공공데이터포털_경기도 수원시_지역화폐 결제 정보_20260120
2025-11,수원시 권선구,세류2동,일반/휴게 음식,10대,100172,12,8348,미확인,0.35,1,여,2026-01-20,공공데이터포털_경기도 수원시_지역화폐 결제 정보_20260120
2025-11,수원시 권선구,세류2동,일반유통,10대,56580,11,5144,미확인,0.35,1,여,2026-01-20,공공데이터포털_경기도 수원시_지역화폐 결제 정보_20260120
2025-11,수원시 권선구,세류2동,주유/충전소,10대,7393,4,1848,미확인,0.35,1,여,2026-01-20,공공데이터포털_경기도 수원시_지역화폐 결제 정보_20260120
2025-11,수원시 권선구,세류2동,학원,10대,91094,1,91094,미확인,0.35,1,여,2026-01-20,공공데이터포털_경기도 수원시_지역화폐 결제 정보_20260120
2025-11,수원시 권선구,세류2동,기타의료,20대,17905,5,3581,미확인,0.35,1,여,2026-01-20,공공데이터포털_경기도 수원시_지역화폐 결제 정보_20260120
2025-11,수원시 권선구,세류2동,레저/스포츠 서비스,20대,36376,6,6063,미확인,0.35,1,여,2026-01-20,공공데이터포털_경기도 수원시_지역화폐 결제 정보_20260120
2025-11,수원시 권선구,세류2동,문화/취미,20대,122107,3,40702,미확인,0.35,1,여,2026-01-20,공공데이터포털_경기도 수원시_지역화폐 결제 정보_20260120
2025-11,수원시 권선구,세류2동,미용/위생,20대,508822,13,39140,미확인,0.35,1,여,2026-01-20,공공데이터포털_경기도 수원시_지역화폐 결제 정보_20260120
2025-11,수원시 권선구,세류2동,서적/문구/학습자재,20대,1888,1,1888,미확인,0.35,1,여,2026-01-20,공공데이터포털_경기도 수원시_지역화폐 결제 정보_20260120
2025-11,수원시 권선구,세류2동,약국,20대,78108,27,2893,미확인,0.35,1,여,2026-01-20,공공데이터포털_경기도 수원시_지역화폐 결제 정보_20260120
2025-11,수원시 권선구,세류2동,용역서비스,20대,88966,22,4044,미확인,0.35,1,여,2026-01-20,공공데이터포털_경기도 수원시_지역화폐 결제 정보_20260120
2025-11,수원시 권선구,세류2동,음료/식품,20대,773629,55,14066,미확인,0.35,1,여,2026-01-20,공공데이터포털_경기도 수원시_지역화폐 결제 정보_20260120
2025-11,수원시 권선구,세류2동,의원,20대,150599,3,50200,미확인,0.35,1,여,2026-01-20,공공데이터포털_경기도 수원시_지역화폐 결제 정보_20260120
2025-11,수원시 권선구,세류2동,일반/휴게 음식,20대,1391032,173,8041,미확인,0.35,1,여,2026-01-20,공공데이터포털_경기도 수원시_지역화폐 결제 정보_20260120
2025-11,수원시 권선구,세류2동,일반유통,20대,1010860,218,4637,미확인,0.35,1,여,2026-01-20,공공데이터포털_경기도 수원시_지역화폐 결제 정보_20260120
2025-11,수원시 권선구,세류2동,자동차 정비/유지,20대,454,1,454,미확인,0.35,1,여,2026-01-20,공공데이터포털_경기도 수원시_지역화폐 결제 정보_20260120
2025-11,수원시 권선구,세류2동,주유/충전소,20대,1377689,90,15308,미확인,0.35,1,여,2026-01-20,공공데이터포털_경기도 수원시_지역화폐 결제 정보_20260120
2025-11,수원시 권선구,세류2동,건축자재,30대,5318,1,5318,미확인,0.35,1,여,2026-01-20,공공데이터포털_경기도 수원시_지역화폐 결제 정보_20260120
2025-11,수원시 권선구,세류2동,기타의료,30대,22974,3,7658,미확인,0.35,1,여,2026-01-20,공공데이터포털_경기도 수원시_지역화폐 결제 정보_20260120
2025-11,수원시 권선구,세류2동,대형유통,30대,369,1,369,미확인,0.35,1,여,2026-01-20,공공데이터포털_경기도 수원시_지역화폐 결제 정보_20260120
2025-11,수원시 권선구,세류2동,레저/문화 용품,30대,126759,2,63380,미확인,0.35,1,여,2026-01-20,공공데이터포털_경기도 수원시_지역화폐 결제 정보_20260120
2025-11,수원시 권선구,세류2동,레저/스포츠 서비스,30대,187000,1,187000,미확인,0.35,1,여,2026-01-20,공공데이터포털_경기도 수원시_지역화폐 결제 정보_20260120
2025-11,수원시 권선구,세류2동,문화/취미,30대,74863,5,14973,미확인,0.35,1,여,2026-01-20,공공데이터포털_경기도 수원시_지역화폐 결제 정보_20260120
2025-11,수원시 권선구,세류2동,미용/위생,30대,405827,31,13091,미확인,0.35,1,여,2026-01-20,공공데이터포털_경기도 수원시_지역화폐 결제 정보_20260120
2025-11,수원시 권선구,세류2동,서적/문구/학습자재,30대,39510,2,19755,미확인,0.35,1,여,2026-01-20,공공데이터포털_경기도 수원시_지역화폐 결제 정보_20260120
2025-11,수원시 권선구,세류2동,약국,30대,378832,76,4985,미확인,0.35,1,여,2026-01-20,공공데이터포털_경기도 수원시_지역화폐 결제 정보_20260120
2025-11,수원시 권선구,세류2동,용역서비스,30대,5189714,46,112820,미확인,0.35,1,여,2026-01-20,공공데이터포털_경기도 수원시_지역화폐 결제 정보_20260120
2025-11,수원시 권선구,세류2동,음료/식품,30대,515911,100,5159,미확인,0.35,1,여,2026-01-20,공공데이터포털_경기도 수원시_지역화폐 결제 정보_20260120
2025-11,수원시 권선구,세류2동,의원,30대,14694,4,3674,미확인,0.35,1,여,2026-01-20,공공데이터포털_경기도 수원시_지역화폐 결제 정보_20260120
2025-11,수원시 권선구,세류2동,일반/휴게 음식,30대,2047055,396,5169,미확인,0.35,1,여,2026-01-20,공공데이터포털_경기도 수원시_지역화폐 결제 정보_20260120
2025-11,수원시 권선구,세류2동,일반유통,30대,1019894,301,3388,미확인,0.35,1,여,2026-01-20,공공데이터포털_경기도 수원시_지역화폐 결제 정보_20260120
2025-11,수원시 권선구,세류2동,자동차 정비/유지,30대,161729,6,26955,미확인,0.35,1,여,2026-01-20,공공데이터포털_경기도 수원시_지역화폐 결제 정보_20260120
2025-11,수원시 권선구,세류2동,전자제품,30대,59629,10,5963,미확인,0.35,1,여,2026-01-20,공공데이터포털_경기도 수원시_지역화폐 결제 정보_20260120
2025-11,수원시 권선구,세류2동,주유/충전소,30대,3406612,316,10780,미확인,0.35,1,여,2026-01-20,공공데이터포털_경기도 수원시_지역화폐 결제 정보_20260120
2025-11,수원시 권선구,세류2동,학원,30대,687962,7,98280,미확인,0.35,1,여,2026-01-20,공공데이터포털_경기도 수원시_지역화폐 결제 정보_20260120
2025-11,수원시 권선구,세류2동,기타의료,40대,8657,3,2886,미확인,0.35,1,여,2026-01-20,공공데이터포털_경기도 수원시_지역화폐 결제 정보_20260120
2025-11,수원시 권선구,세류2동,대형유통,40대,11858,3,3953,미확인,0.35,1,여,2026-01-20,공공데이터포털_경기도 수원시_지역화폐 결제 정보_20260120
2025-11,수원시 권선구,세류2동,레저/스포츠 서비스,40대,14632,4,3658,미확인,0.35,1,여,2026-01-20,공공데이터포털_경기도 수원시_지역화폐 결제 정보_20260120
2025-11,수원시 권선구,세류2동,문화/취미,40대,112225,8,14028,미확인,0.35,1,여,2026-01-20,공공데이터포털_경기도 수원시_지역화폐 결제 정보_20260120
2025-11,수원시 권선구,세류2동,미용/위생,40대,150830,15,10055,미확인,0.35,1,여,2026-01-20,공공데이터포털_경기도 수원시_지역화폐 결제 정보_20260120
2025-11,수원시 권선구,세류2동,서적/문구/학습자재,40대,52175,12,4348,미확인,0.35,1,여,2026-01-20,공공데이터포털_경기도 수원시_지역화폐 결제 정보_20260120
2025-11,수원시 권선구,세류2동,약국,40대,239932,67,3581,미확인,0.35,1,여,2026-01-20,공공데이터포털_경기도 수원시_지역화폐 결제 정보_20260120
2025-11,수원시 권선구,세류2동,용역서비스,40대,651649,30,21722,미확인,0.35,1,여,2026-01-20,공공데이터포털_경기도 수원시_지역화폐 결제 정보_20260120
2025-11,수원시 권선구,세류2동,음료/식품,40대,704416,110,6404,미확인,0.35,1,여,2026-01-20,공공데이터포털_경기도 수원시_지역화폐 결제 정보_20260120
2025-11,수원시 권선구,세류2동,의류,40대,58104,3,19368,미확인,0.35,1,여,2026-01-20,공공데이터포털_경기도 수원시_지역화폐 결제 정보_20260120
2025-11,수원시 권선구,세류2동,의원,40대,61558,16,3847,미확인,0.35,1,여,2026-01-20,공공데이터포털_경기도 수원시_지역화폐 결제 정보_20260120
2025-11,수원시 권선구,세류2동,일반/휴게 음식,40대,2662055,538,4948,미확인,0.35,1,여,2026-01-20,공공데이터포털_경기도 수원시_지역화폐 결제 정보_20260120
2025-11,수원시 권선구,세류2동,일반유통,40대,1165593,410,2843,미확인,0.35,1,여,2026-01-20,공공데이터포털_경기도 수원시_지역화폐 결제 정보_20260120
2025-11,수원시 권선구,세류2동,자동차 정비/유지,40대,82626,11,7511,미확인,0.35,1,여,2026-01-20,공공데이터포털_경기도 수원시_지역화폐 결제 정보_20260120
2025-11,수원시 권선구,세류2동,전자제품,40대,3220,1,3220,미확인,0.35,1,여,2026-01-20,공공데이터포털_경기도 수원시_지역화폐 결제 정보_20260120
2025-11,수원시 권선구,세류2동,주방용품,40대,9391,5,1878,미확인,0.35,1,여,2026-01-20,공공데이터포털_경기도 수원시_지역화폐 결제 정보_20260120
2025-11,수원시 권선구,세류2동,주유/충전소,40대,2819910,324,8703,미확인,0.35,1,여,2026-01-20,공공데이터포털_경기도 수원시_지역화폐 결제 정보_20260120
2025-11,수원시 권선구,세류2동,학원,40대,954610,30,31820,미확인,0.35,1,여,2026-01-20,공공데이터포털_경기도 수원시_지역화폐 결제 정보_20260120
2025-11,수원시 권선구,세류2동,기타의료,50대,13317,6,2220,미확인,0.35,1,여,2026-01-20,공공데이터포털_경기도 수원시_지역화폐 결제 정보_20260120
2025-11,수원시 권선구,세류2동,대형유통,50대,4384,2,2192,미확인,0.35,1,여,2026-01-20,공공데이터포털_경기도 수원시_지역화폐 결제 정보_20260120
2025-11,수원시 권선구,세류2동,레저/스포츠 서비스,50대,61989,6,10332,미확인,0.35,1,여,2026-01-20,공공데이터포털_경기도 수원시_지역화폐 결제 정보_20260120
2025-11,수원시 권선구,세류2동,문화/취미,50대,66962,7,9566,미확인,0.35,1,여,2026-01-20,공공데이터포털_경기도 수원시_지역화폐 결제 정보_20260120
2025-11,수원시 권선구,세류2동,미용/위생,50대,661019,52,12712,미확인,0.35,1,여,2026-01-20,공공데이터포털_경기도 수원시_지역화폐 결제 정보_20260120
2025-11,수원시 권선구,세류2동,서적/문구/학습자재,50대,14319,3,4773,미확인,0.35,1,여,2026-01-20,공공데이터포털_경기도 수원시_지역화폐 결제 정보_20260120
2025-11,수원시 권선구,세류2동,약국,50대,386237,71,5440,미확인,0.35,1,여,2026-01-20,공공데이터포털_경기도 수원시_지역화폐 결제 정보_20260120
2025-11,수원시 권선구,세류2동,용역서비스,50대,149535,25,5981,미확인,0.35,1,여,2026-01-20,공공데이터포털_경기도 수원시_지역화폐 결제 정보_20260120
2025-11,수원시 권선구,세류2동,음료/식품,50대,919147,163,5639,미확인,0.35,1,여,2026-01-20,공공데이터포털_경기도 수원시_지역화폐 결제 정보_20260120
2025-11,수원시 권선구,세류2동,의류,50대,1387,2,694,미확인,0.35,1,여,2026-01-20,공공데이터포털_경기도 수원시_지역화폐 결제 정보_20260120
2025-11,수원시 권선구,세류2동,의원,50대,308227,25,12329,미확인,0.35,1,여,2026-01-20,공공데이터포털_경기도 수원시_지역화폐 결제 정보_20260120
2025-11,수원시 권선구,세류2동,일반/휴게 음식,50대,2080317,488,4263,미확인,0.35,1,여,2026-01-20,공공데이터포털_경기도 수원시_지역화폐 결제 정보_20260120
2025-11,수원시 권선구,세류2동,일반유통,50대,1239372,368,3368,미확인,0.35,1,여,2026-01-20,공공데이터포털_경기도 수원시_지역화폐 결제 정보_20260120
2025-11,수원시 권선구,세류2동,자동차 정비/유지,50대,326882,9,36320,미확인,0.35,1,여,2026-01-20,공공데이터포털_경기도 수원시_지역화폐 결제 정보_20260120
2025-11,수원시 권선구,세류2동,주방용품,50대,14000,1,14000,미확인,0.35,1,여,2026-01-20,공공데이터포털_경기도 수원시_지역화폐 결제 정보_20260120
2025-11,수원시 권선구,세류2동,주유/충전소,50대,2336993,270,8656,미확인,0.35,1,여,2026-01-20,공공데이터포털_경기도 수원시_지역화폐 결제 정보_20260120
2025-11,수원시 권선구,세류2동,학원,50대,34862,1,34862,미확인,0.35,1,여,2026-01-20,공공데이터포털_경기도 수원시_지역화폐 결제 정보_20260120
2025-11,수원시 권선구,세류2동,기타유통,60대 이상,10000,1,10000,미확인,0.35,1,여,2026-01-20,공공데이터포털_경기도 수원시_지역화폐 결제 정보_20260120
2025-11,수원시 권선구,세류2동,기타의료,60대 이상,11965,6,1994,미확인,0.35,1,여,2026-01-20,공공데이터포털_경기도 수원시_지역화폐 결제 정보_20260120
2025-11,수원시 권선구,세류2동,대형유통,60대 이상,1249,1,1249,미확인,0.35,1,여,2026-01-20,공공데이터포털_경기도 수원시_지역화폐 결제 정보_20260120
2025-11,수원시 권선구,세류2동,레저/스포츠 서비스,60대 이상,10908,4,2727,미확인,0.35,1,여,2026-01-20,공공데이터포털_경기도 수원시_지역화폐 결제 정보_20260120
2025-11,수원시 권선구,세류2동,문화/취미,60대 이상,10483,2,5242,미확인,0.35,1,여,2026-01-20,공공데이터포털_경기도 수원시_지역화폐 결제 정보_20260120
2025-11,수원시 권선구,세류2동,미용/위생,60대 이상,361867,48,7539,미확인,0.35,1,여,2026-01-20,공공데이터포털_경기도 수원시_지역화폐 결제 정보_20260120
2025-11,수원시 권선구,세류2동,숙박업,60대 이상,2879,1,2879,미확인,0.35,1,여,2026-01-20,공공데이터포털_경기도 수원시_지역화폐 결제 정보_20260120
2025-11,수원시 권선구,세류2동,약국,60대 이상,256853,61,4211,미확인,0.35,1,여,2026-01-20,공공데이터포털_경기도 수원시_지역화폐 결제 정보_20260120
2025-11,수원시 권선구,세류2동,용역서비스,60대 이상,157233,12,13103,미확인,0.35,1,여,2026-01-20,공공데이터포털_경기도 수원시_지역화폐 결제 정보_20260120
2025-11,수원시 권선구,세류2동,음료/식품,60대 이상,911493,197,4627,미확인,0.35,1,여,2026-01-20,공공데이터포털_경기도 수원시_지역화폐 결제 정보_20260120
2025-11,수원시 권선구,세류2동,의류,60대 이상,69929,1,69929,미확인,0.35,1,여,2026-01-20,공공데이터포털_경기도 수원시_지역화폐 결제 정보_20260120
2025-11,수원시 권선구,세류2동,의원,60대 이상,296458,84,3529,미확인,0.35,1,여,2026-01-20,공공데이터포털_경기도 수원시_지역화폐 결제 정보_20260120
2025-11,수원시 권선구,세류2동,일반/휴게 음식,60대 이상,1648293,253,6515,미확인,0.35,1,여,2026-01-20,공공데이터포털_경기도 수원시_지역화폐 결제 정보_20260120
2025-11,수원시 권선구,세류2동,일반유통,60대 이상,742101,235,3158,미확인,0.35,1,여,2026-01-20,공공데이터포털_경기도 수원시_지역화폐 결제 정보_20260120
2025-11,수원시 권선구,세류2동,전자제품,60대 이상,13367,4,3342,미확인,0.35,1,여,2026-01-20,공공데이터포털_경기도 수원시_지역화폐 결제 정보_20260120
2025-11,수원시 권선구,세류2동,주방용품,60대 이상,11561,6,1927,미확인,0.35,1,여,2026-01-20,공공데이터포털_경기도 수원시_지역화폐 결제 정보_20260120
2025-11,수원시 권선구,세류2동,주유/충전소,60대 이상,1565276,144,10870,미확인,0.35,1,여,2026-01-20,공공데이터포털_경기도 수원시_지역화폐 결제 정보_20260120
2025-11,수원시 권선구,세류2동,회원정보미상,60대 이상,370950,20,18548,미확인,0.35,1,여,2026-01-20,공공데이터포털_경기도 수원시_지역화폐 결제 정보_20260120
2025-11,수원시 권선구,세류2동,회원정보미상,60대 이상,370950,20,18548,미확인,0.35,1,여,2026-01-20,공공데이터포털_경기도 수원시_지역화폐 결제 정보_20260120
2025-11,수원시 권선구,세류2동,대형유통,60대 이상,65000,1,65000,미확인,0.35,1,여,2026-01-20,공공데이터포털_경기도 수원시_지역화폐 결제 정보_20260120
2025-11,수원시 권선구,세류2동,문화/취미,60대 이상,50000,1,50000,미확인,0.35,1,여,2026-01-20,공공데이터포털_경기도 수원시_지역화폐 결제 정보_20260120
2025-11,수원시 권선구,세류2동,미용/위생,60대 이상,18000,2,9000,미확인,0.35,1,여,2026-01-20,공공데이터포털_경기도 수원시_지역화폐 결제 정보_20260120
2025-11,수원시 권선구,세류2동,약국,60대 이상,44500,2,22250,미확인,0.35,1,여,2026-01-20,공공데이터포털_경기도 수원시_지역화폐 결제 정보_20260120
2025-11,수원시 권선구,세류2동,용역서비스,60대 이상,11000,2,5500,미확인,0.35,1,여,2026-01-20,공공데이터포털_경기도 수원시_지역화폐 결제 정보_20260120
2025-11,수원시 권선구,세류2동,음료/식품,60대 이상,22000,4,5500,미확인,0.35,1,여,2026-01-20,공공데이터포털_경기도 수원시_지역화폐 결제 정보_20260120
2025-11,수원시 권선구,세류2동,일반/휴게 음식,60대 이상,43300,3,14433,미확인,0.35,1,여,2026-01-20,공공데이터포털_경기도 수원시_지역화폐 결제 정보_20260120
2025-11,수원시 권선구,세류2동,일반유통,60대 이상,95750,4,23938,미확인,0.35,1,여,2026-01-20,공공데이터포털_경기도 수원시_지역화폐 결제 정보_20260120
2025-11,수원시 권선구,세류2동,주유/충전소,60대 이상,21400,1,21400,미확인,0.35,1,여,2026-01-20,공공데이터포털_경기도 수원시_지역화폐 결제 정보_20260120
2025-11,수원시 권선구,세류3동,레저/스포츠 서비스,10대,1661,2,830,미확인,0.35,1,남,2026-01-20,공공데이터포털_경기도 수원시_지역화폐 결제 정보_20260120
2025-11,수원시 권선구,세류3동,일반/휴게 음식,10대,78277,12,6523,미확인,0.35,1,남,2026-01-20,공공데이터포털_경기도 수원시_지역화폐 결제 정보_20260120
2025-11,수원시 권선구,세류3동,일반유통,10대,34082,6,5680,미확인,0.35,1,남,2026-01-20,공공데이터포털_경기도 수원시_지역화폐 결제 정보_20260120
2025-11,수원시 권선구,세류3동,학원,10대,6000,1,6000,미확인,0.35,1,남,2026-01-20,공공데이터포털_경기도 수원시_지역화폐 결제 정보_20260120
2025-11,수원시 권선구,세류3동,레저/스포츠 서비스,20대,108866,22,4948,미확인,0.35,1,남,2026-01-20,공공데이터포털_경기도 수원시_지역화폐 결제 정보_20260120
2025-11,수원시 권선구,세류3동,문화/취미,20대,7400,1,7400,미확인,0.35,1,남,2026-01-20,공공데이터포털_경기도 수원시_지역화폐 결제 정보_20260120
2025-11,수원시 권선구,세류3동,미용/위생,20대,363338,19,19123,미확인,0.35,1,남,2026-01-20,공공데이터포털_경기도 수원시_지역화폐 결제 정보_20260120
2025-11,수원시 권선구,세류3동,약국,20대,42828,16,2677,미확인,0.35,1,남,2026-01-20,공공데이터포털_경기도 수원시_지역화폐 결제 정보_20260120
2025-11,수원시 권선구,세류3동,용역서비스,20대,30000,1,30000,미확인,0.35,1,남,2026-01-20,공공데이터포털_경기도 수원시_지역화폐 결제 정보_20260120
2025-11,수원시 권선구,세류3동,음료/식품,20대,272932,41,6657,미확인,0.35,1,남,2026-01-20,공공데이터포털_경기도 수원시_지역화폐 결제 정보_20260120
2025-11,수원시 권선구,세류3동,의류,20대,214111,7,30587,미확인,0.35,1,남,2026-01-20,공공데이터포털_경기도 수원시_지역화폐 결제 정보_20260120
2025-11,수원시 권선구,세류3동,의원,20대,14100,4,3525,미확인,0.35,1,남,2026-01-20,공공데이터포털_경기도 수원시_지역화폐 결제 정보_20260120
2025-11,수원시 권선구,세류3동,일반/휴게 음식,20대,2103763,185,11372,미확인,0.35,1,남,2026-01-20,공공데이터포털_경기도 수원시_지역화폐 결제 정보_20260120
2025-11,수원시 권선구,세류3동,일반유통,20대,1057642,169,6258,미확인,0.35,1,남,2026-01-20,공공데이터포털_경기도 수원시_지역화폐 결제 정보_20260120
2025-11,수원시 권선구,세류3동,자동차 정비/유지,20대,71144,2,35572,미확인,0.35,1,남,2026-01-20,공공데이터포털_경기도 수원시_지역화폐 결제 정보_20260120
2025-11,수원시 권선구,세류3동,직물/침구류,20대,10623,1,10623,미확인,0.35,1,남,2026-01-20,공공데이터포털_경기도 수원시_지역화폐 결제 정보_20260120
2025-11,수원시 권선구,세류3동,학원,20대,40091,6,6682,미확인,0.35,1,남,2026-01-20,공공데이터포털_경기도 수원시_지역화폐 결제 정보_20260120
2025-11,수원시 권선구,세류3동,레저/문화 용품,30대,363,1,363,미확인,0.35,1,남,2026-01-20,공공데이터포털_경기도 수원시_지역화폐 결제 정보_20260120
2025-11,수원시 권선구,세류3동,레저/스포츠 서비스,30대,450705,26,17335,미확인,0.35,1,남,2026-01-20,공공데이터포털_경기도 수원시_지역화폐 결제 정보_20260120
2025-11,수원시 권선구,세류3동,문화/취미,30대,18470,2,9235,미확인,0.35,1,남,2026-01-20,공공데이터포털_경기도 수원시_지역화폐 결제 정보_20260120
2025-11,수원시 권선구,세류3동,미용/위생,30대,422617,61,6928,미확인,0.35,1,남,2026-01-20,공공데이터포털_경기도 수원시_지역화폐 결제 정보_20260120
2025-11,수원시 권선구,세류3동,약국,30대,30048,13,2311,미확인,0.35,1,남,2026-01-20,공공데이터포털_경기도 수원시_지역화폐 결제 정보_20260120
2025-11,수원시 권선구,세류3동,용역서비스,30대,1378,2,689,미확인,0.35,1,남,2026-01-20,공공데이터포털_경기도 수원시_지역화폐 결제 정보_20260120
2025-11,수원시 권선구,세류3동,음료/식품,30대,591413,168,3520,미확인,0.35,1,남,2026-01-20,공공데이터포털_경기도 수원시_지역화폐 결제 정보_20260120
2025-11,수원시 권선구,세류3동,의류,30대,256326,18,14240,미확인,0.35,1,남,2026-01-20,공공데이터포털_경기도 수원시_지역화폐 결제 정보_20260120
2025-11,수원시 권선구,세류3동,의원,30대,62919,14,4494,미확인,0.35,1,남,2026-01-20,공공데이터포털_경기도 수원시_지역화폐 결제 정보_20260120
2025-11,수원시 권선구,세류3동,일반/휴게 음식,30대,2182993,405,5390,미확인,0.35,1,남,2026-01-20,공공데이터포털_경기도 수원시_지역화폐 결제 정보_20260120
2025-11,수원시 권선구,세류3동,일반유통,30대,900420,318,2832,미확인,0.35,1,남,2026-01-20,공공데이터포털_경기도 수원시_지역화폐 결제 정보_20260120
2025-11,수원시 권선구,세류3동,자동차 정비/유지,30대,305473,23,13281,미확인,0.35,1,남,2026-01-20,공공데이터포털_경기도 수원시_지역화폐 결제 정보_20260120
2025-11,수원시 권선구,세류3동,전자상거래,30대,33618,6,5603,미확인,0.35,1,남,2026-01-20,공공데이터포털_경기도 수원시_지역화폐 결제 정보_20260120
2025-11,수원시 권선구,세류3동,직물/침구류,30대,60115,1,60115,미확인,0.35,1,남,2026-01-20,공공데이터포털_경기도 수원시_지역화폐 결제 정보_20260120
2025-11,수원시 권선구,세류3동,학원,30대,354414,12,29534,미확인,0.35,1,남,2026-01-20,공공데이터포털_경기도 수원시_지역화폐 결제 정보_20260120
2025-11,수원시 권선구,세류3동,레저/문화 용품,40대,2163,1,2163,미확인,0.35,1,남,2026-01-20,공공데이터포털_경기도 수원시_지역화폐 결제 정보_20260120
2025-11,수원시 권선구,세류3동,레저/스포츠 서비스,40대,757649,53,14295,미확인,0.35,1,남,2026-01-20,공공데이터포털_경기도 수원시_지역화폐 결제 정보_20260120
2025-11,수원시 권선구,세류3동,문화/취미,40대,228161,6,38027,미확인,0.35,1,남,2026-01-20,공공데이터포털_경기도 수원시_지역화폐 결제 정보_20260120
2025-11,수원시 권선구,세류3동,미용/위생,40대,309324,47,6581,미확인,0.35,1,남,2026-01-20,공공데이터포털_경기도 수원시_지역화폐 결제 정보_20260120
2025-11,수원시 권선구,세류3동,서적/문구/학습자재,40대,593,2,296,미확인,0.35,1,남,2026-01-20,공공데이터포털_경기도 수원시_지역화폐 결제 정보_20260120
2025-11,수원시 권선구,세류3동,약국,40대,42933,19,2260,미확인,0.35,1,남,2026-01-20,공공데이터포털_경기도 수원시_지역화폐 결제 정보_20260120
2025-11,수원시 권선구,세류3동,용역서비스,40대,7375,2,3688,미확인,0.35,1,남,2026-01-20,공공데이터포털_경기도 수원시_지역화폐 결제 정보_20260120
2025-11,수원시 권선구,세류3동,음료/식품,40대,454604,110,4133,미확인,0.35,1,남,2026-01-20,공공데이터포털_경기도 수원시_지역화폐 결제 정보_20260120
2025-11,수원시 권선구,세류3동,의류,40대,51740,8,6468,미확인,0.35,1,남,2026-01-20,공공데이터포털_경기도 수원시_지역화폐 결제 정보_20260120
2025-11,수원시 권선구,세류3동,의원,40대,5762,5,1152,미확인,0.35,1,남,2026-01-20,공공데이터포털_경기도 수원시_지역화폐 결제 정보_20260120
2025-11,수원시 권선구,세류3동,일반/휴게 음식,40대,2149285,418,5142,미확인,0.35,1,남,2026-01-20,공공데이터포털_경기도 수원시_지역화폐 결제 정보_20260120
2025-11,수원시 권선구,세류3동,일반유통,40대,1009880,431,2343,미확인,0.35,1,남,2026-01-20,공공데이터포털_경기도 수원시_지역화폐 결제 정보_20260120
2025-11,수원시 권선구,세류3동,자동차 정비/유지,40대,352862,19,18572,미확인,0.35,1,남,2026-01-20,공공데이터포털_경기도 수원시_지역화폐 결제 정보_20260120
2025-11,수원시 권선구,세류3동,전자상거래,40대,59908,9,6656,미확인,0.35,1,남,2026-01-20,공공데이터포털_경기도 수원시_지역화폐 결제 정보_20260120
2025-11,수원시 권선구,세류3동,주유/충전소,40대,75474,2,37737,미확인,0.35,1,남,2026-01-20,공공데이터포털_경기도 수원시_지역화폐 결제 정보_20260120
2025-11,수원시 권선구,세류3동,학원,40대,675304,23,29361,미확인,0.35,1,남,2026-01-20,공공데이터포털_경기도 수원시_지역화폐 결제 정보_20260120
2025-11,수원시 권선구,세류3동,가구,50대,18000,1,18000,미확인,0.35,1,남,2026-01-20,공공데이터포털_경기도 수원시_지역화폐 결제 정보_20260120
2025-11,수원시 권선구,세류3동,레저/문화 용품,50대,19556,1,19556,미확인,0.35,1,남,2026-01-20,공공데이터포털_경기도 수원시_지역화폐 결제 정보_20260120
2025-11,수원시 권선구,세류3동,레저/스포츠 서비스,50대,137307,22,6241,미확인,0.35,1,남,2026-01-20,공공데이터포털_경기도 수원시_지역화폐 결제 정보_20260120
2025-11,수원시 권선구,세류3동,문화/취미,50대,3495,3,1165,미확인,0.35,1,남,2026-01-20,공공데이터포털_경기도 수원시_지역화폐 결제 정보_20260120
2025-11,수원시 권선구,세류3동,미용/위생,50대,232390,31,7496,미확인,0.35,1,남,2026-01-20,공공데이터포털_경기도 수원시_지역화폐 결제 정보_20260120
2025-11,수원시 권선구,세류3동,서적/문구/학습자재,50대,5,1,5,미확인,0.35,1,남,2026-01-20,공공데이터포털_경기도 수원시_지역화폐 결제 정보_20260120
2025-11,수원시 권선구,세류3동,약국,50대,137838,36,3829,미확인,0.35,1,남,2026-01-20,공공데이터포털_경기도 수원시_지역화폐 결제 정보_20260120
2025-11,수원시 권선구,세류3동,용역서비스,50대,3967,2,1984,미확인,0.35,1,남,2026-01-20,공공데이터포털_경기도 수원시_지역화폐 결제 정보_20260120
2025-11,수원시 권선구,세류3동,음료/식품,50대,864346,152,5686,미확인,0.35,1,남,2026-01-20,공공데이터포털_경기도 수원시_지역화폐 결제 정보_20260120
2025-11,수원시 권선구,세류3동,의류,50대,54087,3,18029,미확인,0.35,1,남,2026-01-20,공공데이터포털_경기도 수원시_지역화폐 결제 정보_20260120
2025-11,수원시 권선구,세류3동,의원,50대,69973,15,4665,미확인,0.35,1,남,2026-01-20,공공데이터포털_경기도 수원시_지역화폐 결제 정보_20260120
2025-11,수원시 권선구,세류3동,일반/휴게 음식,50대,1832908,411,4460,미확인,0.35,1,남,2026-01-20,공공데이터포털_경기도 수원시_지역화폐 결제 정보_20260120
2025-11,수원시 권선구,세류3동,일반유통,50대,1012099,434,2332,미확인,0.35,1,남,2026-01-20,공공데이터포털_경기도 수원시_지역화폐 결제 정보_20260120
2025-11,수원시 권선구,세류3동,자동차 정비/유지,50대,164342,15,10956,미확인,0.35,1,남,2026-01-20,공공데이터포털_경기도 수원시_지역화폐 결제 정보_20260120
2025-11,수원시 권선구,세류3동,전자상거래,50대,42081,5,8416,미확인,0.35,1,남,2026-01-20,공공데이터포털_경기도 수원시_지역화폐 결제 정보_20260120
2025-11,수원시 권선구,세류3동,주방용품,50대,9161,1,9161,미확인,0.35,1,남,2026-01-20,공공데이터포털_경기도 수원시_지역화폐 결제 정보_20260120
2025-11,수원시 권선구,세류3동,주유/충전소,50대,65000,1,65000,미확인,0.35,1,남,2026-01-20,공공데이터포털_경기도 수원시_지역화폐 결제 정보_20260120
2025-11,수원시 권선구,세류3동,직물/침구류,50대,22682,1,22682,미확인,0.35,1,남,2026-01-20,공공데이터포털_경기도 수원시_지역화폐 결제 정보_20260120
2025-11,수원시 권선구,세류3동,학원,50대,150505,18,8361,미확인,0.35,1,남,2026-01-20,공공데이터포털_경기도 수원시_지역화폐 결제 정보_20260120
2025-11,수원시 권선구,세류3동,기타유통,60대 이상,2991,2,1496,미확인,0.35,1,남,2026-01-20,공공데이터포털_경기도 수원시_지역화폐 결제 정보_20260120
2025-11,수원시 권선구,세류3동,레저/문화 용품,60대 이상,4612,1,4612,미확인,0.35,1,남,2026-01-20,공공데이터포털_경기도 수원시_지역화폐 결제 정보_20260120
2025-11,수원시 권선구,세류3동,레저/스포츠 서비스,60대 이상,101643,11,9240,미확인,0.35,1,남,2026-01-20,공공데이터포털_경기도 수원시_지역화폐 결제 정보_20260120
2025-11,수원시 권선구,세류3동,미용/위생,60대 이상,155959,36,4332,미확인,0.35,1,남,2026-01-20,공공데이터포털_경기도 수원시_지역화폐 결제 정보_20260120
2025-11,수원시 권선구,세류3동,약국,60대 이상,349061,57,6124,미확인,0.35,1,남,2026-01-20,공공데이터포털_경기도 수원시_지역화폐 결제 정보_20260120
2025-11,수원시 권선구,세류3동,용역서비스,60대 이상,12481,3,4160,미확인,0.35,1,남,2026-01-20,공공데이터포털_경기도 수원시_지역화폐 결제 정보_20260120
2025-11,수원시 권선구,세류3동,음료/식품,60대 이상,857414,183,4685,미확인,0.35,1,남,2026-01-20,공공데이터포털_경기도 수원시_지역화폐 결제 정보_20260120
2025-11,수원시 권선구,세류3동,의류,60대 이상,18000,1,18000,미확인,0.35,1,남,2026-01-20,공공데이터포털_경기도 수원시_지역화폐 결제 정보_20260120
2025-11,수원시 권선구,세류3동,의원,60대 이상,159510,61,2615,미확인,0.35,1,남,2026-01-20,공공데이터포털_경기도 수원시_지역화폐 결제 정보_20260120
2025-11,수원시 권선구,세류3동,일반/휴게 음식,60대 이상,1193962,299,3993,미확인,0.35,1,남,2026-01-20,공공데이터포털_경기도 수원시_지역화폐 결제 정보_20260120
2025-11,수원시 권선구,세류3동,일반유통,60대 이상,1089940,293,3720,미확인,0.35,1,남,2026-01-20,공공데이터포털_경기도 수원시_지역화폐 결제 정보_20260120
2025-11,수원시 권선구,세류3동,자동차 정비/유지,60대 이상,142065,11,12915,미확인,0.35,1,남,2026-01-20,공공데이터포털_경기도 수원시_지역화폐 결제 정보_20260120
2025-11,수원시 권선구,세류3동,전자상거래,60대 이상,12604,1,12604,미확인,0.35,1,남,2026-01-20,공공데이터포털_경기도 수원시_지역화폐 결제 정보_20260120
2025-11,수원시 권선구,세류3동,전자제품,60대 이상,11578,1,11578,미확인,0.35,1,남,2026-01-20,공공데이터포털_경기도 수원시_지역화폐 결제 정보_20260120
2025-11,수원시 권선구,세류3동,주유/충전소,60대 이상,306447,4,76612,미확인,0.35,1,남,2026-01-20,공공데이터포털_경기도 수원시_지역화폐 결제 정보_20260120
2025-11,수원시 권선구,세류3동,직물/침구류,60대 이상,3224,1,3224,미확인,0.35,1,남,2026-01-20,공공데이터포털_경기도 수원시_지역화폐 결제 정보_20260120
2025-11,수원시 권선구,세류3동,학원,60대 이상,74365,3,24788,미확인,0.35,1,남,2026-01-20,공공데이터포털_경기도 수원시_지역화폐 결제 정보_20260120
2025-11,수원시 권선구,세류3동,서적/문구/학습자재,10대,1500,1,1500,미확인,0.35,1,여,2026-01-20,공공데이터포털_경기도 수원시_지역화폐 결제 정보_20260120
2025-11,수원시 권선구,세류3동,음료/식품,10대,22800,6,3800,미확인,0.35,1,여,2026-01-20,공공데이터포털_경기도 수원시_지역화폐 결제 정보_20260120
2025-11,수원시 권선구,세류3동,일반/휴게 음식,10대,112500,8,14062,미확인,0.35,1,여,2026-01-20,공공데이터포털_경기도 수원시_지역화폐 결제 정보_20260120
2025-11,수원시 권선구,세류3동,일반유통,10대,106430,26,4093,미확인,0.35,1,여,2026-01-20,공공데이터포털_경기도 수원시_지역화폐 결제 정보_20260120
2025-11,수원시 권선구,세류3동,학원,10대,54318,7,7760,미확인,0.35,1,여,2026-01-20,공공데이터포털_경기도 수원시_지역화폐 결제 정보_20260120
2025-11,수원시 권선구,세류3동,레저/스포츠 서비스,20대,232487,15,15499,미확인,0.35,1,여,2026-01-20,공공데이터포털_경기도 수원시_지역화폐 결제 정보_20260120
2025-11,수원시 권선구,세류3동,문화/취미,20대,6900,1,6900,미확인,0.35,1,여,2026-01-20,공공데이터포털_경기도 수원시_지역화폐 결제 정보_20260120
2025-11,수원시 권선구,세류3동,미용/위생,20대,266673,11,24243,미확인,0.35,1,여,2026-01-20,공공데이터포털_경기도 수원시_지역화폐 결제 정보_20260120
2025-11,수원시 권선구,세류3동,약국,20대,10322,4,2580,미확인,0.35,1,여,2026-01-20,공공데이터포털_경기도 수원시_지역화폐 결제 정보_20260120
2025-11,수원시 권선구,세류3동,용역서비스,20대,46527,4,11632,미확인,0.35,1,여,2026-01-20,공공데이터포털_경기도 수원시_지역화폐 결제 정보_20260120
2025-11,수원시 권선구,세류3동,음료/식품,20대,317209,41,7737,미확인,0.35,1,여,2026-01-20,공공데이터포털_경기도 수원시_지역화폐 결제 정보_20260120
2025-11,수원시 권선구,세류3동,의원,20대,96989,5,19398,미확인,0.35,1,여,2026-01-20,공공데이터포털_경기도 수원시_지역화폐 결제 정보_20260120
2025-11,수원시 권선구,세류3동,일반/휴게 음식,20대,1547335,195,7935,미확인,0.35,1,여,2026-01-20,공공데이터포털_경기도 수원시_지역화폐 결제 정보_20260120
2025-11,수원시 권선구,세류3동,일반유통,20대,1095748,234,4683,미확인,0.35,1,여,2026-01-20,공공데이터포털_경기도 수원시_지역화폐 결제 정보_20260120
2025-11,수원시 권선구,세류3동,자동차 정비/유지,20대,278163,2,139082,미확인,0.35,1,여,2026-01-20,공공데이터포털_경기도 수원시_지역화폐 결제 정보_20260120
2025-11,수원시 권선구,세류3동,전자상거래,20대,25000,1,25000,미확인,0.35,1,여,2026-01-20,공공데이터포털_경기도 수원시_지역화폐 결제 정보_20260120
2025-11,수원시 권선구,세류3동,학원,20대,203235,4,50809,미확인,0.35,1,여,2026-01-20,공공데이터포털_경기도 수원시_지역화폐 결제 정보_20260120
2025-11,수원시 권선구,세류3동,레저/문화 용품,30대,22000,1,22000,미확인,0.35,1,여,2026-01-20,공공데이터포털_경기도 수원시_지역화폐 결제 정보_20260120
2025-11,수원시 권선구,세류3동,레저/스포츠 서비스,30대,933407,37,25227,미확인,0.35,1,여,2026-01-20,공공데이터포털_경기도 수원시_지역화폐 결제 정보_20260120
2025-11,수원시 권선구,세류3동,문화/취미,30대,51321,6,8554,미확인,0.35,1,여,2026-01-20,공공데이터포털_경기도 수원시_지역화폐 결제 정보_20260120
2025-11,수원시 권선구,세류3동,미용/위생,30대,452731,37,12236,미확인,0.35,1,여,2026-01-20,공공데이터포털_경기도 수원시_지역화폐 결제 정보_20260120
2025-11,수원시 권선구,세류3동,서적/문구/학습자재,30대,7523,6,1254,미확인,0.35,1,여,2026-01-20,공공데이터포털_경기도 수원시_지역화폐 결제 정보_20260120
2025-11,수원시 권선구,세류3동,약국,30대,65669,26,2526,미확인,0.35,1,여,2026-01-20,공공데이터포털_경기도 수원시_지역화폐 결제 정보_20260120
2025-11,수원시 권선구,세류3동,용역서비스,30대,89721,8,11215,미확인,0.35,1,여,2026-01-20,공공데이터포털_경기도 수원시_지역화폐 결제 정보_20260120
2025-11,수원시 권선구,세류3동,음료/식품,30대,994377,184,5404,미확인,0.35,1,여,2026-01-20,공공데이터포털_경기도 수원시_지역화폐 결제 정보_20260120
2025-11,수원시 권선구,세류3동,의류,30대,107526,8,13441,미확인,0.35,1,여,2026-01-20,공공데이터포털_경기도 수원시_지역화폐 결제 정보_20260120
2025-11,수원시 권선구,세류3동,의원,30대,66006,14,4715,미확인,0.35,1,여,2026-01-20,공공데이터포털_경기도 수원시_지역화폐 결제 정보_20260120
2025-11,수원시 권선구,세류3동,일반/휴게 음식,30대,2387722,395,6045,미확인,0.35,1,여,2026-01-20,공공데이터포털_경기도 수원시_지역화폐 결제 정보_20260120
2025-11,수원시 권선구,세류3동,일반유통,30대,1352764,342,3955,미확인,0.35,1,여,2026-01-20,공공데이터포털_경기도 수원시_지역화폐 결제 정보_20260120
2025-11,수원시 권선구,세류3동,자동차 정비/유지,30대,836970,17,49234,미확인,0.35,1,여,2026-01-20,공공데이터포털_경기도 수원시_지역화폐 결제 정보_20260120
2025-11,수원시 권선구,세류3동,전자상거래,30대,46444,1,46444,미확인,0.35,1,여,2026-01-20,공공데이터포털_경기도 수원시_지역화폐 결제 정보_20260120
2025-11,수원시 권선구,세류3동,직물/침구류,30대,59999,1,59999,미확인,0.35,1,여,2026-01-20,공공데이터포털_경기도 수원시_지역화폐 결제 정보_20260120
2025-11,수원시 권선구,세류3동,학원,30대,513881,17,30228,미확인,0.35,1,여,2026-01-20,공공데이터포털_경기도 수원시_지역화폐 결제 정보_20260120
2025-11,수원시 권선구,세류3동,레저/스포츠 서비스,40대,702474,92,7636,미확인,0.35,1,여,2026-01-20,공공데이터포털_경기도 수원시_지역화폐 결제 정보_20260120
2025-11,수원시 권선구,세류3동,문화/취미,40대,25357,9,2817,미확인,0.35,1,여,2026-01-20,공공데이터포털_경기도 수원시_지역화폐 결제 정보_20260120
2025-11,수원시 권선구,세류3동,미용/위생,40대,424286,70,6061,미확인,0.35,1,여,2026-01-20,공공데이터포털_경기도 수원시_지역화폐 결제 정보_20260120
2025-11,수원시 권선구,세류3동,서적/문구/학습자재,40대,17750,18,986,미확인,0.35,1,여,2026-01-20,공공데이터포털_경기도 수원시_지역화폐 결제 정보_20260120
2025-11,수원시 권선구,세류3동,약국,40대,238870,48,4976,미확인,0.35,1,여,2026-01-20,공공데이터포털_경기도 수원시_지역화폐 결제 정보_20260120
2025-11,수원시 권선구,세류3동,용역서비스,40대,25749,6,4292,미확인,0.35,1,여,2026-01-20,공공데이터포털_경기도 수원시_지역화폐 결제 정보_20260120
2025-11,수원시 권선구,세류3동,음료/식품,40대,1339009,287,4666,미확인,0.35,1,여,2026-01-20,공공데이터포털_경기도 수원시_지역화폐 결제 정보_20260120
2025-11,수원시 권선구,세류3동,의류,40대,99726,8,12466,미확인,0.35,1,여,2026-01-20,공공데이터포털_경기도 수원시_지역화폐 결제 정보_20260120
2025-11,수원시 권선구,세류3동,의원,40대,216524,31,6985,미확인,0.35,1,여,2026-01-20,공공데이터포털_경기도 수원시_지역화폐 결제 정보_20260120
2025-11,수원시 권선구,세류3동,일반/휴게 음식,40대,2435137,587,4148,미확인,0.35,1,여,2026-01-20,공공데이터포털_경기도 수원시_지역화폐 결제 정보_20260120
2025-11,수원시 권선구,세류3동,일반유통,40대,1458451,505,2888,미확인,0.35,1,여,2026-01-20,공공데이터포털_경기도 수원시_지역화폐 결제 정보_20260120
2025-11,수원시 권선구,세류3동,자동차 정비/유지,40대,59884,7,8555,미확인,0.35,1,여,2026-01-20,공공데이터포털_경기도 수원시_지역화폐 결제 정보_20260120
2025-11,수원시 권선구,세류3동,전자상거래,40대,120517,6,20086,미확인,0.35,1,여,2026-01-20,공공데이터포털_경기도 수원시_지역화폐 결제 정보_20260120
2025-11,수원시 권선구,세류3동,학원,40대,508438,24,21185,미확인,0.35,1,여,2026-01-20,공공데이터포털_경기도 수원시_지역화폐 결제 정보_20260120
2025-11,수원시 권선구,세류3동,기타의료,50대,22753,4,5688,미확인,0.35,1,여,2026-01-20,공공데이터포털_경기도 수원시_지역화폐 결제 정보_20260120
2025-11,수원시 권선구,세류3동,레저/문화 용품,50대,6849,1,6849,미확인,0.35,1,여,2026-01-20,공공데이터포털_경기도 수원시_지역화폐 결제 정보_20260120
2025-11,수원시 권선구,세류3동,레저/스포츠 서비스,50대,215181,26,8276,미확인,0.35,1,여,2026-01-20,공공데이터포털_경기도 수원시_지역화폐 결제 정보_20260120
2025-11,수원시 권선구,세류3동,문화/취미,50대,15462,6,2577,미확인,0.35,1,여,2026-01-20,공공데이터포털_경기도 수원시_지역화폐 결제 정보_20260120
2025-11,수원시 권선구,세류3동,미용/위생,50대,532362,70,7605,미확인,0.35,1,여,2026-01-20,공공데이터포털_경기도 수원시_지역화폐 결제 정보_20260120
2025-11,수원시 권선구,세류3동,사무/통신,50대,66130,1,66130,미확인,0.35,1,여,2026-01-20,공공데이터포털_경기도 수원시_지역화폐 결제 정보_20260120
2025-11,수원시 권선구,세류3동,약국,50대,251372,59,4261,미확인,0.35,1,여,2026-01-20,공공데이터포털_경기도 수원시_지역화폐 결제 정보_20260120
2025-11,수원시 권선구,세류3동,용역서비스,50대,18966,5,3793,미확인,0.35,1,여,2026-01-20,공공데이터포털_경기도 수원시_지역화폐 결제 정보_20260120
2025-11,수원시 권선구,세류3동,음료/식품,50대,1057816,280,3778,미확인,0.35,1,여,2026-01-20,공공데이터포털_경기도 수원시_지역화폐 결제 정보_20260120
2025-11,수원시 권선구,세류3동,의류,50대,40767,3,13589,미확인,0.35,1,여,2026-01-20,공공데이터포털_경기도 수원시_지역화폐 결제 정보_20260120
2025-11,수원시 권선구,세류3동,의원,50대,212590,25,8504,미확인,0.35,1,여,2026-01-20,공공데이터포털_경기도 수원시_지역화폐 결제 정보_20260120
2025-11,수원시 권선구,세류3동,일반/휴게 음식,50대,2435853,449,5425,미확인,0.35,1,여,2026-01-20,공공데이터포털_경기도 수원시_지역화폐 결제 정보_20260120
2025-11,수원시 권선구,세류3동,일반유통,50대,1359165,498,2729,미확인,0.35,1,여,2026-01-20,공공데이터포털_경기도 수원시_지역화폐 결제 정보_20260120
2025-11,수원시 권선구,세류3동,자동차 정비/유지,50대,86507,4,21627,미확인,0.35,1,여,2026-01-20,공공데이터포털_경기도 수원시_지역화폐 결제 정보_20260120
2025-11,수원시 권선구,세류3동,전자상거래,50대,8893,3,2964,미확인,0.35,1,여,2026-01-20,공공데이터포털_경기도 수원시_지역화폐 결제 정보_20260120
2025-11,수원시 권선구,세류3동,주유/충전소,50대,3026,1,3026,미확인,0.35,1,여,2026-01-20,공공데이터포털_경기도 수원시_지역화폐 결제 정보_20260120
2025-11,수원시 권선구,세류3동,학원,50대,154503,15,10300,미확인,0.35,1,여,2026-01-20,공공데이터포털_경기도 수원시_지역화폐 결제 정보_20260120
2025-11,수원시 권선구,세류3동,기타유통,60대 이상,532,1,532,미확인,0.35,1,여,2026-01-20,공공데이터포털_경기도 수원시_지역화폐 결제 정보_20260120
2025-11,수원시 권선구,세류3동,레저/스포츠 서비스,60대 이상,274654,56,4905,미확인,0.35,1,여,2026-01-20,공공데이터포털_경기도 수원시_지역화폐 결제 정보_20260120
2025-11,수원시 권선구,세류3동,문화/취미,60대 이상,2497,1,2497,미확인,0.35,1,여,2026-01-20,공공데이터포털_경기도 수원시_지역화폐 결제 정보_20260120
2025-11,수원시 권선구,세류3동,미용/위생,60대 이상,439802,49,8976,미확인,0.35,1,여,2026-01-20,공공데이터포털_경기도 수원시_지역화폐 결제 정보_20260120
2025-11,수원시 권선구,세류3동,서적/문구/학습자재,60대 이상,1678,4,420,미확인,0.35,1,여,2026-01-20,공공데이터포털_경기도 수원시_지역화폐 결제 정보_20260120
2025-11,수원시 권선구,세류3동,약국,60대 이상,263611,45,5858,미확인,0.35,1,여,2026-01-20,공공데이터포털_경기도 수원시_지역화폐 결제 정보_20260120
2025-11,수원시 권선구,세류3동,용역서비스,60대 이상,36000,2,18000,미확인,0.35,1,여,2026-01-20,공공데이터포털_경기도 수원시_지역화폐 결제 정보_20260120
2025-11,수원시 권선구,세류3동,음료/식품,60대 이상,1398531,366,3821,미확인,0.35,1,여,2026-01-20,공공데이터포털_경기도 수원시_지역화폐 결제 정보_20260120
2025-11,수원시 권선구,세류3동,의류,60대 이상,172800,2,86400,미확인,0.35,1,여,2026-01-20,공공데이터포털_경기도 수원시_지역화폐 결제 정보_20260120
2025-11,수원시 권선구,세류3동,의원,60대 이상,168230,28,6008,미확인,0.35,1,여,2026-01-20,공공데이터포털_경기도 수원시_지역화폐 결제 정보_20260120
2025-11,수원시 권선구,세류3동,일반/휴게 음식,60대 이상,1010101,226,4469,미확인,0.35,1,여,2026-01-20,공공데이터포털_경기도 수원시_지역화폐 결제 정보_20260120
2025-11,수원시 권선구,세류3동,일반유통,60대 이상,795223,177,4493,미확인,0.35,1,여,2026-01-20,공공데이터포털_경기도 수원시_지역화폐 결제 정보_20260120
2025-11,수원시 권선구,세류3동,자동차 정비/유지,60대 이상,29160,3,9720,미확인,0.35,1,여,2026-01-20,공공데이터포털_경기도 수원시_지역화폐 결제 정보_20260120
2025-11,수원시 권선구,세류3동,전자상거래,60대 이상,7555,2,3778,미확인,0.35,1,여,2026-01-20,공공데이터포털_경기도 수원시_지역화폐 결제 정보_20260120
2025-11,수원시 권선구,세류3동,주방용품,60대 이상,2737,2,1368,미확인,0.35,1,여,2026-01-20,공공데이터포털_경기도 수원시_지역화폐 결제 정보_20260120
2025-11,수원시 권선구,세류3동,주유/충전소,60대 이상,163921,3,54640,미확인,0.35,1,여,2026-01-20,공공데이터포털_경기도 수원시_지역화폐 결제 정보_20260120
2025-11,수원시 권선구,세류3동,직물/침구류,60대 이상,34372,2,17186,미확인,0.35,1,여,2026-01-20,공공데이터포털_경기도 수원시_지역화폐 결제 정보_20260120
2025-11,수원시 권선구,세류3동,학원,60대 이상,39222,1,39222,미확인,0.35,1,여,2026-01-20,공공데이터포털_경기도 수원시_지역화폐 결제 정보_20260120
2025-11,수원시 권선구,세류3동,회원정보미상,60대 이상,249990,15,16666,미확인,0.35,1,여,2026-01-20,공공데이터포털_경기도 수원시_지역화폐 결제 정보_20260120
2025-11,수원시 권선구,세류3동,회원정보미상,60대 이상,249990,15,16666,미확인,0.35,1,여,2026-01-20,공공데이터포털_경기도 수원시_지역화폐 결제 정보_20260120
2025-11,수원시 권선구,세류3동,약국,60대 이상,9700,2,4850,미확인,0.35,1,여,2026-01-20,공공데이터포털_경기도 수원시_지역화폐 결제 정보_20260120
2025-11,수원시 권선구,세류3동,음료/식품,60대 이상,110600,3,36867,미확인,0.35,1,여,2026-01-20,공공데이터포털_경기도 수원시_지역화폐 결제 정보_20260120
2025-11,수원시 권선구,세류3동,일반/휴게 음식,60대 이상,15000,2,7500,미확인,0.35,1,여,2026-01-20,공공데이터포털_경기도 수원시_지역화폐 결제 정보_20260120
2025-11,수원시 권선구,세류3동,일반유통,60대 이상,114690,8,14336,미확인,0.35,1,여,2026-01-20,공공데이터포털_경기도 수원시_지역화폐 결제 정보_20260120
2025-11,수원시 영통구,영통1동,기타의료,10대,3182,1,3182,미확인,0.35,1,남,2026-01-20,공공데이터포털_경기도 수원시_지역화폐 결제 정보_20260120
2025-11,수원시 영통구,영통1동,레저/스포츠 서비스,10대,98949,4,24737,미확인,0.35,1,남,2026-01-20,공공데이터포털_경기도 수원시_지역화폐 결제 정보_20260120
2025-11,수원시 영통구,영통1동,미용/위생,10대,21706,5,4341,미확인,0.35,1,남,2026-01-20,공공데이터포털_경기도 수원시_지역화폐 결제 정보_20260120
2025-11,수원시 영통구,영통1동,서적/문구/학습자재,10대,5950,5,1190,미확인,0.35,1,남,2026-01-20,공공데이터포털_경기도 수원시_지역화폐 결제 정보_20260120
2025-11,수원시 영통구,영통1동,약국,10대,19385,3,6462,미확인,0.35,1,남,2026-01-20,공공데이터포털_경기도 수원시_지역화폐 결제 정보_20260120
2025-11,수원시 영통구,영통1동,용역서비스,10대,1198,1,1198,미확인,0.35,1,남,2026-01-20,공공데이터포털_경기도 수원시_지역화폐 결제 정보_20260120
2025-11,수원시 영통구,영통1동,음료/식품,10대,104444,65,1607,미확인,0.35,1,남,2026-01-20,공공데이터포털_경기도 수원시_지역화폐 결제 정보_20260120
2025-11,수원시 영통구,영통1동,의원,10대,43240,5,8648,미확인,0.35,1,남,2026-01-20,공공데이터포털_경기도 수원시_지역화폐 결제 정보_20260120
2025-11,수원시 영통구,영통1동,일반/휴게 음식,10대,107906,25,4316,미확인,0.35,1,남,2026-01-20,공공데이터포털_경기도 수원시_지역화폐 결제 정보_20260120
2025-11,수원시 영통구,영통1동,일반유통,10대,77537,86,902,미확인,0.35,1,남,2026-01-20,공공데이터포털_경기도 수원시_지역화폐 결제 정보_20260120
2025-11,수원시 영통구,영통1동,학원,10대,316859,12,26405,미확인,0.35,1,남,2026-01-20,공공데이터포털_경기도 수원시_지역화폐 결제 정보_20260120
2025-11,수원시 영통구,영통1동,기타의료,20대,5593,2,2796,미확인,0.35,1,남,2026-01-20,공공데이터포털_경기도 수원시_지역화폐 결제 정보_20260120
2025-11,수원시 영통구,영통1동,레저/스포츠 서비스,20대,248456,45,5521,미확인,0.35,1,남,2026-01-20,공공데이터포털_경기도 수원시_지역화폐 결제 정보_20260120
2025-11,수원시 영통구,영통1동,문화/취미,20대,19200,3,6400,미확인,0.35,1,남,2026-01-20,공공데이터포털_경기도 수원시_지역화폐 결제 정보_20260120
2025-11,수원시 영통구,영통1동,미용/위생,20대,600454,25,24018,미확인,0.35,1,남,2026-01-20,공공데이터포털_경기도 수원시_지역화폐 결제 정보_20260120
2025-11,수원시 영통구,영통1동,서적/문구/학습자재,20대,276,3,92,미확인,0.35,1,남,2026-01-20,공공데이터포털_경기도 수원시_지역화폐 결제 정보_20260120
2025-11,수원시 영통구,영통1동,신변잡화,20대,65000,1,65000,미확인,0.35,1,남,2026-01-20,공공데이터포털_경기도 수원시_지역화폐 결제 정보_20260120
2025-11,수원시 영통구,영통1동,약국,20대,36641,12,3053,미확인,0.35,1,남,2026-01-20,공공데이터포털_경기도 수원시_지역화폐 결제 정보_20260120
2025-11,수원시 영통구,영통1동,용역서비스,20대,278722,14,19909,미확인,0.35,1,남,2026-01-20,공공데이터포털_경기도 수원시_지역화폐 결제 정보_20260120
2025-11,수원시 영통구,영통1동,음료/식품,20대,1320848,154,8577,미확인,0.35,1,남,2026-01-20,공공데이터포털_경기도 수원시_지역화폐 결제 정보_20260120
2025-11,수원시 영통구,영통1동,의원,20대,50184,11,4562,미확인,0.35,1,남,2026-01-20,공공데이터포털_경기도 수원시_지역화폐 결제 정보_20260120
2025-11,수원시 영통구,영통1동,일반/휴게 음식,20대,2352962,298,7896,미확인,0.35,1,남,2026-01-20,공공데이터포털_경기도 수원시_지역화폐 결제 정보_20260120
2025-11,수원시 영통구,영통1동,일반유통,20대,1418101,354,4006,미확인,0.35,1,남,2026-01-20,공공데이터포털_경기도 수원시_지역화폐 결제 정보_20260120
2025-11,수원시 영통구,영통1동,학원,20대,251630,8,31454,미확인,0.35,1,남,2026-01-20,공공데이터포털_경기도 수원시_지역화폐 결제 정보_20260120
2025-11,수원시 영통구,영통1동,기타의료,30대,70817,29,2442,미확인,0.35,1,남,2026-01-20,공공데이터포털_경기도 수원시_지역화폐 결제 정보_20260120
2025-11,수원시 영통구,영통1동,레저/스포츠 서비스,30대,546958,52,10518,미확인,0.35,1,남,2026-01-20,공공데이터포털_경기도 수원시_지역화폐 결제 정보_20260120
2025-11,수원시 영통구,영통1동,문화/취미,30대,108536,14,7753,미확인,0.35,1,남,2026-01-20,공공데이터포털_경기도 수원시_지역화폐 결제 정보_20260120
2025-11,수원시 영통구,영통1동,미용/위생,30대,296989,52,5711,미확인,0.35,1,남,2026-01-20,공공데이터포털_경기도 수원시_지역화폐 결제 정보_20260120
2025-11,수원시 영통구,영통1동,서적/문구/학습자재,30대,83387,12,6949,미확인,0.35,1,남,2026-01-20,공공데이터포털_경기도 수원시_지역화폐 결제 정보_20260120
2025-11,수원시 영통구,영통1동,신변잡화,30대,11978,8,1497,미확인,0.35,1,남,2026-01-20,공공데이터포털_경기도 수원시_지역화폐 결제 정보_20260120
2025-11,수원시 영통구,영통1동,약국,30대,196576,108,1820,미확인,0.35,1,남,2026-01-20,공공데이터포털_경기도 수원시_지역화폐 결제 정보_20260120
2025-11,수원시 영통구,영통1동,용역서비스,30대,80443,25,3218,미확인,0.35,1,남,2026-01-20,공공데이터포털_경기도 수원시_지역화폐 결제 정보_20260120
2025-11,수원시 영통구,영통1동,음료/식품,30대,1585475,386,4107,미확인,0.35,1,남,2026-01-20,공공데이터포털_경기도 수원시_지역화폐 결제 정보_20260120
2025-11,수원시 영통구,영통1동,의류,30대,25706,2,12853,미확인,0.35,1,남,2026-01-20,공공데이터포털_경기도 수원시_지역화폐 결제 정보_20260120
2025-11,수원시 영통구,영통1동,의원,30대,1217261,90,13525,미확인,0.35,1,남,2026-01-20,공공데이터포털_경기도 수원시_지역화폐 결제 정보_20260120
2025-11,수원시 영통구,영통1동,일반/휴게 음식,30대,3428695,901,3805,미확인,0.35,1,남,2026-01-20,공공데이터포털_경기도 수원시_지역화폐 결제 정보_20260120
2025-11,수원시 영통구,영통1동,일반유통,30대,2019291,855,2362,미확인,0.35,1,남,2026-01-20,공공데이터포털_경기도 수원시_지역화폐 결제 정보_20260120
2025-11,수원시 영통구,영통1동,전자상거래,30대,6059,1,6059,미확인,0.35,1,남,2026-01-20,공공데이터포털_경기도 수원시_지역화폐 결제 정보_20260120
2025-11,수원시 영통구,영통1동,학원,30대,1429402,44,32486,미확인,0.35,1,남,2026-01-20,공공데이터포털_경기도 수원시_지역화폐 결제 정보_20260120
2025-11,수원시 영통구,영통1동,기타의료,40대,410255,92,4459,미확인,0.35,1,남,2026-01-20,공공데이터포털_경기도 수원시_지역화폐 결제 정보_20260120
2025-11,수원시 영통구,영통1동,레저/스포츠 서비스,40대,320872,28,11460,미확인,0.35,1,남,2026-01-20,공공데이터포털_경기도 수원시_지역화폐 결제 정보_20260120
2025-11,수원시 영통구,영통1동,문화/취미,40대,58868,9,6541,미확인,0.35,1,남,2026-01-20,공공데이터포털_경기도 수원시_지역화폐 결제 정보_20260120
2025-11,수원시 영통구,영통1동,미용/위생,40대,635495,84,7565,미확인,0.35,1,남,2026-01-20,공공데이터포털_경기도 수원시_지역화폐 결제 정보_20260120
2025-11,수원시 영통구,영통1동,서적/문구/학습자재,40대,277608,25,11104,미확인,0.35,1,남,2026-01-20,공공데이터포털_경기도 수원시_지역화폐 결제 정보_20260120
2025-11,수원시 영통구,영통1동,신변잡화,40대,909,1,909,미확인,0.35,1,남,2026-01-20,공공데이터포털_경기도 수원시_지역화폐 결제 정보_20260120
2025-11,수원시 영통구,영통1동,약국,40대,250020,143,1748,미확인,0.35,1,남,2026-01-20,공공데이터포털_경기도 수원시_지역화폐 결제 정보_20260120
2025-11,수원시 영통구,영통1동,용역서비스,40대,532303,51,10437,미확인,0.35,1,남,2026-01-20,공공데이터포털_경기도 수원시_지역화폐 결제 정보_20260120
2025-11,수원시 영통구,영통1동,음료/식품,40대,1382813,500,2766,미확인,0.35,1,남,2026-01-20,공공데이터포털_경기도 수원시_지역화폐 결제 정보_20260120
2025-11,수원시 영통구,영통1동,의류,40대,20936,2,10468,미확인,0.35,1,남,2026-01-20,공공데이터포털_경기도 수원시_지역화폐 결제 정보_20260120
2025-11,수원시 영통구,영통1동,의원,40대,3160548,190,16634,미확인,0.35,1,남,2026-01-20,공공데이터포털_경기도 수원시_지역화폐 결제 정보_20260120
2025-11,수원시 영통구,영통1동,일반/휴게 음식,40대,4315082,1252,3447,미확인,0.35,1,남,2026-01-20,공공데이터포털_경기도 수원시_지역화폐 결제 정보_20260120
2025-11,수원시 영통구,영통1동,일반유통,40대,3258784,1451,2246,미확인,0.35,1,남,2026-01-20,공공데이터포털_경기도 수원시_지역화폐 결제 정보_20260120
2025-11,수원시 영통구,영통1동,전자상거래,40대,3132,1,3132,미확인,0.35,1,남,2026-01-20,공공데이터포털_경기도 수원시_지역화폐 결제 정보_20260120
2025-11,수원시 영통구,영통1동,학원,40대,11788980,423,27870,미확인,0.35,1,남,2026-01-20,공공데이터포털_경기도 수원시_지역화폐 결제 정보_20260120
2025-11,수원시 영통구,영통1동,기타의료,50대,67903,24,2829,미확인,0.35,1,남,2026-01-20,공공데이터포털_경기도 수원시_지역화폐 결제 정보_20260120
2025-11,수원시 영통구,영통1동,레저/스포츠 서비스,50대,923354,41,22521,미확인,0.35,1,남,2026-01-20,공공데이터포털_경기도 수원시_지역화폐 결제 정보_20260120
2025-11,수원시 영통구,영통1동,문화/취미,50대,5908,2,2954,미확인,0.35,1,남,2026-01-20,공공데이터포털_경기도 수원시_지역화폐 결제 정보_20260120
2025-11,수원시 영통구,영통1동,미용/위생,50대,566059,104,5443,미확인,0.35,1,남,2026-01-20,공공데이터포털_경기도 수원시_지역화폐 결제 정보_20260120
2025-11,수원시 영통구,영통1동,서적/문구/학습자재,50대,34478,10,3448,미확인,0.35,1,남,2026-01-20,공공데이터포털_경기도 수원시_지역화폐 결제 정보_20260120
2025-11,수원시 영통구,영통1동,신변잡화,50대,4272,2,2136,미확인,0.35,1,남,2026-01-20,공공데이터포털_경기도 수원시_지역화폐 결제 정보_20260120
2025-11,수원시 영통구,영통1동,약국,50대,184278,67,2750,미확인,0.35,1,남,2026-01-20,공공데이터포털_경기도 수원시_지역화폐 결제 정보_20260120
2025-11,수원시 영통구,영통1동,용역서비스,50대,456069,61,7477,미확인,0.35,1,남,2026-01-20,공공데이터포털_경기도 수원시_지역화폐 결제 정보_20260120
2025-11,수원시 영통구,영통1동,음료/식품,50대,1688653,400,4222,미확인,0.35,1,남,2026-01-20,공공데이터포털_경기도 수원시_지역화폐 결제 정보_20260120
2025-11,수원시 영통구,영통1동,의원,50대,937191,70,13388,미확인,0.35,1,남,2026-01-20,공공데이터포털_경기도 수원시_지역화폐 결제 정보_20260120
2025-11,수원시 영통구,영통1동,일반/휴게 음식,50대,3356228,873,3844,미확인,0.35,1,남,2026-01-20,공공데이터포털_경기도 수원시_지역화폐 결제 정보_20260120
2025-11,수원시 영통구,영통1동,일반유통,50대,2838743,1254,2264,미확인,0.35,1,남,2026-01-20,공공데이터포털_경기도 수원시_지역화폐 결제 정보_20260120
2025-11,수원시 영통구,영통1동,자동차 정비/유지,50대,56689,2,28344,미확인,0.35,1,남,2026-01-20,공공데이터포털_경기도 수원시_지역화폐 결제 정보_20260120
2025-11,수원시 영통구,영통1동,전자상거래,50대,17782,3,5927,미확인,0.35,1,남,2026-01-20,공공데이터포털_경기도 수원시_지역화폐 결제 정보_20260120
2025-11,수원시 영통구,영통1동,학원,50대,3110262,124,25083,미확인,0.35,1,남,2026-01-20,공공데이터포털_경기도 수원시_지역화폐 결제 정보_20260120
2025-11,수원시 영통구,영통1동,기타유통,60대 이상,6075,2,3038,미확인,0.35,1,남,2026-01-20,공공데이터포털_경기도 수원시_지역화폐 결제 정보_20260120
2025-11,수원시 영통구,영통1동,기타의료,60대 이상,45666,15,3044,미확인,0.35,1,남,2026-01-20,공공데이터포털_경기도 수원시_지역화폐 결제 정보_20260120
2025-11,수원시 영통구,영통1동,레저/스포츠 서비스,60대 이상,100093,27,3707,미확인,0.35,1,남,2026-01-20,공공데이터포털_경기도 수원시_지역화폐 결제 정보_20260120
2025-11,수원시 영통구,영통1동,문화/취미,60대 이상,15852,2,7926,미확인,0.35,1,남,2026-01-20,공공데이터포털_경기도 수원시_지역화폐 결제 정보_20260120
2025-11,수원시 영통구,영통1동,미용/위생,60대 이상,152172,27,5636,미확인,0.35,1,남,2026-01-20,공공데이터포털_경기도 수원시_지역화폐 결제 정보_20260120
2025-11,수원시 영통구,영통1동,서적/문구/학습자재,60대 이상,15792,1,15792,미확인,0.35,1,남,2026-01-20,공공데이터포털_경기도 수원시_지역화폐 결제 정보_20260120
2025-11,수원시 영통구,영통1동,약국,60대 이상,212835,50,4257,미확인,0.35,1,남,2026-01-20,공공데이터포털_경기도 수원시_지역화폐 결제 정보_20260120
2025-11,수원시 영통구,영통1동,용역서비스,60대 이상,35031,16,2189,미확인,0.35,1,남,2026-01-20,공공데이터포털_경기도 수원시_지역화폐 결제 정보_20260120
2025-11,수원시 영통구,영통1동,음료/식품,60대 이상,864485,132,6549,미확인,0.35,1,남,2026-01-20,공공데이터포털_경기도 수원시_지역화폐 결제 정보_20260120
2025-11,수원시 영통구,영통1동,의류,60대 이상,6000,1,6000,미확인,0.35,1,남,2026-01-20,공공데이터포털_경기도 수원시_지역화폐 결제 정보_20260120
2025-11,수원시 영통구,영통1동,의원,60대 이상,538861,48,11226,미확인,0.35,1,남,2026-01-20,공공데이터포털_경기도 수원시_지역화폐 결제 정보_20260120
2025-11,수원시 영통구,영통1동,일반/휴게 음식,60대 이상,1489817,422,3530,미확인,0.35,1,남,2026-01-20,공공데이터포털_경기도 수원시_지역화폐 결제 정보_20260120
2025-11,수원시 영통구,영통1동,일반유통,60대 이상,1487144,460,3233,미확인,0.35,1,남,2026-01-20,공공데이터포털_경기도 수원시_지역화폐 결제 정보_20260120
2025-11,수원시 영통구,영통1동,전자상거래,60대 이상,15000,2,7500,미확인,0.35,1,남,2026-01-20,공공데이터포털_경기도 수원시_지역화폐 결제 정보_20260120
2025-11,수원시 영통구,영통1동,학원,60대 이상,457636,13,35203,미확인,0.35,1,남,2026-01-20,공공데이터포털_경기도 수원시_지역화폐 결제 정보_20260120
2025-11,수원시 영통구,영통1동,기타의료,10대,1738,1,1738,미확인,0.35,1,여,2026-01-20,공공데이터포털_경기도 수원시_지역화폐 결제 정보_20260120
2025-11,수원시 영통구,영통1동,레저/스포츠 서비스,10대,72245,5,14449,미확인,0.35,1,여,2026-01-20,공공데이터포털_경기도 수원시_지역화폐 결제 정보_20260120
2025-11,수원시 영통구,영통1동,약국,10대,4634,4,1158,미확인,0.35,1,여,2026-01-20,공공데이터포털_경기도 수원시_지역화폐 결제 정보_20260120
2025-11,수원시 영통구,영통1동,용역서비스,10대,8267,2,4134,미확인,0.35,1,여,2026-01-20,공공데이터포털_경기도 수원시_지역화폐 결제 정보_20260120
2025-11,수원시 영통구,영통1동,음료/식품,10대,74638,31,2408,미확인,0.35,1,여,2026-01-20,공공데이터포털_경기도 수원시_지역화폐 결제 정보_20260120
2025-11,수원시 영통구,영통1동,의원,10대,33102,2,16551,미확인,0.35,1,여,2026-01-20,공공데이터포털_경기도 수원시_지역화폐 결제 정보_20260120
2025-11,수원시 영통구,영통1동,일반/휴게 음식,10대,110681,21,5271,미확인,0.35,1,여,2026-01-20,공공데이터포털_경기도 수원시_지역화폐 결제 정보_20260120
2025-11,수원시 영통구,영통1동,일반유통,10대,140781,87,1618,미확인,0.35,1,여,2026-01-20,공공데이터포털_경기도 수원시_지역화폐 결제 정보_20260120
2025-11,수원시 영통구,영통1동,학원,10대,136930,11,12448,미확인,0.35,1,여,2026-01-20,공공데이터포털_경기도 수원시_지역화폐 결제 정보_20260120
2025-11,수원시 영통구,영통1동,기타의료,20대,43000,3,14333,미확인,0.35,1,여,2026-01-20,공공데이터포털_경기도 수원시_지역화폐 결제 정보_20260120
2025-11,수원시 영통구,영통1동,레저/스포츠 서비스,20대,1127459,14,80533,미확인,0.35,1,여,2026-01-20,공공데이터포털_경기도 수원시_지역화폐 결제 정보_20260120
2025-11,수원시 영통구,영통1동,문화/취미,20대,52839,10,5284,미확인,0.35,1,여,2026-01-20,공공데이터포털_경기도 수원시_지역화폐 결제 정보_20260120
2025-11,수원시 영통구,영통1동,미용/위생,20대,567553,17,33385,미확인,0.35,1,여,2026-01-20,공공데이터포털_경기도 수원시_지역화폐 결제 정보_20260120
2025-11,수원시 영통구,영통1동,신변잡화,20대,3000,1,3000,미확인,0.35,1,여,2026-01-20,공공데이터포털_경기도 수원시_지역화폐 결제 정보_20260120
2025-11,수원시 영통구,영통1동,약국,20대,64410,22,2928,미확인,0.35,1,여,2026-01-20,공공데이터포털_경기도 수원시_지역화폐 결제 정보_20260120
2025-11,수원시 영통구,영통1동,용역서비스,20대,52224,10,5222,미확인,0.35,1,여,2026-01-20,공공데이터포털_경기도 수원시_지역화폐 결제 정보_20260120
2025-11,수원시 영통구,영통1동,음료/식품,20대,857775,133,6449,미확인,0.35,1,여,2026-01-20,공공데이터포털_경기도 수원시_지역화폐 결제 정보_20260120
2025-11,수원시 영통구,영통1동,의원,20대,367003,26,14116,미확인,0.35,1,여,2026-01-20,공공데이터포털_경기도 수원시_지역화폐 결제 정보_20260120
2025-11,수원시 영통구,영통1동,일반/휴게 음식,20대,2208151,319,6922,미확인,0.35,1,여,2026-01-20,공공데이터포털_경기도 수원시_지역화폐 결제 정보_20260120
2025-11,수원시 영통구,영통1동,일반유통,20대,1314806,344,3822,미확인,0.35,1,여,2026-01-20,공공데이터포털_경기도 수원시_지역화폐 결제 정보_20260120
2025-11,수원시 영통구,영통1동,학원,20대,382712,23,16640,미확인,0.35,1,여,2026-01-20,공공데이터포털_경기도 수원시_지역화폐 결제 정보_20260120
2025-11,수원시 영통구,영통1동,기타의료,30대,792162,55,14403,미확인,0.35,1,여,2026-01-20,공공데이터포털_경기도 수원시_지역화폐 결제 정보_20260120
2025-11,수원시 영통구,영통1동,레저/스포츠 서비스,30대,570289,16,35643,미확인,0.35,1,여,2026-01-20,공공데이터포털_경기도 수원시_지역화폐 결제 정보_20260120
2025-11,수원시 영통구,영통1동,문화/취미,30대,27694,12,2308,미확인,0.35,1,여,2026-01-20,공공데이터포털_경기도 수원시_지역화폐 결제 정보_20260120
2025-11,수원시 영통구,영통1동,미용/위생,30대,748636,51,14679,미확인,0.35,1,여,2026-01-20,공공데이터포털_경기도 수원시_지역화폐 결제 정보_20260120
2025-11,수원시 영통구,영통1동,서적/문구/학습자재,30대,251447,28,8980,미확인,0.35,1,여,2026-01-20,공공데이터포털_경기도 수원시_지역화폐 결제 정보_20260120
2025-11,수원시 영통구,영통1동,신변잡화,30대,13702,8,1713,미확인,0.35,1,여,2026-01-20,공공데이터포털_경기도 수원시_지역화폐 결제 정보_20260120
2025-11,수원시 영통구,영통1동,약국,30대,485232,215,2257,미확인,0.35,1,여,2026-01-20,공공데이터포털_경기도 수원시_지역화폐 결제 정보_20260120
2025-11,수원시 영통구,영통1동,용역서비스,30대,326290,49,6659,미확인,0.35,1,여,2026-01-20,공공데이터포털_경기도 수원시_지역화폐 결제 정보_20260120
2025-11,수원시 영통구,영통1동,음료/식품,30대,1746945,491,3558,미확인,0.35,1,여,2026-01-20,공공데이터포털_경기도 수원시_지역화폐 결제 정보_20260120
2025-11,수원시 영통구,영통1동,의류,30대,54478,8,6810,미확인,0.35,1,여,2026-01-20,공공데이터포털_경기도 수원시_지역화폐 결제 정보_20260120
2025-11,수원시 영통구,영통1동,의원,30대,3043247,212,14355,미확인,0.35,1,여,2026-01-20,공공데이터포털_경기도 수원시_지역화폐 결제 정보_20260120
2025-11,수원시 영통구,영통1동,일반/휴게 음식,30대,4896659,1327,3690,미확인,0.35,1,여,2026-01-20,공공데이터포털_경기도 수원시_지역화폐 결제 정보_20260120
2025-11,수원시 영통구,영통1동,일반유통,30대,2028665,901,2252,미확인,0.35,1,여,2026-01-20,공공데이터포털_경기도 수원시_지역화폐 결제 정보_20260120
2025-11,수원시 영통구,영통1동,학원,30대,3470147,136,25516,미확인,0.35,1,여,2026-01-20,공공데이터포털_경기도 수원시_지역화폐 결제 정보_20260120
2025-11,수원시 영통구,영통1동,기타의료,40대,628310,136,4620,미확인,0.35,1,여,2026-01-20,공공데이터포털_경기도 수원시_지역화폐 결제 정보_20260120
2025-11,수원시 영통구,영통1동,레저/문화 용품,40대,25896,4,6474,미확인,0.35,1,여,2026-01-20,공공데이터포털_경기도 수원시_지역화폐 결제 정보_20260120
2025-11,수원시 영통구,영통1동,레저/스포츠 서비스,40대,642904,29,22169,미확인,0.35,1,여,2026-01-20,공공데이터포털_경기도 수원시_지역화폐 결제 정보_20260120
2025-11,수원시 영통구,영통1동,문화/취미,40대,46477,13,3575,미확인,0.35,1,여,2026-01-20,공공데이터포털_경기도 수원시_지역화폐 결제 정보_20260120
2025-11,수원시 영통구,영통1동,미용/위생,40대,1277522,112,11406,미확인,0.35,1,여,2026-01-20,공공데이터포털_경기도 수원시_지역화폐 결제 정보_20260120
2025-11,수원시 영통구,영통1동,서적/문구/학습자재,40대,294942,59,4999,미확인,0.35,1,여,2026-01-20,공공데이터포털_경기도 수원시_지역화폐 결제 정보_20260120
2025-11,수원시 영통구,영통1동,신변잡화,40대,30999,12,2583,미확인,0.35,1,여,2026-01-20,공공데이터포털_경기도 수원시_지역화폐 결제 정보_20260120
2025-11,수원시 영통구,영통1동,약국,40대,606171,290,2090,미확인,0.35,1,여,2026-01-20,공공데이터포털_경기도 수원시_지역화폐 결제 정보_20260120
2025-11,수원시 영통구,영통1동,용역서비스,40대,1216198,108,11261,미확인,0.35,1,여,2026-01-20,공공데이터포털_경기도 수원시_지역화폐 결제 정보_20260120
2025-11,수원시 영통구,영통1동,음료/식품,40대,2990898,911,3283,미확인,0.35,1,여,2026-01-20,공공데이터포털_경기도 수원시_지역화폐 결제 정보_20260120
2025-11,수원시 영통구,영통1동,의류,40대,7559,3,2520,미확인,0.35,1,여,2026-01-20,공공데이터포털_경기도 수원시_지역화폐 결제 정보_20260120
2025-11,수원시 영통구,영통1동,의원,40대,3980556,359,11088,미확인,0.35,1,여,2026-01-20,공공데이터포털_경기도 수원시_지역화폐 결제 정보_20260120
2025-11,수원시 영통구,영통1동,일반/휴게 음식,40대,7192840,2270,3169,미확인,0.35,1,여,2026-01-20,공공데이터포털_경기도 수원시_지역화폐 결제 정보_20260120
2025-11,수원시 영통구,영통1동,일반유통,40대,4444467,1812,2453,미확인,0.35,1,여,2026-01-20,공공데이터포털_경기도 수원시_지역화폐 결제 정보_20260120
2025-11,수원시 영통구,영통1동,학원,40대,12643786,531,23811,미확인,0.35,1,여,2026-01-20,공공데이터포털_경기도 수원시_지역화폐 결제 정보_20260120
2025-11,수원시 영통구,영통1동,기타유통,50대,17460,1,17460,미확인,0.35,1,여,2026-01-20,공공데이터포털_경기도 수원시_지역화폐 결제 정보_20260120
2025-11,수원시 영통구,영통1동,기타의료,50대,168994,47,3596,미확인,0.35,1,여,2026-01-20,공공데이터포털_경기도 수원시_지역화폐 결제 정보_20260120
2025-11,수원시 영통구,영통1동,레저/문화 용품,50대,19942,4,4986,미확인,0.35,1,여,2026-01-20,공공데이터포털_경기도 수원시_지역화폐 결제 정보_20260120
2025-11,수원시 영통구,영통1동,레저/스포츠 서비스,50대,161713,16,10107,미확인,0.35,1,여,2026-01-20,공공데이터포털_경기도 수원시_지역화폐 결제 정보_20260120
2025-11,수원시 영통구,영통1동,문화/취미,50대,26131,5,5226,미확인,0.35,1,여,2026-01-20,공공데이터포털_경기도 수원시_지역화폐 결제 정보_20260120
2025-11,수원시 영통구,영통1동,미용/위생,50대,979107,91,10759,미확인,0.35,1,여,2026-01-20,공공데이터포털_경기도 수원시_지역화폐 결제 정보_20260120
2025-11,수원시 영통구,영통1동,서적/문구/학습자재,50대,70517,17,4148,미확인,0.35,1,여,2026-01-20,공공데이터포털_경기도 수원시_지역화폐 결제 정보_20260120
2025-11,수원시 영통구,영통1동,신변잡화,50대,36318,8,4540,미확인,0.35,1,여,2026-01-20,공공데이터포털_경기도 수원시_지역화폐 결제 정보_20260120
2025-11,수원시 영통구,영통1동,약국,50대,270910,113,2397,미확인,0.35,1,여,2026-01-20,공공데이터포털_경기도 수원시_지역화폐 결제 정보_20260120
2025-11,수원시 영통구,영통1동,용역서비스,50대,364374,74,4924,미확인,0.35,1,여,2026-01-20,공공데이터포털_경기도 수원시_지역화폐 결제 정보_20260120
2025-11,수원시 영통구,영통1동,음료/식품,50대,2530032,550,4600,미확인,0.35,1,여,2026-01-20,공공데이터포털_경기도 수원시_지역화폐 결제 정보_20260120
2025-11,수원시 영통구,영통1동,의원,50대,1320531,116,11384,미확인,0.35,1,여,2026-01-20,공공데이터포털_경기도 수원시_지역화폐 결제 정보_20260120
2025-11,수원시 영통구,영통1동,일반/휴게 음식,50대,4903398,1467,3342,미확인,0.35,1,여,2026-01-20,공공데이터포털_경기도 수원시_지역화폐 결제 정보_20260120
2025-11,수원시 영통구,영통1동,일반유통,50대,3198578,1149,2784,미확인,0.35,1,여,2026-01-20,공공데이터포털_경기도 수원시_지역화폐 결제 정보_20260120
2025-11,수원시 영통구,영통1동,학원,50대,1607248,108,14882,미확인,0.35,1,여,2026-01-20,공공데이터포털_경기도 수원시_지역화폐 결제 정보_20260120
2025-11,수원시 영통구,영통1동,기타의료,60대 이상,107495,27,3981,미확인,0.35,1,여,2026-01-20,공공데이터포털_경기도 수원시_지역화폐 결제 정보_20260120
2025-11,수원시 영통구,영통1동,레저/문화 용품,60대 이상,14894,3,4965,미확인,0.35,1,여,2026-01-20,공공데이터포털_경기도 수원시_지역화폐 결제 정보_20260120
2025-11,수원시 영통구,영통1동,레저/스포츠 서비스,60대 이상,21320,3,7107,미확인,0.35,1,여,2026-01-20,공공데이터포털_경기도 수원시_지역화폐 결제 정보_20260120
2025-11,수원시 영통구,영통1동,문화/취미,60대 이상,737,1,737,미확인,0.35,1,여,2026-01-20,공공데이터포털_경기도 수원시_지역화폐 결제 정보_20260120
2025-11,수원시 영통구,영통1동,미용/위생,60대 이상,408701,39,10480,미확인,0.35,1,여,2026-01-20,공공데이터포털_경기도 수원시_지역화폐 결제 정보_20260120
2025-11,수원시 영통구,영통1동,서적/문구/학습자재,60대 이상,22140,4,5535,미확인,0.35,1,여,2026-01-20,공공데이터포털_경기도 수원시_지역화폐 결제 정보_20260120
2025-11,수원시 영통구,영통1동,신변잡화,60대 이상,26573,7,3796,미확인,0.35,1,여,2026-01-20,공공데이터포털_경기도 수원시_지역화폐 결제 정보_20260120
2025-11,수원시 영통구,영통1동,약국,60대 이상,251833,81,3109,미확인,0.35,1,여,2026-01-20,공공데이터포털_경기도 수원시_지역화폐 결제 정보_20260120
2025-11,수원시 영통구,영통1동,용역서비스,60대 이상,238689,20,11934,미확인,0.35,1,여,2026-01-20,공공데이터포털_경기도 수원시_지역화폐 결제 정보_20260120
2025-11,수원시 영통구,영통1동,음료/식품,60대 이상,1475201,304,4853,미확인,0.35,1,여,2026-01-20,공공데이터포털_경기도 수원시_지역화폐 결제 정보_20260120
2025-11,수원시 영통구,영통1동,의류,60대 이상,3355,3,1118,미확인,0.35,1,여,2026-01-20,공공데이터포털_경기도 수원시_지역화폐 결제 정보_20260120
2025-11,수원시 영통구,영통1동,의원,60대 이상,1084726,71,15278,미확인,0.35,1,여,2026-01-20,공공데이터포털_경기도 수원시_지역화폐 결제 정보_20260120
2025-11,수원시 영통구,영통1동,일반/휴게 음식,60대 이상,1690547,441,3833,미확인,0.35,1,여,2026-01-20,공공데이터포털_경기도 수원시_지역화폐 결제 정보_20260120
2025-11,수원시 영통구,영통1동,일반유통,60대 이상,1153333,399,2891,미확인,0.35,1,여,2026-01-20,공공데이터포털_경기도 수원시_지역화폐 결제 정보_20260120
2025-11,수원시 영통구,영통1동,학원,60대 이상,801006,33,24273,미확인,0.35,1,여,2026-01-20,공공데이터포털_경기도 수원시_지역화폐 결제 정보_20260120
2025-11,수원시 영통구,영통1동,회원정보미상,60대 이상,12280,4,3070,미확인,0.35,1,여,2026-01-20,공공데이터포털_경기도 수원시_지역화폐 결제 정보_20260120
2025-11,수원시 영통구,영통1동,회원정보미상,60대 이상,12280,4,3070,미확인,0.35,1,여,2026-01-20,공공데이터포털_경기도 수원시_지역화폐 결제 정보_20260120
2025-11,수원시 영통구,영통1동,의원,60대 이상,3800,2,1900,미확인,0.35,1,여,2026-01-20,공공데이터포털_경기도 수원시_지역화폐 결제 정보_20260120
2025-11,수원시 영통구,영통1동,일반유통,60대 이상,8480,2,4240,미확인,0.35,1,여,2026-01-20,공공데이터포털_경기도 수원시_지역화폐 결제 정보_20260120
2025-11,수원시 영통구,영통2동,기타의료,10대,13272,5,2654,미확인,0.35,1,남,2026-01-20,공공데이터포털_경기도 수원시_지역화폐 결제 정보_20260120
2025-11,수원시 영통구,영통2동,레저/문화 용품,10대,2026,1,2026,미확인,0.35,1,남,2026-01-20,공공데이터포털_경기도 수원시_지역화폐 결제 정보_20260120
2025-11,수원시 영통구,영통2동,레저/스포츠 서비스,10대,25061,13,1928,미확인,0.35,1,남,2026-01-20,공공데이터포털_경기도 수원시_지역화폐 결제 정보_20260120
2025-11,수원시 영통구,영통2동,문화/취미,10대,50000,1,50000,미확인,0.35,1,남,2026-01-20,공공데이터포털_경기도 수원시_지역화폐 결제 정보_20260120
2025-11,수원시 영통구,영통2동,미용/위생,10대,122605,17,7212,미확인,0.35,1,남,2026-01-20,공공데이터포털_경기도 수원시_지역화폐 결제 정보_20260120
2025-11,수원시 영통구,영통2동,약국,10대,22608,7,3230,미확인,0.35,1,남,2026-01-20,공공데이터포털_경기도 수원시_지역화폐 결제 정보_20260120
2025-11,수원시 영통구,영통2동,용역서비스,10대,22536,11,2049,미확인,0.35,1,남,2026-01-20,공공데이터포털_경기도 수원시_지역화폐 결제 정보_20260120
2025-11,수원시 영통구,영통2동,음료/식품,10대,82933,59,1406,미확인,0.35,1,남,2026-01-20,공공데이터포털_경기도 수원시_지역화폐 결제 정보_20260120
2025-11,수원시 영통구,영통2동,의원,10대,90160,11,8196,미확인,0.35,1,남,2026-01-20,공공데이터포털_경기도 수원시_지역화폐 결제 정보_20260120
2025-11,수원시 영통구,영통2동,일반/휴게 음식,10대,496961,127,3913,미확인,0.35,1,남,2026-01-20,공공데이터포털_경기도 수원시_지역화폐 결제 정보_20260120
2025-11,수원시 영통구,영통2동,일반유통,10대,153585,52,2954,미확인,0.35,1,남,2026-01-20,공공데이터포털_경기도 수원시_지역화폐 결제 정보_20260120
2025-11,수원시 영통구,영통2동,자동차판매,10대,696,1,696,미확인,0.35,1,남,2026-01-20,공공데이터포털_경기도 수원시_지역화폐 결제 정보_20260120
2025-11,수원시 영통구,영통2동,학원,10대,431153,21,20531,미확인,0.35,1,남,2026-01-20,공공데이터포털_경기도 수원시_지역화폐 결제 정보_20260120
2025-11,수원시 영통구,영통2동,기타의료,20대,88785,13,6830,미확인,0.35,1,남,2026-01-20,공공데이터포털_경기도 수원시_지역화폐 결제 정보_20260120
2025-11,수원시 영통구,영통2동,레저/문화 용품,20대,537403,9,59711,미확인,0.35,1,남,2026-01-20,공공데이터포털_경기도 수원시_지역화폐 결제 정보_20260120
2025-11,수원시 영통구,영통2동,레저/스포츠 서비스,20대,314307,87,3613,미확인,0.35,1,남,2026-01-20,공공데이터포털_경기도 수원시_지역화폐 결제 정보_20260120
2025-11,수원시 영통구,영통2동,문화/취미,20대,313280,14,22377,미확인,0.35,1,남,2026-01-20,공공데이터포털_경기도 수원시_지역화폐 결제 정보_20260120
2025-11,수원시 영통구,영통2동,미용/위생,20대,2218389,105,21128,미확인,0.35,1,남,2026-01-20,공공데이터포털_경기도 수원시_지역화폐 결제 정보_20260120
2025-11,수원시 영통구,영통2동,서적/문구/학습자재,20대,2000,1,2000,미확인,0.35,1,남,2026-01-20,공공데이터포털_경기도 수원시_지역화폐 결제 정보_20260120
2025-11,수원시 영통구,영통2동,신변잡화,20대,447,1,447,미확인,0.35,1,남,2026-01-20,공공데이터포털_경기도 수원시_지역화폐 결제 정보_20260120
2025-11,수원시 영통구,영통2동,약국,20대,743157,87,8542,미확인,0.35,1,남,2026-01-20,공공데이터포털_경기도 수원시_지역화폐 결제 정보_20260120
2025-11,수원시 영통구,영통2동,용역서비스,20대,474701,93,5104,미확인,0.35,1,남,2026-01-20,공공데이터포털_경기도 수원시_지역화폐 결제 정보_20260120
2025-11,수원시 영통구,영통2동,음료/식품,20대,1234407,143,8632,미확인,0.35,1,남,2026-01-20,공공데이터포털_경기도 수원시_지역화폐 결제 정보_20260120
2025-11,수원시 영통구,영통2동,의류,20대,217000,2,108500,미확인,0.35,1,남,2026-01-20,공공데이터포털_경기도 수원시_지역화폐 결제 정보_20260120
2025-11,수원시 영통구,영통2동,의원,20대,603796,30,20127,미확인,0.35,1,남,2026-01-20,공공데이터포털_경기도 수원시_지역화폐 결제 정보_20260120
2025-11,수원시 영통구,영통2동,일반/휴게 음식,20대,12729372,1530,8320,미확인,0.35,1,남,2026-01-20,공공데이터포털_경기도 수원시_지역화폐 결제 정보_20260120
2025-11,수원시 영통구,영통2동,일반유통,20대,2596131,677,3835,미확인,0.35,1,남,2026-01-20,공공데이터포털_경기도 수원시_지역화폐 결제 정보_20260120
2025-11,수원시 영통구,영통2동,자동차 정비/유지,20대,44570,4,11142,미확인,0.35,1,남,2026-01-20,공공데이터포털_경기도 수원시_지역화폐 결제 정보_20260120
2025-11,수원시 영통구,영통2동,자동차판매,20대,4478,1,4478,미확인,0.35,1,남,2026-01-20,공공데이터포털_경기도 수원시_지역화폐 결제 정보_20260120
2025-11,수원시 영통구,영통2동,주방용품,20대,6291,1,6291,미확인,0.35,1,남,2026-01-20,공공데이터포털_경기도 수원시_지역화폐 결제 정보_20260120
2025-11,수원시 영통구,영통2동,학원,20대,841364,26,32360,미확인,0.35,1,남,2026-01-20,공공데이터포털_경기도 수원시_지역화폐 결제 정보_20260120
2025-11,수원시 영통구,영통2동,가구,30대,1907,1,1907,미확인,0.35,1,남,2026-01-20,공공데이터포털_경기도 수원시_지역화폐 결제 정보_20260120
2025-11,수원시 영통구,영통2동,기타의료,30대,367985,54,6815,미확인,0.35,1,남,2026-01-20,공공데이터포털_경기도 수원시_지역화폐 결제 정보_20260120
2025-11,수원시 영통구,영통2동,레저/문화 용품,30대,594902,24,24788,미확인,0.35,1,남,2026-01-20,공공데이터포털_경기도 수원시_지역화폐 결제 정보_20260120
2025-11,수원시 영통구,영통2동,레저/스포츠 서비스,30대,1478732,167,8855,미확인,0.35,1,남,2026-01-20,공공데이터포털_경기도 수원시_지역화폐 결제 정보_20260120
2025-11,수원시 영통구,영통2동,문화/취미,30대,462120,75,6162,미확인,0.35,1,남,2026-01-20,공공데이터포털_경기도 수원시_지역화폐 결제 정보_20260120
2025-11,수원시 영통구,영통2동,미용/위생,30대,2807512,326,8612,미확인,0.35,1,남,2026-01-20,공공데이터포털_경기도 수원시_지역화폐 결제 정보_20260120
2025-11,수원시 영통구,영통2동,병원,30대,7400,1,7400,미확인,0.35,1,남,2026-01-20,공공데이터포털_경기도 수원시_지역화폐 결제 정보_20260120
2025-11,수원시 영통구,영통2동,서적/문구/학습자재,30대,325414,9,36157,미확인,0.35,1,남,2026-01-20,공공데이터포털_경기도 수원시_지역화폐 결제 정보_20260120
2025-11,수원시 영통구,영통2동,신변잡화,30대,11057,4,2764,미확인,0.35,1,남,2026-01-20,공공데이터포털_경기도 수원시_지역화폐 결제 정보_20260120
2025-11,수원시 영통구,영통2동,약국,30대,1216275,463,2627,미확인,0.35,1,남,2026-01-20,공공데이터포털_경기도 수원시_지역화폐 결제 정보_20260120
2025-11,수원시 영통구,영통2동,용역서비스,30대,931249,246,3786,미확인,0.35,1,남,2026-01-20,공공데이터포털_경기도 수원시_지역화폐 결제 정보_20260120
2025-11,수원시 영통구,영통2동,음료/식품,30대,4116582,886,4646,미확인,0.35,1,남,2026-01-20,공공데이터포털_경기도 수원시_지역화폐 결제 정보_20260120
2025-11,수원시 영통구,영통2동,의류,30대,51206,5,10241,미확인,0.35,1,남,2026-01-20,공공데이터포털_경기도 수원시_지역화폐 결제 정보_20260120
2025-11,수원시 영통구,영통2동,의원,30대,1735546,188,9232,미확인,0.35,1,남,2026-01-20,공공데이터포털_경기도 수원시_지역화폐 결제 정보_20260120
2025-11,수원시 영통구,영통2동,일반/휴게 음식,30대,27317639,6699,4078,미확인,0.35,1,남,2026-01-20,공공데이터포털_경기도 수원시_지역화폐 결제 정보_20260120
2025-11,수원시 영통구,영통2동,일반유통,30대,4506781,2629,1714,미확인,0.35,1,남,2026-01-20,공공데이터포털_경기도 수원시_지역화폐 결제 정보_20260120
2025-11,수원시 영통구,영통2동,자동차 정비/유지,30대,772934,44,17567,미확인,0.35,1,남,2026-01-20,공공데이터포털_경기도 수원시_지역화폐 결제 정보_20260120
2025-11,수원시 영통구,영통2동,자동차판매,30대,99461,4,24865,미확인,0.35,1,남,2026-01-20,공공데이터포털_경기도 수원시_지역화폐 결제 정보_20260120
2025-11,수원시 영통구,영통2동,주방용품,30대,49493,11,4499,미확인,0.35,1,남,2026-01-20,공공데이터포털_경기도 수원시_지역화폐 결제 정보_20260120
2025-11,수원시 영통구,영통2동,직물/침구류,30대,2661,1,2661,미확인,0.35,1,남,2026-01-20,공공데이터포털_경기도 수원시_지역화폐 결제 정보_20260120
2025-11,수원시 영통구,영통2동,학원,30대,2474850,95,26051,미확인,0.35,1,남,2026-01-20,공공데이터포털_경기도 수원시_지역화폐 결제 정보_20260120
2025-11,수원시 영통구,영통2동,가구,40대,38576,2,19288,미확인,0.35,1,남,2026-01-20,공공데이터포털_경기도 수원시_지역화폐 결제 정보_20260120
2025-11,수원시 영통구,영통2동,건축자재,40대,10267,2,5134,미확인,0.35,1,남,2026-01-20,공공데이터포털_경기도 수원시_지역화폐 결제 정보_20260120
2025-11,수원시 영통구,영통2동,기타의료,40대,496688,96,5174,미확인,0.35,1,남,2026-01-20,공공데이터포털_경기도 수원시_지역화폐 결제 정보_20260120
2025-11,수원시 영통구,영통2동,레저/문화 용품,40대,393332,31,12688,미확인,0.35,1,남,2026-01-20,공공데이터포털_경기도 수원시_지역화폐 결제 정보_20260120
2025-11,수원시 영통구,영통2동,레저/스포츠 서비스,40대,1725548,176,9804,미확인,0.35,1,남,2026-01-20,공공데이터포털_경기도 수원시_지역화폐 결제 정보_20260120
2025-11,수원시 영통구,영통2동,문화/취미,40대,392131,74,5299,미확인,0.35,1,남,2026-01-20,공공데이터포털_경기도 수원시_지역화폐 결제 정보_20260120
2025-11,수원시 영통구,영통2동,미용/위생,40대,2919540,323,9039,미확인,0.35,1,남,2026-01-20,공공데이터포털_경기도 수원시_지역화폐 결제 정보_20260120
2025-11,수원시 영통구,영통2동,서적/문구/학습자재,40대,356004,10,35600,미확인,0.35,1,남,2026-01-20,공공데이터포털_경기도 수원시_지역화폐 결제 정보_20260120
2025-11,수원시 영통구,영통2동,신변잡화,40대,15244,10,1524,미확인,0.35,1,남,2026-01-20,공공데이터포털_경기도 수원시_지역화폐 결제 정보_20260120
2025-11,수원시 영통구,영통2동,약국,40대,1379557,552,2499,미확인,0.35,1,남,2026-01-20,공공데이터포털_경기도 수원시_지역화폐 결제 정보_20260120
2025-11,수원시 영통구,영통2동,용역서비스,40대,1960744,248,7906,미확인,0.35,1,남,2026-01-20,공공데이터포털_경기도 수원시_지역화폐 결제 정보_20260120
2025-11,수원시 영통구,영통2동,음료/식품,40대,4657449,1209,3852,미확인,0.35,1,남,2026-01-20,공공데이터포털_경기도 수원시_지역화폐 결제 정보_20260120
2025-11,수원시 영통구,영통2동,의류,40대,372614,8,46577,미확인,0.35,1,남,2026-01-20,공공데이터포털_경기도 수원시_지역화폐 결제 정보_20260120
2025-11,수원시 영통구,영통2동,의원,40대,1983980,301,6591,미확인,0.35,1,남,2026-01-20,공공데이터포털_경기도 수원시_지역화폐 결제 정보_20260120
2025-11,수원시 영통구,영통2동,일반/휴게 음식,40대,29717610,7753,3833,미확인,0.35,1,남,2026-01-20,공공데이터포털_경기도 수원시_지역화폐 결제 정보_20260120
2025-11,수원시 영통구,영통2동,일반유통,40대,3857384,1785,2161,미확인,0.35,1,남,2026-01-20,공공데이터포털_경기도 수원시_지역화폐 결제 정보_20260120
2025-11,수원시 영통구,영통2동,자동차 정비/유지,40대,981822,59,16641,미확인,0.35,1,남,2026-01-20,공공데이터포털_경기도 수원시_지역화폐 결제 정보_20260120
2025-11,수원시 영통구,영통2동,자동차판매,40대,355055,10,35506,미확인,0.35,1,남,2026-01-20,공공데이터포털_경기도 수원시_지역화폐 결제 정보_20260120
2025-11,수원시 영통구,영통2동,주방용품,40대,73953,13,5689,미확인,0.35,1,남,2026-01-20,공공데이터포털_경기도 수원시_지역화폐 결제 정보_20260120
2025-11,수원시 영통구,영통2동,직물/침구류,40대,65194,6,10866,미확인,0.35,1,남,2026-01-20,공공데이터포털_경기도 수원시_지역화폐 결제 정보_20260120
2025-11,수원시 영통구,영통2동,학원,40대,13463783,444,30324,미확인,0.35,1,남,2026-01-20,공공데이터포털_경기도 수원시_지역화폐 결제 정보_20260120
2025-11,수원시 영통구,영통2동,기타의료,50대,91710,36,2548,미확인,0.35,1,남,2026-01-20,공공데이터포털_경기도 수원시_지역화폐 결제 정보_20260120
2025-11,수원시 영통구,영통2동,레저/문화 용품,50대,528903,30,17630,미확인,0.35,1,남,2026-01-20,공공데이터포털_경기도 수원시_지역화폐 결제 정보_20260120
2025-11,수원시 영통구,영통2동,레저/스포츠 서비스,50대,676563,144,4698,미확인,0.35,1,남,2026-01-20,공공데이터포털_경기도 수원시_지역화폐 결제 정보_20260120
2025-11,수원시 영통구,영통2동,문화/취미,50대,122489,16,7656,미확인,0.35,1,남,2026-01-20,공공데이터포털_경기도 수원시_지역화폐 결제 정보_20260120
2025-11,수원시 영통구,영통2동,미용/위생,50대,2641305,207,12760,미확인,0.35,1,남,2026-01-20,공공데이터포털_경기도 수원시_지역화폐 결제 정보_20260120
2025-11,수원시 영통구,영통2동,서적/문구/학습자재,50대,1712,1,1712,미확인,0.35,1,남,2026-01-20,공공데이터포털_경기도 수원시_지역화폐 결제 정보_20260120
2025-11,수원시 영통구,영통2동,신변잡화,50대,27212,10,2721,미확인,0.35,1,남,2026-01-20,공공데이터포털_경기도 수원시_지역화폐 결제 정보_20260120
2025-11,수원시 영통구,영통2동,약국,50대,450364,161,2797,미확인,0.35,1,남,2026-01-20,공공데이터포털_경기도 수원시_지역화폐 결제 정보_20260120
2025-11,수원시 영통구,영통2동,용역서비스,50대,588103,91,6463,미확인,0.35,1,남,2026-01-20,공공데이터포털_경기도 수원시_지역화폐 결제 정보_20260120
2025-11,수원시 영통구,영통2동,음료/식품,50대,1934205,456,4242,미확인,0.35,1,남,2026-01-20,공공데이터포털_경기도 수원시_지역화폐 결제 정보_20260120
2025-11,수원시 영통구,영통2동,의류,50대,19283,1,19283,미확인,0.35,1,남,2026-01-20,공공데이터포털_경기도 수원시_지역화폐 결제 정보_20260120
2025-11,수원시 영통구,영통2동,의원,50대,1016438,116,8762,미확인,0.35,1,남,2026-01-20,공공데이터포털_경기도 수원시_지역화폐 결제 정보_20260120
2025-11,수원시 영통구,영통2동,일반/휴게 음식,50대,15687863,3599,4359,미확인,0.35,1,남,2026-01-20,공공데이터포털_경기도 수원시_지역화폐 결제 정보_20260120
2025-11,수원시 영통구,영통2동,일반유통,50대,2716908,1190,2283,미확인,0.35,1,남,2026-01-20,공공데이터포털_경기도 수원시_지역화폐 결제 정보_20260120
2025-11,수원시 영통구,영통2동,자동차 정비/유지,50대,630818,28,22529,미확인,0.35,1,남,2026-01-20,공공데이터포털_경기도 수원시_지역화폐 결제 정보_20260120
2025-11,수원시 영통구,영통2동,자동차판매,50대,6325,3,2108,미확인,0.35,1,남,2026-01-20,공공데이터포털_경기도 수원시_지역화폐 결제 정보_20260120
2025-11,수원시 영통구,영통2동,주방용품,50대,25374,5,5075,미확인,0.35,1,남,2026-01-20,공공데이터포털_경기도 수원시_지역화폐 결제 정보_20260120
2025-11,수원시 영통구,영통2동,학원,50대,5452007,142,38394,미확인,0.35,1,남,2026-01-20,공공데이터포털_경기도 수원시_지역화폐 결제 정보_20260120
2025-11,수원시 영통구,영통2동,가구,60대 이상,97362,2,48681,미확인,0.35,1,남,2026-01-20,공공데이터포털_경기도 수원시_지역화폐 결제 정보_20260120
2025-11,수원시 영통구,영통2동,건축자재,60대 이상,4142,1,4142,미확인,0.35,1,남,2026-01-20,공공데이터포털_경기도 수원시_지역화폐 결제 정보_20260120
2025-11,수원시 영통구,영통2동,기타의료,60대 이상,215462,27,7980,미확인,0.35,1,남,2026-01-20,공공데이터포털_경기도 수원시_지역화폐 결제 정보_20260120
2025-11,수원시 영통구,영통2동,레저/문화 용품,60대 이상,161873,36,4496,미확인,0.35,1,남,2026-01-20,공공데이터포털_경기도 수원시_지역화폐 결제 정보_20260120
2025-11,수원시 영통구,영통2동,레저/스포츠 서비스,60대 이상,225008,61,3689,미확인,0.35,1,남,2026-01-20,공공데이터포털_경기도 수원시_지역화폐 결제 정보_20260120
2025-11,수원시 영통구,영통2동,문화/취미,60대 이상,82253,8,10282,미확인,0.35,1,남,2026-01-20,공공데이터포털_경기도 수원시_지역화폐 결제 정보_20260120
2025-11,수원시 영통구,영통2동,미용/위생,60대 이상,556612,47,11843,미확인,0.35,1,남,2026-01-20,공공데이터포털_경기도 수원시_지역화폐 결제 정보_20260120
2025-11,수원시 영통구,영통2동,서적/문구/학습자재,60대 이상,50019,1,50019,미확인,0.35,1,남,2026-01-20,공공데이터포털_경기도 수원시_지역화폐 결제 정보_20260120
2025-11,수원시 영통구,영통2동,신변잡화,60대 이상,14054,2,7027,미확인,0.35,1,남,2026-01-20,공공데이터포털_경기도 수원시_지역화폐 결제 정보_20260120
2025-11,수원시 영통구,영통2동,약국,60대 이상,342311,109,3140,미확인,0.35,1,남,2026-01-20,공공데이터포털_경기도 수원시_지역화폐 결제 정보_20260120
2025-11,수원시 영통구,영통2동,용역서비스,60대 이상,100782,23,4382,미확인,0.35,1,남,2026-01-20,공공데이터포털_경기도 수원시_지역화폐 결제 정보_20260120
2025-11,수원시 영통구,영통2동,음료/식품,60대 이상,883228,164,5386,미확인,0.35,1,남,2026-01-20,공공데이터포털_경기도 수원시_지역화폐 결제 정보_20260120
2025-11,수원시 영통구,영통2동,의류,60대 이상,9467,1,9467,미확인,0.35,1,남,2026-01-20,공공데이터포털_경기도 수원시_지역화폐 결제 정보_20260120
2025-11,수원시 영통구,영통2동,의원,60대 이상,628215,73,8606,미확인,0.35,1,남,2026-01-20,공공데이터포털_경기도 수원시_지역화폐 결제 정보_20260120
2025-11,수원시 영통구,영통2동,일반/휴게 음식,60대 이상,5873651,1297,4529,미확인,0.35,1,남,2026-01-20,공공데이터포털_경기도 수원시_지역화폐 결제 정보_20260120
2025-11,수원시 영통구,영통2동,일반유통,60대 이상,1622749,568,2857,미확인,0.35,1,남,2026-01-20,공공데이터포털_경기도 수원시_지역화폐 결제 정보_20260120
2025-11,수원시 영통구,영통2동,자동차 정비/유지,60대 이상,303379,16,18961,미확인,0.35,1,남,2026-01-20,공공데이터포털_경기도 수원시_지역화폐 결제 정보_20260120
2025-11,수원시 영통구,영통2동,자동차판매,60대 이상,36019,3,12006,미확인,0.35,1,남,2026-01-20,공공데이터포털_경기도 수원시_지역화폐 결제 정보_20260120
2025-11,수원시 영통구,영통2동,주방용품,60대 이상,27996,1,27996,미확인,0.35,1,남,2026-01-20,공공데이터포털_경기도 수원시_지역화폐 결제 정보_20260120
2025-11,수원시 영통구,영통2동,학원,60대 이상,128731,8,16091,미확인,0.35,1,남,2026-01-20,공공데이터포털_경기도 수원시_지역화폐 결제 정보_20260120
2025-11,수원시 영통구,영통2동,기타의료,10대,2634,4,658,미확인,0.35,1,여,2026-01-20,공공데이터포털_경기도 수원시_지역화폐 결제 정보_20260120
2025-11,수원시 영통구,영통2동,레저/스포츠 서비스,10대,13188,4,3297,미확인,0.35,1,여,2026-01-20,공공데이터포털_경기도 수원시_지역화폐 결제 정보_20260120
2025-11,수원시 영통구,영통2동,문화/취미,10대,3725,1,3725,미확인,0.35,1,여,2026-01-20,공공데이터포털_경기도 수원시_지역화폐 결제 정보_20260120
2025-11,수원시 영통구,영통2동,미용/위생,10대,84632,7,12090,미확인,0.35,1,여,2026-01-20,공공데이터포털_경기도 수원시_지역화폐 결제 정보_20260120
2025-11,수원시 영통구,영통2동,약국,10대,12342,11,1122,미확인,0.35,1,여,2026-01-20,공공데이터포털_경기도 수원시_지역화폐 결제 정보_20260120
2025-11,수원시 영통구,영통2동,용역서비스,10대,59415,6,9902,미확인,0.35,1,여,2026-01-20,공공데이터포털_경기도 수원시_지역화폐 결제 정보_20260120
2025-11,수원시 영통구,영통2동,음료/식품,10대,71675,59,1215,미확인,0.35,1,여,2026-01-20,공공데이터포털_경기도 수원시_지역화폐 결제 정보_20260120
2025-11,수원시 영통구,영통2동,의원,10대,128463,11,11678,미확인,0.35,1,여,2026-01-20,공공데이터포털_경기도 수원시_지역화폐 결제 정보_20260120
2025-11,수원시 영통구,영통2동,일반/휴게 음식,10대,558349,126,4431,미확인,0.35,1,여,2026-01-20,공공데이터포털_경기도 수원시_지역화폐 결제 정보_20260120
2025-11,수원시 영통구,영통2동,일반유통,10대,100284,61,1644,미확인,0.35,1,여,2026-01-20,공공데이터포털_경기도 수원시_지역화폐 결제 정보_20260120
2025-11,수원시 영통구,영통2동,학원,10대,306661,12,25555,미확인,0.35,1,여,2026-01-20,공공데이터포털_경기도 수원시_지역화폐 결제 정보_20260120
2025-11,수원시 영통구,영통2동,가구,20대,7427,3,2476,미확인,0.35,1,여,2026-01-20,공공데이터포털_경기도 수원시_지역화폐 결제 정보_20260120
2025-11,수원시 영통구,영통2동,기타의료,20대,183632,14,13117,미확인,0.35,1,여,2026-01-20,공공데이터포털_경기도 수원시_지역화폐 결제 정보_20260120
2025-11,수원시 영통구,영통2동,레저/문화 용품,20대,1008341,18,56019,미확인,0.35,1,여,2026-01-20,공공데이터포털_경기도 수원시_지역화폐 결제 정보_20260120
2025-11,수원시 영통구,영통2동,레저/스포츠 서비스,20대,1715875,98,17509,미확인,0.35,1,여,2026-01-20,공공데이터포털_경기도 수원시_지역화폐 결제 정보_20260120
2025-11,수원시 영통구,영통2동,문화/취미,20대,166678,14,11906,미확인,0.35,1,여,2026-01-20,공공데이터포털_경기도 수원시_지역화폐 결제 정보_20260120
2025-11,수원시 영통구,영통2동,미용/위생,20대,3915555,89,43995,미확인,0.35,1,여,2026-01-20,공공데이터포털_경기도 수원시_지역화폐 결제 정보_20260120
2025-11,수원시 영통구,영통2동,병원,20대,39200,4,9800,미확인,0.35,1,여,2026-01-20,공공데이터포털_경기도 수원시_지역화폐 결제 정보_20260120
2025-11,수원시 영통구,영통2동,신변잡화,20대,3455,1,3455,미확인,0.35,1,여,2026-01-20,공공데이터포털_경기도 수원시_지역화폐 결제 정보_20260120
2025-11,수원시 영통구,영통2동,약국,20대,851592,131,6501,미확인,0.35,1,여,2026-01-20,공공데이터포털_경기도 수원시_지역화폐 결제 정보_20260120
2025-11,수원시 영통구,영통2동,용역서비스,20대,1053975,58,18172,미확인,0.35,1,여,2026-01-20,공공데이터포털_경기도 수원시_지역화폐 결제 정보_20260120
2025-11,수원시 영통구,영통2동,음료/식품,20대,1582970,250,6332,미확인,0.35,1,여,2026-01-20,공공데이터포털_경기도 수원시_지역화폐 결제 정보_20260120
2025-11,수원시 영통구,영통2동,의류,20대,99700,2,49850,미확인,0.35,1,여,2026-01-20,공공데이터포털_경기도 수원시_지역화폐 결제 정보_20260120
2025-11,수원시 영통구,영통2동,의원,20대,455659,32,14239,미확인,0.35,1,여,2026-01-20,공공데이터포털_경기도 수원시_지역화폐 결제 정보_20260120
2025-11,수원시 영통구,영통2동,일반/휴게 음식,20대,17555484,2139,8207,미확인,0.35,1,여,2026-01-20,공공데이터포털_경기도 수원시_지역화폐 결제 정보_20260120
2025-11,수원시 영통구,영통2동,일반유통,20대,2188654,609,3594,미확인,0.35,1,여,2026-01-20,공공데이터포털_경기도 수원시_지역화폐 결제 정보_20260120
2025-11,수원시 영통구,영통2동,자동차 정비/유지,20대,98446,5,19689,미확인,0.35,1,여,2026-01-20,공공데이터포털_경기도 수원시_지역화폐 결제 정보_20260120
2025-11,수원시 영통구,영통2동,주방용품,20대,96597,5,19319,미확인,0.35,1,여,2026-01-20,공공데이터포털_경기도 수원시_지역화폐 결제 정보_20260120
2025-11,수원시 영통구,영통2동,학원,20대,1779282,49,36312,미확인,0.35,1,여,2026-01-20,공공데이터포털_경기도 수원시_지역화폐 결제 정보_20260120
2025-11,수원시 영통구,영통2동,가구,30대,80576,10,8058,미확인,0.35,1,여,2026-01-20,공공데이터포털_경기도 수원시_지역화폐 결제 정보_20260120
2025-11,수원시 영통구,영통2동,기타유통,30대,66515,4,16629,미확인,0.35,1,여,2026-01-20,공공데이터포털_경기도 수원시_지역화폐 결제 정보_20260120
2025-11,수원시 영통구,영통2동,기타의료,30대,902247,100,9022,미확인,0.35,1,여,2026-01-20,공공데이터포털_경기도 수원시_지역화폐 결제 정보_20260120
2025-11,수원시 영통구,영통2동,레저/문화 용품,30대,250665,19,13193,미확인,0.35,1,여,2026-01-20,공공데이터포털_경기도 수원시_지역화폐 결제 정보_20260120
2025-11,수원시 영통구,영통2동,레저/스포츠 서비스,30대,3463283,168,20615,미확인,0.35,1,여,2026-01-20,공공데이터포털_경기도 수원시_지역화폐 결제 정보_20260120
2025-11,수원시 영통구,영통2동,문화/취미,30대,470100,63,7462,미확인,0.35,1,여,2026-01-20,공공데이터포털_경기도 수원시_지역화폐 결제 정보_20260120
2025-11,수원시 영통구,영통2동,미용/위생,30대,4693828,272,17257,미확인,0.35,1,여,2026-01-20,공공데이터포털_경기도 수원시_지역화폐 결제 정보_20260120
2025-11,수원시 영통구,영통2동,서적/문구/학습자재,30대,958181,22,43554,미확인,0.35,1,여,2026-01-20,공공데이터포털_경기도 수원시_지역화폐 결제 정보_20260120
2025-11,수원시 영통구,영통2동,신변잡화,30대,17322,4,4330,미확인,0.35,1,여,2026-01-20,공공데이터포털_경기도 수원시_지역화폐 결제 정보_20260120
2025-11,수원시 영통구,영통2동,약국,30대,3654524,965,3787,미확인,0.35,1,여,2026-01-20,공공데이터포털_경기도 수원시_지역화폐 결제 정보_20260120
2025-11,수원시 영통구,영통2동,용역서비스,30대,5350703,201,26620,미확인,0.35,1,여,2026-01-20,공공데이터포털_경기도 수원시_지역화폐 결제 정보_20260120
2025-11,수원시 영통구,영통2동,음료/식품,30대,6221715,1369,4545,미확인,0.35,1,여,2026-01-20,공공데이터포털_경기도 수원시_지역화폐 결제 정보_20260120
2025-11,수원시 영통구,영통2동,의류,30대,55385,7,7912,미확인,0.35,1,여,2026-01-20,공공데이터포털_경기도 수원시_지역화폐 결제 정보_20260120
2025-11,수원시 영통구,영통2동,의원,30대,3531006,405,8719,미확인,0.35,1,여,2026-01-20,공공데이터포털_경기도 수원시_지역화폐 결제 정보_20260120
2025-11,수원시 영통구,영통2동,일반/휴게 음식,30대,32294127,7351,4393,미확인,0.35,1,여,2026-01-20,공공데이터포털_경기도 수원시_지역화폐 결제 정보_20260120
2025-11,수원시 영통구,영통2동,일반유통,30대,4291967,1802,2382,미확인,0.35,1,여,2026-01-20,공공데이터포털_경기도 수원시_지역화폐 결제 정보_20260120
2025-11,수원시 영통구,영통2동,자동차 정비/유지,30대,882918,35,25226,미확인,0.35,1,여,2026-01-20,공공데이터포털_경기도 수원시_지역화폐 결제 정보_20260120
2025-11,수원시 영통구,영통2동,자동차판매,30대,31385,2,15692,미확인,0.35,1,여,2026-01-20,공공데이터포털_경기도 수원시_지역화폐 결제 정보_20260120
2025-11,수원시 영통구,영통2동,전자상거래,30대,5705,2,2852,미확인,0.35,1,여,2026-01-20,공공데이터포털_경기도 수원시_지역화폐 결제 정보_20260120
2025-11,수원시 영통구,영통2동,주방용품,30대,76697,16,4794,미확인,0.35,1,여,2026-01-20,공공데이터포털_경기도 수원시_지역화폐 결제 정보_20260120
2025-11,수원시 영통구,영통2동,직물/침구류,30대,43309,6,7218,미확인,0.35,1,여,2026-01-20,공공데이터포털_경기도 수원시_지역화폐 결제 정보_20260120
2025-11,수원시 영통구,영통2동,학원,30대,5637334,161,35014,미확인,0.35,1,여,2026-01-20,공공데이터포털_경기도 수원시_지역화폐 결제 정보_20260120
2025-11,수원시 영통구,영통2동,가구,40대,8675,3,2892,미확인,0.35,1,여,2026-01-20,공공데이터포털_경기도 수원시_지역화폐 결제 정보_20260120
2025-11,수원시 영통구,영통2동,건축자재,40대,11285,2,5642,미확인,0.35,1,여,2026-01-20,공공데이터포털_경기도 수원시_지역화폐 결제 정보_20260120
2025-11,수원시 영통구,영통2동,기타의료,40대,636602,200,3183,미확인,0.35,1,여,2026-01-20,공공데이터포털_경기도 수원시_지역화폐 결제 정보_20260120
2025-11,수원시 영통구,영통2동,레저/문화 용품,40대,526177,24,21924,미확인,0.35,1,여,2026-01-20,공공데이터포털_경기도 수원시_지역화폐 결제 정보_20260120
2025-11,수원시 영통구,영통2동,레저/스포츠 서비스,40대,1836261,152,12081,미확인,0.35,1,여,2026-01-20,공공데이터포털_경기도 수원시_지역화폐 결제 정보_20260120
2025-11,수원시 영통구,영통2동,문화/취미,40대,973963,106,9188,미확인,0.35,1,여,2026-01-20,공공데이터포털_경기도 수원시_지역화폐 결제 정보_20260120
2025-11,수원시 영통구,영통2동,미용/위생,40대,4187999,300,13960,미확인,0.35,1,여,2026-01-20,공공데이터포털_경기도 수원시_지역화폐 결제 정보_20260120
2025-11,수원시 영통구,영통2동,서적/문구/학습자재,40대,469078,16,29317,미확인,0.35,1,여,2026-01-20,공공데이터포털_경기도 수원시_지역화폐 결제 정보_20260120
2025-11,수원시 영통구,영통2동,신변잡화,40대,13977,6,2330,미확인,0.35,1,여,2026-01-20,공공데이터포털_경기도 수원시_지역화폐 결제 정보_20260120
2025-11,수원시 영통구,영통2동,약국,40대,2159322,894,2415,미확인,0.35,1,여,2026-01-20,공공데이터포털_경기도 수원시_지역화폐 결제 정보_20260120
2025-11,수원시 영통구,영통2동,용역서비스,40대,2156841,380,5676,미확인,0.35,1,여,2026-01-20,공공데이터포털_경기도 수원시_지역화폐 결제 정보_20260120
2025-11,수원시 영통구,영통2동,음료/식품,40대,7904810,2036,3883,미확인,0.35,1,여,2026-01-20,공공데이터포털_경기도 수원시_지역화폐 결제 정보_20260120
2025-11,수원시 영통구,영통2동,의류,40대,244087,13,18776,미확인,0.35,1,여,2026-01-20,공공데이터포털_경기도 수원시_지역화폐 결제 정보_20260120
2025-11,수원시 영통구,영통2동,의원,40대,2321276,447,5193,미확인,0.35,1,여,2026-01-20,공공데이터포털_경기도 수원시_지역화폐 결제 정보_20260120
2025-11,수원시 영통구,영통2동,일반/휴게 음식,40대,30419931,7940,3831,미확인,0.35,1,여,2026-01-20,공공데이터포털_경기도 수원시_지역화폐 결제 정보_20260120
2025-11,수원시 영통구,영통2동,일반유통,40대,3708348,1702,2179,미확인,0.35,1,여,2026-01-20,공공데이터포털_경기도 수원시_지역화폐 결제 정보_20260120
2025-11,수원시 영통구,영통2동,자동차 정비/유지,40대,1019966,26,39229,미확인,0.35,1,여,2026-01-20,공공데이터포털_경기도 수원시_지역화폐 결제 정보_20260120
2025-11,수원시 영통구,영통2동,자동차판매,40대,83737,8,10467,미확인,0.35,1,여,2026-01-20,공공데이터포털_경기도 수원시_지역화폐 결제 정보_20260120
2025-11,수원시 영통구,영통2동,전자상거래,40대,34086,2,17043,미확인,0.35,1,여,2026-01-20,공공데이터포털_경기도 수원시_지역화폐 결제 정보_20260120
2025-11,수원시 영통구,영통2동,주방용품,40대,71006,16,4438,미확인,0.35,1,여,2026-01-20,공공데이터포털_경기도 수원시_지역화폐 결제 정보_20260120
2025-11,수원시 영통구,영통2동,직물/침구류,40대,148217,14,10587,미확인,0.35,1,여,2026-01-20,공공데이터포털_경기도 수원시_지역화폐 결제 정보_20260120
2025-11,수원시 영통구,영통2동,학원,40대,14968737,532,28137,미확인,0.35,1,여,2026-01-20,공공데이터포털_경기도 수원시_지역화폐 결제 정보_20260120
2025-11,수원시 영통구,영통2동,기타의료,50대,365858,70,5227,미확인,0.35,1,여,2026-01-20,공공데이터포털_경기도 수원시_지역화폐 결제 정보_20260120
2025-11,수원시 영통구,영통2동,레저/문화 용품,50대,416009,20,20800,미확인,0.35,1,여,2026-01-20,공공데이터포털_경기도 수원시_지역화폐 결제 정보_20260120
2025-11,수원시 영통구,영통2동,레저/스포츠 서비스,50대,304929,34,8968,미확인,0.35,1,여,2026-01-20,공공데이터포털_경기도 수원시_지역화폐 결제 정보_20260120
2025-11,수원시 영통구,영통2동,문화/취미,50대,152093,32,4753,미확인,0.35,1,여,2026-01-20,공공데이터포털_경기도 수원시_지역화폐 결제 정보_20260120
2025-11,수원시 영통구,영통2동,미용/위생,50대,2595886,166,15638,미확인,0.35,1,여,2026-01-20,공공데이터포털_경기도 수원시_지역화폐 결제 정보_20260120
2025-11,수원시 영통구,영통2동,병원,50대,8482,4,2120,미확인,0.35,1,여,2026-01-20,공공데이터포털_경기도 수원시_지역화폐 결제 정보_20260120
2025-11,수원시 영통구,영통2동,서적/문구/학습자재,50대,141486,6,23581,미확인,0.35,1,여,2026-01-20,공공데이터포털_경기도 수원시_지역화폐 결제 정보_20260120
2025-11,수원시 영통구,영통2동,신변잡화,50대,15696,9,1744,미확인,0.35,1,여,2026-01-20,공공데이터포털_경기도 수원시_지역화폐 결제 정보_20260120
2025-11,수원시 영통구,영통2동,약국,50대,828258,301,2752,미확인,0.35,1,여,2026-01-20,공공데이터포털_경기도 수원시_지역화폐 결제 정보_20260120
2025-11,수원시 영통구,영통2동,용역서비스,50대,609896,139,4388,미확인,0.35,1,여,2026-01-20,공공데이터포털_경기도 수원시_지역화폐 결제 정보_20260120
2025-11,수원시 영통구,영통2동,음료/식품,50대,2965196,678,4373,미확인,0.35,1,여,2026-01-20,공공데이터포털_경기도 수원시_지역화폐 결제 정보_20260120
2025-11,수원시 영통구,영통2동,의류,50대,205329,14,14666,미확인,0.35,1,여,2026-01-20,공공데이터포털_경기도 수원시_지역화폐 결제 정보_20260120
2025-11,수원시 영통구,영통2동,의원,50대,1405272,139,10110,미확인,0.35,1,여,2026-01-20,공공데이터포털_경기도 수원시_지역화폐 결제 정보_20260120
2025-11,수원시 영통구,영통2동,일반/휴게 음식,50대,16094199,3761,4279,미확인,0.35,1,여,2026-01-20,공공데이터포털_경기도 수원시_지역화폐 결제 정보_20260120
2025-11,수원시 영통구,영통2동,일반유통,50대,3429178,1195,2870,미확인,0.35,1,여,2026-01-20,공공데이터포털_경기도 수원시_지역화폐 결제 정보_20260120
2025-11,수원시 영통구,영통2동,자동차 정비/유지,50대,217368,12,18114,미확인,0.35,1,여,2026-01-20,공공데이터포털_경기도 수원시_지역화폐 결제 정보_20260120
2025-11,수원시 영통구,영통2동,주방용품,50대,57322,11,5211,미확인,0.35,1,여,2026-01-20,공공데이터포털_경기도 수원시_지역화폐 결제 정보_20260120
2025-11,수원시 영통구,영통2동,학원,50대,3200564,104,30775,미확인,0.35,1,여,2026-01-20,공공데이터포털_경기도 수원시_지역화폐 결제 정보_20260120
2025-11,수원시 영통구,영통2동,가구,60대 이상,117632,2,58816,미확인,0.35,1,여,2026-01-20,공공데이터포털_경기도 수원시_지역화폐 결제 정보_20260120
2025-11,수원시 영통구,영통2동,기타유통,60대 이상,71838,2,35919,미확인,0.35,1,여,2026-01-20,공공데이터포털_경기도 수원시_지역화폐 결제 정보_20260120
2025-11,수원시 영통구,영통2동,기타의료,60대 이상,74525,28,2662,미확인,0.35,1,여,2026-01-20,공공데이터포털_경기도 수원시_지역화폐 결제 정보_20260120
2025-11,수원시 영통구,영통2동,레저/문화 용품,60대 이상,635340,15,42356,미확인,0.35,1,여,2026-01-20,공공데이터포털_경기도 수원시_지역화폐 결제 정보_20260120
2025-11,수원시 영통구,영통2동,레저/스포츠 서비스,60대 이상,89108,3,29703,미확인,0.35,1,여,2026-01-20,공공데이터포털_경기도 수원시_지역화폐 결제 정보_20260120
2025-11,수원시 영통구,영통2동,문화/취미,60대 이상,136597,14,9757,미확인,0.35,1,여,2026-01-20,공공데이터포털_경기도 수원시_지역화폐 결제 정보_20260120
2025-11,수원시 영통구,영통2동,미용/위생,60대 이상,1574543,82,19202,미확인,0.35,1,여,2026-01-20,공공데이터포털_경기도 수원시_지역화폐 결제 정보_20260120
2025-11,수원시 영통구,영통2동,병원,60대 이상,26642,16,1665,미확인,0.35,1,여,2026-01-20,공공데이터포털_경기도 수원시_지역화폐 결제 정보_20260120
2025-11,수원시 영통구,영통2동,서적/문구/학습자재,60대 이상,59456,3,19819,미확인,0.35,1,여,2026-01-20,공공데이터포털_경기도 수원시_지역화폐 결제 정보_20260120
2025-11,수원시 영통구,영통2동,신변잡화,60대 이상,43804,8,5476,미확인,0.35,1,여,2026-01-20,공공데이터포털_경기도 수원시_지역화폐 결제 정보_20260120
2025-11,수원시 영통구,영통2동,약국,60대 이상,490186,136,3604,미확인,0.35,1,여,2026-01-20,공공데이터포털_경기도 수원시_지역화폐 결제 정보_20260120
2025-11,수원시 영통구,영통2동,용역서비스,60대 이상,133268,32,4165,미확인,0.35,1,여,2026-01-20,공공데이터포털_경기도 수원시_지역화폐 결제 정보_20260120
2025-11,수원시 영통구,영통2동,음료/식품,60대 이상,1296635,283,4582,미확인,0.35,1,여,2026-01-20,공공데이터포털_경기도 수원시_지역화폐 결제 정보_20260120
2025-11,수원시 영통구,영통2동,의류,60대 이상,94831,6,15805,미확인,0.35,1,여,2026-01-20,공공데이터포털_경기도 수원시_지역화폐 결제 정보_20260120
2025-11,수원시 영통구,영통2동,의원,60대 이상,695638,131,5310,미확인,0.35,1,여,2026-01-20,공공데이터포털_경기도 수원시_지역화폐 결제 정보_20260120
2025-11,수원시 영통구,영통2동,일반/휴게 음식,60대 이상,6192771,1234,5018,미확인,0.35,1,여,2026-01-20,공공데이터포털_경기도 수원시_지역화폐 결제 정보_20260120
2025-11,수원시 영통구,영통2동,일반유통,60대 이상,2344671,747,3139,미확인,0.35,1,여,2026-01-20,공공데이터포털_경기도 수원시_지역화폐 결제 정보_20260120
2025-11,수원시 영통구,영통2동,자동차 정비/유지,60대 이상,90657,7,12951,미확인,0.35,1,여,2026-01-20,공공데이터포털_경기도 수원시_지역화폐 결제 정보_20260120
2025-11,수원시 영통구,영통2동,주방용품,60대 이상,8416,1,8416,미확인,0.35,1,여,2026-01-20,공공데이터포털_경기도 수원시_지역화폐 결제 정보_20260120
2025-11,수원시 영통구,영통2동,학원,60대 이상,618368,22,28108,미확인,0.35,1,여,2026-01-20,공공데이터포털_경기도 수원시_지역화폐 결제 정보_20260120
2025-11,수원시 영통구,영통2동,회원정보미상,60대 이상,283360,18,15742,미확인,0.35,1,여,2026-01-20,공공데이터포털_경기도 수원시_지역화폐 결제 정보_20260120
2025-11,수원시 영통구,영통2동,회원정보미상,60대 이상,283360,18,15742,미확인,0.35,1,여,2026-01-20,공공데이터포털_경기도 수원시_지역화폐 결제 정보_20260120
2025-11,수원시 영통구,영통2동,미용/위생,60대 이상,45000,2,22500,미확인,0.35,1,여,2026-01-20,공공데이터포털_경기도 수원시_지역화폐 결제 정보_20260120
2025-11,수원시 영통구,영통2동,음료/식품,60대 이상,168580,5,33716,미확인,0.35,1,여,2026-01-20,공공데이터포털_경기도 수원시_지역화폐 결제 정보_20260120
2025-11,수원시 영통구,영통2동,일반/휴게 음식,60대 이상,47000,6,7833,미확인,0.35,1,여,2026-01-20,공공데이터포털_경기도 수원시_지역화폐 결제 정보_20260120
2025-11,수원시 영통구,영통2동,일반유통,60대 이상,22780,5,4556,미확인,0.35,1,여,2026-01-20,공공데이터포털_경기도 수원시_지역화폐 결제 정보_20260120
2025-11,수원시 영통구,영통3동,레저/스포츠 서비스,10대,79036,25,3161,미확인,0.35,1,남,2026-01-20,공공데이터포털_경기도 수원시_지역화폐 결제 정보_20260120
2025-11,수원시 영통구,영통3동,문화/취미,10대,44212,14,3158,미확인,0.35,1,남,2026-01-20,공공데이터포털_경기도 수원시_지역화폐 결제 정보_20260120
2025-11,수원시 영통구,영통3동,미용/위생,10대,200072,24,8336,미확인,0.35,1,남,2026-01-20,공공데이터포털_경기도 수원시_지역화폐 결제 정보_20260120
2025-11,수원시 영통구,영통3동,서적/문구/학습자재,10대,93785,25,3751,미확인,0.35,1,남,2026-01-20,공공데이터포털_경기도 수원시_지역화폐 결제 정보_20260120
2025-11,수원시 영통구,영통3동,약국,10대,31794,15,2120,미확인,0.35,1,남,2026-01-20,공공데이터포털_경기도 수원시_지역화폐 결제 정보_20260120
2025-11,수원시 영통구,영통3동,용역서비스,10대,102748,19,5408,미확인,0.35,1,남,2026-01-20,공공데이터포털_경기도 수원시_지역화폐 결제 정보_20260120
2025-11,수원시 영통구,영통3동,음료/식품,10대,368840,98,3764,미확인,0.35,1,남,2026-01-20,공공데이터포털_경기도 수원시_지역화폐 결제 정보_20260120
2025-11,수원시 영통구,영통3동,의원,10대,175128,25,7005,미확인,0.35,1,남,2026-01-20,공공데이터포털_경기도 수원시_지역화폐 결제 정보_20260120
2025-11,수원시 영통구,영통3동,일반/휴게 음식,10대,1703750,484,3520,미확인,0.35,1,남,2026-01-20,공공데이터포털_경기도 수원시_지역화폐 결제 정보_20260120
2025-11,수원시 영통구,영통3동,일반유통,10대,257522,246,1047,미확인,0.35,1,남,2026-01-20,공공데이터포털_경기도 수원시_지역화폐 결제 정보_20260120
2025-11,수원시 영통구,영통3동,주유/충전소,10대,52615,8,6577,미확인,0.35,1,남,2026-01-20,공공데이터포털_경기도 수원시_지역화폐 결제 정보_20260120
2025-11,수원시 영통구,영통3동,학원,10대,3450903,139,24827,미확인,0.35,1,남,2026-01-20,공공데이터포털_경기도 수원시_지역화폐 결제 정보_20260120
2025-11,수원시 영통구,영통3동,건축자재,20대,3559,2,1780,미확인,0.35,1,남,2026-01-20,공공데이터포털_경기도 수원시_지역화폐 결제 정보_20260120
2025-11,수원시 영통구,영통3동,기타유통,20대,1744,1,1744,미확인,0.35,1,남,2026-01-20,공공데이터포털_경기도 수원시_지역화폐 결제 정보_20260120
2025-11,수원시 영통구,영통3동,기타의료,20대,52722,8,6590,미확인,0.35,1,남,2026-01-20,공공데이터포털_경기도 수원시_지역화폐 결제 정보_20260120
2025-11,수원시 영통구,영통3동,대형유통,20대,4738,5,948,미확인,0.35,1,남,2026-01-20,공공데이터포털_경기도 수원시_지역화폐 결제 정보_20260120
2025-11,수원시 영통구,영통3동,레저/문화 용품,20대,145372,4,36343,미확인,0.35,1,남,2026-01-20,공공데이터포털_경기도 수원시_지역화폐 결제 정보_20260120
2025-11,수원시 영통구,영통3동,레저/스포츠 서비스,20대,1691224,349,4846,미확인,0.35,1,남,2026-01-20,공공데이터포털_경기도 수원시_지역화폐 결제 정보_20260120
2025-11,수원시 영통구,영통3동,문화/취미,20대,248496,104,2389,미확인,0.35,1,남,2026-01-20,공공데이터포털_경기도 수원시_지역화폐 결제 정보_20260120
2025-11,수원시 영통구,영통3동,미용/위생,20대,4159218,198,21006,미확인,0.35,1,남,2026-01-20,공공데이터포털_경기도 수원시_지역화폐 결제 정보_20260120
2025-11,수원시 영통구,영통3동,서적/문구/학습자재,20대,114518,27,4241,미확인,0.35,1,남,2026-01-20,공공데이터포털_경기도 수원시_지역화폐 결제 정보_20260120
2025-11,수원시 영통구,영통3동,숙박업,20대,60000,2,30000,미확인,0.35,1,남,2026-01-20,공공데이터포털_경기도 수원시_지역화폐 결제 정보_20260120
2025-11,수원시 영통구,영통3동,신변잡화,20대,48956,18,2720,미확인,0.35,1,남,2026-01-20,공공데이터포털_경기도 수원시_지역화폐 결제 정보_20260120
2025-11,수원시 영통구,영통3동,약국,20대,698587,144,4851,미확인,0.35,1,남,2026-01-20,공공데이터포털_경기도 수원시_지역화폐 결제 정보_20260120
2025-11,수원시 영통구,영통3동,용역서비스,20대,945706,80,11821,미확인,0.35,1,남,2026-01-20,공공데이터포털_경기도 수원시_지역화폐 결제 정보_20260120
2025-11,수원시 영통구,영통3동,음료/식품,20대,3674535,329,11169,미확인,0.35,1,남,2026-01-20,공공데이터포털_경기도 수원시_지역화폐 결제 정보_20260120
2025-11,수원시 영통구,영통3동,의류,20대,110000,1,110000,미확인,0.35,1,남,2026-01-20,공공데이터포털_경기도 수원시_지역화폐 결제 정보_20260120
2025-11,수원시 영통구,영통3동,의원,20대,939994,93,10107,미확인,0.35,1,남,2026-01-20,공공데이터포털_경기도 수원시_지역화폐 결제 정보_20260120
2025-11,수원시 영통구,영통3동,일반/휴게 음식,20대,21951051,2515,8728,미확인,0.35,1,남,2026-01-20,공공데이터포털_경기도 수원시_지역화폐 결제 정보_20260120
2025-11,수원시 영통구,영통3동,일반유통,20대,2981984,891,3347,미확인,0.35,1,남,2026-01-20,공공데이터포털_경기도 수원시_지역화폐 결제 정보_20260120
2025-11,수원시 영통구,영통3동,자동차 정비/유지,20대,285933,6,47656,미확인,0.35,1,남,2026-01-20,공공데이터포털_경기도 수원시_지역화폐 결제 정보_20260120
2025-11,수원시 영통구,영통3동,자동차판매,20대,288000,1,288000,미확인,0.35,1,남,2026-01-20,공공데이터포털_경기도 수원시_지역화폐 결제 정보_20260120
2025-11,수원시 영통구,영통3동,전자상거래,20대,500000,1,500000,미확인,0.35,1,남,2026-01-20,공공데이터포털_경기도 수원시_지역화폐 결제 정보_20260120
2025-11,수원시 영통구,영통3동,주유/충전소,20대,1189586,93,12791,미확인,0.35,1,남,2026-01-20,공공데이터포털_경기도 수원시_지역화폐 결제 정보_20260120
2025-11,수원시 영통구,영통3동,직물/침구류,20대,91420,3,30473,미확인,0.35,1,남,2026-01-20,공공데이터포털_경기도 수원시_지역화폐 결제 정보_20260120
2025-11,수원시 영통구,영통3동,학원,20대,1387405,72,19270,미확인,0.35,1,남,2026-01-20,공공데이터포털_경기도 수원시_지역화폐 결제 정보_20260120
2025-11,수원시 영통구,영통3동,가구,30대,50000,1,50000,미확인,0.35,1,남,2026-01-20,공공데이터포털_경기도 수원시_지역화폐 결제 정보_20260120
2025-11,수원시 영통구,영통3동,건축자재,30대,1518,2,759,미확인,0.35,1,남,2026-01-20,공공데이터포털_경기도 수원시_지역화폐 결제 정보_20260120
2025-11,수원시 영통구,영통3동,기타유통,30대,8496,1,8496,미확인,0.35,1,남,2026-01-20,공공데이터포털_경기도 수원시_지역화폐 결제 정보_20260120
2025-11,수원시 영통구,영통3동,기타의료,30대,8261437,106,77938,미확인,0.35,1,남,2026-01-20,공공데이터포털_경기도 수원시_지역화폐 결제 정보_20260120
2025-11,수원시 영통구,영통3동,레저/문화 용품,30대,97366,8,12171,미확인,0.35,1,남,2026-01-20,공공데이터포털_경기도 수원시_지역화폐 결제 정보_20260120
2025-11,수원시 영통구,영통3동,레저/스포츠 서비스,30대,1067375,257,4153,미확인,0.35,1,남,2026-01-20,공공데이터포털_경기도 수원시_지역화폐 결제 정보_20260120
2025-11,수원시 영통구,영통3동,문화/취미,30대,633568,446,1421,미확인,0.35,1,남,2026-01-20,공공데이터포털_경기도 수원시_지역화폐 결제 정보_20260120
2025-11,수원시 영통구,영통3동,미용/위생,30대,5385505,409,13167,미확인,0.35,1,남,2026-01-20,공공데이터포털_경기도 수원시_지역화폐 결제 정보_20260120
2025-11,수원시 영통구,영통3동,사무/통신,30대,57227,1,57227,미확인,0.35,1,남,2026-01-20,공공데이터포털_경기도 수원시_지역화폐 결제 정보_20260120
2025-11,수원시 영통구,영통3동,서적/문구/학습자재,30대,6555612,245,26758,미확인,0.35,1,남,2026-01-20,공공데이터포털_경기도 수원시_지역화폐 결제 정보_20260120
2025-11,수원시 영통구,영통3동,숙박업,30대,12000,1,12000,미확인,0.35,1,남,2026-01-20,공공데이터포털_경기도 수원시_지역화폐 결제 정보_20260120
2025-11,수원시 영통구,영통3동,신변잡화,30대,57581,121,476,미확인,0.35,1,남,2026-01-20,공공데이터포털_경기도 수원시_지역화폐 결제 정보_20260120
2025-11,수원시 영통구,영통3동,약국,30대,1037068,371,2795,미확인,0.35,1,남,2026-01-20,공공데이터포털_경기도 수원시_지역화폐 결제 정보_20260120
2025-11,수원시 영통구,영통3동,용역서비스,30대,1408663,116,12144,미확인,0.35,1,남,2026-01-20,공공데이터포털_경기도 수원시_지역화폐 결제 정보_20260120
2025-11,수원시 영통구,영통3동,음료/식품,30대,7883557,662,11909,미확인,0.35,1,남,2026-01-20,공공데이터포털_경기도 수원시_지역화폐 결제 정보_20260120
2025-11,수원시 영통구,영통3동,의류,30대,103611,2,51806,미확인,0.35,1,남,2026-01-20,공공데이터포털_경기도 수원시_지역화폐 결제 정보_20260120
2025-11,수원시 영통구,영통3동,의원,30대,2437502,297,8207,미확인,0.35,1,남,2026-01-20,공공데이터포털_경기도 수원시_지역화폐 결제 정보_20260120
2025-11,수원시 영통구,영통3동,일반/휴게 음식,30대,26441532,4597,5752,미확인,0.35,1,남,2026-01-20,공공데이터포털_경기도 수원시_지역화폐 결제 정보_20260120
2025-11,수원시 영통구,영통3동,일반유통,30대,2664844,1560,1708,미확인,0.35,1,남,2026-01-20,공공데이터포털_경기도 수원시_지역화폐 결제 정보_20260120
2025-11,수원시 영통구,영통3동,자동차 정비/유지,30대,556238,37,15033,미확인,0.35,1,남,2026-01-20,공공데이터포털_경기도 수원시_지역화폐 결제 정보_20260120
2025-11,수원시 영통구,영통3동,자동차판매,30대,22716,2,11358,미확인,0.35,1,남,2026-01-20,공공데이터포털_경기도 수원시_지역화폐 결제 정보_20260120
2025-11,수원시 영통구,영통3동,전자상거래,30대,830146,2,415073,미확인,0.35,1,남,2026-01-20,공공데이터포털_경기도 수원시_지역화폐 결제 정보_20260120
2025-11,수원시 영통구,영통3동,주방용품,30대,69752,3,23251,미확인,0.35,1,남,2026-01-20,공공데이터포털_경기도 수원시_지역화폐 결제 정보_20260120
2025-11,수원시 영통구,영통3동,주유/충전소,30대,5377463,506,10627,미확인,0.35,1,남,2026-01-20,공공데이터포털_경기도 수원시_지역화폐 결제 정보_20260120
2025-11,수원시 영통구,영통3동,직물/침구류,30대,27767,1,27767,미확인,0.35,1,남,2026-01-20,공공데이터포털_경기도 수원시_지역화폐 결제 정보_20260120
2025-11,수원시 영통구,영통3동,학교/교육,30대,34000,1,34000,미확인,0.35,1,남,2026-01-20,공공데이터포털_경기도 수원시_지역화폐 결제 정보_20260120
2025-11,수원시 영통구,영통3동,학원,30대,3531075,86,41059,미확인,0.35,1,남,2026-01-20,공공데이터포털_경기도 수원시_지역화폐 결제 정보_20260120
2025-11,수원시 영통구,영통3동,건축자재,40대,6516,3,2172,미확인,0.35,1,남,2026-01-20,공공데이터포털_경기도 수원시_지역화폐 결제 정보_20260120
2025-11,수원시 영통구,영통3동,기타유통,40대,6805,2,3402,미확인,0.35,1,남,2026-01-20,공공데이터포털_경기도 수원시_지역화폐 결제 정보_20260120
2025-11,수원시 영통구,영통3동,기타의료,40대,1293218,36,35923,미확인,0.35,1,남,2026-01-20,공공데이터포털_경기도 수원시_지역화폐 결제 정보_20260120
2025-11,수원시 영통구,영통3동,대형유통,40대,18698,5,3740,미확인,0.35,1,남,2026-01-20,공공데이터포털_경기도 수원시_지역화폐 결제 정보_20260120
2025-11,수원시 영통구,영통3동,레저/문화 용품,40대,398893,17,23464,미확인,0.35,1,남,2026-01-20,공공데이터포털_경기도 수원시_지역화폐 결제 정보_20260120
2025-11,수원시 영통구,영통3동,레저/스포츠 서비스,40대,2295864,513,4475,미확인,0.35,1,남,2026-01-20,공공데이터포털_경기도 수원시_지역화폐 결제 정보_20260120
2025-11,수원시 영통구,영통3동,문화/취미,40대,536872,725,741,미확인,0.35,1,남,2026-01-20,공공데이터포털_경기도 수원시_지역화폐 결제 정보_20260120
2025-11,수원시 영통구,영통3동,미용/위생,40대,4677646,549,8520,미확인,0.35,1,남,2026-01-20,공공데이터포털_경기도 수원시_지역화폐 결제 정보_20260120
2025-11,수원시 영통구,영통3동,서적/문구/학습자재,40대,6005231,424,14163,미확인,0.35,1,남,2026-01-20,공공데이터포털_경기도 수원시_지역화폐 결제 정보_20260120
2025-11,수원시 영통구,영통3동,숙박업,40대,1088,1,1088,미확인,0.35,1,남,2026-01-20,공공데이터포털_경기도 수원시_지역화폐 결제 정보_20260120
2025-11,수원시 영통구,영통3동,신변잡화,40대,86232,179,482,미확인,0.35,1,남,2026-01-20,공공데이터포털_경기도 수원시_지역화폐 결제 정보_20260120
2025-11,수원시 영통구,영통3동,약국,40대,2201183,662,3325,미확인,0.35,1,남,2026-01-20,공공데이터포털_경기도 수원시_지역화폐 결제 정보_20260120
2025-11,수원시 영통구,영통3동,용역서비스,40대,2532698,194,13055,미확인,0.35,1,남,2026-01-20,공공데이터포털_경기도 수원시_지역화폐 결제 정보_20260120
2025-11,수원시 영통구,영통3동,음료/식품,40대,9099301,1252,7268,미확인,0.35,1,남,2026-01-20,공공데이터포털_경기도 수원시_지역화폐 결제 정보_20260120
2025-11,수원시 영통구,영통3동,의류,40대,53548,6,8925,미확인,0.35,1,남,2026-01-20,공공데이터포털_경기도 수원시_지역화폐 결제 정보_20260120
2025-11,수원시 영통구,영통3동,의원,40대,7097253,636,11159,미확인,0.35,1,남,2026-01-20,공공데이터포털_경기도 수원시_지역화폐 결제 정보_20260120
2025-11,수원시 영통구,영통3동,일반/휴게 음식,40대,32113356,7161,4484,미확인,0.35,1,남,2026-01-20,공공데이터포털_경기도 수원시_지역화폐 결제 정보_20260120
2025-11,수원시 영통구,영통3동,일반유통,40대,3729716,2191,1702,미확인,0.35,1,남,2026-01-20,공공데이터포털_경기도 수원시_지역화폐 결제 정보_20260120
2025-11,수원시 영통구,영통3동,자동차 정비/유지,40대,862251,60,14371,미확인,0.35,1,남,2026-01-20,공공데이터포털_경기도 수원시_지역화폐 결제 정보_20260120
2025-11,수원시 영통구,영통3동,자동차판매,40대,376390,8,47049,미확인,0.35,1,남,2026-01-20,공공데이터포털_경기도 수원시_지역화폐 결제 정보_20260120
2025-11,수원시 영통구,영통3동,전자상거래,40대,79959,4,19990,미확인,0.35,1,남,2026-01-20,공공데이터포털_경기도 수원시_지역화폐 결제 정보_20260120
2025-11,수원시 영통구,영통3동,전자제품,40대,10501,2,5250,미확인,0.35,1,남,2026-01-20,공공데이터포털_경기도 수원시_지역화폐 결제 정보_20260120
2025-11,수원시 영통구,영통3동,주방용품,40대,6947,2,3474,미확인,0.35,1,남,2026-01-20,공공데이터포털_경기도 수원시_지역화폐 결제 정보_20260120
2025-11,수원시 영통구,영통3동,주유/충전소,40대,5366501,563,9532,미확인,0.35,1,남,2026-01-20,공공데이터포털_경기도 수원시_지역화폐 결제 정보_20260120
2025-11,수원시 영통구,영통3동,직물/침구류,40대,44047,3,14682,미확인,0.35,1,남,2026-01-20,공공데이터포털_경기도 수원시_지역화폐 결제 정보_20260120
2025-11,수원시 영통구,영통3동,학교/교육,40대,43299,9,4811,미확인,0.35,1,남,2026-01-20,공공데이터포털_경기도 수원시_지역화폐 결제 정보_20260120
2025-11,수원시 영통구,영통3동,학원,40대,42730271,1221,34996,미확인,0.35,1,남,2026-01-20,공공데이터포털_경기도 수원시_지역화폐 결제 정보_20260120
2025-11,수원시 영통구,영통3동,건축자재,50대,37561,10,3756,미확인,0.35,1,남,2026-01-20,공공데이터포털_경기도 수원시_지역화폐 결제 정보_20260120
2025-11,수원시 영통구,영통3동,기타유통,50대,9944,2,4972,미확인,0.35,1,남,2026-01-20,공공데이터포털_경기도 수원시_지역화폐 결제 정보_20260120
2025-11,수원시 영통구,영통3동,기타의료,50대,273936,37,7404,미확인,0.35,1,남,2026-01-20,공공데이터포털_경기도 수원시_지역화폐 결제 정보_20260120
2025-11,수원시 영통구,영통3동,대형유통,50대,3633,2,1816,미확인,0.35,1,남,2026-01-20,공공데이터포털_경기도 수원시_지역화폐 결제 정보_20260120
2025-11,수원시 영통구,영통3동,레저/문화 용품,50대,150403,14,10743,미확인,0.35,1,남,2026-01-20,공공데이터포털_경기도 수원시_지역화폐 결제 정보_20260120
2025-11,수원시 영통구,영통3동,레저/스포츠 서비스,50대,2146005,252,8516,미확인,0.35,1,남,2026-01-20,공공데이터포털_경기도 수원시_지역화폐 결제 정보_20260120
2025-11,수원시 영통구,영통3동,문화/취미,50대,204348,115,1777,미확인,0.35,1,남,2026-01-20,공공데이터포털_경기도 수원시_지역화폐 결제 정보_20260120
2025-11,수원시 영통구,영통3동,미용/위생,50대,4238671,512,8279,미확인,0.35,1,남,2026-01-20,공공데이터포털_경기도 수원시_지역화폐 결제 정보_20260120
2025-11,수원시 영통구,영통3동,서적/문구/학습자재,50대,608766,146,4170,미확인,0.35,1,남,2026-01-20,공공데이터포털_경기도 수원시_지역화폐 결제 정보_20260120
2025-11,수원시 영통구,영통3동,신변잡화,50대,3447,7,492,미확인,0.35,1,남,2026-01-20,공공데이터포털_경기도 수원시_지역화폐 결제 정보_20260120
2025-11,수원시 영통구,영통3동,약국,50대,1590856,522,3048,미확인,0.35,1,남,2026-01-20,공공데이터포털_경기도 수원시_지역화폐 결제 정보_20260120
2025-11,수원시 영통구,영통3동,용역서비스,50대,1156858,139,8323,미확인,0.35,1,남,2026-01-20,공공데이터포털_경기도 수원시_지역화폐 결제 정보_20260120
2025-11,수원시 영통구,영통3동,음료/식품,50대,4984260,1003,4969,미확인,0.35,1,남,2026-01-20,공공데이터포털_경기도 수원시_지역화폐 결제 정보_20260120
2025-11,수원시 영통구,영통3동,의류,50대,21183,4,5296,미확인,0.35,1,남,2026-01-20,공공데이터포털_경기도 수원시_지역화폐 결제 정보_20260120
2025-11,수원시 영통구,영통3동,의원,50대,3852173,500,7704,미확인,0.35,1,남,2026-01-20,공공데이터포털_경기도 수원시_지역화폐 결제 정보_20260120
2025-11,수원시 영통구,영통3동,일반/휴게 음식,50대,24991436,5957,4195,미확인,0.35,1,남,2026-01-20,공공데이터포털_경기도 수원시_지역화폐 결제 정보_20260120
2025-11,수원시 영통구,영통3동,일반유통,50대,3619953,1904,1901,미확인,0.35,1,남,2026-01-20,공공데이터포털_경기도 수원시_지역화폐 결제 정보_20260120
2025-11,수원시 영통구,영통3동,자동차 정비/유지,50대,682221,46,14831,미확인,0.35,1,남,2026-01-20,공공데이터포털_경기도 수원시_지역화폐 결제 정보_20260120
2025-11,수원시 영통구,영통3동,자동차판매,50대,129536,11,11776,미확인,0.35,1,남,2026-01-20,공공데이터포털_경기도 수원시_지역화폐 결제 정보_20260120
2025-11,수원시 영통구,영통3동,전자상거래,50대,25789,1,25789,미확인,0.35,1,남,2026-01-20,공공데이터포털_경기도 수원시_지역화폐 결제 정보_20260120
2025-11,수원시 영통구,영통3동,전자제품,50대,16185,2,8092,미확인,0.35,1,남,2026-01-20,공공데이터포털_경기도 수원시_지역화폐 결제 정보_20260120
2025-11,수원시 영통구,영통3동,주방용품,50대,47500,2,23750,미확인,0.35,1,남,2026-01-20,공공데이터포털_경기도 수원시_지역화폐 결제 정보_20260120
2025-11,수원시 영통구,영통3동,주유/충전소,50대,3248833,346,9390,미확인,0.35,1,남,2026-01-20,공공데이터포털_경기도 수원시_지역화폐 결제 정보_20260120
2025-11,수원시 영통구,영통3동,직물/침구류,50대,83609,8,10451,미확인,0.35,1,남,2026-01-20,공공데이터포털_경기도 수원시_지역화폐 결제 정보_20260120
2025-11,수원시 영통구,영통3동,학교/교육,50대,99115,3,33038,미확인,0.35,1,남,2026-01-20,공공데이터포털_경기도 수원시_지역화폐 결제 정보_20260120
2025-11,수원시 영통구,영통3동,학원,50대,19623743,581,33776,미확인,0.35,1,남,2026-01-20,공공데이터포털_경기도 수원시_지역화폐 결제 정보_20260120
2025-11,수원시 영통구,영통3동,건축자재,60대 이상,15682,6,2614,미확인,0.35,1,남,2026-01-20,공공데이터포털_경기도 수원시_지역화폐 결제 정보_20260120
2025-11,수원시 영통구,영통3동,기타의료,60대 이상,141438,20,7072,미확인,0.35,1,남,2026-01-20,공공데이터포털_경기도 수원시_지역화폐 결제 정보_20260120
2025-11,수원시 영통구,영통3동,대형유통,60대 이상,180,1,180,미확인,0.35,1,남,2026-01-20,공공데이터포털_경기도 수원시_지역화폐 결제 정보_20260120
2025-11,수원시 영통구,영통3동,레저/문화 용품,60대 이상,152855,7,21836,미확인,0.35,1,남,2026-01-20,공공데이터포털_경기도 수원시_지역화폐 결제 정보_20260120
2025-11,수원시 영통구,영통3동,레저/스포츠 서비스,60대 이상,661014,101,6545,미확인,0.35,1,남,2026-01-20,공공데이터포털_경기도 수원시_지역화폐 결제 정보_20260120
2025-11,수원시 영통구,영통3동,문화/취미,60대 이상,139437,19,7339,미확인,0.35,1,남,2026-01-20,공공데이터포털_경기도 수원시_지역화폐 결제 정보_20260120
2025-11,수원시 영통구,영통3동,미용/위생,60대 이상,1669404,171,9763,미확인,0.35,1,남,2026-01-20,공공데이터포털_경기도 수원시_지역화폐 결제 정보_20260120
2025-11,수원시 영통구,영통3동,서적/문구/학습자재,60대 이상,269837,20,13492,미확인,0.35,1,남,2026-01-20,공공데이터포털_경기도 수원시_지역화폐 결제 정보_20260120
2025-11,수원시 영통구,영통3동,신변잡화,60대 이상,6557,2,3278,미확인,0.35,1,남,2026-01-20,공공데이터포털_경기도 수원시_지역화폐 결제 정보_20260120
2025-11,수원시 영통구,영통3동,약국,60대 이상,694660,206,3372,미확인,0.35,1,남,2026-01-20,공공데이터포털_경기도 수원시_지역화폐 결제 정보_20260120
2025-11,수원시 영통구,영통3동,용역서비스,60대 이상,199174,32,6224,미확인,0.35,1,남,2026-01-20,공공데이터포털_경기도 수원시_지역화폐 결제 정보_20260120
2025-11,수원시 영통구,영통3동,음료/식품,60대 이상,2973043,495,6006,미확인,0.35,1,남,2026-01-20,공공데이터포털_경기도 수원시_지역화폐 결제 정보_20260120
2025-11,수원시 영통구,영통3동,의류,60대 이상,12186,4,3046,미확인,0.35,1,남,2026-01-20,공공데이터포털_경기도 수원시_지역화폐 결제 정보_20260120
2025-11,수원시 영통구,영통3동,의원,60대 이상,1727172,284,6082,미확인,0.35,1,남,2026-01-20,공공데이터포털_경기도 수원시_지역화폐 결제 정보_20260120
2025-11,수원시 영통구,영통3동,일반/휴게 음식,60대 이상,7500156,1867,4017,미확인,0.35,1,남,2026-01-20,공공데이터포털_경기도 수원시_지역화폐 결제 정보_20260120
2025-11,수원시 영통구,영통3동,일반유통,60대 이상,1431310,585,2447,미확인,0.35,1,남,2026-01-20,공공데이터포털_경기도 수원시_지역화폐 결제 정보_20260120
2025-11,수원시 영통구,영통3동,자동차 정비/유지,60대 이상,544515,29,18776,미확인,0.35,1,남,2026-01-20,공공데이터포털_경기도 수원시_지역화폐 결제 정보_20260120
2025-11,수원시 영통구,영통3동,자동차판매,60대 이상,8779,1,8779,미확인,0.35,1,남,2026-01-20,공공데이터포털_경기도 수원시_지역화폐 결제 정보_20260120
2025-11,수원시 영통구,영통3동,전자제품,60대 이상,15074,1,15074,미확인,0.35,1,남,2026-01-20,공공데이터포털_경기도 수원시_지역화폐 결제 정보_20260120
2025-11,수원시 영통구,영통3동,주방용품,60대 이상,80702,2,40351,미확인,0.35,1,남,2026-01-20,공공데이터포털_경기도 수원시_지역화폐 결제 정보_20260120
2025-11,수원시 영통구,영통3동,주유/충전소,60대 이상,1337536,150,8917,미확인,0.35,1,남,2026-01-20,공공데이터포털_경기도 수원시_지역화폐 결제 정보_20260120
2025-11,수원시 영통구,영통3동,학교/교육,60대 이상,3187,1,3187,미확인,0.35,1,남,2026-01-20,공공데이터포털_경기도 수원시_지역화폐 결제 정보_20260120
2025-11,수원시 영통구,영통3동,학원,60대 이상,1810613,35,51732,미확인,0.35,1,남,2026-01-20,공공데이터포털_경기도 수원시_지역화폐 결제 정보_20260120
2025-11,수원시 영통구,영통3동,기타의료,10대,2387,1,2387,미확인,0.35,1,여,2026-01-20,공공데이터포털_경기도 수원시_지역화폐 결제 정보_20260120
2025-11,수원시 영통구,영통3동,레저/스포츠 서비스,10대,33125,15,2208,미확인,0.35,1,여,2026-01-20,공공데이터포털_경기도 수원시_지역화폐 결제 정보_20260120
2025-11,수원시 영통구,영통3동,문화/취미,10대,5595,15,373,미확인,0.35,1,여,2026-01-20,공공데이터포털_경기도 수원시_지역화폐 결제 정보_20260120
2025-11,수원시 영통구,영통3동,미용/위생,10대,153596,11,13963,미확인,0.35,1,여,2026-01-20,공공데이터포털_경기도 수원시_지역화폐 결제 정보_20260120
2025-11,수원시 영통구,영통3동,서적/문구/학습자재,10대,212261,41,5177,미확인,0.35,1,여,2026-01-20,공공데이터포털_경기도 수원시_지역화폐 결제 정보_20260120
2025-11,수원시 영통구,영통3동,신변잡화,10대,42000,2,21000,미확인,0.35,1,여,2026-01-20,공공데이터포털_경기도 수원시_지역화폐 결제 정보_20260120
2025-11,수원시 영통구,영통3동,약국,10대,65066,36,1807,미확인,0.35,1,여,2026-01-20,공공데이터포털_경기도 수원시_지역화폐 결제 정보_20260120
2025-11,수원시 영통구,영통3동,용역서비스,10대,112670,29,3885,미확인,0.35,1,여,2026-01-20,공공데이터포털_경기도 수원시_지역화폐 결제 정보_20260120
2025-11,수원시 영통구,영통3동,음료/식품,10대,285060,127,2245,미확인,0.35,1,여,2026-01-20,공공데이터포털_경기도 수원시_지역화폐 결제 정보_20260120
2025-11,수원시 영통구,영통3동,의류,10대,19806,2,9903,미확인,0.35,1,여,2026-01-20,공공데이터포털_경기도 수원시_지역화폐 결제 정보_20260120
2025-11,수원시 영통구,영통3동,의원,10대,418676,31,13506,미확인,0.35,1,여,2026-01-20,공공데이터포털_경기도 수원시_지역화폐 결제 정보_20260120
2025-11,수원시 영통구,영통3동,일반/휴게 음식,10대,1806502,563,3209,미확인,0.35,1,여,2026-01-20,공공데이터포털_경기도 수원시_지역화폐 결제 정보_20260120
2025-11,수원시 영통구,영통3동,일반유통,10대,275961,198,1394,미확인,0.35,1,여,2026-01-20,공공데이터포털_경기도 수원시_지역화폐 결제 정보_20260120
2025-11,수원시 영통구,영통3동,자동차 정비/유지,10대,23132,2,11566,미확인,0.35,1,여,2026-01-20,공공데이터포털_경기도 수원시_지역화폐 결제 정보_20260120
2025-11,수원시 영통구,영통3동,주방용품,10대,198817,4,49704,미확인,0.35,1,여,2026-01-20,공공데이터포털_경기도 수원시_지역화폐 결제 정보_20260120
2025-11,수원시 영통구,영통3동,주유/충전소,10대,103059,10,10306,미확인,0.35,1,여,2026-01-20,공공데이터포털_경기도 수원시_지역화폐 결제 정보_20260120
2025-11,수원시 영통구,영통3동,학교/교육,10대,54521,1,54521,미확인,0.35,1,여,2026-01-20,공공데이터포털_경기도 수원시_지역화폐 결제 정보_20260120
2025-11,수원시 영통구,영통3동,학원,10대,2950145,102,28923,미확인,0.35,1,여,2026-01-20,공공데이터포털_경기도 수원시_지역화폐 결제 정보_20260120
2025-11,수원시 영통구,영통3동,건축자재,20대,16000,1,16000,미확인,0.35,1,여,2026-01-20,공공데이터포털_경기도 수원시_지역화폐 결제 정보_20260120
2025-11,수원시 영통구,영통3동,기타유통,20대,3594,2,1797,미확인,0.35,1,여,2026-01-20,공공데이터포털_경기도 수원시_지역화폐 결제 정보_20260120
2025-11,수원시 영통구,영통3동,기타의료,20대,122750,16,7672,미확인,0.35,1,여,2026-01-20,공공데이터포털_경기도 수원시_지역화폐 결제 정보_20260120
2025-11,수원시 영통구,영통3동,대형유통,20대,6150,5,1230,미확인,0.35,1,여,2026-01-20,공공데이터포털_경기도 수원시_지역화폐 결제 정보_20260120
2025-11,수원시 영통구,영통3동,레저/문화 용품,20대,123945,3,41315,미확인,0.35,1,여,2026-01-20,공공데이터포털_경기도 수원시_지역화폐 결제 정보_20260120
2025-11,수원시 영통구,영통3동,레저/스포츠 서비스,20대,2310603,221,10455,미확인,0.35,1,여,2026-01-20,공공데이터포털_경기도 수원시_지역화폐 결제 정보_20260120
2025-11,수원시 영통구,영통3동,문화/취미,20대,310475,304,1021,미확인,0.35,1,여,2026-01-20,공공데이터포털_경기도 수원시_지역화폐 결제 정보_20260120
2025-11,수원시 영통구,영통3동,미용/위생,20대,5154289,206,25021,미확인,0.35,1,여,2026-01-20,공공데이터포털_경기도 수원시_지역화폐 결제 정보_20260120
2025-11,수원시 영통구,영통3동,서적/문구/학습자재,20대,745675,90,8285,미확인,0.35,1,여,2026-01-20,공공데이터포털_경기도 수원시_지역화폐 결제 정보_20260120
2025-11,수원시 영통구,영통3동,숙박업,20대,691,1,691,미확인,0.35,1,여,2026-01-20,공공데이터포털_경기도 수원시_지역화폐 결제 정보_20260120
2025-11,수원시 영통구,영통3동,신변잡화,20대,21792,31,703,미확인,0.35,1,여,2026-01-20,공공데이터포털_경기도 수원시_지역화폐 결제 정보_20260120
2025-11,수원시 영통구,영통3동,약국,20대,1345066,188,7155,미확인,0.35,1,여,2026-01-20,공공데이터포털_경기도 수원시_지역화폐 결제 정보_20260120
2025-11,수원시 영통구,영통3동,용역서비스,20대,512009,71,7211,미확인,0.35,1,여,2026-01-20,공공데이터포털_경기도 수원시_지역화폐 결제 정보_20260120
2025-11,수원시 영통구,영통3동,음료/식품,20대,1743704,283,6161,미확인,0.35,1,여,2026-01-20,공공데이터포털_경기도 수원시_지역화폐 결제 정보_20260120
2025-11,수원시 영통구,영통3동,의류,20대,60583,4,15146,미확인,0.35,1,여,2026-01-20,공공데이터포털_경기도 수원시_지역화폐 결제 정보_20260120
2025-11,수원시 영통구,영통3동,의원,20대,1889586,117,16150,미확인,0.35,1,여,2026-01-20,공공데이터포털_경기도 수원시_지역화폐 결제 정보_20260120
2025-11,수원시 영통구,영통3동,일반/휴게 음식,20대,23887859,2936,8136,미확인,0.35,1,여,2026-01-20,공공데이터포털_경기도 수원시_지역화폐 결제 정보_20260120
2025-11,수원시 영통구,영통3동,일반유통,20대,3019699,769,3927,미확인,0.35,1,여,2026-01-20,공공데이터포털_경기도 수원시_지역화폐 결제 정보_20260120
2025-11,수원시 영통구,영통3동,자동차 정비/유지,20대,36475,6,6079,미확인,0.35,1,여,2026-01-20,공공데이터포털_경기도 수원시_지역화폐 결제 정보_20260120
2025-11,수원시 영통구,영통3동,자동차판매,20대,33460,1,33460,미확인,0.35,1,여,2026-01-20,공공데이터포털_경기도 수원시_지역화폐 결제 정보_20260120
2025-11,수원시 영통구,영통3동,전자상거래,20대,170000,1,170000,미확인,0.35,1,여,2026-01-20,공공데이터포털_경기도 수원시_지역화폐 결제 정보_20260120
2025-11,수원시 영통구,영통3동,주방용품,20대,150000,1,150000,미확인,0.35,1,여,2026-01-20,공공데이터포털_경기도 수원시_지역화폐 결제 정보_20260120
2025-11,수원시 영통구,영통3동,주유/충전소,20대,1011649,67,15099,미확인,0.35,1,여,2026-01-20,공공데이터포털_경기도 수원시_지역화폐 결제 정보_20260120
2025-11,수원시 영통구,영통3동,학교/교육,20대,163329,1,163329,미확인,0.35,1,여,2026-01-20,공공데이터포털_경기도 수원시_지역화폐 결제 정보_20260120
2025-11,수원시 영통구,영통3동,학원,20대,1928804,52,37092,미확인,0.35,1,여,2026-01-20,공공데이터포털_경기도 수원시_지역화폐 결제 정보_20260120
2025-11,수원시 영통구,영통3동,가구,30대,63218,1,63218,미확인,0.35,1,여,2026-01-20,공공데이터포털_경기도 수원시_지역화폐 결제 정보_20260120
2025-11,수원시 영통구,영통3동,건축자재,30대,7401,2,3700,미확인,0.35,1,여,2026-01-20,공공데이터포털_경기도 수원시_지역화폐 결제 정보_20260120
2025-11,수원시 영통구,영통3동,기타의료,30대,13026904,150,86846,미확인,0.35,1,여,2026-01-20,공공데이터포털_경기도 수원시_지역화폐 결제 정보_20260120
2025-11,수원시 영통구,영통3동,대형유통,30대,20710,1,20710,미확인,0.35,1,여,2026-01-20,공공데이터포털_경기도 수원시_지역화폐 결제 정보_20260120
2025-11,수원시 영통구,영통3동,레저/문화 용품,30대,69675,6,11612,미확인,0.35,1,여,2026-01-20,공공데이터포털_경기도 수원시_지역화폐 결제 정보_20260120
2025-11,수원시 영통구,영통3동,레저/스포츠 서비스,30대,4058615,259,15670,미확인,0.35,1,여,2026-01-20,공공데이터포털_경기도 수원시_지역화폐 결제 정보_20260120
2025-11,수원시 영통구,영통3동,문화/취미,30대,569668,424,1344,미확인,0.35,1,여,2026-01-20,공공데이터포털_경기도 수원시_지역화폐 결제 정보_20260120
2025-11,수원시 영통구,영통3동,미용/위생,30대,7369619,402,18332,미확인,0.35,1,여,2026-01-20,공공데이터포털_경기도 수원시_지역화폐 결제 정보_20260120
2025-11,수원시 영통구,영통3동,서적/문구/학습자재,30대,11815070,401,29464,미확인,0.35,1,여,2026-01-20,공공데이터포털_경기도 수원시_지역화폐 결제 정보_20260120
2025-11,수원시 영통구,영통3동,숙박업,30대,6000,1,6000,미확인,0.35,1,여,2026-01-20,공공데이터포털_경기도 수원시_지역화폐 결제 정보_20260120
2025-11,수원시 영통구,영통3동,신변잡화,30대,55887,106,527,미확인,0.35,1,여,2026-01-20,공공데이터포털_경기도 수원시_지역화폐 결제 정보_20260120
2025-11,수원시 영통구,영통3동,약국,30대,2034882,646,3150,미확인,0.35,1,여,2026-01-20,공공데이터포털_경기도 수원시_지역화폐 결제 정보_20260120
2025-11,수원시 영통구,영통3동,용역서비스,30대,3483798,125,27870,미확인,0.35,1,여,2026-01-20,공공데이터포털_경기도 수원시_지역화폐 결제 정보_20260120
2025-11,수원시 영통구,영통3동,음료/식품,30대,5940720,932,6374,미확인,0.35,1,여,2026-01-20,공공데이터포털_경기도 수원시_지역화폐 결제 정보_20260120
2025-11,수원시 영통구,영통3동,의류,30대,245363,12,20447,미확인,0.35,1,여,2026-01-20,공공데이터포털_경기도 수원시_지역화폐 결제 정보_20260120
2025-11,수원시 영통구,영통3동,의원,30대,5863144,555,10564,미확인,0.35,1,여,2026-01-20,공공데이터포털_경기도 수원시_지역화폐 결제 정보_20260120
2025-11,수원시 영통구,영통3동,일반/휴게 음식,30대,25393103,5380,4720,미확인,0.35,1,여,2026-01-20,공공데이터포털_경기도 수원시_지역화폐 결제 정보_20260120
2025-11,수원시 영통구,영통3동,일반유통,30대,2206674,1020,2163,미확인,0.35,1,여,2026-01-20,공공데이터포털_경기도 수원시_지역화폐 결제 정보_20260120
2025-11,수원시 영통구,영통3동,자동차 정비/유지,30대,459488,21,21880,미확인,0.35,1,여,2026-01-20,공공데이터포털_경기도 수원시_지역화폐 결제 정보_20260120
2025-11,수원시 영통구,영통3동,자동차판매,30대,175825,9,19536,미확인,0.35,1,여,2026-01-20,공공데이터포털_경기도 수원시_지역화폐 결제 정보_20260120
2025-11,수원시 영통구,영통3동,전자상거래,30대,4826,1,4826,미확인,0.35,1,여,2026-01-20,공공데이터포털_경기도 수원시_지역화폐 결제 정보_20260120
2025-11,수원시 영통구,영통3동,주방용품,30대,254802,6,42467,미확인,0.35,1,여,2026-01-20,공공데이터포털_경기도 수원시_지역화폐 결제 정보_20260120
2025-11,수원시 영통구,영통3동,주유/충전소,30대,3682654,340,10831,미확인,0.35,1,여,2026-01-20,공공데이터포털_경기도 수원시_지역화폐 결제 정보_20260120
2025-11,수원시 영통구,영통3동,직물/침구류,30대,111185,2,55592,미확인,0.35,1,여,2026-01-20,공공데이터포털_경기도 수원시_지역화폐 결제 정보_20260120
2025-11,수원시 영통구,영통3동,학교/교육,30대,139325,5,27865,미확인,0.35,1,여,2026-01-20,공공데이터포털_경기도 수원시_지역화폐 결제 정보_20260120
2025-11,수원시 영통구,영통3동,학원,30대,10192354,284,35889,미확인,0.35,1,여,2026-01-20,공공데이터포털_경기도 수원시_지역화폐 결제 정보_20260120
2025-11,수원시 영통구,영통3동,가구,40대,2139,1,2139,미확인,0.35,1,여,2026-01-20,공공데이터포털_경기도 수원시_지역화폐 결제 정보_20260120
2025-11,수원시 영통구,영통3동,건축자재,40대,24427,9,2714,미확인,0.35,1,여,2026-01-20,공공데이터포털_경기도 수원시_지역화폐 결제 정보_20260120
2025-11,수원시 영통구,영통3동,기타유통,40대,4636,1,4636,미확인,0.35,1,여,2026-01-20,공공데이터포털_경기도 수원시_지역화폐 결제 정보_20260120
2025-11,수원시 영통구,영통3동,기타의료,40대,846651,60,14111,미확인,0.35,1,여,2026-01-20,공공데이터포털_경기도 수원시_지역화폐 결제 정보_20260120
2025-11,수원시 영통구,영통3동,대형유통,40대,5612,4,1403,미확인,0.35,1,여,2026-01-20,공공데이터포털_경기도 수원시_지역화폐 결제 정보_20260120
2025-11,수원시 영통구,영통3동,레저/문화 용품,40대,281540,21,13407,미확인,0.35,1,여,2026-01-20,공공데이터포털_경기도 수원시_지역화폐 결제 정보_20260120
2025-11,수원시 영통구,영통3동,레저/스포츠 서비스,40대,2858703,429,6664,미확인,0.35,1,여,2026-01-20,공공데이터포털_경기도 수원시_지역화폐 결제 정보_20260120
2025-11,수원시 영통구,영통3동,문화/취미,40대,924961,918,1008,미확인,0.35,1,여,2026-01-20,공공데이터포털_경기도 수원시_지역화폐 결제 정보_20260120
2025-11,수원시 영통구,영통3동,미용/위생,40대,7149005,650,10998,미확인,0.35,1,여,2026-01-20,공공데이터포털_경기도 수원시_지역화폐 결제 정보_20260120
2025-11,수원시 영통구,영통3동,사무/통신,40대,25198,1,25198,미확인,0.35,1,여,2026-01-20,공공데이터포털_경기도 수원시_지역화폐 결제 정보_20260120
2025-11,수원시 영통구,영통3동,서적/문구/학습자재,40대,6771283,703,9632,미확인,0.35,1,여,2026-01-20,공공데이터포털_경기도 수원시_지역화폐 결제 정보_20260120
2025-11,수원시 영통구,영통3동,신변잡화,40대,181590,142,1279,미확인,0.35,1,여,2026-01-20,공공데이터포털_경기도 수원시_지역화폐 결제 정보_20260120
2025-11,수원시 영통구,영통3동,약국,40대,3204567,1159,2765,미확인,0.35,1,여,2026-01-20,공공데이터포털_경기도 수원시_지역화폐 결제 정보_20260120
2025-11,수원시 영통구,영통3동,용역서비스,40대,4480849,286,15667,미확인,0.35,1,여,2026-01-20,공공데이터포털_경기도 수원시_지역화폐 결제 정보_20260120
2025-11,수원시 영통구,영통3동,음료/식품,40대,9365964,2504,3740,미확인,0.35,1,여,2026-01-20,공공데이터포털_경기도 수원시_지역화폐 결제 정보_20260120
2025-11,수원시 영통구,영통3동,의류,40대,215523,19,11343,미확인,0.35,1,여,2026-01-20,공공데이터포털_경기도 수원시_지역화폐 결제 정보_20260120
2025-11,수원시 영통구,영통3동,의원,40대,10542089,1267,8321,미확인,0.35,1,여,2026-01-20,공공데이터포털_경기도 수원시_지역화폐 결제 정보_20260120
2025-11,수원시 영통구,영통3동,일반/휴게 음식,40대,39717320,11312,3511,미확인,0.35,1,여,2026-01-20,공공데이터포털_경기도 수원시_지역화폐 결제 정보_20260120
2025-11,수원시 영통구,영통3동,일반유통,40대,3144320,1898,1657,미확인,0.35,1,여,2026-01-20,공공데이터포털_경기도 수원시_지역화폐 결제 정보_20260120
2025-11,수원시 영통구,영통3동,자동차 정비/유지,40대,1084814,57,19032,미확인,0.35,1,여,2026-01-20,공공데이터포털_경기도 수원시_지역화폐 결제 정보_20260120
2025-11,수원시 영통구,영통3동,자동차판매,40대,293176,15,19545,미확인,0.35,1,여,2026-01-20,공공데이터포털_경기도 수원시_지역화폐 결제 정보_20260120
2025-11,수원시 영통구,영통3동,전자상거래,40대,217504,10,21750,미확인,0.35,1,여,2026-01-20,공공데이터포털_경기도 수원시_지역화폐 결제 정보_20260120
2025-11,수원시 영통구,영통3동,전자제품,40대,21982,2,10991,미확인,0.35,1,여,2026-01-20,공공데이터포털_경기도 수원시_지역화폐 결제 정보_20260120
2025-11,수원시 영통구,영통3동,주방용품,40대,103161,6,17194,미확인,0.35,1,여,2026-01-20,공공데이터포털_경기도 수원시_지역화폐 결제 정보_20260120
2025-11,수원시 영통구,영통3동,주유/충전소,40대,2899551,300,9665,미확인,0.35,1,여,2026-01-20,공공데이터포털_경기도 수원시_지역화폐 결제 정보_20260120
2025-11,수원시 영통구,영통3동,직물/침구류,40대,119702,6,19950,미확인,0.35,1,여,2026-01-20,공공데이터포털_경기도 수원시_지역화폐 결제 정보_20260120
2025-11,수원시 영통구,영통3동,학교/교육,40대,280066,9,31118,미확인,0.35,1,여,2026-01-20,공공데이터포털_경기도 수원시_지역화폐 결제 정보_20260120
2025-11,수원시 영통구,영통3동,학원,40대,49375144,1602,30821,미확인,0.35,1,여,2026-01-20,공공데이터포털_경기도 수원시_지역화폐 결제 정보_20260120
2025-11,수원시 영통구,영통3동,건축자재,50대,45367,8,5671,미확인,0.35,1,여,2026-01-20,공공데이터포털_경기도 수원시_지역화폐 결제 정보_20260120
2025-11,수원시 영통구,영통3동,기타유통,50대,5174,1,5174,미확인,0.35,1,여,2026-01-20,공공데이터포털_경기도 수원시_지역화폐 결제 정보_20260120
2025-11,수원시 영통구,영통3동,기타의료,50대,645856,46,14040,미확인,0.35,1,여,2026-01-20,공공데이터포털_경기도 수원시_지역화폐 결제 정보_20260120
2025-11,수원시 영통구,영통3동,대형유통,50대,6820,3,2273,미확인,0.35,1,여,2026-01-20,공공데이터포털_경기도 수원시_지역화폐 결제 정보_20260120
2025-11,수원시 영통구,영통3동,레저/문화 용품,50대,209145,9,23238,미확인,0.35,1,여,2026-01-20,공공데이터포털_경기도 수원시_지역화폐 결제 정보_20260120
2025-11,수원시 영통구,영통3동,레저/스포츠 서비스,50대,2151372,146,14735,미확인,0.35,1,여,2026-01-20,공공데이터포털_경기도 수원시_지역화폐 결제 정보_20260120
2025-11,수원시 영통구,영통3동,문화/취미,50대,341011,122,2795,미확인,0.35,1,여,2026-01-20,공공데이터포털_경기도 수원시_지역화폐 결제 정보_20260120
2025-11,수원시 영통구,영통3동,미용/위생,50대,6445177,545,11826,미확인,0.35,1,여,2026-01-20,공공데이터포털_경기도 수원시_지역화폐 결제 정보_20260120
2025-11,수원시 영통구,영통3동,서적/문구/학습자재,50대,1052331,175,6013,미확인,0.35,1,여,2026-01-20,공공데이터포털_경기도 수원시_지역화폐 결제 정보_20260120
2025-11,수원시 영통구,영통3동,숙박업,50대,166,1,166,미확인,0.35,1,여,2026-01-20,공공데이터포털_경기도 수원시_지역화폐 결제 정보_20260120
2025-11,수원시 영통구,영통3동,신변잡화,50대,45557,13,3504,미확인,0.35,1,여,2026-01-20,공공데이터포털_경기도 수원시_지역화폐 결제 정보_20260120
2025-11,수원시 영통구,영통3동,약국,50대,2021046,660,3062,미확인,0.35,1,여,2026-01-20,공공데이터포털_경기도 수원시_지역화폐 결제 정보_20260120
2025-11,수원시 영통구,영통3동,용역서비스,50대,1545588,171,9039,미확인,0.35,1,여,2026-01-20,공공데이터포털_경기도 수원시_지역화폐 결제 정보_20260120
2025-11,수원시 영통구,영통3동,음료/식품,50대,6412046,1603,4000,미확인,0.35,1,여,2026-01-20,공공데이터포털_경기도 수원시_지역화폐 결제 정보_20260120
2025-11,수원시 영통구,영통3동,의류,50대,143207,15,9547,미확인,0.35,1,여,2026-01-20,공공데이터포털_경기도 수원시_지역화폐 결제 정보_20260120
2025-11,수원시 영통구,영통3동,의원,50대,5874477,746,7875,미확인,0.35,1,여,2026-01-20,공공데이터포털_경기도 수원시_지역화폐 결제 정보_20260120
2025-11,수원시 영통구,영통3동,일반/휴게 음식,50대,26233133,6971,3763,미확인,0.35,1,여,2026-01-20,공공데이터포털_경기도 수원시_지역화폐 결제 정보_20260120
2025-11,수원시 영통구,영통3동,일반유통,50대,2905775,1405,2068,미확인,0.35,1,여,2026-01-20,공공데이터포털_경기도 수원시_지역화폐 결제 정보_20260120
2025-11,수원시 영통구,영통3동,자동차 정비/유지,50대,497654,37,13450,미확인,0.35,1,여,2026-01-20,공공데이터포털_경기도 수원시_지역화폐 결제 정보_20260120
2025-11,수원시 영통구,영통3동,자동차판매,50대,121819,5,24364,미확인,0.35,1,여,2026-01-20,공공데이터포털_경기도 수원시_지역화폐 결제 정보_20260120
2025-11,수원시 영통구,영통3동,전자상거래,50대,5641,2,2820,미확인,0.35,1,여,2026-01-20,공공데이터포털_경기도 수원시_지역화폐 결제 정보_20260120
2025-11,수원시 영통구,영통3동,주방용품,50대,82625,3,27542,미확인,0.35,1,여,2026-01-20,공공데이터포털_경기도 수원시_지역화폐 결제 정보_20260120
2025-11,수원시 영통구,영통3동,주유/충전소,50대,1953161,190,10280,미확인,0.35,1,여,2026-01-20,공공데이터포털_경기도 수원시_지역화폐 결제 정보_20260120
2025-11,수원시 영통구,영통3동,직물/침구류,50대,98073,4,24518,미확인,0.35,1,여,2026-01-20,공공데이터포털_경기도 수원시_지역화폐 결제 정보_20260120
2025-11,수원시 영통구,영통3동,학교/교육,50대,75732,3,25244,미확인,0.35,1,여,2026-01-20,공공데이터포털_경기도 수원시_지역화폐 결제 정보_20260120
2025-11,수원시 영통구,영통3동,학원,50대,13212360,412,32069,미확인,0.35,1,여,2026-01-20,공공데이터포털_경기도 수원시_지역화폐 결제 정보_20260120
2025-11,수원시 영통구,영통3동,가구,60대 이상,3081,1,3081,미확인,0.35,1,여,2026-01-20,공공데이터포털_경기도 수원시_지역화폐 결제 정보_20260120
2025-11,수원시 영통구,영통3동,건축자재,60대 이상,10832,5,2166,미확인,0.35,1,여,2026-01-20,공공데이터포털_경기도 수원시_지역화폐 결제 정보_20260120
2025-11,수원시 영통구,영통3동,기타의료,60대 이상,473828,32,14807,미확인,0.35,1,여,2026-01-20,공공데이터포털_경기도 수원시_지역화폐 결제 정보_20260120
2025-11,수원시 영통구,영통3동,대형유통,60대 이상,9639,5,1928,미확인,0.35,1,여,2026-01-20,공공데이터포털_경기도 수원시_지역화폐 결제 정보_20260120
2025-11,수원시 영통구,영통3동,레저/문화 용품,60대 이상,404608,12,33717,미확인,0.35,1,여,2026-01-20,공공데이터포털_경기도 수원시_지역화폐 결제 정보_20260120
2025-11,수원시 영통구,영통3동,레저/스포츠 서비스,60대 이상,1008177,41,24590,미확인,0.35,1,여,2026-01-20,공공데이터포털_경기도 수원시_지역화폐 결제 정보_20260120
2025-11,수원시 영통구,영통3동,문화/취미,60대 이상,44320,36,1231,미확인,0.35,1,여,2026-01-20,공공데이터포털_경기도 수원시_지역화폐 결제 정보_20260120
2025-11,수원시 영통구,영통3동,미용/위생,60대 이상,2300745,194,11860,미확인,0.35,1,여,2026-01-20,공공데이터포털_경기도 수원시_지역화폐 결제 정보_20260120
2025-11,수원시 영통구,영통3동,서적/문구/학습자재,60대 이상,1137719,53,21466,미확인,0.35,1,여,2026-01-20,공공데이터포털_경기도 수원시_지역화폐 결제 정보_20260120
2025-11,수원시 영통구,영통3동,숙박업,60대 이상,2310,1,2310,미확인,0.35,1,여,2026-01-20,공공데이터포털_경기도 수원시_지역화폐 결제 정보_20260120
2025-11,수원시 영통구,영통3동,신변잡화,60대 이상,124297,4,31074,미확인,0.35,1,여,2026-01-20,공공데이터포털_경기도 수원시_지역화폐 결제 정보_20260120
2025-11,수원시 영통구,영통3동,약국,60대 이상,1274432,341,3737,미확인,0.35,1,여,2026-01-20,공공데이터포털_경기도 수원시_지역화폐 결제 정보_20260120
2025-11,수원시 영통구,영통3동,용역서비스,60대 이상,761768,56,13603,미확인,0.35,1,여,2026-01-20,공공데이터포털_경기도 수원시_지역화폐 결제 정보_20260120
2025-11,수원시 영통구,영통3동,음료/식품,60대 이상,5469902,961,5692,미확인,0.35,1,여,2026-01-20,공공데이터포털_경기도 수원시_지역화폐 결제 정보_20260120
2025-11,수원시 영통구,영통3동,의류,60대 이상,105194,6,17532,미확인,0.35,1,여,2026-01-20,공공데이터포털_경기도 수원시_지역화폐 결제 정보_20260120
2025-11,수원시 영통구,영통3동,의원,60대 이상,2712636,474,5723,미확인,0.35,1,여,2026-01-20,공공데이터포털_경기도 수원시_지역화폐 결제 정보_20260120
2025-11,수원시 영통구,영통3동,일반/휴게 음식,60대 이상,7129862,1777,4012,미확인,0.35,1,여,2026-01-20,공공데이터포털_경기도 수원시_지역화폐 결제 정보_20260120
2025-11,수원시 영통구,영통3동,일반유통,60대 이상,1358396,524,2592,미확인,0.35,1,여,2026-01-20,공공데이터포털_경기도 수원시_지역화폐 결제 정보_20260120
2025-11,수원시 영통구,영통3동,자동차 정비/유지,60대 이상,98867,5,19773,미확인,0.35,1,여,2026-01-20,공공데이터포털_경기도 수원시_지역화폐 결제 정보_20260120
2025-11,수원시 영통구,영통3동,자동차판매,60대 이상,4980,2,2490,미확인,0.35,1,여,2026-01-20,공공데이터포털_경기도 수원시_지역화폐 결제 정보_20260120
2025-11,수원시 영통구,영통3동,주방용품,60대 이상,77570,2,38785,미확인,0.35,1,여,2026-01-20,공공데이터포털_경기도 수원시_지역화폐 결제 정보_20260120
2025-11,수원시 영통구,영통3동,주유/충전소,60대 이상,793079,71,11170,미확인,0.35,1,여,2026-01-20,공공데이터포털_경기도 수원시_지역화폐 결제 정보_20260120
2025-11,수원시 영통구,영통3동,직물/침구류,60대 이상,90697,11,8245,미확인,0.35,1,여,2026-01-20,공공데이터포털_경기도 수원시_지역화폐 결제 정보_20260120
2025-11,수원시 영통구,영통3동,학원,60대 이상,2367288,74,31990,미확인,0.35,1,여,2026-01-20,공공데이터포털_경기도 수원시_지역화폐 결제 정보_20260120
2025-11,수원시 영통구,영통3동,회원정보미상,60대 이상,443700,30,14790,미확인,0.35,1,여,2026-01-20,공공데이터포털_경기도 수원시_지역화폐 결제 정보_20260120
2025-11,수원시 영통구,영통3동,회원정보미상,60대 이상,443700,30,14790,미확인,0.35,1,여,2026-01-20,공공데이터포털_경기도 수원시_지역화폐 결제 정보_20260120
2025-11,수원시 영통구,영통3동,미용/위생,60대 이상,45000,1,45000,미확인,0.35,1,여,2026-01-20,공공데이터포털_경기도 수원시_지역화폐 결제 정보_20260120
2025-11,수원시 영통구,영통3동,약국,60대 이상,24500,2,12250,미확인,0.35,1,여,2026-01-20,공공데이터포털_경기도 수원시_지역화폐 결제 정보_20260120
2025-11,수원시 영통구,영통3동,음료/식품,60대 이상,171100,3,57033,미확인,0.35,1,여,2026-01-20,공공데이터포털_경기도 수원시_지역화폐 결제 정보_20260120
2025-11,수원시 영통구,영통3동,의원,60대 이상,27600,5,5520,미확인,0.35,1,여,2026-01-20,공공데이터포털_경기도 수원시_지역화폐 결제 정보_20260120
2025-11,수원시 영통구,영통3동,일반/휴게 음식,60대 이상,85500,8,10688,미확인,0.35,1,여,2026-01-20,공공데이터포털_경기도 수원시_지역화폐 결제 정보_20260120
2025-11,수원시 영통구,영통3동,일반유통,60대 이상,90000,9,10000,미확인,0.35,1,여,2026-01-20,공공데이터포털_경기도 수원시_지역화폐 결제 정보_20260120
2025-11,수원시 영통구,원천동,레저/스포츠 서비스,10대,23335,7,3334,미확인,0.35,1,남,2026-01-20,공공데이터포털_경기도 수원시_지역화폐 결제 정보_20260120
2025-11,수원시 영통구,원천동,미용/위생,10대,152978,5,30596,미확인,0.35,1,남,2026-01-20,공공데이터포털_경기도 수원시_지역화폐 결제 정보_20260120
2025-11,수원시 영통구,원천동,병원,10대,3900,1,3900,미확인,0.35,1,남,2026-01-20,공공데이터포털_경기도 수원시_지역화폐 결제 정보_20260120
2025-11,수원시 영통구,원천동,서적/문구/학습자재,10대,1876,2,938,미확인,0.35,1,남,2026-01-20,공공데이터포털_경기도 수원시_지역화폐 결제 정보_20260120
2025-11,수원시 영통구,원천동,약국,10대,10200,1,10200,미확인,0.35,1,남,2026-01-20,공공데이터포털_경기도 수원시_지역화폐 결제 정보_20260120
2025-11,수원시 영통구,원천동,용역서비스,10대,39324,11,3575,미확인,0.35,1,남,2026-01-20,공공데이터포털_경기도 수원시_지역화폐 결제 정보_20260120
2025-11,수원시 영통구,원천동,음료/식품,10대,62531,29,2156,미확인,0.35,1,남,2026-01-20,공공데이터포털_경기도 수원시_지역화폐 결제 정보_20260120
2025-11,수원시 영통구,원천동,의원,10대,80348,5,16070,미확인,0.35,1,남,2026-01-20,공공데이터포털_경기도 수원시_지역화폐 결제 정보_20260120
2025-11,수원시 영통구,원천동,일반/휴게 음식,10대,538430,75,7179,미확인,0.35,1,남,2026-01-20,공공데이터포털_경기도 수원시_지역화폐 결제 정보_20260120
2025-11,수원시 영통구,원천동,일반유통,10대,166839,71,2350,미확인,0.35,1,남,2026-01-20,공공데이터포털_경기도 수원시_지역화폐 결제 정보_20260120
2025-11,수원시 영통구,원천동,자동차 정비/유지,10대,24220,2,12110,미확인,0.35,1,남,2026-01-20,공공데이터포털_경기도 수원시_지역화폐 결제 정보_20260120
2025-11,수원시 영통구,원천동,학원,10대,336686,8,42086,미확인,0.35,1,남,2026-01-20,공공데이터포털_경기도 수원시_지역화폐 결제 정보_20260120
2025-11,수원시 영통구,원천동,기타의료,20대,156136,3,52045,미확인,0.35,1,남,2026-01-20,공공데이터포털_경기도 수원시_지역화폐 결제 정보_20260120
2025-11,수원시 영통구,원천동,레저/스포츠 서비스,20대,656250,267,2458,미확인,0.35,1,남,2026-01-20,공공데이터포털_경기도 수원시_지역화폐 결제 정보_20260120
2025-11,수원시 영통구,원천동,문화/취미,20대,491707,74,6645,미확인,0.35,1,남,2026-01-20,공공데이터포털_경기도 수원시_지역화폐 결제 정보_20260120
2025-11,수원시 영통구,원천동,미용/위생,20대,2532943,77,32895,미확인,0.35,1,남,2026-01-20,공공데이터포털_경기도 수원시_지역화폐 결제 정보_20260120
2025-11,수원시 영통구,원천동,사무/통신,20대,2820,1,2820,미확인,0.35,1,남,2026-01-20,공공데이터포털_경기도 수원시_지역화폐 결제 정보_20260120
2025-11,수원시 영통구,원천동,서적/문구/학습자재,20대,185558,19,9766,미확인,0.35,1,남,2026-01-20,공공데이터포털_경기도 수원시_지역화폐 결제 정보_20260120
2025-11,수원시 영통구,원천동,약국,20대,334925,42,7974,미확인,0.35,1,남,2026-01-20,공공데이터포털_경기도 수원시_지역화폐 결제 정보_20260120
2025-11,수원시 영통구,원천동,용역서비스,20대,306063,76,4027,미확인,0.35,1,남,2026-01-20,공공데이터포털_경기도 수원시_지역화폐 결제 정보_20260120
2025-11,수원시 영통구,원천동,음료/식품,20대,1433866,187,7668,미확인,0.35,1,남,2026-01-20,공공데이터포털_경기도 수원시_지역화폐 결제 정보_20260120
2025-11,수원시 영통구,원천동,의류,20대,2804,1,2804,미확인,0.35,1,남,2026-01-20,공공데이터포털_경기도 수원시_지역화폐 결제 정보_20260120
2025-11,수원시 영통구,원천동,의원,20대,586779,20,29339,미확인,0.35,1,남,2026-01-20,공공데이터포털_경기도 수원시_지역화폐 결제 정보_20260120
2025-11,수원시 영통구,원천동,일반/휴게 음식,20대,10405718,1590,6544,미확인,0.35,1,남,2026-01-20,공공데이터포털_경기도 수원시_지역화폐 결제 정보_20260120
2025-11,수원시 영통구,원천동,일반유통,20대,2523058,772,3268,미확인,0.35,1,남,2026-01-20,공공데이터포털_경기도 수원시_지역화폐 결제 정보_20260120
2025-11,수원시 영통구,원천동,자동차 정비/유지,20대,557431,7,79633,미확인,0.35,1,남,2026-01-20,공공데이터포털_경기도 수원시_지역화폐 결제 정보_20260120
2025-11,수원시 영통구,원천동,직물/침구류,20대,417,1,417,미확인,0.35,1,남,2026-01-20,공공데이터포털_경기도 수원시_지역화폐 결제 정보_20260120
2025-11,수원시 영통구,원천동,학원,20대,170213,8,21277,미확인,0.35,1,남,2026-01-20,공공데이터포털_경기도 수원시_지역화폐 결제 정보_20260120
2025-11,수원시 영통구,원천동,건축자재,30대,3393,5,679,미확인,0.35,1,남,2026-01-20,공공데이터포털_경기도 수원시_지역화폐 결제 정보_20260120
2025-11,수원시 영통구,원천동,기타유통,30대,758,1,758,미확인,0.35,1,남,2026-01-20,공공데이터포털_경기도 수원시_지역화폐 결제 정보_20260120
2025-11,수원시 영통구,원천동,기타의료,30대,781626,19,41138,미확인,0.35,1,남,2026-01-20,공공데이터포털_경기도 수원시_지역화폐 결제 정보_20260120
2025-11,수원시 영통구,원천동,레저/문화 용품,30대,126049,10,12605,미확인,0.35,1,남,2026-01-20,공공데이터포털_경기도 수원시_지역화폐 결제 정보_20260120
2025-11,수원시 영통구,원천동,레저/스포츠 서비스,30대,1069765,186,5751,미확인,0.35,1,남,2026-01-20,공공데이터포털_경기도 수원시_지역화폐 결제 정보_20260120
2025-11,수원시 영통구,원천동,문화/취미,30대,483060,116,4164,미확인,0.35,1,남,2026-01-20,공공데이터포털_경기도 수원시_지역화폐 결제 정보_20260120
2025-11,수원시 영통구,원천동,미용/위생,30대,1791352,170,10537,미확인,0.35,1,남,2026-01-20,공공데이터포털_경기도 수원시_지역화폐 결제 정보_20260120
2025-11,수원시 영통구,원천동,병원,30대,4598,7,657,미확인,0.35,1,남,2026-01-20,공공데이터포털_경기도 수원시_지역화폐 결제 정보_20260120
2025-11,수원시 영통구,원천동,서적/문구/학습자재,30대,1114676,28,39810,미확인,0.35,1,남,2026-01-20,공공데이터포털_경기도 수원시_지역화폐 결제 정보_20260120
2025-11,수원시 영통구,원천동,약국,30대,1293169,226,5722,미확인,0.35,1,남,2026-01-20,공공데이터포털_경기도 수원시_지역화폐 결제 정보_20260120
2025-11,수원시 영통구,원천동,용역서비스,30대,500975,167,3000,미확인,0.35,1,남,2026-01-20,공공데이터포털_경기도 수원시_지역화폐 결제 정보_20260120
2025-11,수원시 영통구,원천동,음료/식품,30대,2354921,638,3691,미확인,0.35,1,남,2026-01-20,공공데이터포털_경기도 수원시_지역화폐 결제 정보_20260120
2025-11,수원시 영통구,원천동,의류,30대,7396,2,3698,미확인,0.35,1,남,2026-01-20,공공데이터포털_경기도 수원시_지역화폐 결제 정보_20260120
2025-11,수원시 영통구,원천동,의원,30대,1266710,135,9383,미확인,0.35,1,남,2026-01-20,공공데이터포털_경기도 수원시_지역화폐 결제 정보_20260120
2025-11,수원시 영통구,원천동,일반/휴게 음식,30대,10310543,2787,3700,미확인,0.35,1,남,2026-01-20,공공데이터포털_경기도 수원시_지역화폐 결제 정보_20260120
2025-11,수원시 영통구,원천동,일반유통,30대,2315290,1490,1554,미확인,0.35,1,남,2026-01-20,공공데이터포털_경기도 수원시_지역화폐 결제 정보_20260120
2025-11,수원시 영통구,원천동,자동차 정비/유지,30대,1369512,57,24027,미확인,0.35,1,남,2026-01-20,공공데이터포털_경기도 수원시_지역화폐 결제 정보_20260120
2025-11,수원시 영통구,원천동,주방용품,30대,50750,1,50750,미확인,0.35,1,남,2026-01-20,공공데이터포털_경기도 수원시_지역화폐 결제 정보_20260120
2025-11,수원시 영통구,원천동,직물/침구류,30대,6819,2,3410,미확인,0.35,1,남,2026-01-20,공공데이터포털_경기도 수원시_지역화폐 결제 정보_20260120
2025-11,수원시 영통구,원천동,학원,30대,1804313,59,30582,미확인,0.35,1,남,2026-01-20,공공데이터포털_경기도 수원시_지역화폐 결제 정보_20260120
2025-11,수원시 영통구,원천동,가구,40대,43660,1,43660,미확인,0.35,1,남,2026-01-20,공공데이터포털_경기도 수원시_지역화폐 결제 정보_20260120
2025-11,수원시 영통구,원천동,건축자재,40대,18155,3,6052,미확인,0.35,1,남,2026-01-20,공공데이터포털_경기도 수원시_지역화폐 결제 정보_20260120
2025-11,수원시 영통구,원천동,기타유통,40대,11140,2,5570,미확인,0.35,1,남,2026-01-20,공공데이터포털_경기도 수원시_지역화폐 결제 정보_20260120
2025-11,수원시 영통구,원천동,기타의료,40대,510755,13,39289,미확인,0.35,1,남,2026-01-20,공공데이터포털_경기도 수원시_지역화폐 결제 정보_20260120
2025-11,수원시 영통구,원천동,레저/문화 용품,40대,312701,13,24054,미확인,0.35,1,남,2026-01-20,공공데이터포털_경기도 수원시_지역화폐 결제 정보_20260120
2025-11,수원시 영통구,원천동,레저/스포츠 서비스,40대,961095,184,5223,미확인,0.35,1,남,2026-01-20,공공데이터포털_경기도 수원시_지역화폐 결제 정보_20260120
2025-11,수원시 영통구,원천동,문화/취미,40대,398457,252,1581,미확인,0.35,1,남,2026-01-20,공공데이터포털_경기도 수원시_지역화폐 결제 정보_20260120
2025-11,수원시 영통구,원천동,미용/위생,40대,2139290,247,8661,미확인,0.35,1,남,2026-01-20,공공데이터포털_경기도 수원시_지역화폐 결제 정보_20260120
2025-11,수원시 영통구,원천동,병원,40대,33669,15,2245,미확인,0.35,1,남,2026-01-20,공공데이터포털_경기도 수원시_지역화폐 결제 정보_20260120
2025-11,수원시 영통구,원천동,서적/문구/학습자재,40대,867591,71,12220,미확인,0.35,1,남,2026-01-20,공공데이터포털_경기도 수원시_지역화폐 결제 정보_20260120
2025-11,수원시 영통구,원천동,신변잡화,40대,4007,5,801,미확인,0.35,1,남,2026-01-20,공공데이터포털_경기도 수원시_지역화폐 결제 정보_20260120
2025-11,수원시 영통구,원천동,약국,40대,1492078,531,2810,미확인,0.35,1,남,2026-01-20,공공데이터포털_경기도 수원시_지역화폐 결제 정보_20260120
2025-11,수원시 영통구,원천동,용역서비스,40대,882268,157,5620,미확인,0.35,1,남,2026-01-20,공공데이터포털_경기도 수원시_지역화폐 결제 정보_20260120
2025-11,수원시 영통구,원천동,음료/식품,40대,3634563,1412,2574,미확인,0.35,1,남,2026-01-20,공공데이터포털_경기도 수원시_지역화폐 결제 정보_20260120
2025-11,수원시 영통구,원천동,의류,40대,50617,7,7231,미확인,0.35,1,남,2026-01-20,공공데이터포털_경기도 수원시_지역화폐 결제 정보_20260120
2025-11,수원시 영통구,원천동,의원,40대,2845036,396,7184,미확인,0.35,1,남,2026-01-20,공공데이터포털_경기도 수원시_지역화폐 결제 정보_20260120
2025-11,수원시 영통구,원천동,일반/휴게 음식,40대,13060567,3909,3341,미확인,0.35,1,남,2026-01-20,공공데이터포털_경기도 수원시_지역화폐 결제 정보_20260120
2025-11,수원시 영통구,원천동,일반유통,40대,3386978,2023,1674,미확인,0.35,1,남,2026-01-20,공공데이터포털_경기도 수원시_지역화폐 결제 정보_20260120
2025-11,수원시 영통구,원천동,자동차 정비/유지,40대,1061730,59,17995,미확인,0.35,1,남,2026-01-20,공공데이터포털_경기도 수원시_지역화폐 결제 정보_20260120
2025-11,수원시 영통구,원천동,학원,40대,16893561,543,31112,미확인,0.35,1,남,2026-01-20,공공데이터포털_경기도 수원시_지역화폐 결제 정보_20260120
2025-11,수원시 영통구,원천동,건축자재,50대,115842,12,9654,미확인,0.35,1,남,2026-01-20,공공데이터포털_경기도 수원시_지역화폐 결제 정보_20260120
2025-11,수원시 영통구,원천동,기타유통,50대,1604,1,1604,미확인,0.35,1,남,2026-01-20,공공데이터포털_경기도 수원시_지역화폐 결제 정보_20260120
2025-11,수원시 영통구,원천동,기타의료,50대,109256,20,5463,미확인,0.35,1,남,2026-01-20,공공데이터포털_경기도 수원시_지역화폐 결제 정보_20260120
2025-11,수원시 영통구,원천동,레저/문화 용품,50대,219478,14,15677,미확인,0.35,1,남,2026-01-20,공공데이터포털_경기도 수원시_지역화폐 결제 정보_20260120
2025-11,수원시 영통구,원천동,레저/스포츠 서비스,50대,626142,125,5009,미확인,0.35,1,남,2026-01-20,공공데이터포털_경기도 수원시_지역화폐 결제 정보_20260120
2025-11,수원시 영통구,원천동,문화/취미,50대,237076,25,9483,미확인,0.35,1,남,2026-01-20,공공데이터포털_경기도 수원시_지역화폐 결제 정보_20260120
2025-11,수원시 영통구,원천동,미용/위생,50대,952785,122,7810,미확인,0.35,1,남,2026-01-20,공공데이터포털_경기도 수원시_지역화폐 결제 정보_20260120
2025-11,수원시 영통구,원천동,병원,50대,9969,3,3323,미확인,0.35,1,남,2026-01-20,공공데이터포털_경기도 수원시_지역화폐 결제 정보_20260120
2025-11,수원시 영통구,원천동,서적/문구/학습자재,50대,97625,23,4245,미확인,0.35,1,남,2026-01-20,공공데이터포털_경기도 수원시_지역화폐 결제 정보_20260120
2025-11,수원시 영통구,원천동,신변잡화,50대,36043,15,2403,미확인,0.35,1,남,2026-01-20,공공데이터포털_경기도 수원시_지역화폐 결제 정보_20260120
2025-11,수원시 영통구,원천동,약국,50대,830066,220,3773,미확인,0.35,1,남,2026-01-20,공공데이터포털_경기도 수원시_지역화폐 결제 정보_20260120
2025-11,수원시 영통구,원천동,용역서비스,50대,480890,92,5227,미확인,0.35,1,남,2026-01-20,공공데이터포털_경기도 수원시_지역화폐 결제 정보_20260120
2025-11,수원시 영통구,원천동,음료/식품,50대,1382972,424,3262,미확인,0.35,1,남,2026-01-20,공공데이터포털_경기도 수원시_지역화폐 결제 정보_20260120
2025-11,수원시 영통구,원천동,의류,50대,4368,1,4368,미확인,0.35,1,남,2026-01-20,공공데이터포털_경기도 수원시_지역화폐 결제 정보_20260120
2025-11,수원시 영통구,원천동,의원,50대,1105163,177,6244,미확인,0.35,1,남,2026-01-20,공공데이터포털_경기도 수원시_지역화폐 결제 정보_20260120
2025-11,수원시 영통구,원천동,일반/휴게 음식,50대,9003207,2554,3525,미확인,0.35,1,남,2026-01-20,공공데이터포털_경기도 수원시_지역화폐 결제 정보_20260120
2025-11,수원시 영통구,원천동,일반유통,50대,1879001,976,1925,미확인,0.35,1,남,2026-01-20,공공데이터포털_경기도 수원시_지역화폐 결제 정보_20260120
2025-11,수원시 영통구,원천동,자동차 정비/유지,50대,533237,30,17775,미확인,0.35,1,남,2026-01-20,공공데이터포털_경기도 수원시_지역화폐 결제 정보_20260120
2025-11,수원시 영통구,원천동,주방용품,50대,7000,1,7000,미확인,0.35,1,남,2026-01-20,공공데이터포털_경기도 수원시_지역화폐 결제 정보_20260120
2025-11,수원시 영통구,원천동,학원,50대,4240035,102,41569,미확인,0.35,1,남,2026-01-20,공공데이터포털_경기도 수원시_지역화폐 결제 정보_20260120
2025-11,수원시 영통구,원천동,건축자재,60대 이상,20491,7,2927,미확인,0.35,1,남,2026-01-20,공공데이터포털_경기도 수원시_지역화폐 결제 정보_20260120
2025-11,수원시 영통구,원천동,기타의료,60대 이상,22259,5,4452,미확인,0.35,1,남,2026-01-20,공공데이터포털_경기도 수원시_지역화폐 결제 정보_20260120
2025-11,수원시 영통구,원천동,레저/문화 용품,60대 이상,26275,5,5255,미확인,0.35,1,남,2026-01-20,공공데이터포털_경기도 수원시_지역화폐 결제 정보_20260120
2025-11,수원시 영통구,원천동,레저/스포츠 서비스,60대 이상,230878,45,5131,미확인,0.35,1,남,2026-01-20,공공데이터포털_경기도 수원시_지역화폐 결제 정보_20260120
2025-11,수원시 영통구,원천동,문화/취미,60대 이상,101188,14,7228,미확인,0.35,1,남,2026-01-20,공공데이터포털_경기도 수원시_지역화폐 결제 정보_20260120
2025-11,수원시 영통구,원천동,미용/위생,60대 이상,272948,37,7377,미확인,0.35,1,남,2026-01-20,공공데이터포털_경기도 수원시_지역화폐 결제 정보_20260120
2025-11,수원시 영통구,원천동,병원,60대 이상,2543,3,848,미확인,0.35,1,남,2026-01-20,공공데이터포털_경기도 수원시_지역화폐 결제 정보_20260120
2025-11,수원시 영통구,원천동,신변잡화,60대 이상,3182,3,1061,미확인,0.35,1,남,2026-01-20,공공데이터포털_경기도 수원시_지역화폐 결제 정보_20260120
2025-11,수원시 영통구,원천동,약국,60대 이상,518678,112,4631,미확인,0.35,1,남,2026-01-20,공공데이터포털_경기도 수원시_지역화폐 결제 정보_20260120
2025-11,수원시 영통구,원천동,용역서비스,60대 이상,58786,19,3094,미확인,0.35,1,남,2026-01-20,공공데이터포털_경기도 수원시_지역화폐 결제 정보_20260120
2025-11,수원시 영통구,원천동,음료/식품,60대 이상,729602,189,3860,미확인,0.35,1,남,2026-01-20,공공데이터포털_경기도 수원시_지역화폐 결제 정보_20260120
2025-11,수원시 영통구,원천동,의류,60대 이상,138324,3,46108,미확인,0.35,1,남,2026-01-20,공공데이터포털_경기도 수원시_지역화폐 결제 정보_20260120
2025-11,수원시 영통구,원천동,의원,60대 이상,532657,89,5985,미확인,0.35,1,남,2026-01-20,공공데이터포털_경기도 수원시_지역화폐 결제 정보_20260120
2025-11,수원시 영통구,원천동,일반/휴게 음식,60대 이상,3223294,858,3757,미확인,0.35,1,남,2026-01-20,공공데이터포털_경기도 수원시_지역화폐 결제 정보_20260120
2025-11,수원시 영통구,원천동,일반유통,60대 이상,887564,419,2118,미확인,0.35,1,남,2026-01-20,공공데이터포털_경기도 수원시_지역화폐 결제 정보_20260120
2025-11,수원시 영통구,원천동,자동차 정비/유지,60대 이상,383790,14,27414,미확인,0.35,1,남,2026-01-20,공공데이터포털_경기도 수원시_지역화폐 결제 정보_20260120
2025-11,수원시 영통구,원천동,주방용품,60대 이상,10356,2,5178,미확인,0.35,1,남,2026-01-20,공공데이터포털_경기도 수원시_지역화폐 결제 정보_20260120
2025-11,수원시 영통구,원천동,직물/침구류,60대 이상,36480,4,9120,미확인,0.35,1,남,2026-01-20,공공데이터포털_경기도 수원시_지역화폐 결제 정보_20260120
2025-11,수원시 영통구,원천동,학원,60대 이상,438825,9,48758,미확인,0.35,1,남,2026-01-20,공공데이터포털_경기도 수원시_지역화폐 결제 정보_20260120
2025-11,수원시 영통구,원천동,레저/스포츠 서비스,10대,8149,3,2716,미확인,0.35,1,여,2026-01-20,공공데이터포털_경기도 수원시_지역화폐 결제 정보_20260120
2025-11,수원시 영통구,원천동,미용/위생,10대,13226,2,6613,미확인,0.35,1,여,2026-01-20,공공데이터포털_경기도 수원시_지역화폐 결제 정보_20260120
2025-11,수원시 영통구,원천동,서적/문구/학습자재,10대,3354,3,1118,미확인,0.35,1,여,2026-01-20,공공데이터포털_경기도 수원시_지역화폐 결제 정보_20260120
2025-11,수원시 영통구,원천동,약국,10대,62036,5,12407,미확인,0.35,1,여,2026-01-20,공공데이터포털_경기도 수원시_지역화폐 결제 정보_20260120
2025-11,수원시 영통구,원천동,용역서비스,10대,50861,9,5651,미확인,0.35,1,여,2026-01-20,공공데이터포털_경기도 수원시_지역화폐 결제 정보_20260120
2025-11,수원시 영통구,원천동,음료/식품,10대,88951,35,2541,미확인,0.35,1,여,2026-01-20,공공데이터포털_경기도 수원시_지역화폐 결제 정보_20260120
2025-11,수원시 영통구,원천동,의원,10대,100808,7,14401,미확인,0.35,1,여,2026-01-20,공공데이터포털_경기도 수원시_지역화폐 결제 정보_20260120
2025-11,수원시 영통구,원천동,일반/휴게 음식,10대,491116,106,4633,미확인,0.35,1,여,2026-01-20,공공데이터포털_경기도 수원시_지역화폐 결제 정보_20260120
2025-11,수원시 영통구,원천동,일반유통,10대,130425,60,2174,미확인,0.35,1,여,2026-01-20,공공데이터포털_경기도 수원시_지역화폐 결제 정보_20260120
2025-11,수원시 영통구,원천동,학원,10대,392723,10,39272,미확인,0.35,1,여,2026-01-20,공공데이터포털_경기도 수원시_지역화폐 결제 정보_20260120
2025-11,수원시 영통구,원천동,건축자재,20대,3025,1,3025,미확인,0.35,1,여,2026-01-20,공공데이터포털_경기도 수원시_지역화폐 결제 정보_20260120
2025-11,수원시 영통구,원천동,기타의료,20대,225419,8,28177,미확인,0.35,1,여,2026-01-20,공공데이터포털_경기도 수원시_지역화폐 결제 정보_20260120
2025-11,수원시 영통구,원천동,레저/문화 용품,20대,50000,2,25000,미확인,0.35,1,여,2026-01-20,공공데이터포털_경기도 수원시_지역화폐 결제 정보_20260120
2025-11,수원시 영통구,원천동,레저/스포츠 서비스,20대,1269095,188,6751,미확인,0.35,1,여,2026-01-20,공공데이터포털_경기도 수원시_지역화폐 결제 정보_20260120
2025-11,수원시 영통구,원천동,문화/취미,20대,386628,183,2113,미확인,0.35,1,여,2026-01-20,공공데이터포털_경기도 수원시_지역화폐 결제 정보_20260120
2025-11,수원시 영통구,원천동,미용/위생,20대,2646091,83,31881,미확인,0.35,1,여,2026-01-20,공공데이터포털_경기도 수원시_지역화폐 결제 정보_20260120
2025-11,수원시 영통구,원천동,병원,20대,8283,2,4142,미확인,0.35,1,여,2026-01-20,공공데이터포털_경기도 수원시_지역화폐 결제 정보_20260120
2025-11,수원시 영통구,원천동,서적/문구/학습자재,20대,140994,41,3439,미확인,0.35,1,여,2026-01-20,공공데이터포털_경기도 수원시_지역화폐 결제 정보_20260120
2025-11,수원시 영통구,원천동,약국,20대,421995,110,3836,미확인,0.35,1,여,2026-01-20,공공데이터포털_경기도 수원시_지역화폐 결제 정보_20260120
2025-11,수원시 영통구,원천동,용역서비스,20대,459634,84,5472,미확인,0.35,1,여,2026-01-20,공공데이터포털_경기도 수원시_지역화폐 결제 정보_20260120
2025-11,수원시 영통구,원천동,음료/식품,20대,1147575,244,4703,미확인,0.35,1,여,2026-01-20,공공데이터포털_경기도 수원시_지역화폐 결제 정보_20260120
2025-11,수원시 영통구,원천동,의류,20대,202734,2,101367,미확인,0.35,1,여,2026-01-20,공공데이터포털_경기도 수원시_지역화폐 결제 정보_20260120
2025-11,수원시 영통구,원천동,의원,20대,553353,49,11293,미확인,0.35,1,여,2026-01-20,공공데이터포털_경기도 수원시_지역화폐 결제 정보_20260120
2025-11,수원시 영통구,원천동,일반/휴게 음식,20대,11128393,2140,5200,미확인,0.35,1,여,2026-01-20,공공데이터포털_경기도 수원시_지역화폐 결제 정보_20260120
2025-11,수원시 영통구,원천동,일반유통,20대,2574940,746,3452,미확인,0.35,1,여,2026-01-20,공공데이터포털_경기도 수원시_지역화폐 결제 정보_20260120
2025-11,수원시 영통구,원천동,자동차 정비/유지,20대,206722,3,68907,미확인,0.35,1,여,2026-01-20,공공데이터포털_경기도 수원시_지역화폐 결제 정보_20260120
2025-11,수원시 영통구,원천동,직물/침구류,20대,36871,2,18436,미확인,0.35,1,여,2026-01-20,공공데이터포털_경기도 수원시_지역화폐 결제 정보_20260120
2025-11,수원시 영통구,원천동,학원,20대,1121026,19,59001,미확인,0.35,1,여,2026-01-20,공공데이터포털_경기도 수원시_지역화폐 결제 정보_20260120
2025-11,수원시 영통구,원천동,기타유통,30대,1665,2,832,미확인,0.35,1,여,2026-01-20,공공데이터포털_경기도 수원시_지역화폐 결제 정보_20260120
2025-11,수원시 영통구,원천동,기타의료,30대,2024133,33,61337,미확인,0.35,1,여,2026-01-20,공공데이터포털_경기도 수원시_지역화폐 결제 정보_20260120
2025-11,수원시 영통구,원천동,레저/문화 용품,30대,158154,5,31631,미확인,0.35,1,여,2026-01-20,공공데이터포털_경기도 수원시_지역화폐 결제 정보_20260120
2025-11,수원시 영통구,원천동,레저/스포츠 서비스,30대,1471688,167,8813,미확인,0.35,1,여,2026-01-20,공공데이터포털_경기도 수원시_지역화폐 결제 정보_20260120
2025-11,수원시 영통구,원천동,문화/취미,30대,523885,179,2927,미확인,0.35,1,여,2026-01-20,공공데이터포털_경기도 수원시_지역화폐 결제 정보_20260120
2025-11,수원시 영통구,원천동,미용/위생,30대,2333304,140,16666,미확인,0.35,1,여,2026-01-20,공공데이터포털_경기도 수원시_지역화폐 결제 정보_20260120
2025-11,수원시 영통구,원천동,병원,30대,12999,2,6500,미확인,0.35,1,여,2026-01-20,공공데이터포털_경기도 수원시_지역화폐 결제 정보_20260120
2025-11,수원시 영통구,원천동,서적/문구/학습자재,30대,1766205,62,28487,미확인,0.35,1,여,2026-01-20,공공데이터포털_경기도 수원시_지역화폐 결제 정보_20260120
2025-11,수원시 영통구,원천동,신변잡화,30대,3719,5,744,미확인,0.35,1,여,2026-01-20,공공데이터포털_경기도 수원시_지역화폐 결제 정보_20260120
2025-11,수원시 영통구,원천동,약국,30대,877591,360,2438,미확인,0.35,1,여,2026-01-20,공공데이터포털_경기도 수원시_지역화폐 결제 정보_20260120
2025-11,수원시 영통구,원천동,용역서비스,30대,1288823,117,11016,미확인,0.35,1,여,2026-01-20,공공데이터포털_경기도 수원시_지역화폐 결제 정보_20260120
2025-11,수원시 영통구,원천동,음료/식품,30대,4458047,1115,3998,미확인,0.35,1,여,2026-01-20,공공데이터포털_경기도 수원시_지역화폐 결제 정보_20260120
2025-11,수원시 영통구,원천동,의류,30대,236422,10,23642,미확인,0.35,1,여,2026-01-20,공공데이터포털_경기도 수원시_지역화폐 결제 정보_20260120
2025-11,수원시 영통구,원천동,의원,30대,1857638,249,7460,미확인,0.35,1,여,2026-01-20,공공데이터포털_경기도 수원시_지역화폐 결제 정보_20260120
2025-11,수원시 영통구,원천동,일반/휴게 음식,30대,12734891,3507,3631,미확인,0.35,1,여,2026-01-20,공공데이터포털_경기도 수원시_지역화폐 결제 정보_20260120
2025-11,수원시 영통구,원천동,일반유통,30대,2463432,1336,1844,미확인,0.35,1,여,2026-01-20,공공데이터포털_경기도 수원시_지역화폐 결제 정보_20260120
2025-11,수원시 영통구,원천동,자동차 정비/유지,30대,923137,23,40136,미확인,0.35,1,여,2026-01-20,공공데이터포털_경기도 수원시_지역화폐 결제 정보_20260120
2025-11,수원시 영통구,원천동,주방용품,30대,1333,1,1333,미확인,0.35,1,여,2026-01-20,공공데이터포털_경기도 수원시_지역화폐 결제 정보_20260120
2025-11,수원시 영통구,원천동,학원,30대,4273758,178,24010,미확인,0.35,1,여,2026-01-20,공공데이터포털_경기도 수원시_지역화폐 결제 정보_20260120
2025-11,수원시 영통구,원천동,건축자재,40대,3947,2,1974,미확인,0.35,1,여,2026-01-20,공공데이터포털_경기도 수원시_지역화폐 결제 정보_20260120
2025-11,수원시 영통구,원천동,기타유통,40대,16946,6,2824,미확인,0.35,1,여,2026-01-20,공공데이터포털_경기도 수원시_지역화폐 결제 정보_20260120
2025-11,수원시 영통구,원천동,기타의료,40대,551264,25,22051,미확인,0.35,1,여,2026-01-20,공공데이터포털_경기도 수원시_지역화폐 결제 정보_20260120
2025-11,수원시 영통구,원천동,레저/문화 용품,40대,198767,6,33128,미확인,0.35,1,여,2026-01-20,공공데이터포털_경기도 수원시_지역화폐 결제 정보_20260120
2025-11,수원시 영통구,원천동,레저/스포츠 서비스,40대,780211,139,5613,미확인,0.35,1,여,2026-01-20,공공데이터포털_경기도 수원시_지역화폐 결제 정보_20260120
2025-11,수원시 영통구,원천동,문화/취미,40대,561769,138,4071,미확인,0.35,1,여,2026-01-20,공공데이터포털_경기도 수원시_지역화폐 결제 정보_20260120
2025-11,수원시 영통구,원천동,미용/위생,40대,2805967,255,11004,미확인,0.35,1,여,2026-01-20,공공데이터포털_경기도 수원시_지역화폐 결제 정보_20260120
2025-11,수원시 영통구,원천동,병원,40대,72466,15,4831,미확인,0.35,1,여,2026-01-20,공공데이터포털_경기도 수원시_지역화폐 결제 정보_20260120
2025-11,수원시 영통구,원천동,서적/문구/학습자재,40대,1216745,110,11061,미확인,0.35,1,여,2026-01-20,공공데이터포털_경기도 수원시_지역화폐 결제 정보_20260120
2025-11,수원시 영통구,원천동,신변잡화,40대,6000,1,6000,미확인,0.35,1,여,2026-01-20,공공데이터포털_경기도 수원시_지역화폐 결제 정보_20260120
2025-11,수원시 영통구,원천동,약국,40대,1933758,743,2603,미확인,0.35,1,여,2026-01-20,공공데이터포털_경기도 수원시_지역화폐 결제 정보_20260120
2025-11,수원시 영통구,원천동,용역서비스,40대,1339702,212,6319,미확인,0.35,1,여,2026-01-20,공공데이터포털_경기도 수원시_지역화폐 결제 정보_20260120
2025-11,수원시 영통구,원천동,음료/식품,40대,6461729,2232,2895,미확인,0.35,1,여,2026-01-20,공공데이터포털_경기도 수원시_지역화폐 결제 정보_20260120
2025-11,수원시 영통구,원천동,의류,40대,159520,20,7976,미확인,0.35,1,여,2026-01-20,공공데이터포털_경기도 수원시_지역화폐 결제 정보_20260120
2025-11,수원시 영통구,원천동,의원,40대,3562026,563,6327,미확인,0.35,1,여,2026-01-20,공공데이터포털_경기도 수원시_지역화폐 결제 정보_20260120
2025-11,수원시 영통구,원천동,일반/휴게 음식,40대,18938465,6137,3086,미확인,0.35,1,여,2026-01-20,공공데이터포털_경기도 수원시_지역화폐 결제 정보_20260120
2025-11,수원시 영통구,원천동,일반유통,40대,3176462,1839,1727,미확인,0.35,1,여,2026-01-20,공공데이터포털_경기도 수원시_지역화폐 결제 정보_20260120
2025-11,수원시 영통구,원천동,자동차 정비/유지,40대,513718,33,15567,미확인,0.35,1,여,2026-01-20,공공데이터포털_경기도 수원시_지역화폐 결제 정보_20260120
2025-11,수원시 영통구,원천동,전자상거래,40대,24803,1,24803,미확인,0.35,1,여,2026-01-20,공공데이터포털_경기도 수원시_지역화폐 결제 정보_20260120
2025-11,수원시 영통구,원천동,주방용품,40대,63556,4,15889,미확인,0.35,1,여,2026-01-20,공공데이터포털_경기도 수원시_지역화폐 결제 정보_20260120
2025-11,수원시 영통구,원천동,학원,40대,19576513,701,27927,미확인,0.35,1,여,2026-01-20,공공데이터포털_경기도 수원시_지역화폐 결제 정보_20260120
2025-11,수원시 영통구,원천동,건축자재,50대,334660,4,83665,미확인,0.35,1,여,2026-01-20,공공데이터포털_경기도 수원시_지역화폐 결제 정보_20260120
2025-11,수원시 영통구,원천동,기타유통,50대,9841,4,2460,미확인,0.35,1,여,2026-01-20,공공데이터포털_경기도 수원시_지역화폐 결제 정보_20260120
2025-11,수원시 영통구,원천동,기타의료,50대,211188,22,9599,미확인,0.35,1,여,2026-01-20,공공데이터포털_경기도 수원시_지역화폐 결제 정보_20260120
2025-11,수원시 영통구,원천동,레저/문화 용품,50대,222412,4,55603,미확인,0.35,1,여,2026-01-20,공공데이터포털_경기도 수원시_지역화폐 결제 정보_20260120
2025-11,수원시 영통구,원천동,레저/스포츠 서비스,50대,225233,62,3633,미확인,0.35,1,여,2026-01-20,공공데이터포털_경기도 수원시_지역화폐 결제 정보_20260120
2025-11,수원시 영통구,원천동,문화/취미,50대,416877,50,8338,미확인,0.35,1,여,2026-01-20,공공데이터포털_경기도 수원시_지역화폐 결제 정보_20260120
2025-11,수원시 영통구,원천동,미용/위생,50대,1653569,134,12340,미확인,0.35,1,여,2026-01-20,공공데이터포털_경기도 수원시_지역화폐 결제 정보_20260120
2025-11,수원시 영통구,원천동,병원,50대,16240,11,1476,미확인,0.35,1,여,2026-01-20,공공데이터포털_경기도 수원시_지역화폐 결제 정보_20260120
2025-11,수원시 영통구,원천동,서적/문구/학습자재,50대,94135,24,3922,미확인,0.35,1,여,2026-01-20,공공데이터포털_경기도 수원시_지역화폐 결제 정보_20260120
2025-11,수원시 영통구,원천동,신변잡화,50대,5069,1,5069,미확인,0.35,1,여,2026-01-20,공공데이터포털_경기도 수원시_지역화폐 결제 정보_20260120
2025-11,수원시 영통구,원천동,약국,50대,963869,330,2921,미확인,0.35,1,여,2026-01-20,공공데이터포털_경기도 수원시_지역화폐 결제 정보_20260120
2025-11,수원시 영통구,원천동,용역서비스,50대,544385,132,4124,미확인,0.35,1,여,2026-01-20,공공데이터포털_경기도 수원시_지역화폐 결제 정보_20260120
2025-11,수원시 영통구,원천동,음료/식품,50대,2690201,701,3838,미확인,0.35,1,여,2026-01-20,공공데이터포털_경기도 수원시_지역화폐 결제 정보_20260120
2025-11,수원시 영통구,원천동,의류,50대,203852,25,8154,미확인,0.35,1,여,2026-01-20,공공데이터포털_경기도 수원시_지역화폐 결제 정보_20260120
2025-11,수원시 영통구,원천동,의원,50대,1243622,196,6345,미확인,0.35,1,여,2026-01-20,공공데이터포털_경기도 수원시_지역화폐 결제 정보_20260120
2025-11,수원시 영통구,원천동,일반/휴게 음식,50대,11264276,2979,3781,미확인,0.35,1,여,2026-01-20,공공데이터포털_경기도 수원시_지역화폐 결제 정보_20260120
2025-11,수원시 영통구,원천동,일반유통,50대,1700068,845,2012,미확인,0.35,1,여,2026-01-20,공공데이터포털_경기도 수원시_지역화폐 결제 정보_20260120
2025-11,수원시 영통구,원천동,자동차 정비/유지,50대,210258,17,12368,미확인,0.35,1,여,2026-01-20,공공데이터포털_경기도 수원시_지역화폐 결제 정보_20260120
2025-11,수원시 영통구,원천동,전자상거래,50대,17489,1,17489,미확인,0.35,1,여,2026-01-20,공공데이터포털_경기도 수원시_지역화폐 결제 정보_20260120
2025-11,수원시 영통구,원천동,주방용품,50대,10658,1,10658,미확인,0.35,1,여,2026-01-20,공공데이터포털_경기도 수원시_지역화폐 결제 정보_20260120
2025-11,수원시 영통구,원천동,직물/침구류,50대,42388,3,14129,미확인,0.35,1,여,2026-01-20,공공데이터포털_경기도 수원시_지역화폐 결제 정보_20260120
2025-11,수원시 영통구,원천동,학원,50대,1523422,46,33118,미확인,0.35,1,여,2026-01-20,공공데이터포털_경기도 수원시_지역화폐 결제 정보_20260120
2025-11,수원시 영통구,원천동,미용/위생,60대 이상,812401,74,10978,미확인,0.35,1,여,2026-01-20,공공데이터포털_경기도 수원시_지역화폐 결제 정보_20260120
2025-11,수원시 영통구,원천동,용역서비스,60대 이상,109392,32,3418,미확인,0.35,1,여,2026-01-20,공공데이터포털_경기도 수원시_지역화폐 결제 정보_20260120
2025-11,수원시 영통구,원천동,음료/식품,60대 이상,1266483,289,4382,미확인,0.35,1,여,2026-01-20,공공데이터포털_경기도 수원시_지역화폐 결제 정보_20260120
2025-11,수원시 영통구,원천동,의류,60대 이상,178739,16,11171,미확인,0.35,1,여,2026-01-20,공공데이터포털_경기도 수원시_지역화폐 결제 정보_20260120
2025-11,수원시 영통구,원천동,일반/휴게 음식,60대 이상,3211280,813,3950,미확인,0.35,1,여,2026-01-20,공공데이터포털_경기도 수원시_지역화폐 결제 정보_20260120
2025-11,수원시 권선구,입북동,미용/위생,10대,12041,3,4014,미확인,0.35,1,남,2026-01-20,공공데이터포털_경기도 수원시_지역화폐 결제 정보_20260120
2025-11,수원시 권선구,입북동,약국,10대,5630,3,1877,미확인,0.35,1,남,2026-01-20,공공데이터포털_경기도 수원시_지역화폐 결제 정보_20260120
2025-11,수원시 권선구,입북동,용역서비스,10대,10507,3,3502,미확인,0.35,1,남,2026-01-20,공공데이터포털_경기도 수원시_지역화폐 결제 정보_20260120
2025-11,수원시 권선구,입북동,음료/식품,10대,70006,14,5000,미확인,0.35,1,남,2026-01-20,공공데이터포털_경기도 수원시_지역화폐 결제 정보_20260120
2025-11,수원시 권선구,입북동,의원,10대,13203,4,3301,미확인,0.35,1,남,2026-01-20,공공데이터포털_경기도 수원시_지역화폐 결제 정보_20260120
2025-11,수원시 권선구,입북동,일반/휴게 음식,10대,118715,20,5936,미확인,0.35,1,남,2026-01-20,공공데이터포털_경기도 수원시_지역화폐 결제 정보_20260120
2025-11,수원시 권선구,입북동,일반유통,10대,88596,18,4922,미확인,0.35,1,남,2026-01-20,공공데이터포털_경기도 수원시_지역화폐 결제 정보_20260120
2025-11,수원시 권선구,입북동,자동차판매,10대,1258,1,1258,미확인,0.35,1,남,2026-01-20,공공데이터포털_경기도 수원시_지역화폐 결제 정보_20260120
2025-11,수원시 권선구,입북동,학원,10대,102349,3,34116,미확인,0.35,1,남,2026-01-20,공공데이터포털_경기도 수원시_지역화폐 결제 정보_20260120
2025-11,수원시 권선구,입북동,레저/스포츠 서비스,20대,15293,6,2549,미확인,0.35,1,남,2026-01-20,공공데이터포털_경기도 수원시_지역화폐 결제 정보_20260120
2025-11,수원시 권선구,입북동,문화/취미,20대,22386,1,22386,미확인,0.35,1,남,2026-01-20,공공데이터포털_경기도 수원시_지역화폐 결제 정보_20260120
2025-11,수원시 권선구,입북동,미용/위생,20대,282491,18,15694,미확인,0.35,1,남,2026-01-20,공공데이터포털_경기도 수원시_지역화폐 결제 정보_20260120
2025-11,수원시 권선구,입북동,약국,20대,242648,17,14273,미확인,0.35,1,남,2026-01-20,공공데이터포털_경기도 수원시_지역화폐 결제 정보_20260120
2025-11,수원시 권선구,입북동,용역서비스,20대,136374,15,9092,미확인,0.35,1,남,2026-01-20,공공데이터포털_경기도 수원시_지역화폐 결제 정보_20260120
2025-11,수원시 권선구,입북동,음료/식품,20대,594227,54,11004,미확인,0.35,1,남,2026-01-20,공공데이터포털_경기도 수원시_지역화폐 결제 정보_20260120
2025-11,수원시 권선구,입북동,의류,20대,55638,1,55638,미확인,0.35,1,남,2026-01-20,공공데이터포털_경기도 수원시_지역화폐 결제 정보_20260120
2025-11,수원시 권선구,입북동,의원,20대,38653,5,7731,미확인,0.35,1,남,2026-01-20,공공데이터포털_경기도 수원시_지역화폐 결제 정보_20260120
2025-11,수원시 권선구,입북동,일반/휴게 음식,20대,2081564,149,13970,미확인,0.35,1,남,2026-01-20,공공데이터포털_경기도 수원시_지역화폐 결제 정보_20260120
2025-11,수원시 권선구,입북동,일반유통,20대,1044035,196,5327,미확인,0.35,1,남,2026-01-20,공공데이터포털_경기도 수원시_지역화폐 결제 정보_20260120
2025-11,수원시 권선구,입북동,자동차 정비/유지,20대,29738,1,29738,미확인,0.35,1,남,2026-01-20,공공데이터포털_경기도 수원시_지역화폐 결제 정보_20260120
2025-11,수원시 권선구,입북동,학원,20대,124891,1,124891,미확인,0.35,1,남,2026-01-20,공공데이터포털_경기도 수원시_지역화폐 결제 정보_20260120
2025-11,수원시 권선구,입북동,레저/문화 용품,30대,143629,4,35907,미확인,0.35,1,남,2026-01-20,공공데이터포털_경기도 수원시_지역화폐 결제 정보_20260120
2025-11,수원시 권선구,입북동,문화/취미,30대,27645,3,9215,미확인,0.35,1,남,2026-01-20,공공데이터포털_경기도 수원시_지역화폐 결제 정보_20260120
2025-11,수원시 권선구,입북동,미용/위생,30대,317708,45,7060,미확인,0.35,1,남,2026-01-20,공공데이터포털_경기도 수원시_지역화폐 결제 정보_20260120
2025-11,수원시 권선구,입북동,서적/문구/학습자재,30대,1833,1,1833,미확인,0.35,1,남,2026-01-20,공공데이터포털_경기도 수원시_지역화폐 결제 정보_20260120
2025-11,수원시 권선구,입북동,약국,30대,207211,43,4819,미확인,0.35,1,남,2026-01-20,공공데이터포털_경기도 수원시_지역화폐 결제 정보_20260120
2025-11,수원시 권선구,입북동,용역서비스,30대,105789,24,4408,미확인,0.35,1,남,2026-01-20,공공데이터포털_경기도 수원시_지역화폐 결제 정보_20260120
2025-11,수원시 권선구,입북동,음료/식품,30대,648383,184,3524,미확인,0.35,1,남,2026-01-20,공공데이터포털_경기도 수원시_지역화폐 결제 정보_20260120
2025-11,수원시 권선구,입북동,의류,30대,100000,1,100000,미확인,0.35,1,남,2026-01-20,공공데이터포털_경기도 수원시_지역화폐 결제 정보_20260120
2025-11,수원시 권선구,입북동,의원,30대,268247,34,7890,미확인,0.35,1,남,2026-01-20,공공데이터포털_경기도 수원시_지역화폐 결제 정보_20260120
2025-11,수원시 권선구,입북동,일반/휴게 음식,30대,1508232,344,4384,미확인,0.35,1,남,2026-01-20,공공데이터포털_경기도 수원시_지역화폐 결제 정보_20260120
2025-11,수원시 권선구,입북동,일반유통,30대,2187858,673,3251,미확인,0.35,1,남,2026-01-20,공공데이터포털_경기도 수원시_지역화폐 결제 정보_20260120
2025-11,수원시 권선구,입북동,자동차 정비/유지,30대,220249,11,20023,미확인,0.35,1,남,2026-01-20,공공데이터포털_경기도 수원시_지역화폐 결제 정보_20260120
2025-11,수원시 권선구,입북동,자동차판매,30대,201119,4,50280,미확인,0.35,1,남,2026-01-20,공공데이터포털_경기도 수원시_지역화폐 결제 정보_20260120
2025-11,수원시 권선구,입북동,주방용품,30대,273,1,273,미확인,0.35,1,남,2026-01-20,공공데이터포털_경기도 수원시_지역화폐 결제 정보_20260120
2025-11,수원시 권선구,입북동,학원,30대,555096,10,55510,미확인,0.35,1,남,2026-01-20,공공데이터포털_경기도 수원시_지역화폐 결제 정보_20260120
2025-11,수원시 권선구,입북동,레저/문화 용품,40대,1273,1,1273,미확인,0.35,1,남,2026-01-20,공공데이터포털_경기도 수원시_지역화폐 결제 정보_20260120
2025-11,수원시 권선구,입북동,레저/스포츠 서비스,40대,28691,2,14346,미확인,0.35,1,남,2026-01-20,공공데이터포털_경기도 수원시_지역화폐 결제 정보_20260120
2025-11,수원시 권선구,입북동,문화/취미,40대,96879,3,32293,미확인,0.35,1,남,2026-01-20,공공데이터포털_경기도 수원시_지역화폐 결제 정보_20260120
2025-11,수원시 권선구,입북동,미용/위생,40대,345741,58,5961,미확인,0.35,1,남,2026-01-20,공공데이터포털_경기도 수원시_지역화폐 결제 정보_20260120
2025-11,수원시 권선구,입북동,서적/문구/학습자재,40대,54971,11,4997,미확인,0.35,1,남,2026-01-20,공공데이터포털_경기도 수원시_지역화폐 결제 정보_20260120
2025-11,수원시 권선구,입북동,약국,40대,162682,79,2059,미확인,0.35,1,남,2026-01-20,공공데이터포털_경기도 수원시_지역화폐 결제 정보_20260120
2025-11,수원시 권선구,입북동,용역서비스,40대,58952,24,2456,미확인,0.35,1,남,2026-01-20,공공데이터포털_경기도 수원시_지역화폐 결제 정보_20260120
2025-11,수원시 권선구,입북동,음료/식품,40대,459921,229,2008,미확인,0.35,1,남,2026-01-20,공공데이터포털_경기도 수원시_지역화폐 결제 정보_20260120
2025-11,수원시 권선구,입북동,의류,40대,10213,1,10213,미확인,0.35,1,남,2026-01-20,공공데이터포털_경기도 수원시_지역화폐 결제 정보_20260120
2025-11,수원시 권선구,입북동,의원,40대,343075,71,4832,미확인,0.35,1,남,2026-01-20,공공데이터포털_경기도 수원시_지역화폐 결제 정보_20260120
2025-11,수원시 권선구,입북동,일반/휴게 음식,40대,1920276,369,5204,미확인,0.35,1,남,2026-01-20,공공데이터포털_경기도 수원시_지역화폐 결제 정보_20260120
2025-11,수원시 권선구,입북동,일반유통,40대,1652471,571,2894,미확인,0.35,1,남,2026-01-20,공공데이터포털_경기도 수원시_지역화폐 결제 정보_20260120
2025-11,수원시 권선구,입북동,자동차 정비/유지,40대,105717,7,15102,미확인,0.35,1,남,2026-01-20,공공데이터포털_경기도 수원시_지역화폐 결제 정보_20260120
2025-11,수원시 권선구,입북동,자동차판매,40대,246303,8,30788,미확인,0.35,1,남,2026-01-20,공공데이터포털_경기도 수원시_지역화폐 결제 정보_20260120
2025-11,수원시 권선구,입북동,학원,40대,5958173,207,28783,미확인,0.35,1,남,2026-01-20,공공데이터포털_경기도 수원시_지역화폐 결제 정보_20260120
2025-11,수원시 권선구,입북동,건축자재,50대,10622,2,5311,미확인,0.35,1,남,2026-01-20,공공데이터포털_경기도 수원시_지역화폐 결제 정보_20260120
2025-11,수원시 권선구,입북동,레저/문화 용품,50대,66242,6,11040,미확인,0.35,1,남,2026-01-20,공공데이터포털_경기도 수원시_지역화폐 결제 정보_20260120
2025-11,수원시 권선구,입북동,레저/스포츠 서비스,50대,74779,39,1917,미확인,0.35,1,남,2026-01-20,공공데이터포털_경기도 수원시_지역화폐 결제 정보_20260120
2025-11,수원시 권선구,입북동,문화/취미,50대,6615,1,6615,미확인,0.35,1,남,2026-01-20,공공데이터포털_경기도 수원시_지역화폐 결제 정보_20260120
2025-11,수원시 권선구,입북동,미용/위생,50대,248931,45,5532,미확인,0.35,1,남,2026-01-20,공공데이터포털_경기도 수원시_지역화폐 결제 정보_20260120
2025-11,수원시 권선구,입북동,서적/문구/학습자재,50대,2555,2,1278,미확인,0.35,1,남,2026-01-20,공공데이터포털_경기도 수원시_지역화폐 결제 정보_20260120
2025-11,수원시 권선구,입북동,신변잡화,50대,10000,1,10000,미확인,0.35,1,남,2026-01-20,공공데이터포털_경기도 수원시_지역화폐 결제 정보_20260120
2025-11,수원시 권선구,입북동,약국,50대,142097,50,2842,미확인,0.35,1,남,2026-01-20,공공데이터포털_경기도 수원시_지역화폐 결제 정보_20260120
2025-11,수원시 권선구,입북동,용역서비스,50대,150324,43,3496,미확인,0.35,1,남,2026-01-20,공공데이터포털_경기도 수원시_지역화폐 결제 정보_20260120
2025-11,수원시 권선구,입북동,음료/식품,50대,700121,186,3764,미확인,0.35,1,남,2026-01-20,공공데이터포털_경기도 수원시_지역화폐 결제 정보_20260120
2025-11,수원시 권선구,입북동,의류,50대,59689,3,19896,미확인,0.35,1,남,2026-01-20,공공데이터포털_경기도 수원시_지역화폐 결제 정보_20260120
2025-11,수원시 권선구,입북동,의원,50대,196620,44,4469,미확인,0.35,1,남,2026-01-20,공공데이터포털_경기도 수원시_지역화폐 결제 정보_20260120
2025-11,수원시 권선구,입북동,일반/휴게 음식,50대,2154171,362,5951,미확인,0.35,1,남,2026-01-20,공공데이터포털_경기도 수원시_지역화폐 결제 정보_20260120
2025-11,수원시 권선구,입북동,일반유통,50대,1568816,467,3359,미확인,0.35,1,남,2026-01-20,공공데이터포털_경기도 수원시_지역화폐 결제 정보_20260120
2025-11,수원시 권선구,입북동,자동차 정비/유지,50대,54893,3,18298,미확인,0.35,1,남,2026-01-20,공공데이터포털_경기도 수원시_지역화폐 결제 정보_20260120
2025-11,수원시 권선구,입북동,자동차판매,50대,480220,4,120055,미확인,0.35,1,남,2026-01-20,공공데이터포털_경기도 수원시_지역화폐 결제 정보_20260120
2025-11,수원시 권선구,입북동,학원,50대,1921134,70,27445,미확인,0.35,1,남,2026-01-20,공공데이터포털_경기도 수원시_지역화폐 결제 정보_20260120
2025-11,수원시 권선구,입북동,건축자재,60대 이상,5874,2,2937,미확인,0.35,1,남,2026-01-20,공공데이터포털_경기도 수원시_지역화폐 결제 정보_20260120
2025-11,수원시 권선구,입북동,레저/스포츠 서비스,60대 이상,46616,13,3586,미확인,0.35,1,남,2026-01-20,공공데이터포털_경기도 수원시_지역화폐 결제 정보_20260120
2025-11,수원시 권선구,입북동,미용/위생,60대 이상,139090,29,4796,미확인,0.35,1,남,2026-01-20,공공데이터포털_경기도 수원시_지역화폐 결제 정보_20260120
2025-11,수원시 권선구,입북동,서적/문구/학습자재,60대 이상,4710,3,1570,미확인,0.35,1,남,2026-01-20,공공데이터포털_경기도 수원시_지역화폐 결제 정보_20260120
2025-11,수원시 권선구,입북동,약국,60대 이상,160128,56,2859,미확인,0.35,1,남,2026-01-20,공공데이터포털_경기도 수원시_지역화폐 결제 정보_20260120
2025-11,수원시 권선구,입북동,용역서비스,60대 이상,32946,11,2995,미확인,0.35,1,남,2026-01-20,공공데이터포털_경기도 수원시_지역화폐 결제 정보_20260120
2025-11,수원시 권선구,입북동,음료/식품,60대 이상,561154,158,3552,미확인,0.35,1,남,2026-01-20,공공데이터포털_경기도 수원시_지역화폐 결제 정보_20260120
2025-11,수원시 권선구,입북동,의류,60대 이상,546771,24,22782,미확인,0.35,1,남,2026-01-20,공공데이터포털_경기도 수원시_지역화폐 결제 정보_20260120
2025-11,수원시 권선구,입북동,의원,60대 이상,69779,34,2052,미확인,0.35,1,남,2026-01-20,공공데이터포털_경기도 수원시_지역화폐 결제 정보_20260120
2025-11,수원시 권선구,입북동,일반/휴게 음식,60대 이상,1268582,274,4630,미확인,0.35,1,남,2026-01-20,공공데이터포털_경기도 수원시_지역화폐 결제 정보_20260120
2025-11,수원시 권선구,입북동,일반유통,60대 이상,709724,293,2422,미확인,0.35,1,남,2026-01-20,공공데이터포털_경기도 수원시_지역화폐 결제 정보_20260120
2025-11,수원시 권선구,입북동,자동차 정비/유지,60대 이상,65136,4,16284,미확인,0.35,1,남,2026-01-20,공공데이터포털_경기도 수원시_지역화폐 결제 정보_20260120
2025-11,수원시 권선구,입북동,자동차판매,60대 이상,113837,2,56918,미확인,0.35,1,남,2026-01-20,공공데이터포털_경기도 수원시_지역화폐 결제 정보_20260120
2025-11,수원시 권선구,입북동,직물/침구류,60대 이상,14809,1,14809,미확인,0.35,1,남,2026-01-20,공공데이터포털_경기도 수원시_지역화폐 결제 정보_20260120
2025-11,수원시 권선구,입북동,학원,60대 이상,377716,6,62953,미확인,0.35,1,남,2026-01-20,공공데이터포털_경기도 수원시_지역화폐 결제 정보_20260120
2025-11,수원시 권선구,입북동,약국,10대,12500,3,4167,미확인,0.35,1,여,2026-01-20,공공데이터포털_경기도 수원시_지역화폐 결제 정보_20260120
2025-11,수원시 권선구,입북동,용역서비스,10대,23885,8,2986,미확인,0.35,1,여,2026-01-20,공공데이터포털_경기도 수원시_지역화폐 결제 정보_20260120
2025-11,수원시 권선구,입북동,음료/식품,10대,18001,16,1125,미확인,0.35,1,여,2026-01-20,공공데이터포털_경기도 수원시_지역화폐 결제 정보_20260120
2025-11,수원시 권선구,입북동,일반/휴게 음식,10대,46151,11,4196,미확인,0.35,1,여,2026-01-20,공공데이터포털_경기도 수원시_지역화폐 결제 정보_20260120
2025-11,수원시 권선구,입북동,일반유통,10대,81950,31,2644,미확인,0.35,1,여,2026-01-20,공공데이터포털_경기도 수원시_지역화폐 결제 정보_20260120
2025-11,수원시 권선구,입북동,학원,10대,40082,1,40082,미확인,0.35,1,여,2026-01-20,공공데이터포털_경기도 수원시_지역화폐 결제 정보_20260120
2025-11,수원시 권선구,입북동,레저/문화 용품,20대,49000,1,49000,미확인,0.35,1,여,2026-01-20,공공데이터포털_경기도 수원시_지역화폐 결제 정보_20260120
2025-11,수원시 권선구,입북동,레저/스포츠 서비스,20대,10940,2,5470,미확인,0.35,1,여,2026-01-20,공공데이터포털_경기도 수원시_지역화폐 결제 정보_20260120
2025-11,수원시 권선구,입북동,문화/취미,20대,61229,3,20410,미확인,0.35,1,여,2026-01-20,공공데이터포털_경기도 수원시_지역화폐 결제 정보_20260120
2025-11,수원시 권선구,입북동,미용/위생,20대,255974,15,17065,미확인,0.35,1,여,2026-01-20,공공데이터포털_경기도 수원시_지역화폐 결제 정보_20260120
2025-11,수원시 권선구,입북동,서적/문구/학습자재,20대,2300,2,1150,미확인,0.35,1,여,2026-01-20,공공데이터포털_경기도 수원시_지역화폐 결제 정보_20260120
2025-11,수원시 권선구,입북동,약국,20대,137747,33,4174,미확인,0.35,1,여,2026-01-20,공공데이터포털_경기도 수원시_지역화폐 결제 정보_20260120
2025-11,수원시 권선구,입북동,용역서비스,20대,60181,13,4629,미확인,0.35,1,여,2026-01-20,공공데이터포털_경기도 수원시_지역화폐 결제 정보_20260120
2025-11,수원시 권선구,입북동,음료/식품,20대,875901,134,6537,미확인,0.35,1,여,2026-01-20,공공데이터포털_경기도 수원시_지역화폐 결제 정보_20260120
2025-11,수원시 권선구,입북동,의류,20대,29855,1,29855,미확인,0.35,1,여,2026-01-20,공공데이터포털_경기도 수원시_지역화폐 결제 정보_20260120
2025-11,수원시 권선구,입북동,의원,20대,227085,13,17468,미확인,0.35,1,여,2026-01-20,공공데이터포털_경기도 수원시_지역화폐 결제 정보_20260120
2025-11,수원시 권선구,입북동,일반/휴게 음식,20대,2335535,195,11977,미확인,0.35,1,여,2026-01-20,공공데이터포털_경기도 수원시_지역화폐 결제 정보_20260120
2025-11,수원시 권선구,입북동,일반유통,20대,1473029,265,5559,미확인,0.35,1,여,2026-01-20,공공데이터포털_경기도 수원시_지역화폐 결제 정보_20260120
2025-11,수원시 권선구,입북동,자동차 정비/유지,20대,20113,1,20113,미확인,0.35,1,여,2026-01-20,공공데이터포털_경기도 수원시_지역화폐 결제 정보_20260120
2025-11,수원시 권선구,입북동,자동차판매,20대,637056,2,318528,미확인,0.35,1,여,2026-01-20,공공데이터포털_경기도 수원시_지역화폐 결제 정보_20260120
2025-11,수원시 권선구,입북동,직물/침구류,20대,64120,1,64120,미확인,0.35,1,여,2026-01-20,공공데이터포털_경기도 수원시_지역화폐 결제 정보_20260120
2025-11,수원시 권선구,입북동,학원,20대,100000,1,100000,미확인,0.35,1,여,2026-01-20,공공데이터포털_경기도 수원시_지역화폐 결제 정보_20260120
2025-11,수원시 권선구,입북동,레저/문화 용품,30대,149996,3,49999,미확인,0.35,1,여,2026-01-20,공공데이터포털_경기도 수원시_지역화폐 결제 정보_20260120
2025-11,수원시 권선구,입북동,레저/스포츠 서비스,30대,524976,5,104995,미확인,0.35,1,여,2026-01-20,공공데이터포털_경기도 수원시_지역화폐 결제 정보_20260120
2025-11,수원시 권선구,입북동,문화/취미,30대,311974,9,34664,미확인,0.35,1,여,2026-01-20,공공데이터포털_경기도 수원시_지역화폐 결제 정보_20260120
2025-11,수원시 권선구,입북동,미용/위생,30대,472708,46,10276,미확인,0.35,1,여,2026-01-20,공공데이터포털_경기도 수원시_지역화폐 결제 정보_20260120
2025-11,수원시 권선구,입북동,서적/문구/학습자재,30대,49088,10,4909,미확인,0.35,1,여,2026-01-20,공공데이터포털_경기도 수원시_지역화폐 결제 정보_20260120
2025-11,수원시 권선구,입북동,약국,30대,209312,53,3949,미확인,0.35,1,여,2026-01-20,공공데이터포털_경기도 수원시_지역화폐 결제 정보_20260120
2025-11,수원시 권선구,입북동,용역서비스,30대,91841,23,3993,미확인,0.35,1,여,2026-01-20,공공데이터포털_경기도 수원시_지역화폐 결제 정보_20260120
2025-11,수원시 권선구,입북동,음료/식품,30대,1361646,274,4970,미확인,0.35,1,여,2026-01-20,공공데이터포털_경기도 수원시_지역화폐 결제 정보_20260120
2025-11,수원시 권선구,입북동,의류,30대,125526,2,62763,미확인,0.35,1,여,2026-01-20,공공데이터포털_경기도 수원시_지역화폐 결제 정보_20260120
2025-11,수원시 권선구,입북동,의원,30대,345444,49,7050,미확인,0.35,1,여,2026-01-20,공공데이터포털_경기도 수원시_지역화폐 결제 정보_20260120
2025-11,수원시 권선구,입북동,일반/휴게 음식,30대,2399732,471,5095,미확인,0.35,1,여,2026-01-20,공공데이터포털_경기도 수원시_지역화폐 결제 정보_20260120
2025-11,수원시 권선구,입북동,일반유통,30대,1634625,595,2747,미확인,0.35,1,여,2026-01-20,공공데이터포털_경기도 수원시_지역화폐 결제 정보_20260120
2025-11,수원시 권선구,입북동,자동차 정비/유지,30대,112666,3,37555,미확인,0.35,1,여,2026-01-20,공공데이터포털_경기도 수원시_지역화폐 결제 정보_20260120
2025-11,수원시 권선구,입북동,자동차판매,30대,85973,3,28658,미확인,0.35,1,여,2026-01-20,공공데이터포털_경기도 수원시_지역화폐 결제 정보_20260120
2025-11,수원시 권선구,입북동,주방용품,30대,5997,2,2998,미확인,0.35,1,여,2026-01-20,공공데이터포털_경기도 수원시_지역화폐 결제 정보_20260120
2025-11,수원시 권선구,입북동,학원,30대,1053891,43,24509,미확인,0.35,1,여,2026-01-20,공공데이터포털_경기도 수원시_지역화폐 결제 정보_20260120
2025-11,수원시 권선구,입북동,레저/스포츠 서비스,40대,49739,4,12435,미확인,0.35,1,여,2026-01-20,공공데이터포털_경기도 수원시_지역화폐 결제 정보_20260120
2025-11,수원시 권선구,입북동,문화/취미,40대,58014,5,11603,미확인,0.35,1,여,2026-01-20,공공데이터포털_경기도 수원시_지역화폐 결제 정보_20260120
2025-11,수원시 권선구,입북동,미용/위생,40대,412655,61,6765,미확인,0.35,1,여,2026-01-20,공공데이터포털_경기도 수원시_지역화폐 결제 정보_20260120
2025-11,수원시 권선구,입북동,서적/문구/학습자재,40대,170479,41,4158,미확인,0.35,1,여,2026-01-20,공공데이터포털_경기도 수원시_지역화폐 결제 정보_20260120
2025-11,수원시 권선구,입북동,약국,40대,256916,120,2141,미확인,0.35,1,여,2026-01-20,공공데이터포털_경기도 수원시_지역화폐 결제 정보_20260120
2025-11,수원시 권선구,입북동,용역서비스,40대,151215,28,5401,미확인,0.35,1,여,2026-01-20,공공데이터포털_경기도 수원시_지역화폐 결제 정보_20260120
2025-11,수원시 권선구,입북동,음료/식품,40대,1586971,405,3918,미확인,0.35,1,여,2026-01-20,공공데이터포털_경기도 수원시_지역화폐 결제 정보_20260120
2025-11,수원시 권선구,입북동,의류,40대,51785,2,25892,미확인,0.35,1,여,2026-01-20,공공데이터포털_경기도 수원시_지역화폐 결제 정보_20260120
2025-11,수원시 권선구,입북동,의원,40대,441112,66,6684,미확인,0.35,1,여,2026-01-20,공공데이터포털_경기도 수원시_지역화폐 결제 정보_20260120
2025-11,수원시 권선구,입북동,일반/휴게 음식,40대,3420258,777,4402,미확인,0.35,1,여,2026-01-20,공공데이터포털_경기도 수원시_지역화폐 결제 정보_20260120
2025-11,수원시 권선구,입북동,일반유통,40대,1760772,715,2463,미확인,0.35,1,여,2026-01-20,공공데이터포털_경기도 수원시_지역화폐 결제 정보_20260120
2025-11,수원시 권선구,입북동,자동차 정비/유지,40대,36308,4,9077,미확인,0.35,1,여,2026-01-20,공공데이터포털_경기도 수원시_지역화폐 결제 정보_20260120
2025-11,수원시 권선구,입북동,자동차판매,40대,429376,7,61339,미확인,0.35,1,여,2026-01-20,공공데이터포털_경기도 수원시_지역화폐 결제 정보_20260120
2025-11,수원시 권선구,입북동,학원,40대,6754020,280,24122,미확인,0.35,1,여,2026-01-20,공공데이터포털_경기도 수원시_지역화폐 결제 정보_20260120
2025-11,수원시 권선구,입북동,레저/스포츠 서비스,50대,116719,4,29180,미확인,0.35,1,여,2026-01-20,공공데이터포털_경기도 수원시_지역화폐 결제 정보_20260120
2025-11,수원시 권선구,입북동,문화/취미,50대,3324,1,3324,미확인,0.35,1,여,2026-01-20,공공데이터포털_경기도 수원시_지역화폐 결제 정보_20260120
2025-11,수원시 권선구,입북동,미용/위생,50대,667803,84,7950,미확인,0.35,1,여,2026-01-20,공공데이터포털_경기도 수원시_지역화폐 결제 정보_20260120
2025-11,수원시 권선구,입북동,사무/통신,50대,792,2,396,미확인,0.35,1,여,2026-01-20,공공데이터포털_경기도 수원시_지역화폐 결제 정보_20260120
2025-11,수원시 권선구,입북동,서적/문구/학습자재,50대,21659,5,4332,미확인,0.35,1,여,2026-01-20,공공데이터포털_경기도 수원시_지역화폐 결제 정보_20260120
2025-11,수원시 권선구,입북동,신변잡화,50대,2930,2,1465,미확인,0.35,1,여,2026-01-20,공공데이터포털_경기도 수원시_지역화폐 결제 정보_20260120
2025-11,수원시 권선구,입북동,약국,50대,437624,109,4015,미확인,0.35,1,여,2026-01-20,공공데이터포털_경기도 수원시_지역화폐 결제 정보_20260120
2025-11,수원시 권선구,입북동,용역서비스,50대,206113,25,8245,미확인,0.35,1,여,2026-01-20,공공데이터포털_경기도 수원시_지역화폐 결제 정보_20260120
2025-11,수원시 권선구,입북동,음료/식품,50대,1315808,318,4138,미확인,0.35,1,여,2026-01-20,공공데이터포털_경기도 수원시_지역화폐 결제 정보_20260120
2025-11,수원시 권선구,입북동,의류,50대,269162,17,15833,미확인,0.35,1,여,2026-01-20,공공데이터포털_경기도 수원시_지역화폐 결제 정보_20260120
2025-11,수원시 권선구,입북동,의원,50대,282849,51,5546,미확인,0.35,1,여,2026-01-20,공공데이터포털_경기도 수원시_지역화폐 결제 정보_20260120
2025-11,수원시 권선구,입북동,일반/휴게 음식,50대,2970886,624,4761,미확인,0.35,1,여,2026-01-20,공공데이터포털_경기도 수원시_지역화폐 결제 정보_20260120
2025-11,수원시 권선구,입북동,일반유통,50대,1157156,419,2762,미확인,0.35,1,여,2026-01-20,공공데이터포털_경기도 수원시_지역화폐 결제 정보_20260120
2025-11,수원시 권선구,입북동,자동차 정비/유지,50대,174074,6,29012,미확인,0.35,1,여,2026-01-20,공공데이터포털_경기도 수원시_지역화폐 결제 정보_20260120
2025-11,수원시 권선구,입북동,자동차판매,50대,3639,3,1213,미확인,0.35,1,여,2026-01-20,공공데이터포털_경기도 수원시_지역화폐 결제 정보_20260120
2025-11,수원시 권선구,입북동,주방용품,50대,5015,1,5015,미확인,0.35,1,여,2026-01-20,공공데이터포털_경기도 수원시_지역화폐 결제 정보_20260120
2025-11,수원시 권선구,입북동,직물/침구류,50대,26534,1,26534,미확인,0.35,1,여,2026-01-20,공공데이터포털_경기도 수원시_지역화폐 결제 정보_20260120
2025-11,수원시 권선구,입북동,학원,50대,1057929,26,40690,미확인,0.35,1,여,2026-01-20,공공데이터포털_경기도 수원시_지역화폐 결제 정보_20260120
2025-11,수원시 권선구,입북동,건축자재,60대 이상,2400,1,2400,미확인,0.35,1,여,2026-01-20,공공데이터포털_경기도 수원시_지역화폐 결제 정보_20260120
2025-11,수원시 권선구,입북동,레저/스포츠 서비스,60대 이상,40854,2,20427,미확인,0.35,1,여,2026-01-20,공공데이터포털_경기도 수원시_지역화폐 결제 정보_20260120
2025-11,수원시 권선구,입북동,문화/취미,60대 이상,7242,2,3621,미확인,0.35,1,여,2026-01-20,공공데이터포털_경기도 수원시_지역화폐 결제 정보_20260120
2025-11,수원시 권선구,입북동,미용/위생,60대 이상,419198,46,9113,미확인,0.35,1,여,2026-01-20,공공데이터포털_경기도 수원시_지역화폐 결제 정보_20260120
2025-11,수원시 권선구,입북동,서적/문구/학습자재,60대 이상,3523,1,3523,미확인,0.35,1,여,2026-01-20,공공데이터포털_경기도 수원시_지역화폐 결제 정보_20260120
2025-11,수원시 권선구,입북동,약국,60대 이상,171957,65,2645,미확인,0.35,1,여,2026-01-20,공공데이터포털_경기도 수원시_지역화폐 결제 정보_20260120
2025-11,수원시 권선구,입북동,용역서비스,60대 이상,39658,11,3605,미확인,0.35,1,여,2026-01-20,공공데이터포털_경기도 수원시_지역화폐 결제 정보_20260120
2025-11,수원시 권선구,입북동,음료/식품,60대 이상,621731,159,3910,미확인,0.35,1,여,2026-01-20,공공데이터포털_경기도 수원시_지역화폐 결제 정보_20260120
2025-11,수원시 권선구,입북동,의류,60대 이상,380241,22,17284,미확인,0.35,1,여,2026-01-20,공공데이터포털_경기도 수원시_지역화폐 결제 정보_20260120
2025-11,수원시 권선구,입북동,의원,60대 이상,117317,56,2095,미확인,0.35,1,여,2026-01-20,공공데이터포털_경기도 수원시_지역화폐 결제 정보_20260120
2025-11,수원시 권선구,입북동,일반/휴게 음식,60대 이상,1639230,282,5813,미확인,0.35,1,여,2026-01-20,공공데이터포털_경기도 수원시_지역화폐 결제 정보_20260120
2025-11,수원시 권선구,입북동,일반유통,60대 이상,900853,232,3883,미확인,0.35,1,여,2026-01-20,공공데이터포털_경기도 수원시_지역화폐 결제 정보_20260120
2025-11,수원시 권선구,입북동,자동차 정비/유지,60대 이상,125399,4,31350,미확인,0.35,1,여,2026-01-20,공공데이터포털_경기도 수원시_지역화폐 결제 정보_20260120
2025-11,수원시 권선구,입북동,자동차판매,60대 이상,71325,3,23775,미확인,0.35,1,여,2026-01-20,공공데이터포털_경기도 수원시_지역화폐 결제 정보_20260120
2025-11,수원시 권선구,입북동,주방용품,60대 이상,729,1,729,미확인,0.35,1,여,2026-01-20,공공데이터포털_경기도 수원시_지역화폐 결제 정보_20260120
2025-11,수원시 권선구,입북동,직물/침구류,60대 이상,17102,3,5701,미확인,0.35,1,여,2026-01-20,공공데이터포털_경기도 수원시_지역화폐 결제 정보_20260120
2025-11,수원시 권선구,입북동,학원,60대 이상,103635,3,34545,미확인,0.35,1,여,2026-01-20,공공데이터포털_경기도 수원시_지역화폐 결제 정보_20260120
2025-11,수원시 권선구,입북동,회원정보미상,60대 이상,364800,26,14031,미확인,0.35,1,여,2026-01-20,공공데이터포털_경기도 수원시_지역화폐 결제 정보_20260120
2025-11,수원시 권선구,입북동,회원정보미상,60대 이상,364800,26,14031,미확인,0.35,1,여,2026-01-20,공공데이터포털_경기도 수원시_지역화폐 결제 정보_20260120
2025-11,수원시 권선구,입북동,미용/위생,60대 이상,21000,1,21000,미확인,0.35,1,여,2026-01-20,공공데이터포털_경기도 수원시_지역화폐 결제 정보_20260120
2025-11,수원시 권선구,입북동,약국,60대 이상,70500,6,11750,미확인,0.35,1,여,2026-01-20,공공데이터포털_경기도 수원시_지역화폐 결제 정보_20260120
2025-11,수원시 권선구,입북동,용역서비스,60대 이상,20000,1,20000,미확인,0.35,1,여,2026-01-20,공공데이터포털_경기도 수원시_지역화폐 결제 정보_20260120
2025-11,수원시 권선구,입북동,음료/식품,60대 이상,58000,3,19333,미확인,0.35,1,여,2026-01-20,공공데이터포털_경기도 수원시_지역화폐 결제 정보_20260120
2025-11,수원시 권선구,입북동,의류,60대 이상,37800,1,37800,미확인,0.35,1,여,2026-01-20,공공데이터포털_경기도 수원시_지역화폐 결제 정보_20260120
2025-11,수원시 권선구,입북동,일반/휴게 음식,60대 이상,43200,4,10800,미확인,0.35,1,여,2026-01-20,공공데이터포털_경기도 수원시_지역화폐 결제 정보_20260120
2025-11,수원시 권선구,입북동,일반유통,60대 이상,114300,10,11430,미확인,0.35,1,여,2026-01-20,공공데이터포털_경기도 수원시_지역화폐 결제 정보_20260120
2025-11,수원시 권선구,평동,레저/스포츠 서비스,10대,35631,21,1697,미확인,0.35,1,남,2026-01-20,공공데이터포털_경기도 수원시_지역화폐 결제 정보_20260120
2025-11,수원시 권선구,평동,미용/위생,10대,34441,5,6888,미확인,0.35,1,남,2026-01-20,공공데이터포털_경기도 수원시_지역화폐 결제 정보_20260120
2025-11,수원시 권선구,평동,서적/문구/학습자재,10대,3969,8,496,미확인,0.35,1,남,2026-01-20,공공데이터포털_경기도 수원시_지역화폐 결제 정보_20260120
2025-11,수원시 권선구,평동,용역서비스,10대,6082,3,2027,미확인,0.35,1,남,2026-01-20,공공데이터포털_경기도 수원시_지역화폐 결제 정보_20260120
2025-11,수원시 권선구,평동,음료/식품,10대,192337,57,3374,미확인,0.35,1,남,2026-01-20,공공데이터포털_경기도 수원시_지역화폐 결제 정보_20260120
2025-11,수원시 권선구,평동,의원,10대,1456,1,1456,미확인,0.35,1,남,2026-01-20,공공데이터포털_경기도 수원시_지역화폐 결제 정보_20260120
2025-11,수원시 권선구,평동,일반/휴게 음식,10대,589241,67,8795,미확인,0.35,1,남,2026-01-20,공공데이터포털_경기도 수원시_지역화폐 결제 정보_20260120
2025-11,수원시 권선구,평동,일반유통,10대,223229,137,1629,미확인,0.35,1,남,2026-01-20,공공데이터포털_경기도 수원시_지역화폐 결제 정보_20260120
2025-11,수원시 권선구,평동,학원,10대,215541,9,23949,미확인,0.35,1,남,2026-01-20,공공데이터포털_경기도 수원시_지역화폐 결제 정보_20260120
2025-11,수원시 권선구,평동,기타의료,10대,58790,4,14698,미확인,0.35,1,남,2026-01-20,공공데이터포털_경기도 수원시_지역화폐 결제 정보_20260120
2025-11,수원시 권선구,평동,대형유통,10대,1011,1,1011,미확인,0.35,1,남,2026-01-20,공공데이터포털_경기도 수원시_지역화폐 결제 정보_20260120
2025-11,수원시 권선구,평동,레저/문화 용품,10대,778810,3,259603,미확인,0.35,1,남,2026-01-20,공공데이터포털_경기도 수원시_지역화폐 결제 정보_20260120
2025-11,수원시 권선구,평동,레저/스포츠 서비스,10대,593229,91,6519,미확인,0.35,1,남,2026-01-20,공공데이터포털_경기도 수원시_지역화폐 결제 정보_20260120
2025-11,수원시 권선구,평동,문화/취미,10대,72364,4,18091,미확인,0.35,1,남,2026-01-20,공공데이터포털_경기도 수원시_지역화폐 결제 정보_20260120
2025-11,수원시 권선구,평동,미용/위생,10대,936414,43,21777,미확인,0.35,1,남,2026-01-20,공공데이터포털_경기도 수원시_지역화폐 결제 정보_20260120
2025-11,수원시 권선구,평동,서적/문구/학습자재,10대,100800,2,50400,미확인,0.35,1,남,2026-01-20,공공데이터포털_경기도 수원시_지역화폐 결제 정보_20260120
2025-11,수원시 권선구,평동,신변잡화,10대,2038,1,2038,미확인,0.35,1,남,2026-01-20,공공데이터포털_경기도 수원시_지역화폐 결제 정보_20260120
2025-11,수원시 권선구,평동,약국,10대,116220,30,3874,미확인,0.35,1,남,2026-01-20,공공데이터포털_경기도 수원시_지역화폐 결제 정보_20260120
2025-11,수원시 권선구,평동,용역서비스,10대,239138,12,19928,미확인,0.35,1,남,2026-01-20,공공데이터포털_경기도 수원시_지역화폐 결제 정보_20260120
2025-11,수원시 권선구,평동,음료/식품,10대,837978,123,6813,미확인,0.35,1,남,2026-01-20,공공데이터포털_경기도 수원시_지역화폐 결제 정보_20260120
2025-11,수원시 권선구,평동,의류,10대,204211,8,25526,미확인,0.35,1,남,2026-01-20,공공데이터포털_경기도 수원시_지역화폐 결제 정보_20260120
2025-11,수원시 권선구,평동,의원,10대,161393,14,11528,미확인,0.35,1,남,2026-01-20,공공데이터포털_경기도 수원시_지역화폐 결제 정보_20260120
2025-11,수원시 권선구,평동,일반/휴게 음식,10대,7086011,745,9511,미확인,0.35,1,남,2026-01-20,공공데이터포털_경기도 수원시_지역화폐 결제 정보_20260120
2025-11,수원시 권선구,평동,일반유통,10대,2526512,584,4326,미확인,0.35,1,남,2026-01-20,공공데이터포털_경기도 수원시_지역화폐 결제 정보_20260120
2025-11,수원시 권선구,평동,자동차 정비/유지,10대,198205,10,19820,미확인,0.35,1,남,2026-01-20,공공데이터포털_경기도 수원시_지역화폐 결제 정보_20260120
2025-11,수원시 권선구,평동,주유/충전소,10대,13319,2,6660,미확인,0.35,1,남,2026-01-20,공공데이터포털_경기도 수원시_지역화폐 결제 정보_20260120
2025-11,수원시 권선구,평동,학원,10대,766346,6,127724,미확인,0.35,1,남,2026-01-20,공공데이터포털_경기도 수원시_지역화폐 결제 정보_20260120
2025-11,수원시 권선구,평동,기타의료,30대,132092,11,12008,미확인,0.35,1,남,2026-01-20,공공데이터포털_경기도 수원시_지역화폐 결제 정보_20260120
2025-11,수원시 권선구,평동,대형유통,30대,25149,10,2515,미확인,0.35,1,남,2026-01-20,공공데이터포털_경기도 수원시_지역화폐 결제 정보_20260120
2025-11,수원시 권선구,평동,레저/문화 용품,30대,74017,7,10574,미확인,0.35,1,남,2026-01-20,공공데이터포털_경기도 수원시_지역화폐 결제 정보_20260120
2025-11,수원시 권선구,평동,레저/스포츠 서비스,30대,550322,72,7643,미확인,0.35,1,남,2026-01-20,공공데이터포털_경기도 수원시_지역화폐 결제 정보_20260120
2025-11,수원시 권선구,평동,문화/취미,30대,220992,42,5262,미확인,0.35,1,남,2026-01-20,공공데이터포털_경기도 수원시_지역화폐 결제 정보_20260120
2025-11,수원시 권선구,평동,미용/위생,30대,829133,97,8548,미확인,0.35,1,남,2026-01-20,공공데이터포털_경기도 수원시_지역화폐 결제 정보_20260120
2025-11,수원시 권선구,평동,서적/문구/학습자재,30대,1648,2,824,미확인,0.35,1,남,2026-01-20,공공데이터포털_경기도 수원시_지역화폐 결제 정보_20260120
2025-11,수원시 권선구,평동,신변잡화,30대,2390,2,1195,미확인,0.35,1,남,2026-01-20,공공데이터포털_경기도 수원시_지역화폐 결제 정보_20260120
2025-11,수원시 권선구,평동,약국,30대,644410,168,3836,미확인,0.35,1,남,2026-01-20,공공데이터포털_경기도 수원시_지역화폐 결제 정보_20260120
2025-11,수원시 권선구,평동,용역서비스,30대,168726,25,6749,미확인,0.35,1,남,2026-01-20,공공데이터포털_경기도 수원시_지역화폐 결제 정보_20260120
2025-11,수원시 권선구,평동,음료/식품,30대,1384456,336,4120,미확인,0.35,1,남,2026-01-20,공공데이터포털_경기도 수원시_지역화폐 결제 정보_20260120
2025-11,수원시 권선구,평동,의류,30대,95348,11,8668,미확인,0.35,1,남,2026-01-20,공공데이터포털_경기도 수원시_지역화폐 결제 정보_20260120
2025-11,수원시 권선구,평동,의원,30대,331894,80,4149,미확인,0.35,1,남,2026-01-20,공공데이터포털_경기도 수원시_지역화폐 결제 정보_20260120
2025-11,수원시 권선구,평동,일반/휴게 음식,30대,9161125,2250,4072,미확인,0.35,1,남,2026-01-20,공공데이터포털_경기도 수원시_지역화폐 결제 정보_20260120
2025-11,수원시 권선구,평동,일반유통,30대,2685636,1161,2313,미확인,0.35,1,남,2026-01-20,공공데이터포털_경기도 수원시_지역화폐 결제 정보_20260120
2025-11,수원시 권선구,평동,자동차 정비/유지,30대,1222240,64,19098,미확인,0.35,1,남,2026-01-20,공공데이터포털_경기도 수원시_지역화폐 결제 정보_20260120
2025-11,수원시 권선구,평동,주유/충전소,30대,98990,11,8999,미확인,0.35,1,남,2026-01-20,공공데이터포털_경기도 수원시_지역화폐 결제 정보_20260120
2025-11,수원시 권선구,평동,학원,30대,742882,25,29715,미확인,0.35,1,남,2026-01-20,공공데이터포털_경기도 수원시_지역화폐 결제 정보_20260120
2025-11,수원시 권선구,평동,건축자재,40대,18522,5,3704,미확인,0.35,1,남,2026-01-20,공공데이터포털_경기도 수원시_지역화폐 결제 정보_20260120
2025-11,수원시 권선구,평동,기타의료,40대,99988,26,3846,미확인,0.35,1,남,2026-01-20,공공데이터포털_경기도 수원시_지역화폐 결제 정보_20260120
2025-11,수원시 권선구,평동,대형유통,40대,81544,24,3398,미확인,0.35,1,남,2026-01-20,공공데이터포털_경기도 수원시_지역화폐 결제 정보_20260120
2025-11,수원시 권선구,평동,레저/문화 용품,40대,397263,20,19863,미확인,0.35,1,남,2026-01-20,공공데이터포털_경기도 수원시_지역화폐 결제 정보_20260120
2025-11,수원시 권선구,평동,레저/스포츠 서비스,40대,718341,152,4726,미확인,0.35,1,남,2026-01-20,공공데이터포털_경기도 수원시_지역화폐 결제 정보_20260120
2025-11,수원시 권선구,평동,문화/취미,40대,205499,37,5554,미확인,0.35,1,남,2026-01-20,공공데이터포털_경기도 수원시_지역화폐 결제 정보_20260120
2025-11,수원시 권선구,평동,미용/위생,40대,761282,120,6344,미확인,0.35,1,남,2026-01-20,공공데이터포털_경기도 수원시_지역화폐 결제 정보_20260120
2025-11,수원시 권선구,평동,서적/문구/학습자재,40대,48986,25,1959,미확인,0.35,1,남,2026-01-20,공공데이터포털_경기도 수원시_지역화폐 결제 정보_20260120
2025-11,수원시 권선구,평동,신변잡화,40대,10292,6,1715,미확인,0.35,1,남,2026-01-20,공공데이터포털_경기도 수원시_지역화폐 결제 정보_20260120
2025-11,수원시 권선구,평동,약국,40대,501690,187,2683,미확인,0.35,1,남,2026-01-20,공공데이터포털_경기도 수원시_지역화폐 결제 정보_20260120
2025-11,수원시 권선구,평동,용역서비스,40대,334122,48,6961,미확인,0.35,1,남,2026-01-20,공공데이터포털_경기도 수원시_지역화폐 결제 정보_20260120
2025-11,수원시 권선구,평동,음료/식품,40대,1793968,488,3676,미확인,0.35,1,남,2026-01-20,공공데이터포털_경기도 수원시_지역화폐 결제 정보_20260120
2025-11,수원시 권선구,평동,의류,40대,330086,19,17373,미확인,0.35,1,남,2026-01-20,공공데이터포털_경기도 수원시_지역화폐 결제 정보_20260120
2025-11,수원시 권선구,평동,의원,40대,609305,118,5164,미확인,0.35,1,남,2026-01-20,공공데이터포털_경기도 수원시_지역화폐 결제 정보_20260120
2025-11,수원시 권선구,평동,일반/휴게 음식,40대,12878400,2892,4453,미확인,0.35,1,남,2026-01-20,공공데이터포털_경기도 수원시_지역화폐 결제 정보_20260120
2025-11,수원시 권선구,평동,일반유통,40대,2626078,1267,2073,미확인,0.35,1,남,2026-01-20,공공데이터포털_경기도 수원시_지역화폐 결제 정보_20260120
2025-11,수원시 권선구,평동,자동차 정비/유지,40대,1423685,75,18982,미확인,0.35,1,남,2026-01-20,공공데이터포털_경기도 수원시_지역화폐 결제 정보_20260120
2025-11,수원시 권선구,평동,자동차판매,40대,86583,6,14430,미확인,0.35,1,남,2026-01-20,공공데이터포털_경기도 수원시_지역화폐 결제 정보_20260120
2025-11,수원시 권선구,평동,전자상거래,40대,7923,1,7923,미확인,0.35,1,남,2026-01-20,공공데이터포털_경기도 수원시_지역화폐 결제 정보_20260120
2025-11,수원시 권선구,평동,주유/충전소,40대,340822,22,15492,미확인,0.35,1,남,2026-01-20,공공데이터포털_경기도 수원시_지역화폐 결제 정보_20260120
2025-11,수원시 권선구,평동,학원,40대,7492763,207,36197,미확인,0.35,1,남,2026-01-20,공공데이터포털_경기도 수원시_지역화폐 결제 정보_20260120
2025-11,수원시 권선구,평동,가구,50대,1357,1,1357,미확인,0.35,1,남,2026-01-20,공공데이터포털_경기도 수원시_지역화폐 결제 정보_20260120
2025-11,수원시 권선구,평동,건축자재,50대,11960,5,2392,미확인,0.35,1,남,2026-01-20,공공데이터포털_경기도 수원시_지역화폐 결제 정보_20260120
2025-11,수원시 권선구,평동,기타의료,50대,194183,20,9709,미확인,0.35,1,남,2026-01-20,공공데이터포털_경기도 수원시_지역화폐 결제 정보_20260120
2025-11,수원시 권선구,평동,대형유통,50대,101452,25,4058,미확인,0.35,1,남,2026-01-20,공공데이터포털_경기도 수원시_지역화폐 결제 정보_20260120
2025-11,수원시 권선구,평동,레저/문화 용품,50대,261003,20,13050,미확인,0.35,1,남,2026-01-20,공공데이터포털_경기도 수원시_지역화폐 결제 정보_20260120
2025-11,수원시 권선구,평동,레저/스포츠 서비스,50대,615763,132,4665,미확인,0.35,1,남,2026-01-20,공공데이터포털_경기도 수원시_지역화폐 결제 정보_20260120
2025-11,수원시 권선구,평동,문화/취미,50대,214776,43,4995,미확인,0.35,1,남,2026-01-20,공공데이터포털_경기도 수원시_지역화폐 결제 정보_20260120
2025-11,수원시 권선구,평동,미용/위생,50대,1154875,91,12691,미확인,0.35,1,남,2026-01-20,공공데이터포털_경기도 수원시_지역화폐 결제 정보_20260120
2025-11,수원시 권선구,평동,사무/통신,50대,3915,1,3915,미확인,0.35,1,남,2026-01-20,공공데이터포털_경기도 수원시_지역화폐 결제 정보_20260120
2025-11,수원시 권선구,평동,서적/문구/학습자재,50대,24516,13,1886,미확인,0.35,1,남,2026-01-20,공공데이터포털_경기도 수원시_지역화폐 결제 정보_20260120
2025-11,수원시 권선구,평동,신변잡화,50대,15112,6,2519,미확인,0.35,1,남,2026-01-20,공공데이터포털_경기도 수원시_지역화폐 결제 정보_20260120
2025-11,수원시 권선구,평동,약국,50대,590051,151,3908,미확인,0.35,1,남,2026-01-20,공공데이터포털_경기도 수원시_지역화폐 결제 정보_20260120
2025-11,수원시 권선구,평동,용역서비스,50대,321968,31,10386,미확인,0.35,1,남,2026-01-20,공공데이터포털_경기도 수원시_지역화폐 결제 정보_20260120
2025-11,수원시 권선구,평동,음료/식품,50대,1229856,297,4141,미확인,0.35,1,남,2026-01-20,공공데이터포털_경기도 수원시_지역화폐 결제 정보_20260120
2025-11,수원시 권선구,평동,의류,50대,53056,6,8843,미확인,0.35,1,남,2026-01-20,공공데이터포털_경기도 수원시_지역화폐 결제 정보_20260120
2025-11,수원시 권선구,평동,의원,50대,646375,101,6400,미확인,0.35,1,남,2026-01-20,공공데이터포털_경기도 수원시_지역화폐 결제 정보_20260120
2025-11,수원시 권선구,평동,일반/휴게 음식,50대,10617070,1877,5656,미확인,0.35,1,남,2026-01-20,공공데이터포털_경기도 수원시_지역화폐 결제 정보_20260120
2025-11,수원시 권선구,평동,일반유통,50대,2172715,939,2314,미확인,0.35,1,남,2026-01-20,공공데이터포털_경기도 수원시_지역화폐 결제 정보_20260120
2025-11,수원시 권선구,평동,자동차 정비/유지,50대,330965,33,10029,미확인,0.35,1,남,2026-01-20,공공데이터포털_경기도 수원시_지역화폐 결제 정보_20260120
2025-11,수원시 권선구,평동,자동차판매,50대,18958,2,9479,미확인,0.35,1,남,2026-01-20,공공데이터포털_경기도 수원시_지역화폐 결제 정보_20260120
2025-11,수원시 권선구,평동,주유/충전소,50대,29293,7,4185,미확인,0.35,1,남,2026-01-20,공공데이터포털_경기도 수원시_지역화폐 결제 정보_20260120
2025-11,수원시 권선구,평동,학원,50대,3366777,78,43164,미확인,0.35,1,남,2026-01-20,공공데이터포털_경기도 수원시_지역화폐 결제 정보_20260120
2025-11,수원시 권선구,평동,건축자재,60대 이상,63229,5,12646,미확인,0.35,1,남,2026-01-20,공공데이터포털_경기도 수원시_지역화폐 결제 정보_20260120
2025-11,수원시 권선구,평동,기타의료,60대 이상,11178,15,745,미확인,0.35,1,남,2026-01-20,공공데이터포털_경기도 수원시_지역화폐 결제 정보_20260120
2025-11,수원시 권선구,평동,대형유통,60대 이상,21636,6,3606,미확인,0.35,1,남,2026-01-20,공공데이터포털_경기도 수원시_지역화폐 결제 정보_20260120
2025-11,수원시 권선구,평동,레저/문화 용품,60대 이상,21942,6,3657,미확인,0.35,1,남,2026-01-20,공공데이터포털_경기도 수원시_지역화폐 결제 정보_20260120
2025-11,수원시 권선구,평동,레저/스포츠 서비스,60대 이상,420243,124,3389,미확인,0.35,1,남,2026-01-20,공공데이터포털_경기도 수원시_지역화폐 결제 정보_20260120
2025-11,수원시 권선구,평동,문화/취미,60대 이상,53389,7,7627,미확인,0.35,1,남,2026-01-20,공공데이터포털_경기도 수원시_지역화폐 결제 정보_20260120
2025-11,수원시 권선구,평동,미용/위생,60대 이상,226602,33,6867,미확인,0.35,1,남,2026-01-20,공공데이터포털_경기도 수원시_지역화폐 결제 정보_20260120
2025-11,수원시 권선구,평동,서적/문구/학습자재,60대 이상,71664,10,7166,미확인,0.35,1,남,2026-01-20,공공데이터포털_경기도 수원시_지역화폐 결제 정보_20260120
2025-11,수원시 권선구,평동,신변잡화,60대 이상,11900,2,5950,미확인,0.35,1,남,2026-01-20,공공데이터포털_경기도 수원시_지역화폐 결제 정보_20260120
2025-11,수원시 권선구,평동,약국,60대 이상,511457,103,4966,미확인,0.35,1,남,2026-01-20,공공데이터포털_경기도 수원시_지역화폐 결제 정보_20260120
2025-11,수원시 권선구,평동,용역서비스,60대 이상,74476,14,5320,미확인,0.35,1,남,2026-01-20,공공데이터포털_경기도 수원시_지역화폐 결제 정보_20260120
2025-11,수원시 권선구,평동,음료/식품,60대 이상,1265409,228,5550,미확인,0.35,1,남,2026-01-20,공공데이터포털_경기도 수원시_지역화폐 결제 정보_20260120
2025-11,수원시 권선구,평동,의류,60대 이상,47437,4,11859,미확인,0.35,1,남,2026-01-20,공공데이터포털_경기도 수원시_지역화폐 결제 정보_20260120
2025-11,수원시 권선구,평동,의원,60대 이상,746277,81,9213,미확인,0.35,1,남,2026-01-20,공공데이터포털_경기도 수원시_지역화폐 결제 정보_20260120
2025-11,수원시 권선구,평동,일반/휴게 음식,60대 이상,6769892,1312,5160,미확인,0.35,1,남,2026-01-20,공공데이터포털_경기도 수원시_지역화폐 결제 정보_20260120
2025-11,수원시 권선구,평동,일반유통,60대 이상,1703201,459,3711,미확인,0.35,1,남,2026-01-20,공공데이터포털_경기도 수원시_지역화폐 결제 정보_20260120
2025-11,수원시 권선구,평동,자동차 정비/유지,60대 이상,301904,15,20127,미확인,0.35,1,남,2026-01-20,공공데이터포털_경기도 수원시_지역화폐 결제 정보_20260120
2025-11,수원시 권선구,평동,자동차판매,60대 이상,266000,1,266000,미확인,0.35,1,남,2026-01-20,공공데이터포털_경기도 수원시_지역화폐 결제 정보_20260120
2025-11,수원시 권선구,평동,전자제품,60대 이상,5888,1,5888,미확인,0.35,1,남,2026-01-20,공공데이터포털_경기도 수원시_지역화폐 결제 정보_20260120
2025-11,수원시 권선구,평동,주유/충전소,60대 이상,22041,4,5510,미확인,0.35,1,남,2026-01-20,공공데이터포털_경기도 수원시_지역화폐 결제 정보_20260120
2025-11,수원시 권선구,평동,직물/침구류,60대 이상,2743,1,2743,미확인,0.35,1,남,2026-01-20,공공데이터포털_경기도 수원시_지역화폐 결제 정보_20260120
2025-11,수원시 권선구,평동,학원,60대 이상,232797,6,38800,미확인,0.35,1,남,2026-01-20,공공데이터포털_경기도 수원시_지역화폐 결제 정보_20260120
2025-11,수원시 권선구,평동,레저/스포츠 서비스,10대,11000,2,5500,미확인,0.35,1,여,2026-01-20,공공데이터포털_경기도 수원시_지역화폐 결제 정보_20260120
2025-11,수원시 권선구,평동,미용/위생,10대,9000,4,2250,미확인,0.35,1,여,2026-01-20,공공데이터포털_경기도 수원시_지역화폐 결제 정보_20260120
2025-11,수원시 권선구,평동,서적/문구/학습자재,10대,6643,12,554,미확인,0.35,1,여,2026-01-20,공공데이터포털_경기도 수원시_지역화폐 결제 정보_20260120
2025-11,수원시 권선구,평동,약국,10대,3852,3,1284,미확인,0.35,1,여,2026-01-20,공공데이터포털_경기도 수원시_지역화폐 결제 정보_20260120
2025-11,수원시 권선구,평동,용역서비스,10대,52585,2,26292,미확인,0.35,1,여,2026-01-20,공공데이터포털_경기도 수원시_지역화폐 결제 정보_20260120
2025-11,수원시 권선구,평동,음료/식품,10대,107263,39,2750,미확인,0.35,1,여,2026-01-20,공공데이터포털_경기도 수원시_지역화폐 결제 정보_20260120
2025-11,수원시 권선구,평동,의원,10대,10392,2,5196,미확인,0.35,1,여,2026-01-20,공공데이터포털_경기도 수원시_지역화폐 결제 정보_20260120
2025-11,수원시 권선구,평동,일반/휴게 음식,10대,534026,84,6357,미확인,0.35,1,여,2026-01-20,공공데이터포털_경기도 수원시_지역화폐 결제 정보_20260120
2025-11,수원시 권선구,평동,일반유통,10대,400203,138,2900,미확인,0.35,1,여,2026-01-20,공공데이터포털_경기도 수원시_지역화폐 결제 정보_20260120
2025-11,수원시 권선구,평동,학원,10대,168882,3,56294,미확인,0.35,1,여,2026-01-20,공공데이터포털_경기도 수원시_지역화폐 결제 정보_20260120
2025-11,수원시 권선구,평동,건축자재,20대,65949,5,13190,미확인,0.35,1,여,2026-01-20,공공데이터포털_경기도 수원시_지역화폐 결제 정보_20260120
2025-11,수원시 권선구,평동,기타의료,20대,94226,7,13461,미확인,0.35,1,여,2026-01-20,공공데이터포털_경기도 수원시_지역화폐 결제 정보_20260120
2025-11,수원시 권선구,평동,대형유통,20대,10731,4,2683,미확인,0.35,1,여,2026-01-20,공공데이터포털_경기도 수원시_지역화폐 결제 정보_20260120
2025-11,수원시 권선구,평동,레저/문화 용품,20대,50000,1,50000,미확인,0.35,1,여,2026-01-20,공공데이터포털_경기도 수원시_지역화폐 결제 정보_20260120
2025-11,수원시 권선구,평동,레저/스포츠 서비스,20대,779372,25,31175,미확인,0.35,1,여,2026-01-20,공공데이터포털_경기도 수원시_지역화폐 결제 정보_20260120
2025-11,수원시 권선구,평동,문화/취미,20대,126339,16,7896,미확인,0.35,1,여,2026-01-20,공공데이터포털_경기도 수원시_지역화폐 결제 정보_20260120
2025-11,수원시 권선구,평동,미용/위생,20대,338319,24,14097,미확인,0.35,1,여,2026-01-20,공공데이터포털_경기도 수원시_지역화폐 결제 정보_20260120
2025-11,수원시 권선구,평동,서적/문구/학습자재,20대,9966,3,3322,미확인,0.35,1,여,2026-01-20,공공데이터포털_경기도 수원시_지역화폐 결제 정보_20260120
2025-11,수원시 권선구,평동,약국,20대,385907,60,6432,미확인,0.35,1,여,2026-01-20,공공데이터포털_경기도 수원시_지역화폐 결제 정보_20260120
2025-11,수원시 권선구,평동,용역서비스,20대,100612,8,12576,미확인,0.35,1,여,2026-01-20,공공데이터포털_경기도 수원시_지역화폐 결제 정보_20260120
2025-11,수원시 권선구,평동,음료/식품,20대,1602739,173,9264,미확인,0.35,1,여,2026-01-20,공공데이터포털_경기도 수원시_지역화폐 결제 정보_20260120
2025-11,수원시 권선구,평동,의류,20대,144778,7,20683,미확인,0.35,1,여,2026-01-20,공공데이터포털_경기도 수원시_지역화폐 결제 정보_20260120
2025-11,수원시 권선구,평동,의원,20대,837192,35,23920,미확인,0.35,1,여,2026-01-20,공공데이터포털_경기도 수원시_지역화폐 결제 정보_20260120
2025-11,수원시 권선구,평동,일반/휴게 음식,20대,9469415,885,10700,미확인,0.35,1,여,2026-01-20,공공데이터포털_경기도 수원시_지역화폐 결제 정보_20260120
2025-11,수원시 권선구,평동,일반유통,20대,2511490,549,4575,미확인,0.35,1,여,2026-01-20,공공데이터포털_경기도 수원시_지역화폐 결제 정보_20260120
2025-11,수원시 권선구,평동,자동차 정비/유지,20대,140438,3,46813,미확인,0.35,1,여,2026-01-20,공공데이터포털_경기도 수원시_지역화폐 결제 정보_20260120
2025-11,수원시 권선구,평동,주유/충전소,20대,8883,2,4442,미확인,0.35,1,여,2026-01-20,공공데이터포털_경기도 수원시_지역화폐 결제 정보_20260120
2025-11,수원시 권선구,평동,학원,20대,934143,12,77845,미확인,0.35,1,여,2026-01-20,공공데이터포털_경기도 수원시_지역화폐 결제 정보_20260120
2025-11,수원시 권선구,평동,기타의료,30대,1006990,18,55944,미확인,0.35,1,여,2026-01-20,공공데이터포털_경기도 수원시_지역화폐 결제 정보_20260120
2025-11,수원시 권선구,평동,대형유통,30대,65245,25,2610,미확인,0.35,1,여,2026-01-20,공공데이터포털_경기도 수원시_지역화폐 결제 정보_20260120
2025-11,수원시 권선구,평동,레저/문화 용품,30대,183317,2,91658,미확인,0.35,1,여,2026-01-20,공공데이터포털_경기도 수원시_지역화폐 결제 정보_20260120
2025-11,수원시 권선구,평동,레저/스포츠 서비스,30대,537123,26,20659,미확인,0.35,1,여,2026-01-20,공공데이터포털_경기도 수원시_지역화폐 결제 정보_20260120
2025-11,수원시 권선구,평동,문화/취미,30대,237474,48,4947,미확인,0.35,1,여,2026-01-20,공공데이터포털_경기도 수원시_지역화폐 결제 정보_20260120
2025-11,수원시 권선구,평동,미용/위생,30대,846486,47,18010,미확인,0.35,1,여,2026-01-20,공공데이터포털_경기도 수원시_지역화폐 결제 정보_20260120
2025-11,수원시 권선구,평동,서적/문구/학습자재,30대,12592,9,1399,미확인,0.35,1,여,2026-01-20,공공데이터포털_경기도 수원시_지역화폐 결제 정보_20260120
2025-11,수원시 권선구,평동,신변잡화,30대,12340,5,2468,미확인,0.35,1,여,2026-01-20,공공데이터포털_경기도 수원시_지역화폐 결제 정보_20260120
2025-11,수원시 권선구,평동,약국,30대,656699,272,2414,미확인,0.35,1,여,2026-01-20,공공데이터포털_경기도 수원시_지역화폐 결제 정보_20260120
2025-11,수원시 권선구,평동,용역서비스,30대,235366,14,16812,미확인,0.35,1,여,2026-01-20,공공데이터포털_경기도 수원시_지역화폐 결제 정보_20260120
2025-11,수원시 권선구,평동,음료/식품,30대,2382584,529,4504,미확인,0.35,1,여,2026-01-20,공공데이터포털_경기도 수원시_지역화폐 결제 정보_20260120
2025-11,수원시 권선구,평동,의류,30대,24123,6,4020,미확인,0.35,1,여,2026-01-20,공공데이터포털_경기도 수원시_지역화폐 결제 정보_20260120
2025-11,수원시 권선구,평동,의원,30대,1552074,213,7287,미확인,0.35,1,여,2026-01-20,공공데이터포털_경기도 수원시_지역화폐 결제 정보_20260120
2025-11,수원시 권선구,평동,일반/휴게 음식,30대,11199040,2339,4788,미확인,0.35,1,여,2026-01-20,공공데이터포털_경기도 수원시_지역화폐 결제 정보_20260120
2025-11,수원시 권선구,평동,일반유통,30대,2393654,853,2806,미확인,0.35,1,여,2026-01-20,공공데이터포털_경기도 수원시_지역화폐 결제 정보_20260120
2025-11,수원시 권선구,평동,자동차 정비/유지,30대,897484,38,23618,미확인,0.35,1,여,2026-01-20,공공데이터포털_경기도 수원시_지역화폐 결제 정보_20260120
2025-11,수원시 권선구,평동,자동차판매,30대,7413,2,3706,미확인,0.35,1,여,2026-01-20,공공데이터포털_경기도 수원시_지역화폐 결제 정보_20260120
2025-11,수원시 권선구,평동,주방용품,30대,14135,1,14135,미확인,0.35,1,여,2026-01-20,공공데이터포털_경기도 수원시_지역화폐 결제 정보_20260120
2025-11,수원시 권선구,평동,주유/충전소,30대,117815,12,9818,미확인,0.35,1,여,2026-01-20,공공데이터포털_경기도 수원시_지역화폐 결제 정보_20260120
2025-11,수원시 권선구,평동,학교/교육,30대,35236,1,35236,미확인,0.35,1,여,2026-01-20,공공데이터포털_경기도 수원시_지역화폐 결제 정보_20260120
2025-11,수원시 권선구,평동,학원,30대,2269204,55,41258,미확인,0.35,1,여,2026-01-20,공공데이터포털_경기도 수원시_지역화폐 결제 정보_20260120
2025-11,수원시 권선구,평동,건축자재,40대,3730,2,1865,미확인,0.35,1,여,2026-01-20,공공데이터포털_경기도 수원시_지역화폐 결제 정보_20260120
2025-11,수원시 권선구,평동,기타의료,40대,205096,23,8917,미확인,0.35,1,여,2026-01-20,공공데이터포털_경기도 수원시_지역화폐 결제 정보_20260120
2025-11,수원시 권선구,평동,대형유통,40대,111500,30,3717,미확인,0.35,1,여,2026-01-20,공공데이터포털_경기도 수원시_지역화폐 결제 정보_20260120
2025-11,수원시 권선구,평동,레저/문화 용품,40대,312521,14,22323,미확인,0.35,1,여,2026-01-20,공공데이터포털_경기도 수원시_지역화폐 결제 정보_20260120
2025-11,수원시 권선구,평동,레저/스포츠 서비스,40대,770594,90,8562,미확인,0.35,1,여,2026-01-20,공공데이터포털_경기도 수원시_지역화폐 결제 정보_20260120
2025-11,수원시 권선구,평동,문화/취미,40대,284321,60,4739,미확인,0.35,1,여,2026-01-20,공공데이터포털_경기도 수원시_지역화폐 결제 정보_20260120
2025-11,수원시 권선구,평동,미용/위생,40대,1091900,114,9578,미확인,0.35,1,여,2026-01-20,공공데이터포털_경기도 수원시_지역화폐 결제 정보_20260120
2025-11,수원시 권선구,평동,서적/문구/학습자재,40대,51853,45,1152,미확인,0.35,1,여,2026-01-20,공공데이터포털_경기도 수원시_지역화폐 결제 정보_20260120
2025-11,수원시 권선구,평동,신변잡화,40대,56340,20,2817,미확인,0.35,1,여,2026-01-20,공공데이터포털_경기도 수원시_지역화폐 결제 정보_20260120
2025-11,수원시 권선구,평동,약국,40대,997685,370,2696,미확인,0.35,1,여,2026-01-20,공공데이터포털_경기도 수원시_지역화폐 결제 정보_20260120
2025-11,수원시 권선구,평동,용역서비스,40대,169646,41,4138,미확인,0.35,1,여,2026-01-20,공공데이터포털_경기도 수원시_지역화폐 결제 정보_20260120
2025-11,수원시 권선구,평동,음료/식품,40대,2753381,832,3309,미확인,0.35,1,여,2026-01-20,공공데이터포털_경기도 수원시_지역화폐 결제 정보_20260120
2025-11,수원시 권선구,평동,의류,40대,49751,8,6219,미확인,0.35,1,여,2026-01-20,공공데이터포털_경기도 수원시_지역화폐 결제 정보_20260120
2025-11,수원시 권선구,평동,의원,40대,1793098,287,6248,미확인,0.35,1,여,2026-01-20,공공데이터포털_경기도 수원시_지역화폐 결제 정보_20260120
2025-11,수원시 권선구,평동,일반/휴게 음식,40대,15669679,3324,4714,미확인,0.35,1,여,2026-01-20,공공데이터포털_경기도 수원시_지역화폐 결제 정보_20260120
2025-11,수원시 권선구,평동,일반유통,40대,2252121,963,2339,미확인,0.35,1,여,2026-01-20,공공데이터포털_경기도 수원시_지역화폐 결제 정보_20260120
2025-11,수원시 권선구,평동,자동차 정비/유지,40대,590976,29,20378,미확인,0.35,1,여,2026-01-20,공공데이터포털_경기도 수원시_지역화폐 결제 정보_20260120
2025-11,수원시 권선구,평동,자동차판매,40대,9167,2,4584,미확인,0.35,1,여,2026-01-20,공공데이터포털_경기도 수원시_지역화폐 결제 정보_20260120
2025-11,수원시 권선구,평동,주유/충전소,40대,104362,16,6523,미확인,0.35,1,여,2026-01-20,공공데이터포털_경기도 수원시_지역화폐 결제 정보_20260120
2025-11,수원시 권선구,평동,학교/교육,40대,41431,1,41431,미확인,0.35,1,여,2026-01-20,공공데이터포털_경기도 수원시_지역화폐 결제 정보_20260120
2025-11,수원시 권선구,평동,학원,40대,7673647,231,33219,미확인,0.35,1,여,2026-01-20,공공데이터포털_경기도 수원시_지역화폐 결제 정보_20260120
2025-11,수원시 권선구,평동,가구,50대,2807,1,2807,미확인,0.35,1,여,2026-01-20,공공데이터포털_경기도 수원시_지역화폐 결제 정보_20260120
2025-11,수원시 권선구,평동,건축자재,50대,101,1,101,미확인,0.35,1,여,2026-01-20,공공데이터포털_경기도 수원시_지역화폐 결제 정보_20260120
2025-11,수원시 권선구,평동,기타의료,50대,101168,23,4399,미확인,0.35,1,여,2026-01-20,공공데이터포털_경기도 수원시_지역화폐 결제 정보_20260120
2025-11,수원시 권선구,평동,대형유통,50대,53734,16,3358,미확인,0.35,1,여,2026-01-20,공공데이터포털_경기도 수원시_지역화폐 결제 정보_20260120
2025-11,수원시 권선구,평동,레저/문화 용품,50대,124736,12,10395,미확인,0.35,1,여,2026-01-20,공공데이터포털_경기도 수원시_지역화폐 결제 정보_20260120
2025-11,수원시 권선구,평동,레저/스포츠 서비스,50대,427620,105,4073,미확인,0.35,1,여,2026-01-20,공공데이터포털_경기도 수원시_지역화폐 결제 정보_20260120
2025-11,수원시 권선구,평동,문화/취미,50대,112577,24,4691,미확인,0.35,1,여,2026-01-20,공공데이터포털_경기도 수원시_지역화폐 결제 정보_20260120
2025-11,수원시 권선구,평동,미용/위생,50대,1182549,111,10654,미확인,0.35,1,여,2026-01-20,공공데이터포털_경기도 수원시_지역화폐 결제 정보_20260120
2025-11,수원시 권선구,평동,서적/문구/학습자재,50대,31670,24,1320,미확인,0.35,1,여,2026-01-20,공공데이터포털_경기도 수원시_지역화폐 결제 정보_20260120
2025-11,수원시 권선구,평동,신변잡화,50대,67852,27,2513,미확인,0.35,1,여,2026-01-20,공공데이터포털_경기도 수원시_지역화폐 결제 정보_20260120
2025-11,수원시 권선구,평동,약국,50대,743826,201,3701,미확인,0.35,1,여,2026-01-20,공공데이터포털_경기도 수원시_지역화폐 결제 정보_20260120
2025-11,수원시 권선구,평동,용역서비스,50대,169186,34,4976,미확인,0.35,1,여,2026-01-20,공공데이터포털_경기도 수원시_지역화폐 결제 정보_20260120
2025-11,수원시 권선구,평동,음료/식품,50대,3198040,553,5783,미확인,0.35,1,여,2026-01-20,공공데이터포털_경기도 수원시_지역화폐 결제 정보_20260120
2025-11,수원시 권선구,평동,의류,50대,97533,7,13933,미확인,0.35,1,여,2026-01-20,공공데이터포털_경기도 수원시_지역화폐 결제 정보_20260120
2025-11,수원시 권선구,평동,의원,50대,1007776,126,7998,미확인,0.35,1,여,2026-01-20,공공데이터포털_경기도 수원시_지역화폐 결제 정보_20260120
2025-11,수원시 권선구,평동,일반/휴게 음식,50대,12278624,2492,4927,미확인,0.35,1,여,2026-01-20,공공데이터포털_경기도 수원시_지역화폐 결제 정보_20260120
2025-11,수원시 권선구,평동,일반유통,50대,2300058,760,3026,미확인,0.35,1,여,2026-01-20,공공데이터포털_경기도 수원시_지역화폐 결제 정보_20260120
2025-11,수원시 권선구,평동,자동차 정비/유지,50대,390256,19,20540,미확인,0.35,1,여,2026-01-20,공공데이터포털_경기도 수원시_지역화폐 결제 정보_20260120
2025-11,수원시 권선구,평동,전자제품,50대,829,1,829,미확인,0.35,1,여,2026-01-20,공공데이터포털_경기도 수원시_지역화폐 결제 정보_20260120
2025-11,수원시 권선구,평동,학교/교육,50대,111651,3,37217,미확인,0.35,1,여,2026-01-20,공공데이터포털_경기도 수원시_지역화폐 결제 정보_20260120
2025-11,수원시 권선구,평동,학원,50대,2261355,55,41116,미확인,0.35,1,여,2026-01-20,공공데이터포털_경기도 수원시_지역화폐 결제 정보_20260120
2025-11,수원시 권선구,평동,건축자재,60대 이상,3900,2,1950,미확인,0.35,1,여,2026-01-20,공공데이터포털_경기도 수원시_지역화폐 결제 정보_20260120
2025-11,수원시 권선구,평동,기타의료,60대 이상,105242,18,5847,미확인,0.35,1,여,2026-01-20,공공데이터포털_경기도 수원시_지역화폐 결제 정보_20260120
2025-11,수원시 권선구,평동,대형유통,60대 이상,43549,18,2419,미확인,0.35,1,여,2026-01-20,공공데이터포털_경기도 수원시_지역화폐 결제 정보_20260120
2025-11,수원시 권선구,평동,레저/문화 용품,60대 이상,35047,3,11682,미확인,0.35,1,여,2026-01-20,공공데이터포털_경기도 수원시_지역화폐 결제 정보_20260120
2025-11,수원시 권선구,평동,레저/스포츠 서비스,60대 이상,258383,48,5383,미확인,0.35,1,여,2026-01-20,공공데이터포털_경기도 수원시_지역화폐 결제 정보_20260120
2025-11,수원시 권선구,평동,문화/취미,60대 이상,122956,32,3842,미확인,0.35,1,여,2026-01-20,공공데이터포털_경기도 수원시_지역화폐 결제 정보_20260120
2025-11,수원시 권선구,평동,미용/위생,60대 이상,968112,95,10191,미확인,0.35,1,여,2026-01-20,공공데이터포털_경기도 수원시_지역화폐 결제 정보_20260120
2025-11,수원시 권선구,평동,사무/통신,60대 이상,1168,1,1168,미확인,0.35,1,여,2026-01-20,공공데이터포털_경기도 수원시_지역화폐 결제 정보_20260120
2025-11,수원시 권선구,평동,서적/문구/학습자재,60대 이상,1793,2,896,미확인,0.35,1,여,2026-01-20,공공데이터포털_경기도 수원시_지역화폐 결제 정보_20260120
2025-11,수원시 권선구,평동,신변잡화,60대 이상,17734,9,1970,미확인,0.35,1,여,2026-01-20,공공데이터포털_경기도 수원시_지역화폐 결제 정보_20260120
2025-11,수원시 권선구,평동,약국,60대 이상,594058,156,3808,미확인,0.35,1,여,2026-01-20,공공데이터포털_경기도 수원시_지역화폐 결제 정보_20260120
2025-11,수원시 권선구,평동,용역서비스,60대 이상,86440,24,3602,미확인,0.35,1,여,2026-01-20,공공데이터포털_경기도 수원시_지역화폐 결제 정보_20260120
2025-11,수원시 권선구,평동,음료/식품,60대 이상,3010106,501,6008,미확인,0.35,1,여,2026-01-20,공공데이터포털_경기도 수원시_지역화폐 결제 정보_20260120
2025-11,수원시 권선구,평동,의류,60대 이상,225126,13,17317,미확인,0.35,1,여,2026-01-20,공공데이터포털_경기도 수원시_지역화폐 결제 정보_20260120
2025-11,수원시 권선구,평동,의원,60대 이상,775331,136,5701,미확인,0.35,1,여,2026-01-20,공공데이터포털_경기도 수원시_지역화폐 결제 정보_20260120
2025-11,수원시 권선구,평동,일반/휴게 음식,60대 이상,6479788,1189,5450,미확인,0.35,1,여,2026-01-20,공공데이터포털_경기도 수원시_지역화폐 결제 정보_20260120
2025-11,수원시 권선구,평동,일반유통,60대 이상,1586365,422,3759,미확인,0.35,1,여,2026-01-20,공공데이터포털_경기도 수원시_지역화폐 결제 정보_20260120
2025-11,수원시 권선구,평동,자동차 정비/유지,60대 이상,382399,17,22494,미확인,0.35,1,여,2026-01-20,공공데이터포털_경기도 수원시_지역화폐 결제 정보_20260120
2025-11,수원시 권선구,평동,직물/침구류,60대 이상,57908,2,28954,미확인,0.35,1,여,2026-01-20,공공데이터포털_경기도 수원시_지역화폐 결제 정보_20260120
2025-11,수원시 권선구,평동,학원,60대 이상,100000,1,100000,미확인,0.35,1,여,2026-01-20,공공데이터포털_경기도 수원시_지역화폐 결제 정보_20260120
2025-11,수원시 권선구,평동,회원정보미상,60대 이상,552700,25,22108,미확인,0.35,1,여,2026-01-20,공공데이터포털_경기도 수원시_지역화폐 결제 정보_20260120
2025-11,수원시 권선구,평동,회원정보미상,60대 이상,552700,25,22108,미확인,0.35,1,여,2026-01-20,공공데이터포털_경기도 수원시_지역화폐 결제 정보_20260120
2025-11,수원시 권선구,평동,미용/위생,60대 이상,68000,3,22667,미확인,0.35,1,여,2026-01-20,공공데이터포털_경기도 수원시_지역화폐 결제 정보_20260120
2025-11,수원시 권선구,평동,약국,60대 이상,29700,4,7425,미확인,0.35,1,여,2026-01-20,공공데이터포털_경기도 수원시_지역화폐 결제 정보_20260120
2025-11,수원시 권선구,평동,용역서비스,60대 이상,18000,1,18000,미확인,0.35,1,여,2026-01-20,공공데이터포털_경기도 수원시_지역화폐 결제 정보_20260120
2025-11,수원시 권선구,평동,음료/식품,60대 이상,264800,8,33100,미확인,0.35,1,여,2026-01-20,공공데이터포털_경기도 수원시_지역화폐 결제 정보_20260120
2025-11,수원시 권선구,평동,의원,60대 이상,1500,1,1500,미확인,0.35,1,여,2026-01-20,공공데이터포털_경기도 수원시_지역화폐 결제 정보_20260120
2025-11,수원시 권선구,평동,일반/휴게 음식,60대 이상,87300,5,17460,미확인,0.35,1,여,2026-01-20,공공데이터포털_경기도 수원시_지역화폐 결제 정보_20260120
2025-11,수원시 권선구,평동,일반유통,60대 이상,83400,3,27800,미확인,0.35,1,여,2026-01-20,공공데이터포털_경기도 수원시_지역화폐 결제 정보_20260120
2025-11,수원시 권선구,호매실동,기타의료,10대,16000,1,16000,미확인,0.35,1,남,2026-01-20,공공데이터포털_경기도 수원시_지역화폐 결제 정보_20260120
2025-11,수원시 권선구,호매실동,레저/문화 용품,10대,3702,2,1851,미확인,0.35,1,남,2026-01-20,공공데이터포털_경기도 수원시_지역화폐 결제 정보_20260120
2025-11,수원시 권선구,호매실동,레저/스포츠 서비스,10대,286736,62,4625,미확인,0.35,1,남,2026-01-20,공공데이터포털_경기도 수원시_지역화폐 결제 정보_20260120
2025-11,수원시 권선구,호매실동,미용/위생,10대,169705,19,8932,미확인,0.35,1,남,2026-01-20,공공데이터포털_경기도 수원시_지역화폐 결제 정보_20260120
2025-11,수원시 권선구,호매실동,서적/문구/학습자재,10대,92945,24,3873,미확인,0.35,1,남,2026-01-20,공공데이터포털_경기도 수원시_지역화폐 결제 정보_20260120
2025-11,수원시 권선구,호매실동,약국,10대,33445,13,2573,미확인,0.35,1,남,2026-01-20,공공데이터포털_경기도 수원시_지역화폐 결제 정보_20260120
2025-11,수원시 권선구,호매실동,용역서비스,10대,60262,13,4636,미확인,0.35,1,남,2026-01-20,공공데이터포털_경기도 수원시_지역화폐 결제 정보_20260120
2025-11,수원시 권선구,호매실동,음료/식품,10대,229616,82,2800,미확인,0.35,1,남,2026-01-20,공공데이터포털_경기도 수원시_지역화폐 결제 정보_20260120
2025-11,수원시 권선구,호매실동,의류,10대,5260,1,5260,미확인,0.35,1,남,2026-01-20,공공데이터포털_경기도 수원시_지역화폐 결제 정보_20260120
2025-11,수원시 권선구,호매실동,의원,10대,63114,13,4855,미확인,0.35,1,남,2026-01-20,공공데이터포털_경기도 수원시_지역화폐 결제 정보_20260120
2025-11,수원시 권선구,호매실동,일반/휴게 음식,10대,895408,199,4500,미확인,0.35,1,남,2026-01-20,공공데이터포털_경기도 수원시_지역화폐 결제 정보_20260120
2025-11,수원시 권선구,호매실동,일반유통,10대,321179,142,2262,미확인,0.35,1,남,2026-01-20,공공데이터포털_경기도 수원시_지역화폐 결제 정보_20260120
2025-11,수원시 권선구,호매실동,학원,10대,1472340,40,36808,미확인,0.35,1,남,2026-01-20,공공데이터포털_경기도 수원시_지역화폐 결제 정보_20260120
2025-11,수원시 권선구,호매실동,건축자재,20대,1069,1,1069,미확인,0.35,1,남,2026-01-20,공공데이터포털_경기도 수원시_지역화폐 결제 정보_20260120
2025-11,수원시 권선구,호매실동,기타의료,20대,514054,10,51405,미확인,0.35,1,남,2026-01-20,공공데이터포털_경기도 수원시_지역화폐 결제 정보_20260120
2025-11,수원시 권선구,호매실동,레저/문화 용품,20대,18046,2,9023,미확인,0.35,1,남,2026-01-20,공공데이터포털_경기도 수원시_지역화폐 결제 정보_20260120
2025-11,수원시 권선구,호매실동,레저/스포츠 서비스,20대,1864241,154,12105,미확인,0.35,1,남,2026-01-20,공공데이터포털_경기도 수원시_지역화폐 결제 정보_20260120
2025-11,수원시 권선구,호매실동,문화/취미,20대,398526,17,23443,미확인,0.35,1,남,2026-01-20,공공데이터포털_경기도 수원시_지역화폐 결제 정보_20260120
2025-11,수원시 권선구,호매실동,미용/위생,20대,1643730,95,17302,미확인,0.35,1,남,2026-01-20,공공데이터포털_경기도 수원시_지역화폐 결제 정보_20260120
2025-11,수원시 권선구,호매실동,서적/문구/학습자재,20대,44878,14,3206,미확인,0.35,1,남,2026-01-20,공공데이터포털_경기도 수원시_지역화폐 결제 정보_20260120
2025-11,수원시 권선구,호매실동,약국,20대,395757,44,8994,미확인,0.35,1,남,2026-01-20,공공데이터포털_경기도 수원시_지역화폐 결제 정보_20260120
2025-11,수원시 권선구,호매실동,용역서비스,20대,151205,24,6300,미확인,0.35,1,남,2026-01-20,공공데이터포털_경기도 수원시_지역화폐 결제 정보_20260120
2025-11,수원시 권선구,호매실동,음료/식품,20대,2079742,249,8352,미확인,0.35,1,남,2026-01-20,공공데이터포털_경기도 수원시_지역화폐 결제 정보_20260120
2025-11,수원시 권선구,호매실동,의류,20대,154293,4,38573,미확인,0.35,1,남,2026-01-20,공공데이터포털_경기도 수원시_지역화폐 결제 정보_20260120
2025-11,수원시 권선구,호매실동,의원,20대,1061083,31,34228,미확인,0.35,1,남,2026-01-20,공공데이터포털_경기도 수원시_지역화폐 결제 정보_20260120
2025-11,수원시 권선구,호매실동,일반/휴게 음식,20대,8804471,916,9612,미확인,0.35,1,남,2026-01-20,공공데이터포털_경기도 수원시_지역화폐 결제 정보_20260120
2025-11,수원시 권선구,호매실동,일반유통,20대,2199751,450,4888,미확인,0.35,1,남,2026-01-20,공공데이터포털_경기도 수원시_지역화폐 결제 정보_20260120
2025-11,수원시 권선구,호매실동,자동차 정비/유지,20대,38556,2,19278,미확인,0.35,1,남,2026-01-20,공공데이터포털_경기도 수원시_지역화폐 결제 정보_20260120
2025-11,수원시 권선구,호매실동,주유/충전소,20대,195061,28,6966,미확인,0.35,1,남,2026-01-20,공공데이터포털_경기도 수원시_지역화폐 결제 정보_20260120
2025-11,수원시 권선구,호매실동,학원,20대,958642,43,22294,미확인,0.35,1,남,2026-01-20,공공데이터포털_경기도 수원시_지역화폐 결제 정보_20260120
2025-11,수원시 권선구,호매실동,기타의료,30대,4762621,49,97196,미확인,0.35,1,남,2026-01-20,공공데이터포털_경기도 수원시_지역화폐 결제 정보_20260120
2025-11,수원시 권선구,호매실동,대형유통,30대,12146,7,1735,미확인,0.35,1,남,2026-01-20,공공데이터포털_경기도 수원시_지역화폐 결제 정보_20260120
2025-11,수원시 권선구,호매실동,레저/문화 용품,30대,49452,4,12363,미확인,0.35,1,남,2026-01-20,공공데이터포털_경기도 수원시_지역화폐 결제 정보_20260120
2025-11,수원시 권선구,호매실동,레저/스포츠 서비스,30대,617966,166,3723,미확인,0.35,1,남,2026-01-20,공공데이터포털_경기도 수원시_지역화폐 결제 정보_20260120
2025-11,수원시 권선구,호매실동,문화/취미,30대,1826010,77,23714,미확인,0.35,1,남,2026-01-20,공공데이터포털_경기도 수원시_지역화폐 결제 정보_20260120
2025-11,수원시 권선구,호매실동,미용/위생,30대,2357299,225,10477,미확인,0.35,1,남,2026-01-20,공공데이터포털_경기도 수원시_지역화폐 결제 정보_20260120
2025-11,수원시 권선구,호매실동,서적/문구/학습자재,30대,207421,151,1374,미확인,0.35,1,남,2026-01-20,공공데이터포털_경기도 수원시_지역화폐 결제 정보_20260120
2025-11,수원시 권선구,호매실동,약국,30대,983238,340,2892,미확인,0.35,1,남,2026-01-20,공공데이터포털_경기도 수원시_지역화폐 결제 정보_20260120
2025-11,수원시 권선구,호매실동,용역서비스,30대,230740,49,4709,미확인,0.35,1,남,2026-01-20,공공데이터포털_경기도 수원시_지역화폐 결제 정보_20260120
2025-11,수원시 권선구,호매실동,음료/식품,30대,2614461,711,3677,미확인,0.35,1,남,2026-01-20,공공데이터포털_경기도 수원시_지역화폐 결제 정보_20260120
2025-11,수원시 권선구,호매실동,의류,30대,4972,3,1657,미확인,0.35,1,남,2026-01-20,공공데이터포털_경기도 수원시_지역화폐 결제 정보_20260120
2025-11,수원시 권선구,호매실동,의원,30대,1045396,221,4730,미확인,0.35,1,남,2026-01-20,공공데이터포털_경기도 수원시_지역화폐 결제 정보_20260120
2025-11,수원시 권선구,호매실동,일반/휴게 음식,30대,10304914,2672,3857,미확인,0.35,1,남,2026-01-20,공공데이터포털_경기도 수원시_지역화폐 결제 정보_20260120
2025-11,수원시 권선구,호매실동,일반유통,30대,3099756,1180,2627,미확인,0.35,1,남,2026-01-20,공공데이터포털_경기도 수원시_지역화폐 결제 정보_20260120
2025-11,수원시 권선구,호매실동,자동차 정비/유지,30대,57444,3,19148,미확인,0.35,1,남,2026-01-20,공공데이터포털_경기도 수원시_지역화폐 결제 정보_20260120
2025-11,수원시 권선구,호매실동,주방용품,30대,2472,1,2472,미확인,0.35,1,남,2026-01-20,공공데이터포털_경기도 수원시_지역화폐 결제 정보_20260120
2025-11,수원시 권선구,호매실동,주유/충전소,30대,922171,113,8161,미확인,0.35,1,남,2026-01-20,공공데이터포털_경기도 수원시_지역화폐 결제 정보_20260120
2025-11,수원시 권선구,호매실동,직물/침구류,30대,60000,1,60000,미확인,0.35,1,남,2026-01-20,공공데이터포털_경기도 수원시_지역화폐 결제 정보_20260120
2025-11,수원시 권선구,호매실동,학원,30대,1838177,69,26640,미확인,0.35,1,남,2026-01-20,공공데이터포털_경기도 수원시_지역화폐 결제 정보_20260120
2025-11,수원시 권선구,호매실동,건축자재,40대,1295,1,1295,미확인,0.35,1,남,2026-01-20,공공데이터포털_경기도 수원시_지역화폐 결제 정보_20260120
2025-11,수원시 권선구,호매실동,기타의료,40대,468138,12,39012,미확인,0.35,1,남,2026-01-20,공공데이터포털_경기도 수원시_지역화폐 결제 정보_20260120
2025-11,수원시 권선구,호매실동,대형유통,40대,9387,4,2347,미확인,0.35,1,남,2026-01-20,공공데이터포털_경기도 수원시_지역화폐 결제 정보_20260120
2025-11,수원시 권선구,호매실동,레저/문화 용품,40대,217539,21,10359,미확인,0.35,1,남,2026-01-20,공공데이터포털_경기도 수원시_지역화폐 결제 정보_20260120
2025-11,수원시 권선구,호매실동,레저/스포츠 서비스,40대,2223357,462,4812,미확인,0.35,1,남,2026-01-20,공공데이터포털_경기도 수원시_지역화폐 결제 정보_20260120
2025-11,수원시 권선구,호매실동,문화/취미,40대,564073,83,6796,미확인,0.35,1,남,2026-01-20,공공데이터포털_경기도 수원시_지역화폐 결제 정보_20260120
2025-11,수원시 권선구,호매실동,미용/위생,40대,3105885,457,6796,미확인,0.35,1,남,2026-01-20,공공데이터포털_경기도 수원시_지역화폐 결제 정보_20260120
2025-11,수원시 권선구,호매실동,서적/문구/학습자재,40대,632881,289,2190,미확인,0.35,1,남,2026-01-20,공공데이터포털_경기도 수원시_지역화폐 결제 정보_20260120
2025-11,수원시 권선구,호매실동,약국,40대,1349458,740,1824,미확인,0.35,1,남,2026-01-20,공공데이터포털_경기도 수원시_지역화폐 결제 정보_20260120
2025-11,수원시 권선구,호매실동,용역서비스,40대,1193303,121,9862,미확인,0.35,1,남,2026-01-20,공공데이터포털_경기도 수원시_지역화폐 결제 정보_20260120
2025-11,수원시 권선구,호매실동,음료/식품,40대,6200783,1870,3316,미확인,0.35,1,남,2026-01-20,공공데이터포털_경기도 수원시_지역화폐 결제 정보_20260120
2025-11,수원시 권선구,호매실동,의류,40대,10150,1,10150,미확인,0.35,1,남,2026-01-20,공공데이터포털_경기도 수원시_지역화폐 결제 정보_20260120
2025-11,수원시 권선구,호매실동,의원,40대,2752021,537,5125,미확인,0.35,1,남,2026-01-20,공공데이터포털_경기도 수원시_지역화폐 결제 정보_20260120
2025-11,수원시 권선구,호매실동,일반/휴게 음식,40대,20520346,5372,3820,미확인,0.35,1,남,2026-01-20,공공데이터포털_경기도 수원시_지역화폐 결제 정보_20260120
2025-11,수원시 권선구,호매실동,일반유통,40대,6150280,2676,2298,미확인,0.35,1,남,2026-01-20,공공데이터포털_경기도 수원시_지역화폐 결제 정보_20260120
2025-11,수원시 권선구,호매실동,자동차 정비/유지,40대,548499,12,45708,미확인,0.35,1,남,2026-01-20,공공데이터포털_경기도 수원시_지역화폐 결제 정보_20260120
2025-11,수원시 권선구,호매실동,자동차판매,40대,13326,1,13326,미확인,0.35,1,남,2026-01-20,공공데이터포털_경기도 수원시_지역화폐 결제 정보_20260120
2025-11,수원시 권선구,호매실동,전자상거래,40대,77700,1,77700,미확인,0.35,1,남,2026-01-20,공공데이터포털_경기도 수원시_지역화폐 결제 정보_20260120
2025-11,수원시 권선구,호매실동,전자제품,40대,2364,2,1182,미확인,0.35,1,남,2026-01-20,공공데이터포털_경기도 수원시_지역화폐 결제 정보_20260120
2025-11,수원시 권선구,호매실동,주방용품,40대,7843,4,1961,미확인,0.35,1,남,2026-01-20,공공데이터포털_경기도 수원시_지역화폐 결제 정보_20260120
2025-11,수원시 권선구,호매실동,주유/충전소,40대,1520125,192,7917,미확인,0.35,1,남,2026-01-20,공공데이터포털_경기도 수원시_지역화폐 결제 정보_20260120
2025-11,수원시 권선구,호매실동,직물/침구류,40대,271487,2,135744,미확인,0.35,1,남,2026-01-20,공공데이터포털_경기도 수원시_지역화폐 결제 정보_20260120
2025-11,수원시 권선구,호매실동,학원,40대,32706311,999,32739,미확인,0.35,1,남,2026-01-20,공공데이터포털_경기도 수원시_지역화폐 결제 정보_20260120
2025-11,수원시 권선구,호매실동,기타의료,50대,194415,18,10801,미확인,0.35,1,남,2026-01-20,공공데이터포털_경기도 수원시_지역화폐 결제 정보_20260120
2025-11,수원시 권선구,호매실동,대형유통,50대,2396,3,799,미확인,0.35,1,남,2026-01-20,공공데이터포털_경기도 수원시_지역화폐 결제 정보_20260120
2025-11,수원시 권선구,호매실동,레저/문화 용품,50대,145036,30,4835,미확인,0.35,1,남,2026-01-20,공공데이터포털_경기도 수원시_지역화폐 결제 정보_20260120
2025-11,수원시 권선구,호매실동,레저/스포츠 서비스,50대,715644,190,3767,미확인,0.35,1,남,2026-01-20,공공데이터포털_경기도 수원시_지역화폐 결제 정보_20260120
2025-11,수원시 권선구,호매실동,문화/취미,50대,255368,46,5551,미확인,0.35,1,남,2026-01-20,공공데이터포털_경기도 수원시_지역화폐 결제 정보_20260120
2025-11,수원시 권선구,호매실동,미용/위생,50대,1919368,248,7739,미확인,0.35,1,남,2026-01-20,공공데이터포털_경기도 수원시_지역화폐 결제 정보_20260120
2025-11,수원시 권선구,호매실동,서적/문구/학습자재,50대,252078,168,1500,미확인,0.35,1,남,2026-01-20,공공데이터포털_경기도 수원시_지역화폐 결제 정보_20260120
2025-11,수원시 권선구,호매실동,약국,50대,581542,211,2756,미확인,0.35,1,남,2026-01-20,공공데이터포털_경기도 수원시_지역화폐 결제 정보_20260120
2025-11,수원시 권선구,호매실동,용역서비스,50대,450283,75,6004,미확인,0.35,1,남,2026-01-20,공공데이터포털_경기도 수원시_지역화폐 결제 정보_20260120
2025-11,수원시 권선구,호매실동,음료/식품,50대,3661683,805,4549,미확인,0.35,1,남,2026-01-20,공공데이터포털_경기도 수원시_지역화폐 결제 정보_20260120
2025-11,수원시 권선구,호매실동,의류,50대,54096,7,7728,미확인,0.35,1,남,2026-01-20,공공데이터포털_경기도 수원시_지역화폐 결제 정보_20260120
2025-11,수원시 권선구,호매실동,의원,50대,827853,159,5207,미확인,0.35,1,남,2026-01-20,공공데이터포털_경기도 수원시_지역화폐 결제 정보_20260120
2025-11,수원시 권선구,호매실동,일반/휴게 음식,50대,12711927,3039,4183,미확인,0.35,1,남,2026-01-20,공공데이터포털_경기도 수원시_지역화폐 결제 정보_20260120
2025-11,수원시 권선구,호매실동,일반유통,50대,4015670,1465,2741,미확인,0.35,1,남,2026-01-20,공공데이터포털_경기도 수원시_지역화폐 결제 정보_20260120
2025-11,수원시 권선구,호매실동,자동차 정비/유지,50대,212239,8,26530,미확인,0.35,1,남,2026-01-20,공공데이터포털_경기도 수원시_지역화폐 결제 정보_20260120
2025-11,수원시 권선구,호매실동,전자제품,50대,23995,3,7998,미확인,0.35,1,남,2026-01-20,공공데이터포털_경기도 수원시_지역화폐 결제 정보_20260120
2025-11,수원시 권선구,호매실동,주방용품,50대,28935,5,5787,미확인,0.35,1,남,2026-01-20,공공데이터포털_경기도 수원시_지역화폐 결제 정보_20260120
2025-11,수원시 권선구,호매실동,주유/충전소,50대,1124409,159,7072,미확인,0.35,1,남,2026-01-20,공공데이터포털_경기도 수원시_지역화폐 결제 정보_20260120
2025-11,수원시 권선구,호매실동,학원,50대,9764983,257,37996,미확인,0.35,1,남,2026-01-20,공공데이터포털_경기도 수원시_지역화폐 결제 정보_20260120
2025-11,수원시 권선구,호매실동,건축자재,60대 이상,3121,3,1040,미확인,0.35,1,남,2026-01-20,공공데이터포털_경기도 수원시_지역화폐 결제 정보_20260120
2025-11,수원시 권선구,호매실동,기타의료,60대 이상,416532,16,26033,미확인,0.35,1,남,2026-01-20,공공데이터포털_경기도 수원시_지역화폐 결제 정보_20260120
2025-11,수원시 권선구,호매실동,대형유통,60대 이상,5313,3,1771,미확인,0.35,1,남,2026-01-20,공공데이터포털_경기도 수원시_지역화폐 결제 정보_20260120
2025-11,수원시 권선구,호매실동,레저/문화 용품,60대 이상,43272,10,4327,미확인,0.35,1,남,2026-01-20,공공데이터포털_경기도 수원시_지역화폐 결제 정보_20260120
2025-11,수원시 권선구,호매실동,레저/스포츠 서비스,60대 이상,429609,77,5579,미확인,0.35,1,남,2026-01-20,공공데이터포털_경기도 수원시_지역화폐 결제 정보_20260120
2025-11,수원시 권선구,호매실동,문화/취미,60대 이상,106281,17,6252,미확인,0.35,1,남,2026-01-20,공공데이터포털_경기도 수원시_지역화폐 결제 정보_20260120
2025-11,수원시 권선구,호매실동,미용/위생,60대 이상,1099507,117,9397,미확인,0.35,1,남,2026-01-20,공공데이터포털_경기도 수원시_지역화폐 결제 정보_20260120
2025-11,수원시 권선구,호매실동,서적/문구/학습자재,60대 이상,28543,3,9514,미확인,0.35,1,남,2026-01-20,공공데이터포털_경기도 수원시_지역화폐 결제 정보_20260120
2025-11,수원시 권선구,호매실동,약국,60대 이상,380995,143,2664,미확인,0.35,1,남,2026-01-20,공공데이터포털_경기도 수원시_지역화폐 결제 정보_20260120
2025-11,수원시 권선구,호매실동,용역서비스,60대 이상,40084,16,2505,미확인,0.35,1,남,2026-01-20,공공데이터포털_경기도 수원시_지역화폐 결제 정보_20260120
2025-11,수원시 권선구,호매실동,음료/식품,60대 이상,2573889,549,4688,미확인,0.35,1,남,2026-01-20,공공데이터포털_경기도 수원시_지역화폐 결제 정보_20260120
2025-11,수원시 권선구,호매실동,의류,60대 이상,32827,3,10942,미확인,0.35,1,남,2026-01-20,공공데이터포털_경기도 수원시_지역화폐 결제 정보_20260120
2025-11,수원시 권선구,호매실동,의원,60대 이상,906676,150,6045,미확인,0.35,1,남,2026-01-20,공공데이터포털_경기도 수원시_지역화폐 결제 정보_20260120
2025-11,수원시 권선구,호매실동,일반/휴게 음식,60대 이상,6399247,1412,4532,미확인,0.35,1,남,2026-01-20,공공데이터포털_경기도 수원시_지역화폐 결제 정보_20260120
2025-11,수원시 권선구,호매실동,일반유통,60대 이상,1988658,670,2968,미확인,0.35,1,남,2026-01-20,공공데이터포털_경기도 수원시_지역화폐 결제 정보_20260120
2025-11,수원시 권선구,호매실동,자동차 정비/유지,60대 이상,37368,3,12456,미확인,0.35,1,남,2026-01-20,공공데이터포털_경기도 수원시_지역화폐 결제 정보_20260120
2025-11,수원시 권선구,호매실동,자동차판매,60대 이상,3114,1,3114,미확인,0.35,1,남,2026-01-20,공공데이터포털_경기도 수원시_지역화폐 결제 정보_20260120
2025-11,수원시 권선구,호매실동,전자제품,60대 이상,2573,2,1286,미확인,0.35,1,남,2026-01-20,공공데이터포털_경기도 수원시_지역화폐 결제 정보_20260120
2025-11,수원시 권선구,호매실동,주방용품,60대 이상,1132,3,377,미확인,0.35,1,남,2026-01-20,공공데이터포털_경기도 수원시_지역화폐 결제 정보_20260120
2025-11,수원시 권선구,호매실동,주유/충전소,60대 이상,999080,88,11353,미확인,0.35,1,남,2026-01-20,공공데이터포털_경기도 수원시_지역화폐 결제 정보_20260120
2025-11,수원시 권선구,호매실동,학원,60대 이상,847295,20,42365,미확인,0.35,1,남,2026-01-20,공공데이터포털_경기도 수원시_지역화폐 결제 정보_20260120
2025-11,수원시 권선구,호매실동,대형유통,10대,1636,3,545,미확인,0.35,1,여,2026-01-20,공공데이터포털_경기도 수원시_지역화폐 결제 정보_20260120
2025-11,수원시 권선구,호매실동,레저/스포츠 서비스,10대,49947,19,2629,미확인,0.35,1,여,2026-01-20,공공데이터포털_경기도 수원시_지역화폐 결제 정보_20260120
2025-11,수원시 권선구,호매실동,문화/취미,10대,1636,1,1636,미확인,0.35,1,여,2026-01-20,공공데이터포털_경기도 수원시_지역화폐 결제 정보_20260120
2025-11,수원시 권선구,호매실동,미용/위생,10대,76368,5,15274,미확인,0.35,1,여,2026-01-20,공공데이터포털_경기도 수원시_지역화폐 결제 정보_20260120
2025-11,수원시 권선구,호매실동,서적/문구/학습자재,10대,67323,12,5610,미확인,0.35,1,여,2026-01-20,공공데이터포털_경기도 수원시_지역화폐 결제 정보_20260120
2025-11,수원시 권선구,호매실동,약국,10대,18048,12,1504,미확인,0.35,1,여,2026-01-20,공공데이터포털_경기도 수원시_지역화폐 결제 정보_20260120
2025-11,수원시 권선구,호매실동,용역서비스,10대,31090,13,2392,미확인,0.35,1,여,2026-01-20,공공데이터포털_경기도 수원시_지역화폐 결제 정보_20260120
2025-11,수원시 권선구,호매실동,음료/식품,10대,108395,71,1527,미확인,0.35,1,여,2026-01-20,공공데이터포털_경기도 수원시_지역화폐 결제 정보_20260120
2025-11,수원시 권선구,호매실동,의원,10대,21386,7,3055,미확인,0.35,1,여,2026-01-20,공공데이터포털_경기도 수원시_지역화폐 결제 정보_20260120
2025-11,수원시 권선구,호매실동,일반/휴게 음식,10대,1511719,231,6544,미확인,0.35,1,여,2026-01-20,공공데이터포털_경기도 수원시_지역화폐 결제 정보_20260120
2025-11,수원시 권선구,호매실동,일반유통,10대,360485,126,2861,미확인,0.35,1,여,2026-01-20,공공데이터포털_경기도 수원시_지역화폐 결제 정보_20260120
2025-11,수원시 권선구,호매실동,주유/충전소,10대,21789,3,7263,미확인,0.35,1,여,2026-01-20,공공데이터포털_경기도 수원시_지역화폐 결제 정보_20260120
2025-11,수원시 권선구,호매실동,학원,10대,779478,37,21067,미확인,0.35,1,여,2026-01-20,공공데이터포털_경기도 수원시_지역화폐 결제 정보_20260120
2025-11,수원시 권선구,호매실동,기타의료,20대,542219,8,67777,미확인,0.35,1,여,2026-01-20,공공데이터포털_경기도 수원시_지역화폐 결제 정보_20260120
2025-11,수원시 권선구,호매실동,레저/문화 용품,20대,39179,4,9795,미확인,0.35,1,여,2026-01-20,공공데이터포털_경기도 수원시_지역화폐 결제 정보_20260120
2025-11,수원시 권선구,호매실동,레저/스포츠 서비스,20대,524788,89,5896,미확인,0.35,1,여,2026-01-20,공공데이터포털_경기도 수원시_지역화폐 결제 정보_20260120
2025-11,수원시 권선구,호매실동,문화/취미,20대,825400,27,30570,미확인,0.35,1,여,2026-01-20,공공데이터포털_경기도 수원시_지역화폐 결제 정보_20260120
2025-11,수원시 권선구,호매실동,미용/위생,20대,4057663,105,38644,미확인,0.35,1,여,2026-01-20,공공데이터포털_경기도 수원시_지역화폐 결제 정보_20260120
2025-11,수원시 권선구,호매실동,서적/문구/학습자재,20대,215251,27,7972,미확인,0.35,1,여,2026-01-20,공공데이터포털_경기도 수원시_지역화폐 결제 정보_20260120
2025-11,수원시 권선구,호매실동,약국,20대,449813,82,5486,미확인,0.35,1,여,2026-01-20,공공데이터포털_경기도 수원시_지역화폐 결제 정보_20260120
2025-11,수원시 권선구,호매실동,용역서비스,20대,452042,53,8529,미확인,0.35,1,여,2026-01-20,공공데이터포털_경기도 수원시_지역화폐 결제 정보_20260120
2025-11,수원시 권선구,호매실동,음료/식품,20대,2307899,349,6613,미확인,0.35,1,여,2026-01-20,공공데이터포털_경기도 수원시_지역화폐 결제 정보_20260120
2025-11,수원시 권선구,호매실동,의류,20대,58687,4,14672,미확인,0.35,1,여,2026-01-20,공공데이터포털_경기도 수원시_지역화폐 결제 정보_20260120
2025-11,수원시 권선구,호매실동,의원,20대,434397,44,9873,미확인,0.35,1,여,2026-01-20,공공데이터포털_경기도 수원시_지역화폐 결제 정보_20260120
2025-11,수원시 권선구,호매실동,일반/휴게 음식,20대,9863484,1442,6840,미확인,0.35,1,여,2026-01-20,공공데이터포털_경기도 수원시_지역화폐 결제 정보_20260120
2025-11,수원시 권선구,호매실동,일반유통,20대,2112745,532,3971,미확인,0.35,1,여,2026-01-20,공공데이터포털_경기도 수원시_지역화폐 결제 정보_20260120
2025-11,수원시 권선구,호매실동,자동차 정비/유지,20대,107690,3,35897,미확인,0.35,1,여,2026-01-20,공공데이터포털_경기도 수원시_지역화폐 결제 정보_20260120
2025-11,수원시 권선구,호매실동,주방용품,20대,5585,2,2792,미확인,0.35,1,여,2026-01-20,공공데이터포털_경기도 수원시_지역화폐 결제 정보_20260120
2025-11,수원시 권선구,호매실동,주유/충전소,20대,406609,29,14021,미확인,0.35,1,여,2026-01-20,공공데이터포털_경기도 수원시_지역화폐 결제 정보_20260120
2025-11,수원시 권선구,호매실동,학교/교육,20대,47741,1,47741,미확인,0.35,1,여,2026-01-20,공공데이터포털_경기도 수원시_지역화폐 결제 정보_20260120
2025-11,수원시 권선구,호매실동,학원,20대,1054142,31,34005,미확인,0.35,1,여,2026-01-20,공공데이터포털_경기도 수원시_지역화폐 결제 정보_20260120
2025-11,수원시 권선구,호매실동,건축자재,30대,417,1,417,미확인,0.35,1,여,2026-01-20,공공데이터포털_경기도 수원시_지역화폐 결제 정보_20260120
2025-11,수원시 권선구,호매실동,기타의료,30대,4581179,53,86437,미확인,0.35,1,여,2026-01-20,공공데이터포털_경기도 수원시_지역화폐 결제 정보_20260120
2025-11,수원시 권선구,호매실동,대형유통,30대,35978,7,5140,미확인,0.35,1,여,2026-01-20,공공데이터포털_경기도 수원시_지역화폐 결제 정보_20260120
2025-11,수원시 권선구,호매실동,레저/스포츠 서비스,30대,1612029,411,3922,미확인,0.35,1,여,2026-01-20,공공데이터포털_경기도 수원시_지역화폐 결제 정보_20260120
2025-11,수원시 권선구,호매실동,문화/취미,30대,2006347,132,15200,미확인,0.35,1,여,2026-01-20,공공데이터포털_경기도 수원시_지역화폐 결제 정보_20260120
2025-11,수원시 권선구,호매실동,미용/위생,30대,5418420,290,18684,미확인,0.35,1,여,2026-01-20,공공데이터포털_경기도 수원시_지역화폐 결제 정보_20260120
2025-11,수원시 권선구,호매실동,서적/문구/학습자재,30대,707644,425,1665,미확인,0.35,1,여,2026-01-20,공공데이터포털_경기도 수원시_지역화폐 결제 정보_20260120
2025-11,수원시 권선구,호매실동,약국,30대,1619499,830,1951,미확인,0.35,1,여,2026-01-20,공공데이터포털_경기도 수원시_지역화폐 결제 정보_20260120
2025-11,수원시 권선구,호매실동,용역서비스,30대,474439,60,7907,미확인,0.35,1,여,2026-01-20,공공데이터포털_경기도 수원시_지역화폐 결제 정보_20260120
2025-11,수원시 권선구,호매실동,음료/식품,30대,5424379,1281,4234,미확인,0.35,1,여,2026-01-20,공공데이터포털_경기도 수원시_지역화폐 결제 정보_20260120
2025-11,수원시 권선구,호매실동,의류,30대,40567,12,3381,미확인,0.35,1,여,2026-01-20,공공데이터포털_경기도 수원시_지역화폐 결제 정보_20260120
2025-11,수원시 권선구,호매실동,의원,30대,4010563,529,7581,미확인,0.35,1,여,2026-01-20,공공데이터포털_경기도 수원시_지역화폐 결제 정보_20260120
2025-11,수원시 권선구,호매실동,일반/휴게 음식,30대,18403674,4400,4183,미확인,0.35,1,여,2026-01-20,공공데이터포털_경기도 수원시_지역화폐 결제 정보_20260120
2025-11,수원시 권선구,호매실동,일반유통,30대,3811099,1399,2724,미확인,0.35,1,여,2026-01-20,공공데이터포털_경기도 수원시_지역화폐 결제 정보_20260120
2025-11,수원시 권선구,호매실동,자동차 정비/유지,30대,694038,16,43377,미확인,0.35,1,여,2026-01-20,공공데이터포털_경기도 수원시_지역화폐 결제 정보_20260120
2025-11,수원시 권선구,호매실동,자동차판매,30대,6823,1,6823,미확인,0.35,1,여,2026-01-20,공공데이터포털_경기도 수원시_지역화폐 결제 정보_20260120
2025-11,수원시 권선구,호매실동,주방용품,30대,5119,2,2560,미확인,0.35,1,여,2026-01-20,공공데이터포털_경기도 수원시_지역화폐 결제 정보_20260120
2025-11,수원시 권선구,호매실동,주유/충전소,30대,878151,109,8056,미확인,0.35,1,여,2026-01-20,공공데이터포털_경기도 수원시_지역화폐 결제 정보_20260120
2025-11,수원시 권선구,호매실동,직물/침구류,30대,122656,2,61328,미확인,0.35,1,여,2026-01-20,공공데이터포털_경기도 수원시_지역화폐 결제 정보_20260120
2025-11,수원시 권선구,호매실동,학원,30대,6228912,242,25739,미확인,0.35,1,여,2026-01-20,공공데이터포털_경기도 수원시_지역화폐 결제 정보_20260120
2025-11,수원시 권선구,호매실동,건축자재,40대,19813,3,6604,미확인,0.35,1,여,2026-01-20,공공데이터포털_경기도 수원시_지역화폐 결제 정보_20260120
2025-11,수원시 권선구,호매실동,기타의료,40대,492926,33,14937,미확인,0.35,1,여,2026-01-20,공공데이터포털_경기도 수원시_지역화폐 결제 정보_20260120
2025-11,수원시 권선구,호매실동,대형유통,40대,9342,7,1335,미확인,0.35,1,여,2026-01-20,공공데이터포털_경기도 수원시_지역화폐 결제 정보_20260120
2025-11,수원시 권선구,호매실동,레저/문화 용품,40대,49754,11,4523,미확인,0.35,1,여,2026-01-20,공공데이터포털_경기도 수원시_지역화폐 결제 정보_20260120
2025-11,수원시 권선구,호매실동,레저/스포츠 서비스,40대,2342427,328,7142,미확인,0.35,1,여,2026-01-20,공공데이터포털_경기도 수원시_지역화폐 결제 정보_20260120
2025-11,수원시 권선구,호매실동,문화/취미,40대,1070170,153,6995,미확인,0.35,1,여,2026-01-20,공공데이터포털_경기도 수원시_지역화폐 결제 정보_20260120
2025-11,수원시 권선구,호매실동,미용/위생,40대,5542939,554,10005,미확인,0.35,1,여,2026-01-20,공공데이터포털_경기도 수원시_지역화폐 결제 정보_20260120
2025-11,수원시 권선구,호매실동,서적/문구/학습자재,40대,2628690,580,4532,미확인,0.35,1,여,2026-01-20,공공데이터포털_경기도 수원시_지역화폐 결제 정보_20260120
2025-11,수원시 권선구,호매실동,약국,40대,2020567,1072,1885,미확인,0.35,1,여,2026-01-20,공공데이터포털_경기도 수원시_지역화폐 결제 정보_20260120
2025-11,수원시 권선구,호매실동,용역서비스,40대,1811317,241,7516,미확인,0.35,1,여,2026-01-20,공공데이터포털_경기도 수원시_지역화폐 결제 정보_20260120
2025-11,수원시 권선구,호매실동,음료/식품,40대,12945281,3610,3586,미확인,0.35,1,여,2026-01-20,공공데이터포털_경기도 수원시_지역화폐 결제 정보_20260120
2025-11,수원시 권선구,호매실동,의류,40대,210361,22,9562,미확인,0.35,1,여,2026-01-20,공공데이터포털_경기도 수원시_지역화폐 결제 정보_20260120
2025-11,수원시 권선구,호매실동,의원,40대,3688068,714,5165,미확인,0.35,1,여,2026-01-20,공공데이터포털_경기도 수원시_지역화폐 결제 정보_20260120
2025-11,수원시 권선구,호매실동,일반/휴게 음식,40대,33656185,9168,3671,미확인,0.35,1,여,2026-01-20,공공데이터포털_경기도 수원시_지역화폐 결제 정보_20260120
2025-11,수원시 권선구,호매실동,일반유통,40대,6546847,2931,2234,미확인,0.35,1,여,2026-01-20,공공데이터포털_경기도 수원시_지역화폐 결제 정보_20260120
2025-11,수원시 권선구,호매실동,자동차 정비/유지,40대,163846,8,20481,미확인,0.35,1,여,2026-01-20,공공데이터포털_경기도 수원시_지역화폐 결제 정보_20260120
2025-11,수원시 권선구,호매실동,전자상거래,40대,21589,4,5397,미확인,0.35,1,여,2026-01-20,공공데이터포털_경기도 수원시_지역화폐 결제 정보_20260120
2025-11,수원시 권선구,호매실동,주방용품,40대,27352,12,2279,미확인,0.35,1,여,2026-01-20,공공데이터포털_경기도 수원시_지역화폐 결제 정보_20260120
2025-11,수원시 권선구,호매실동,주유/충전소,40대,1145207,138,8299,미확인,0.35,1,여,2026-01-20,공공데이터포털_경기도 수원시_지역화폐 결제 정보_20260120
2025-11,수원시 권선구,호매실동,직물/침구류,40대,7740,1,7740,미확인,0.35,1,여,2026-01-20,공공데이터포털_경기도 수원시_지역화폐 결제 정보_20260120
2025-11,수원시 권선구,호매실동,학원,40대,38988742,1292,30177,미확인,0.35,1,여,2026-01-20,공공데이터포털_경기도 수원시_지역화폐 결제 정보_20260120
2025-11,수원시 권선구,호매실동,기타의료,50대,729646,16,45603,미확인,0.35,1,여,2026-01-20,공공데이터포털_경기도 수원시_지역화폐 결제 정보_20260120
2025-11,수원시 권선구,호매실동,대형유통,50대,7776,2,3888,미확인,0.35,1,여,2026-01-20,공공데이터포털_경기도 수원시_지역화폐 결제 정보_20260120
2025-11,수원시 권선구,호매실동,레저/문화 용품,50대,137664,19,7245,미확인,0.35,1,여,2026-01-20,공공데이터포털_경기도 수원시_지역화폐 결제 정보_20260120
2025-11,수원시 권선구,호매실동,레저/스포츠 서비스,50대,529891,112,4731,미확인,0.35,1,여,2026-01-20,공공데이터포털_경기도 수원시_지역화폐 결제 정보_20260120
2025-11,수원시 권선구,호매실동,문화/취미,50대,558230,64,8722,미확인,0.35,1,여,2026-01-20,공공데이터포털_경기도 수원시_지역화폐 결제 정보_20260120
2025-11,수원시 권선구,호매실동,미용/위생,50대,3299158,334,9878,미확인,0.35,1,여,2026-01-20,공공데이터포털_경기도 수원시_지역화폐 결제 정보_20260120
2025-11,수원시 권선구,호매실동,서적/문구/학습자재,50대,415069,56,7412,미확인,0.35,1,여,2026-01-20,공공데이터포털_경기도 수원시_지역화폐 결제 정보_20260120
2025-11,수원시 권선구,호매실동,약국,50대,797263,327,2438,미확인,0.35,1,여,2026-01-20,공공데이터포털_경기도 수원시_지역화폐 결제 정보_20260120
2025-11,수원시 권선구,호매실동,용역서비스,50대,534978,100,5350,미확인,0.35,1,여,2026-01-20,공공데이터포털_경기도 수원시_지역화폐 결제 정보_20260120
2025-11,수원시 권선구,호매실동,음료/식품,50대,5641624,1490,3786,미확인,0.35,1,여,2026-01-20,공공데이터포털_경기도 수원시_지역화폐 결제 정보_20260120
2025-11,수원시 권선구,호매실동,의류,50대,450366,23,19581,미확인,0.35,1,여,2026-01-20,공공데이터포털_경기도 수원시_지역화폐 결제 정보_20260120
2025-11,수원시 권선구,호매실동,의원,50대,1466572,244,6011,미확인,0.35,1,여,2026-01-20,공공데이터포털_경기도 수원시_지역화폐 결제 정보_20260120
2025-11,수원시 권선구,호매실동,일반/휴게 음식,50대,17321999,4271,4056,미확인,0.35,1,여,2026-01-20,공공데이터포털_경기도 수원시_지역화폐 결제 정보_20260120
2025-11,수원시 권선구,호매실동,일반유통,50대,3362180,1265,2658,미확인,0.35,1,여,2026-01-20,공공데이터포털_경기도 수원시_지역화폐 결제 정보_20260120
2025-11,수원시 권선구,호매실동,자동차 정비/유지,50대,152129,7,21733,미확인,0.35,1,여,2026-01-20,공공데이터포털_경기도 수원시_지역화폐 결제 정보_20260120
2025-11,수원시 권선구,호매실동,자동차판매,50대,7174,1,7174,미확인,0.35,1,여,2026-01-20,공공데이터포털_경기도 수원시_지역화폐 결제 정보_20260120
2025-11,수원시 권선구,호매실동,주방용품,50대,17936,3,5979,미확인,0.35,1,여,2026-01-20,공공데이터포털_경기도 수원시_지역화폐 결제 정보_20260120
2025-11,수원시 권선구,호매실동,주유/충전소,50대,732546,79,9273,미확인,0.35,1,여,2026-01-20,공공데이터포털_경기도 수원시_지역화폐 결제 정보_20260120
2025-11,수원시 권선구,호매실동,학원,50대,5934443,168,35324,미확인,0.35,1,여,2026-01-20,공공데이터포털_경기도 수원시_지역화폐 결제 정보_20260120
2025-11,수원시 권선구,호매실동,건축자재,60대 이상,2744,2,1372,미확인,0.35,1,여,2026-01-20,공공데이터포털_경기도 수원시_지역화폐 결제 정보_20260120
2025-11,수원시 권선구,호매실동,기타의료,60대 이상,260993,15,17400,미확인,0.35,1,여,2026-01-20,공공데이터포털_경기도 수원시_지역화폐 결제 정보_20260120
2025-11,수원시 권선구,호매실동,대형유통,60대 이상,4471,4,1118,미확인,0.35,1,여,2026-01-20,공공데이터포털_경기도 수원시_지역화폐 결제 정보_20260120
2025-11,수원시 권선구,호매실동,레저/문화 용품,60대 이상,15899,6,2650,미확인,0.35,1,여,2026-01-20,공공데이터포털_경기도 수원시_지역화폐 결제 정보_20260120
2025-11,수원시 권선구,호매실동,레저/스포츠 서비스,60대 이상,329156,50,6583,미확인,0.35,1,여,2026-01-20,공공데이터포털_경기도 수원시_지역화폐 결제 정보_20260120
2025-11,수원시 권선구,호매실동,문화/취미,60대 이상,111746,23,4859,미확인,0.35,1,여,2026-01-20,공공데이터포털_경기도 수원시_지역화폐 결제 정보_20260120
2025-11,수원시 권선구,호매실동,미용/위생,60대 이상,1965696,201,9780,미확인,0.35,1,여,2026-01-20,공공데이터포털_경기도 수원시_지역화폐 결제 정보_20260120
2025-11,수원시 권선구,호매실동,서적/문구/학습자재,60대 이상,51930,16,3246,미확인,0.35,1,여,2026-01-20,공공데이터포털_경기도 수원시_지역화폐 결제 정보_20260120
2025-11,수원시 권선구,호매실동,신변잡화,60대 이상,15960,1,15960,미확인,0.35,1,여,2026-01-20,공공데이터포털_경기도 수원시_지역화폐 결제 정보_20260120
2025-11,수원시 권선구,호매실동,약국,60대 이상,1162214,258,4505,미확인,0.35,1,여,2026-01-20,공공데이터포털_경기도 수원시_지역화폐 결제 정보_20260120
2025-11,수원시 권선구,호매실동,용역서비스,60대 이상,164180,35,4691,미확인,0.35,1,여,2026-01-20,공공데이터포털_경기도 수원시_지역화폐 결제 정보_20260120
2025-11,수원시 권선구,호매실동,음료/식품,60대 이상,4472687,1165,3839,미확인,0.35,1,여,2026-01-20,공공데이터포털_경기도 수원시_지역화폐 결제 정보_20260120
2025-11,수원시 권선구,호매실동,의류,60대 이상,424810,37,11481,미확인,0.35,1,여,2026-01-20,공공데이터포털_경기도 수원시_지역화폐 결제 정보_20260120
2025-11,수원시 권선구,호매실동,의원,60대 이상,1441808,273,5281,미확인,0.35,1,여,2026-01-20,공공데이터포털_경기도 수원시_지역화폐 결제 정보_20260120
2025-11,수원시 권선구,호매실동,일반/휴게 음식,60대 이상,8257482,1878,4397,미확인,0.35,1,여,2026-01-20,공공데이터포털_경기도 수원시_지역화폐 결제 정보_20260120
2025-11,수원시 권선구,호매실동,일반유통,60대 이상,2201289,791,2783,미확인,0.35,1,여,2026-01-20,공공데이터포털_경기도 수원시_지역화폐 결제 정보_20260120
2025-11,수원시 권선구,호매실동,자동차 정비/유지,60대 이상,136157,4,34039,미확인,0.35,1,여,2026-01-20,공공데이터포털_경기도 수원시_지역화폐 결제 정보_20260120
2025-11,수원시 권선구,호매실동,자동차판매,60대 이상,2286,1,2286,미확인,0.35,1,여,2026-01-20,공공데이터포털_경기도 수원시_지역화폐 결제 정보_20260120
2025-11,수원시 권선구,호매실동,전자제품,60대 이상,7959,1,7959,미확인,0.35,1,여,2026-01-20,공공데이터포털_경기도 수원시_지역화폐 결제 정보_20260120
2025-11,수원시 권선구,호매실동,주방용품,60대 이상,4352,1,4352,미확인,0.35,1,여,2026-01-20,공공데이터포털_경기도 수원시_지역화폐 결제 정보_20260120
2025-11,수원시 권선구,호매실동,주유/충전소,60대 이상,482690,48,10056,미확인,0.35,1,여,2026-01-20,공공데이터포털_경기도 수원시_지역화폐 결제 정보_20260120
2025-11,수원시 권선구,호매실동,직물/침구류,60대 이상,44152,3,14717,미확인,0.35,1,여,2026-01-20,공공데이터포털_경기도 수원시_지역화폐 결제 정보_20260120
2025-11,수원시 권선구,호매실동,학원,60대 이상,1429648,42,34039,미확인,0.35,1,여,2026-01-20,공공데이터포털_경기도 수원시_지역화폐 결제 정보_20260120
2025-11,수원시 권선구,호매실동,회원정보미상,60대 이상,384470,30,12816,미확인,0.35,1,여,2026-01-20,공공데이터포털_경기도 수원시_지역화폐 결제 정보_20260120
2025-11,수원시 권선구,호매실동,회원정보미상,60대 이상,384470,30,12816,미확인,0.35,1,여,2026-01-20,공공데이터포털_경기도 수원시_지역화폐 결제 정보_20260120
2025-11,수원시 권선구,호매실동,미용/위생,60대 이상,10000,1,10000,미확인,0.35,1,여,2026-01-20,공공데이터포털_경기도 수원시_지역화폐 결제 정보_20260120
2025-11,수원시 권선구,호매실동,음료/식품,60대 이상,142370,8,17796,미확인,0.35,1,여,2026-01-20,공공데이터포털_경기도 수원시_지역화폐 결제 정보_20260120
2025-11,수원시 권선구,호매실동,일반/휴게 음식,60대 이상,226800,19,11937,미확인,0.35,1,여,2026-01-20,공공데이터포털_경기도 수원시_지역화폐 결제 정보_20260120
2025-11,수원시 권선구,호매실동,일반유통,60대 이상,5300,2,2650,미확인,0.35,1,여,2026-01-20,공공데이터포털_경기도 수원시_지역화폐 결제 정보_20260120
