month,region,district,gender,age_group,industry,transaction_count,payment_amount,source_date,avg_ticket,source
2025-11,수원시 권선구,곡선동,남,10대,레저/스포츠 서비스,32,160713,2026-01-20,5022,공공데이터포털_경기도 수원시_지역화폐 결제 정보_20260120
2025-11,수원시 권선구,곡선동,남,10대,문화/취미,1,2923,2026-01-20,2923,공공데이터포털_경기도 수원시_지역화폐 결제 정보_20260120
2025-11,수원시 권선구,곡선동,남,10대,미용/위생,8,111564,2026-01-20,13946,공공데이터포털_경기도 수원시_지역화폐 결제 정보_20260120
2025-11,수원시 권선구,곡선동,남,10대,서적/문구/학습자재,4,1029,2026-01-20,257,공공데이터포털_경기도 수원시_지역화폐 결제 정보_20260120
2025-11,수원시 권선구,곡선동,남,10대,약국,6,19908,2026-01-20,3318,공공데이터포털_경기도 수원시_지역화폐 결제 정보_20260120
2025-11,수원시 권선구,곡선동,남,10대,용역서비스,1,1363,2026-01-20,1363,공공데이터포털_경기도 수원시_지역화폐 결제 정보_20260120
2025-11,수원시 권선구,곡선동,남,10대,음료/식품,14,30460,2026-01-20,2176,공공데이터포털_경기도 수원시_지역화폐 결제 정보_20260120
2025-11,수원시 권선구,곡선동,남,10대,의원,3,13107,2026-01-20,4369,공공데이터포털_경기도 수원시_지역화폐 결제 정보_20260120
2025-11,수원시 권선구,곡선동,남,10대,일반/휴게 음식,63,433478,2026-01-20,6881,공공데이터포털_경기도 수원시_지역화폐 결제 정보_20260120
2025-11,수원시 권선구,곡선동,남,10대,일반유통,33,96910,2026-01-20,2937,공공데이터포털_경기도 수원시_지역화폐 결제 정보_20260120
2025-11,수원시 권선구,곡선동,남,10대,자동차 정비/유지,1,40000,2026-01-20,40000,공공데이터포털_경기도 수원시_지역화폐 결제 정보_20260120
2025-11,수원시 권선구,곡선동,남,10대,학원,17,404628,2026-01-20,23802,공공데이터포털_경기도 수원시_지역화폐 결제 정보_20260120
2025-11,수원시 권선구,곡선동,남,20대,기타의료,2,405450,2026-01-20,202725,공공데이터포털_경기도 수원시_지역화폐 결제 정보_20260120
2025-11,수원시 권선구,곡선동,남,20대,레저/문화 용품,1,2325,2026-01-20,2325,공공데이터포털_경기도 수원시_지역화폐 결제 정보_20260120
2025-11,수원시 권선구,곡선동,남,20대,레저/스포츠 서비스,80,474085,2026-01-20,5926,공공데이터포털_경기도 수원시_지역화폐 결제 정보_20260120
2025-11,수원시 권선구,곡선동,남,20대,문화/취미,35,175110,2026-01-20,5003,공공데이터포털_경기도 수원시_지역화폐 결제 정보_20260120
2025-11,수원시 권선구,곡선동,남,20대,미용/위생,76,1259758,2026-01-20,16576,공공데이터포털_경기도 수원시_지역화폐 결제 정보_20260120
2025-11,수원시 권선구,곡선동,남,20대,서적/문구/학습자재,4,2232,2026-01-20,558,공공데이터포털_경기도 수원시_지역화폐 결제 정보_20260120
2025-11,수원시 권선구,곡선동,남,20대,신변잡화,8,17897,2026-01-20,2237,공공데이터포털_경기도 수원시_지역화폐 결제 정보_20260120
2025-11,수원시 권선구,곡선동,남,20대,약국,39,283268,2026-01-20,7263,공공데이터포털_경기도 수원시_지역화폐 결제 정보_20260120
2025-11,수원시 권선구,곡선동,남,20대,용역서비스,25,94830,2026-01-20,3793,공공데이터포털_경기도 수원시_지역화폐 결제 정보_20260120
2025-11,수원시 권선구,곡선동,남,20대,음료/식품,147,790679,2026-01-20,5379,공공데이터포털_경기도 수원시_지역화폐 결제 정보_20260120
2025-11,수원시 권선구,곡선동,남,20대,의류,2,180000,2026-01-20,90000,공공데이터포털_경기도 수원시_지역화폐 결제 정보_20260120
2025-11,수원시 권선구,곡선동,남,20대,의원,29,1010492,2026-01-20,34845,공공데이터포털_경기도 수원시_지역화폐 결제 정보_20260120
2025-11,수원시 권선구,곡선동,남,20대,일반/휴게 음식,913,8679389,2026-01-20,9506,공공데이터포털_경기도 수원시_지역화폐 결제 정보_20260120
2025-11,수원시 권선구,곡선동,남,20대,일반유통,533,2830075,2026-01-20,5310,공공데이터포털_경기도 수원시_지역화폐 결제 정보_20260120
2025-11,수원시 권선구,곡선동,남,20대,자동차 정비/유지,3,204329,2026-01-20,68110,공공데이터포털_경기도 수원시_지역화폐 결제 정보_20260120
2025-11,수원시 권선구,곡선동,남,20대,주유/충전소,5,27935,2026-01-20,5587,공공데이터포털_경기도 수원시_지역화폐 결제 정보_20260120
2025-11,수원시 권선구,곡선동,남,20대,학원,17,256633,2026-01-20,15096,공공데이터포털_경기도 수원시_지역화폐 결제 정보_20260120
2025-11,수원시 권선구,곡선동,남,30대,기타의료,25,1365722,2026-01-20,54629,공공데이터포털_경기도 수원시_지역화폐 결제 정보_20260120
2025-11,수원시 권선구,곡선동,남,30대,레저/문화 용품,20,354320,2026-01-20,17716,공공데이터포털_경기도 수원시_지역화폐 결제 정보_20260120
2025-11,수원시 권선구,곡선동,남,30대,레저/스포츠 서비스,244,1007813,2026-01-20,4130,공공데이터포털_경기도 수원시_지역화폐 결제 정보_20260120
2025-11,수원시 권선구,곡선동,남,30대,문화/취미,352,285144,2026-01-20,810,공공데이터포털_경기도 수원시_지역화폐 결제 정보_20260120
2025-11,수원시 권선구,곡선동,남,30대,미용/위생,213,2644503,2026-01-20,12416,공공데이터포털_경기도 수원시_지역화폐 결제 정보_20260120
2025-11,수원시 권선구,곡선동,남,30대,서적/문구/학습자재,30,429243,2026-01-20,14308,공공데이터포털_경기도 수원시_지역화폐 결제 정보_20260120
2025-11,수원시 권선구,곡선동,남,30대,신변잡화,5,5803,2026-01-20,1161,공공데이터포털_경기도 수원시_지역화폐 결제 정보_20260120
2025-11,수원시 권선구,곡선동,남,30대,약국,403,830539,2026-01-20,2061,공공데이터포털_경기도 수원시_지역화폐 결제 정보_20260120
2025-11,수원시 권선구,곡선동,남,30대,용역서비스,52,340869,2026-01-20,6555,공공데이터포털_경기도 수원시_지역화폐 결제 정보_20260120
2025-11,수원시 권선구,곡선동,남,30대,음료/식품,353,1188034,2026-01-20,3366,공공데이터포털_경기도 수원시_지역화폐 결제 정보_20260120
2025-11,수원시 권선구,곡선동,남,30대,의류,4,16164,2026-01-20,4041,공공데이터포털_경기도 수원시_지역화폐 결제 정보_20260120
2025-11,수원시 권선구,곡선동,남,30대,의원,273,1935980,2026-01-20,7092,공공데이터포털_경기도 수원시_지역화폐 결제 정보_20260120
2025-11,수원시 권선구,곡선동,남,30대,일반/휴게 음식,2542,10397382,2026-01-20,4090,공공데이터포털_경기도 수원시_지역화폐 결제 정보_20260120
2025-11,수원시 권선구,곡선동,남,30대,일반유통,1272,2619875,2026-01-20,2060,공공데이터포털_경기도 수원시_지역화폐 결제 정보_20260120
2025-11,수원시 권선구,곡선동,남,30대,자동차 정비/유지,33,397181,2026-01-20,12036,공공데이터포털_경기도 수원시_지역화폐 결제 정보_20260120
2025-11,수원시 권선구,곡선동,남,30대,전자상거래,2,5103,2026-01-20,2552,공공데이터포털_경기도 수원시_지역화폐 결제 정보_20260120
2025-11,수원시 권선구,곡선동,남,30대,주유/충전소,8,40561,2026-01-20,5070,공공데이터포털_경기도 수원시_지역화폐 결제 정보_20260120
2025-11,수원시 권선구,곡선동,남,30대,학원,93,2317525,2026-01-20,24920,공공데이터포털_경기도 수원시_지역화폐 결제 정보_20260120
2025-11,수원시 권선구,곡선동,남,40대,건축자재,1,2161,2026-01-20,2161,공공데이터포털_경기도 수원시_지역화폐 결제 정보_20260120
2025-11,수원시 권선구,곡선동,남,40대,기타의료,16,1202071,2026-01-20,75129,공공데이터포털_경기도 수원시_지역화폐 결제 정보_20260120
2025-11,수원시 권선구,곡선동,남,40대,레저/문화 용품,38,239123,2026-01-20,6293,공공데이터포털_경기도 수원시_지역화폐 결제 정보_20260120
2025-11,수원시 권선구,곡선동,남,40대,레저/스포츠 서비스,121,357383,2026-01-20,2954,공공데이터포털_경기도 수원시_지역화폐 결제 정보_20260120
2025-11,수원시 권선구,곡선동,남,40대,문화/취미,151,335998,2026-01-20,2225,공공데이터포털_경기도 수원시_지역화폐 결제 정보_20260120
2025-11,수원시 권선구,곡선동,남,40대,미용/위생,258,2017762,2026-01-20,7821,공공데이터포털_경기도 수원시_지역화폐 결제 정보_20260120
2025-11,수원시 권선구,곡선동,남,40대,서적/문구/학습자재,86,359400,2026-01-20,4179,공공데이터포털_경기도 수원시_지역화폐 결제 정보_20260120
2025-11,수원시 권선구,곡선동,남,40대,신변잡화,17,32987,2026-01-20,1940,공공데이터포털_경기도 수원시_지역화폐 결제 정보_20260120
2025-11,수원시 권선구,곡선동,남,40대,약국,619,1484654,2026-01-20,2398,공공데이터포털_경기도 수원시_지역화폐 결제 정보_20260120
2025-11,수원시 권선구,곡선동,남,40대,용역서비스,89,1181004,2026-01-20,13270,공공데이터포털_경기도 수원시_지역화폐 결제 정보_20260120
2025-11,수원시 권선구,곡선동,남,40대,음료/식품,349,944860,2026-01-20,2707,공공데이터포털_경기도 수원시_지역화폐 결제 정보_20260120
2025-11,수원시 권선구,곡선동,남,40대,의류,4,28212,2026-01-20,7053,공공데이터포털_경기도 수원시_지역화폐 결제 정보_20260120
2025-11,수원시 권선구,곡선동,남,40대,의원,416,2417007,2026-01-20,5810,공공데이터포털_경기도 수원시_지역화폐 결제 정보_20260120
2025-11,수원시 권선구,곡선동,남,40대,일반/휴게 음식,3354,15461172,2026-01-20,4610,공공데이터포털_경기도 수원시_지역화폐 결제 정보_20260120
2025-11,수원시 권선구,곡선동,남,40대,일반유통,1423,3151170,2026-01-20,2214,공공데이터포털_경기도 수원시_지역화폐 결제 정보_20260120
2025-11,수원시 권선구,곡선동,남,40대,자동차 정비/유지,42,624568,2026-01-20,14871,공공데이터포털_경기도 수원시_지역화폐 결제 정보_20260120
2025-11,수원시 권선구,곡선동,남,40대,자동차판매,1,5000,2026-01-20,5000,공공데이터포털_경기도 수원시_지역화폐 결제 정보_20260120
2025-11,수원시 권선구,곡선동,남,40대,전자상거래,3,16720,2026-01-20,5573,공공데이터포털_경기도 수원시_지역화폐 결제 정보_20260120
2025-11,수원시 권선구,곡선동,남,40대,전자제품,1,2364,2026-01-20,2364,공공데이터포털_경기도 수원시_지역화폐 결제 정보_20260120
2025-11,수원시 권선구,곡선동,남,40대,주유/충전소,16,67246,2026-01-20,4203,공공데이터포털_경기도 수원시_지역화폐 결제 정보_20260120
2025-11,수원시 권선구,곡선동,남,40대,학원,469,16337785,2026-01-20,34835,공공데이터포털_경기도 수원시_지역화폐 결제 정보_20260120
2025-11,수원시 권선구,곡선동,남,50대,기타의료,8,53556,2026-01-20,6694,공공데이터포털_경기도 수원시_지역화폐 결제 정보_20260120
2025-11,수원시 권선구,곡선동,남,50대,레저/문화 용품,9,100196,2026-01-20,11133,공공데이터포털_경기도 수원시_지역화폐 결제 정보_20260120
2025-11,수원시 권선구,곡선동,남,50대,레저/스포츠 서비스,116,443003,2026-01-20,3819,공공데이터포털_경기도 수원시_지역화폐 결제 정보_20260120
2025-11,수원시 권선구,곡선동,남,50대,문화/취미,38,119563,2026-01-20,3146,공공데이터포털_경기도 수원시_지역화폐 결제 정보_20260120
2025-11,수원시 권선구,곡선동,남,50대,미용/위생,167,1110146,2026-01-20,6648,공공데이터포털_경기도 수원시_지역화폐 결제 정보_20260120
2025-11,수원시 권선구,곡선동,남,50대,서적/문구/학습자재,19,74600,2026-01-20,3926,공공데이터포털_경기도 수원시_지역화폐 결제 정보_20260120
2025-11,수원시 권선구,곡선동,남,50대,신변잡화,1,820,2026-01-20,820,공공데이터포털_경기도 수원시_지역화폐 결제 정보_20260120
2025-11,수원시 권선구,곡선동,남,50대,약국,237,569442,2026-01-20,2403,공공데이터포털_경기도 수원시_지역화폐 결제 정보_20260120
2025-11,수원시 권선구,곡선동,남,50대,용역서비스,62,167247,2026-01-20,2698,공공데이터포털_경기도 수원시_지역화폐 결제 정보_20260120
2025-11,수원시 권선구,곡선동,남,50대,음료/식품,194,795647,2026-01-20,4101,공공데이터포털_경기도 수원시_지역화폐 결제 정보_20260120
2025-11,수원시 권선구,곡선동,남,50대,의류,5,49564,2026-01-20,9913,공공데이터포털_경기도 수원시_지역화폐 결제 정보_20260120
2025-11,수원시 권선구,곡선동,남,50대,의원,173,1661622,2026-01-20,9605,공공데이터포털_경기도 수원시_지역화폐 결제 정보_20260120
2025-11,수원시 권선구,곡선동,남,50대,일반/휴게 음식,2358,10211016,2026-01-20,4330,공공데이터포털_경기도 수원시_지역화폐 결제 정보_20260120
2025-11,수원시 권선구,곡선동,남,50대,일반유통,1271,2853967,2026-01-20,2245,공공데이터포털_경기도 수원시_지역화폐 결제 정보_20260120
2025-11,수원시 권선구,곡선동,남,50대,자동차 정비/유지,17,196581,2026-01-20,11564,공공데이터포털_경기도 수원시_지역화폐 결제 정보_20260120
2025-11,수원시 권선구,곡선동,남,50대,전자상거래,2,12913,2026-01-20,6456,공공데이터포털_경기도 수원시_지역화폐 결제 정보_20260120
2025-11,수원시 권선구,곡선동,남,50대,주유/충전소,9,50445,2026-01-20,5605,공공데이터포털_경기도 수원시_지역화폐 결제 정보_20260120
2025-11,수원시 권선구,곡선동,남,50대,학교/교육,1,19457,2026-01-20,19457,공공데이터포털_경기도 수원시_지역화폐 결제 정보_20260120
2025-11,수원시 권선구,곡선동,남,50대,학원,185,5476295,2026-01-20,29602,공공데이터포털_경기도 수원시_지역화폐 결제 정보_20260120
2025-11,수원시 권선구,곡선동,남,60대 이상,건축자재,1,500,2026-01-20,500,공공데이터포털_경기도 수원시_지역화폐 결제 정보_20260120
2025-11,수원시 권선구,곡선동,남,60대 이상,기타의료,3,220000,2026-01-20,73333,공공데이터포털_경기도 수원시_지역화폐 결제 정보_20260120
2025-11,수원시 권선구,곡선동,남,60대 이상,레저/문화 용품,3,54630,2026-01-20,18210,공공데이터포털_경기도 수원시_지역화폐 결제 정보_20260120
2025-11,수원시 권선구,곡선동,남,60대 이상,레저/스포츠 서비스,151,529013,2026-01-20,3503,공공데이터포털_경기도 수원시_지역화폐 결제 정보_20260120
2025-11,수원시 권선구,곡선동,남,60대 이상,문화/취미,22,162981,2026-01-20,7408,공공데이터포털_경기도 수원시_지역화폐 결제 정보_20260120
2025-11,수원시 권선구,곡선동,남,60대 이상,미용/위생,74,854096,2026-01-20,11542,공공데이터포털_경기도 수원시_지역화폐 결제 정보_20260120
2025-11,수원시 권선구,곡선동,남,60대 이상,서적/문구/학습자재,13,11074,2026-01-20,852,공공데이터포털_경기도 수원시_지역화폐 결제 정보_20260120
2025-11,수원시 권선구,곡선동,남,60대 이상,신변잡화,3,2925,2026-01-20,975,공공데이터포털_경기도 수원시_지역화폐 결제 정보_20260120
2025-11,수원시 권선구,곡선동,남,60대 이상,약국,128,456758,2026-01-20,3568,공공데이터포털_경기도 수원시_지역화폐 결제 정보_20260120
2025-11,수원시 권선구,곡선동,남,60대 이상,용역서비스,23,179798,2026-01-20,7817,공공데이터포털_경기도 수원시_지역화폐 결제 정보_20260120
2025-11,수원시 권선구,곡선동,남,60대 이상,음료/식품,151,747104,2026-01-20,4948,공공데이터포털_경기도 수원시_지역화폐 결제 정보_20260120
2025-11,수원시 권선구,곡선동,남,60대 이상,의류,1,37083,2026-01-20,37083,공공데이터포털_경기도 수원시_지역화폐 결제 정보_20260120
2025-11,수원시 권선구,곡선동,남,60대 이상,의원,137,1019827,2026-01-20,7444,공공데이터포털_경기도 수원시_지역화폐 결제 정보_20260120
2025-11,수원시 권선구,곡선동,남,60대 이상,일반/휴게 음식,1115,5444151,2026-01-20,4883,공공데이터포털_경기도 수원시_지역화폐 결제 정보_20260120
2025-11,수원시 권선구,곡선동,남,60대 이상,일반유통,528,1594203,2026-01-20,3019,공공데이터포털_경기도 수원시_지역화폐 결제 정보_20260120
2025-11,수원시 권선구,곡선동,남,60대 이상,자동차 정비/유지,9,93124,2026-01-20,10347,공공데이터포털_경기도 수원시_지역화폐 결제 정보_20260120
2025-11,수원시 권선구,곡선동,남,60대 이상,전자제품,1,8297,2026-01-20,8297,공공데이터포털_경기도 수원시_지역화폐 결제 정보_20260120
2025-11,수원시 권선구,곡선동,남,60대 이상,주유/충전소,4,17905,2026-01-20,4476,공공데이터포털_경기도 수원시_지역화폐 결제 정보_20260120
2025-11,수원시 권선구,곡선동,남,60대 이상,학원,12,497052,2026-01-20,41421,공공데이터포털_경기도 수원시_지역화폐 결제 정보_20260120
2025-11,수원시 권선구,곡선동,여,10대,레저/스포츠 서비스,1,2000,2026-01-20,2000,공공데이터포털_경기도 수원시_지역화폐 결제 정보_20260120
2025-11,수원시 권선구,곡선동,여,10대,미용/위생,1,5150,2026-01-20,5150,공공데이터포털_경기도 수원시_지역화폐 결제 정보_20260120
2025-11,수원시 권선구,곡선동,여,10대,서적/문구/학습자재,1,220,2026-01-20,220,공공데이터포털_경기도 수원시_지역화폐 결제 정보_20260120
2025-11,수원시 권선구,곡선동,여,10대,약국,3,4588,2026-01-20,1529,공공데이터포털_경기도 수원시_지역화폐 결제 정보_20260120
2025-11,수원시 권선구,곡선동,여,10대,용역서비스,8,49721,2026-01-20,6215,공공데이터포털_경기도 수원시_지역화폐 결제 정보_20260120
2025-11,수원시 권선구,곡선동,여,10대,음료/식품,12,7667,2026-01-20,639,공공데이터포털_경기도 수원시_지역화폐 결제 정보_20260120
2025-11,수원시 권선구,곡선동,여,10대,의원,6,37565,2026-01-20,6261,공공데이터포털_경기도 수원시_지역화폐 결제 정보_20260120
2025-11,수원시 권선구,곡선동,여,10대,일반/휴게 음식,99,427956,2026-01-20,4323,공공데이터포털_경기도 수원시_지역화폐 결제 정보_20260120
2025-11,수원시 권선구,곡선동,여,10대,일반유통,98,238774,2026-01-20,2436,공공데이터포털_경기도 수원시_지역화폐 결제 정보_20260120
2025-11,수원시 권선구,곡선동,여,10대,학원,19,566300,2026-01-20,29805,공공데이터포털_경기도 수원시_지역화폐 결제 정보_20260120
2025-11,수원시 권선구,곡선동,여,20대,건축자재,1,3727,2026-01-20,3727,공공데이터포털_경기도 수원시_지역화폐 결제 정보_20260120
2025-11,수원시 권선구,곡선동,여,20대,기타의료,3,171845,2026-01-20,57282,공공데이터포털_경기도 수원시_지역화폐 결제 정보_20260120
2025-11,수원시 권선구,곡선동,여,20대,레저/문화 용품,3,200970,2026-01-20,66990,공공데이터포털_경기도 수원시_지역화폐 결제 정보_20260120
2025-11,수원시 권선구,곡선동,여,20대,레저/스포츠 서비스,57,944370,2026-01-20,16568,공공데이터포털_경기도 수원시_지역화폐 결제 정보_20260120
2025-11,수원시 권선구,곡선동,여,20대,문화/취미,92,277542,2026-01-20,3017,공공데이터포털_경기도 수원시_지역화폐 결제 정보_20260120
2025-11,수원시 권선구,곡선동,여,20대,미용/위생,49,1508897,2026-01-20,30794,공공데이터포털_경기도 수원시_지역화폐 결제 정보_20260120
2025-11,수원시 권선구,곡선동,여,20대,서적/문구/학습자재,9,23996,2026-01-20,2666,공공데이터포털_경기도 수원시_지역화폐 결제 정보_20260120
2025-11,수원시 권선구,곡선동,여,20대,신변잡화,4,17608,2026-01-20,4402,공공데이터포털_경기도 수원시_지역화폐 결제 정보_20260120
2025-11,수원시 권선구,곡선동,여,20대,약국,51,222766,2026-01-20,4368,공공데이터포털_경기도 수원시_지역화폐 결제 정보_20260120
2025-11,수원시 권선구,곡선동,여,20대,용역서비스,19,213087,2026-01-20,11215,공공데이터포털_경기도 수원시_지역화폐 결제 정보_20260120
2025-11,수원시 권선구,곡선동,여,20대,음료/식품,130,765852,2026-01-20,5891,공공데이터포털_경기도 수원시_지역화폐 결제 정보_20260120
2025-11,수원시 권선구,곡선동,여,20대,의원,41,406392,2026-01-20,9912,공공데이터포털_경기도 수원시_지역화폐 결제 정보_20260120
2025-11,수원시 권선구,곡선동,여,20대,일반/휴게 음식,1002,8272457,2026-01-20,8256,공공데이터포털_경기도 수원시_지역화폐 결제 정보_20260120
2025-11,수원시 권선구,곡선동,여,20대,일반유통,470,2011188,2026-01-20,4279,공공데이터포털_경기도 수원시_지역화폐 결제 정보_20260120
2025-11,수원시 권선구,곡선동,여,20대,자동차 정비/유지,3,84566,2026-01-20,28189,공공데이터포털_경기도 수원시_지역화폐 결제 정보_20260120
2025-11,수원시 권선구,곡선동,여,20대,전자상거래,1,1368,2026-01-20,1368,공공데이터포털_경기도 수원시_지역화폐 결제 정보_20260120
2025-11,수원시 권선구,곡선동,여,20대,학원,14,515219,2026-01-20,36801,공공데이터포털_경기도 수원시_지역화폐 결제 정보_20260120
2025-11,수원시 권선구,곡선동,여,30대,건축자재,1,85121,2026-01-20,85121,공공데이터포털_경기도 수원시_지역화폐 결제 정보_20260120
2025-11,수원시 권선구,곡선동,여,30대,기타의료,52,5513205,2026-01-20,106023,공공데이터포털_경기도 수원시_지역화폐 결제 정보_20260120
2025-11,수원시 권선구,곡선동,여,30대,레저/문화 용품,25,304455,2026-01-20,12178,공공데이터포털_경기도 수원시_지역화폐 결제 정보_20260120
2025-11,수원시 권선구,곡선동,여,30대,레저/스포츠 서비스,160,888278,2026-01-20,5552,공공데이터포털_경기도 수원시_지역화폐 결제 정보_20260120
2025-11,수원시 권선구,곡선동,여,30대,문화/취미,475,349761,2026-01-20,736,공공데이터포털_경기도 수원시_지역화폐 결제 정보_20260120
2025-11,수원시 권선구,곡선동,여,30대,미용/위생,200,3414072,2026-01-20,17070,공공데이터포털_경기도 수원시_지역화폐 결제 정보_20260120
2025-11,수원시 권선구,곡선동,여,30대,서적/문구/학습자재,72,121911,2026-01-20,1693,공공데이터포털_경기도 수원시_지역화폐 결제 정보_20260120
2025-11,수원시 권선구,곡선동,여,30대,신변잡화,16,15692,2026-01-20,981,공공데이터포털_경기도 수원시_지역화폐 결제 정보_20260120
2025-11,수원시 권선구,곡선동,여,30대,약국,738,1336251,2026-01-20,1811,공공데이터포털_경기도 수원시_지역화폐 결제 정보_20260120
2025-11,수원시 권선구,곡선동,여,30대,용역서비스,78,747630,2026-01-20,9585,공공데이터포털_경기도 수원시_지역화폐 결제 정보_20260120
2025-11,수원시 권선구,곡선동,여,30대,음료/식품,545,2051012,2026-01-20,3763,공공데이터포털_경기도 수원시_지역화폐 결제 정보_20260120
2025-11,수원시 권선구,곡선동,여,30대,의류,13,71760,2026-01-20,5520,공공데이터포털_경기도 수원시_지역화폐 결제 정보_20260120
2025-11,수원시 권선구,곡선동,여,30대,의원,507,3027954,2026-01-20,5972,공공데이터포털_경기도 수원시_지역화폐 결제 정보_20260120
2025-11,수원시 권선구,곡선동,여,30대,일반/휴게 음식,3326,12866457,2026-01-20,3868,공공데이터포털_경기도 수원시_지역화폐 결제 정보_20260120
2025-11,수원시 권선구,곡선동,여,30대,일반유통,857,2285216,2026-01-20,2667,공공데이터포털_경기도 수원시_지역화폐 결제 정보_20260120
2025-11,수원시 권선구,곡선동,여,30대,자동차 정비/유지,13,566344,2026-01-20,43565,공공데이터포털_경기도 수원시_지역화폐 결제 정보_20260120
2025-11,수원시 권선구,곡선동,여,30대,전자상거래,5,13694,2026-01-20,2739,공공데이터포털_경기도 수원시_지역화폐 결제 정보_20260120
2025-11,수원시 권선구,곡선동,여,30대,전자제품,1,7992,2026-01-20,7992,공공데이터포털_경기도 수원시_지역화폐 결제 정보_20260120
2025-11,수원시 권선구,곡선동,여,30대,주유/충전소,3,17608,2026-01-20,5869,공공데이터포털_경기도 수원시_지역화폐 결제 정보_20260120
2025-11,수원시 권선구,곡선동,여,30대,학원,162,3702765,2026-01-20,22857,공공데이터포털_경기도 수원시_지역화폐 결제 정보_20260120
2025-11,수원시 권선구,곡선동,여,40대,기타의료,17,587695,2026-01-20,34570,공공데이터포털_경기도 수원시_지역화폐 결제 정보_20260120
2025-11,수원시 권선구,곡선동,여,40대,레저/문화 용품,28,281739,2026-01-20,10062,공공데이터포털_경기도 수원시_지역화폐 결제 정보_20260120
2025-11,수원시 권선구,곡선동,여,40대,레저/스포츠 서비스,186,1130087,2026-01-20,6076,공공데이터포털_경기도 수원시_지역화폐 결제 정보_20260120
2025-11,수원시 권선구,곡선동,여,40대,문화/취미,338,521234,2026-01-20,1542,공공데이터포털_경기도 수원시_지역화폐 결제 정보_20260120
2025-11,수원시 권선구,곡선동,여,40대,미용/위생,290,3534447,2026-01-20,12188,공공데이터포털_경기도 수원시_지역화폐 결제 정보_20260120
2025-11,수원시 권선구,곡선동,여,40대,서적/문구/학습자재,135,291322,2026-01-20,2158,공공데이터포털_경기도 수원시_지역화폐 결제 정보_20260120
2025-11,수원시 권선구,곡선동,여,40대,신변잡화,19,33119,2026-01-20,1743,공공데이터포털_경기도 수원시_지역화폐 결제 정보_20260120
2025-11,수원시 권선구,곡선동,여,40대,약국,789,1665081,2026-01-20,2110,공공데이터포털_경기도 수원시_지역화폐 결제 정보_20260120
2025-11,수원시 권선구,곡선동,여,40대,용역서비스,149,1068954,2026-01-20,7174,공공데이터포털_경기도 수원시_지역화폐 결제 정보_20260120
2025-11,수원시 권선구,곡선동,여,40대,음료/식품,717,2588320,2026-01-20,3610,공공데이터포털_경기도 수원시_지역화폐 결제 정보_20260120
2025-11,수원시 권선구,곡선동,여,40대,의류,8,30359,2026-01-20,3795,공공데이터포털_경기도 수원시_지역화폐 결제 정보_20260120
2025-11,수원시 권선구,곡선동,여,40대,의원,533,3834832,2026-01-20,7195,공공데이터포털_경기도 수원시_지역화폐 결제 정보_20260120
2025-11,수원시 권선구,곡선동,여,40대,일반/휴게 음식,4789,17769745,2026-01-20,3711,공공데이터포털_경기도 수원시_지역화폐 결제 정보_20260120
2025-11,수원시 권선구,곡선동,여,40대,일반유통,1161,3135235,2026-01-20,2700,공공데이터포털_경기도 수원시_지역화폐 결제 정보_20260120
2025-11,수원시 권선구,곡선동,여,40대,자동차 정비/유지,10,177942,2026-01-20,17794,공공데이터포털_경기도 수원시_지역화폐 결제 정보_20260120
2025-11,수원시 권선구,곡선동,여,40대,전자상거래,3,8701,2026-01-20,2900,공공데이터포털_경기도 수원시_지역화폐 결제 정보_20260120
2025-11,수원시 권선구,곡선동,여,40대,전자제품,5,5303,2026-01-20,1061,공공데이터포털_경기도 수원시_지역화폐 결제 정보_20260120
2025-11,수원시 권선구,곡선동,여,40대,주유/충전소,13,71094,2026-01-20,5469,공공데이터포털_경기도 수원시_지역화폐 결제 정보_20260120
2025-11,수원시 권선구,곡선동,여,40대,학교/교육,3,330941,2026-01-20,110314,공공데이터포털_경기도 수원시_지역화폐 결제 정보_20260120
2025-11,수원시 권선구,곡선동,여,40대,학원,541,14997074,2026-01-20,27721,공공데이터포털_경기도 수원시_지역화폐 결제 정보_20260120
2025-11,수원시 권선구,곡선동,여,50대,건축자재,1,2000,2026-01-20,2000,공공데이터포털_경기도 수원시_지역화폐 결제 정보_20260120
2025-11,수원시 권선구,곡선동,여,50대,기타의료,20,324866,2026-01-20,16243,공공데이터포털_경기도 수원시_지역화폐 결제 정보_20260120
2025-11,수원시 권선구,곡선동,여,50대,레저/문화 용품,7,125680,2026-01-20,17954,공공데이터포털_경기도 수원시_지역화폐 결제 정보_20260120
2025-11,수원시 권선구,곡선동,여,50대,레저/스포츠 서비스,54,273969,2026-01-20,5074,공공데이터포털_경기도 수원시_지역화폐 결제 정보_20260120
2025-11,수원시 권선구,곡선동,여,50대,문화/취미,50,457043,2026-01-20,9141,공공데이터포털_경기도 수원시_지역화폐 결제 정보_20260120
2025-11,수원시 권선구,곡선동,여,50대,미용/위생,151,1920218,2026-01-20,12717,공공데이터포털_경기도 수원시_지역화폐 결제 정보_20260120
2025-11,수원시 권선구,곡선동,여,50대,서적/문구/학습자재,30,124667,2026-01-20,4156,공공데이터포털_경기도 수원시_지역화폐 결제 정보_20260120
2025-11,수원시 권선구,곡선동,여,50대,신변잡화,6,8670,2026-01-20,1445,공공데이터포털_경기도 수원시_지역화폐 결제 정보_20260120
2025-11,수원시 권선구,곡선동,여,50대,약국,319,897674,2026-01-20,2814,공공데이터포털_경기도 수원시_지역화폐 결제 정보_20260120
2025-11,수원시 권선구,곡선동,여,50대,용역서비스,62,235690,2026-01-20,3801,공공데이터포털_경기도 수원시_지역화폐 결제 정보_20260120
2025-11,수원시 권선구,곡선동,여,50대,음료/식품,410,1848906,2026-01-20,4510,공공데이터포털_경기도 수원시_지역화폐 결제 정보_20260120
2025-11,수원시 권선구,곡선동,여,50대,의류,6,51047,2026-01-20,8508,공공데이터포털_경기도 수원시_지역화폐 결제 정보_20260120
2025-11,수원시 권선구,곡선동,여,50대,의원,203,1511791,2026-01-20,7447,공공데이터포털_경기도 수원시_지역화폐 결제 정보_20260120
2025-11,수원시 권선구,곡선동,여,50대,일반/휴게 음식,3013,13144593,2026-01-20,4363,공공데이터포털_경기도 수원시_지역화폐 결제 정보_20260120
2025-11,수원시 권선구,곡선동,여,50대,일반유통,833,2610002,2026-01-20,3133,공공데이터포털_경기도 수원시_지역화폐 결제 정보_20260120
2025-11,수원시 권선구,곡선동,여,50대,자동차 정비/유지,5,33595,2026-01-20,6719,공공데이터포털_경기도 수원시_지역화폐 결제 정보_20260120
2025-11,수원시 권선구,곡선동,여,50대,전자상거래,4,9515,2026-01-20,2379,공공데이터포털_경기도 수원시_지역화폐 결제 정보_20260120
2025-11,수원시 권선구,곡선동,여,50대,주유/충전소,2,10065,2026-01-20,5032,공공데이터포털_경기도 수원시_지역화폐 결제 정보_20260120
2025-11,수원시 권선구,곡선동,여,50대,학원,105,2951713,2026-01-20,28112,공공데이터포털_경기도 수원시_지역화폐 결제 정보_20260120
2025-11,수원시 권선구,곡선동,여,60대 이상,기타의료,12,235986,2026-01-20,19666,공공데이터포털_경기도 수원시_지역화폐 결제 정보_20260120
2025-11,수원시 권선구,곡선동,여,60대 이상,레저/문화 용품,1,49633,2026-01-20,49633,공공데이터포털_경기도 수원시_지역화폐 결제 정보_20260120
2025-11,수원시 권선구,곡선동,여,60대 이상,레저/스포츠 서비스,15,90881,2026-01-20,6059,공공데이터포털_경기도 수원시_지역화폐 결제 정보_20260120
2025-11,수원시 권선구,곡선동,여,60대 이상,문화/취미,30,264129,2026-01-20,8804,공공데이터포털_경기도 수원시_지역화폐 결제 정보_20260120
2025-11,수원시 권선구,곡선동,여,60대 이상,미용/위생,104,1398045,2026-01-20,13443,공공데이터포털_경기도 수원시_지역화폐 결제 정보_20260120
2025-11,수원시 권선구,곡선동,여,60대 이상,서적/문구/학습자재,7,13930,2026-01-20,1990,공공데이터포털_경기도 수원시_지역화폐 결제 정보_20260120
2025-11,수원시 권선구,곡선동,여,60대 이상,신변잡화,6,8683,2026-01-20,1447,공공데이터포털_경기도 수원시_지역화폐 결제 정보_20260120
2025-11,수원시 권선구,곡선동,여,60대 이상,약국,243,874816,2026-01-20,3600,공공데이터포털_경기도 수원시_지역화폐 결제 정보_20260120
2025-11,수원시 권선구,곡선동,여,60대 이상,용역서비스,33,145585,2026-01-20,4412,공공데이터포털_경기도 수원시_지역화폐 결제 정보_20260120
2025-11,수원시 권선구,곡선동,여,60대 이상,음료/식품,256,1177265,2026-01-20,4599,공공데이터포털_경기도 수원시_지역화폐 결제 정보_20260120
2025-11,수원시 권선구,곡선동,여,60대 이상,의류,4,5467,2026-01-20,1367,공공데이터포털_경기도 수원시_지역화폐 결제 정보_20260120
2025-11,수원시 권선구,곡선동,여,60대 이상,의원,319,1709203,2026-01-20,5358,공공데이터포털_경기도 수원시_지역화폐 결제 정보_20260120
2025-11,수원시 권선구,곡선동,여,60대 이상,일반/휴게 음식,1223,5870750,2026-01-20,4800,공공데이터포털_경기도 수원시_지역화폐 결제 정보_20260120
2025-11,수원시 권선구,곡선동,여,60대 이상,일반유통,473,1586072,2026-01-20,3353,공공데이터포털_경기도 수원시_지역화폐 결제 정보_20260120
2025-11,수원시 권선구,곡선동,여,60대 이상,자동차 정비/유지,4,141325,2026-01-20,35331,공공데이터포털_경기도 수원시_지역화폐 결제 정보_20260120
2025-11,수원시 권선구,곡선동,여,60대 이상,자동차판매,1,353,2026-01-20,353,공공데이터포털_경기도 수원시_지역화폐 결제 정보_20260120
2025-11,수원시 권선구,곡선동,여,60대 이상,전자상거래,3,8000,2026-01-20,2667,공공데이터포털_경기도 수원시_지역화폐 결제 정보_20260120
2025-11,수원시 권선구,곡선동,여,60대 이상,주유/충전소,2,33160,2026-01-20,16580,공공데이터포털_경기도 수원시_지역화폐 결제 정보_20260120
2025-11,수원시 권선구,곡선동,여,60대 이상,학교/교육,1,57313,2026-01-20,57313,공공데이터포털_경기도 수원시_지역화폐 결제 정보_20260120
2025-11,수원시 권선구,곡선동,여,60대 이상,학원,16,468523,2026-01-20,29283,공공데이터포털_경기도 수원시_지역화폐 결제 정보_20260120
2025-11,수원시 권선구,곡선동,여,60대 이상,회원정보미상,37,1469390,2026-01-20,39713,공공데이터포털_경기도 수원시_지역화폐 결제 정보_20260120
2025-11,수원시 권선구,곡선동,여,60대 이상,회원정보미상,37,1469390,2026-01-20,39713,공공데이터포털_경기도 수원시_지역화폐 결제 정보_20260120
2025-11,수원시 권선구,곡선동,여,60대 이상,문화/취미,1,21500,2026-01-20,21500,공공데이터포털_경기도 수원시_지역화폐 결제 정보_20260120
2025-11,수원시 권선구,곡선동,여,60대 이상,약국,1,39000,2026-01-20,39000,공공데이터포털_경기도 수원시_지역화폐 결제 정보_20260120
2025-11,수원시 권선구,곡선동,여,60대 이상,음료/식품,5,83460,2026-01-20,16692,공공데이터포털_경기도 수원시_지역화폐 결제 정보_20260120
2025-11,수원시 권선구,곡선동,여,60대 이상,일반/휴게 음식,18,1211800,2026-01-20,67322,공공데이터포털_경기도 수원시_지역화폐 결제 정보_20260120
2025-11,수원시 권선구,곡선동,여,60대 이상,일반유통,12,113630,2026-01-20,9469,공공데이터포털_경기도 수원시_지역화폐 결제 정보_20260120
2025-11,수원시 영통구,광교1동,남,10대,대형유통,7,25273,2026-01-20,3610,공공데이터포털_경기도 수원시_지역화폐 결제 정보_20260120
2025-11,수원시 영통구,광교1동,남,10대,레저/스포츠 서비스,12,38143,2026-01-20,3179,공공데이터포털_경기도 수원시_지역화폐 결제 정보_20260120
2025-11,수원시 영통구,광교1동,남,10대,미용/위생,8,144544,2026-01-20,18068,공공데이터포털_경기도 수원시_지역화폐 결제 정보_20260120
2025-11,수원시 영통구,광교1동,남,10대,서적/문구/학습자재,18,93261,2026-01-20,5181,공공데이터포털_경기도 수원시_지역화폐 결제 정보_20260120
2025-11,수원시 영통구,광교1동,남,10대,약국,12,22329,2026-01-20,1861,공공데이터포털_경기도 수원시_지역화폐 결제 정보_20260120
2025-11,수원시 영통구,광교1동,남,10대,용역서비스,8,39049,2026-01-20,4881,공공데이터포털_경기도 수원시_지역화폐 결제 정보_20260120
2025-11,수원시 영통구,광교1동,남,10대,음료/식품,63,105311,2026-01-20,1672,공공데이터포털_경기도 수원시_지역화폐 결제 정보_20260120
2025-11,수원시 영통구,광교1동,남,10대,의원,20,85189,2026-01-20,4259,공공데이터포털_경기도 수원시_지역화폐 결제 정보_20260120
2025-11,수원시 영통구,광교1동,남,10대,일반/휴게 음식,225,859809,2026-01-20,3821,공공데이터포털_경기도 수원시_지역화폐 결제 정보_20260120
2025-11,수원시 영통구,광교1동,남,10대,일반유통,87,201882,2026-01-20,2320,공공데이터포털_경기도 수원시_지역화폐 결제 정보_20260120
2025-11,수원시 영통구,광교1동,남,10대,학원,60,1698969,2026-01-20,28316,공공데이터포털_경기도 수원시_지역화폐 결제 정보_20260120
2025-11,수원시 영통구,광교1동,남,20대,기타의료,28,535943,2026-01-20,19141,공공데이터포털_경기도 수원시_지역화폐 결제 정보_20260120
2025-11,수원시 영통구,광교1동,남,20대,대형유통,30,66825,2026-01-20,2228,공공데이터포털_경기도 수원시_지역화폐 결제 정보_20260120
2025-11,수원시 영통구,광교1동,남,20대,레저/스포츠 서비스,113,877148,2026-01-20,7762,공공데이터포털_경기도 수원시_지역화폐 결제 정보_20260120
2025-11,수원시 영통구,광교1동,남,20대,문화/취미,35,751375,2026-01-20,21468,공공데이터포털_경기도 수원시_지역화폐 결제 정보_20260120
2025-11,수원시 영통구,광교1동,남,20대,미용/위생,155,4287889,2026-01-20,27664,공공데이터포털_경기도 수원시_지역화폐 결제 정보_20260120
2025-11,수원시 영통구,광교1동,남,20대,서적/문구/학습자재,18,81355,2026-01-20,4520,공공데이터포털_경기도 수원시_지역화폐 결제 정보_20260120
2025-11,수원시 영통구,광교1동,남,20대,약국,127,601588,2026-01-20,4737,공공데이터포털_경기도 수원시_지역화폐 결제 정보_20260120
2025-11,수원시 영통구,광교1동,남,20대,용역서비스,85,349181,2026-01-20,4108,공공데이터포털_경기도 수원시_지역화폐 결제 정보_20260120
2025-11,수원시 영통구,광교1동,남,20대,음료/식품,237,2124592,2026-01-20,8965,공공데이터포털_경기도 수원시_지역화폐 결제 정보_20260120
2025-11,수원시 영통구,광교1동,남,20대,의류,1,13167,2026-01-20,13167,공공데이터포털_경기도 수원시_지역화폐 결제 정보_20260120
2025-11,수원시 영통구,광교1동,남,20대,의원,91,1793660,2026-01-20,19711,공공데이터포털_경기도 수원시_지역화폐 결제 정보_20260120
2025-11,수원시 영통구,광교1동,남,20대,일반/휴게 음식,2456,17074535,2026-01-20,6952,공공데이터포털_경기도 수원시_지역화폐 결제 정보_20260120
2025-11,수원시 영통구,광교1동,남,20대,일반유통,930,3022369,2026-01-20,3250,공공데이터포털_경기도 수원시_지역화폐 결제 정보_20260120
2025-11,수원시 영통구,광교1동,남,20대,자동차 정비/유지,9,186033,2026-01-20,20670,공공데이터포털_경기도 수원시_지역화폐 결제 정보_20260120
2025-11,수원시 영통구,광교1동,남,20대,전자상거래,1,2556,2026-01-20,2556,공공데이터포털_경기도 수원시_지역화폐 결제 정보_20260120
2025-11,수원시 영통구,광교1동,남,20대,직물/침구류,1,50000,2026-01-20,50000,공공데이터포털_경기도 수원시_지역화폐 결제 정보_20260120
2025-11,수원시 영통구,광교1동,남,20대,학원,44,2013355,2026-01-20,45758,공공데이터포털_경기도 수원시_지역화폐 결제 정보_20260120
2025-11,수원시 영통구,광교1동,남,30대,건축자재,5,283999,2026-01-20,56800,공공데이터포털_경기도 수원시_지역화폐 결제 정보_20260120
2025-11,수원시 영통구,광교1동,남,30대,기타유통,1,15000,2026-01-20,15000,공공데이터포털_경기도 수원시_지역화폐 결제 정보_20260120
2025-11,수원시 영통구,광교1동,남,30대,기타의료,48,2096912,2026-01-20,43686,공공데이터포털_경기도 수원시_지역화폐 결제 정보_20260120
2025-11,수원시 영통구,광교1동,남,30대,대형유통,118,292195,2026-01-20,2476,공공데이터포털_경기도 수원시_지역화폐 결제 정보_20260120
2025-11,수원시 영통구,광교1동,남,30대,레저/문화 용품,4,65169,2026-01-20,16292,공공데이터포털_경기도 수원시_지역화폐 결제 정보_20260120
2025-11,수원시 영통구,광교1동,남,30대,레저/스포츠 서비스,137,990242,2026-01-20,7228,공공데이터포털_경기도 수원시_지역화폐 결제 정보_20260120
2025-11,수원시 영통구,광교1동,남,30대,문화/취미,54,1343712,2026-01-20,24884,공공데이터포털_경기도 수원시_지역화폐 결제 정보_20260120
2025-11,수원시 영통구,광교1동,남,30대,미용/위생,365,4714866,2026-01-20,12917,공공데이터포털_경기도 수원시_지역화폐 결제 정보_20260120
2025-11,수원시 영통구,광교1동,남,30대,서적/문구/학습자재,47,1389345,2026-01-20,29561,공공데이터포털_경기도 수원시_지역화폐 결제 정보_20260120
2025-11,수원시 영통구,광교1동,남,30대,신변잡화,1,23133,2026-01-20,23133,공공데이터포털_경기도 수원시_지역화폐 결제 정보_20260120
2025-11,수원시 영통구,광교1동,남,30대,약국,500,1112398,2026-01-20,2225,공공데이터포털_경기도 수원시_지역화폐 결제 정보_20260120
2025-11,수원시 영통구,광교1동,남,30대,용역서비스,191,2665894,2026-01-20,13958,공공데이터포털_경기도 수원시_지역화폐 결제 정보_20260120
2025-11,수원시 영통구,광교1동,남,30대,음료/식품,462,1342646,2026-01-20,2906,공공데이터포털_경기도 수원시_지역화폐 결제 정보_20260120
2025-11,수원시 영통구,광교1동,남,30대,의류,6,430001,2026-01-20,71667,공공데이터포털_경기도 수원시_지역화폐 결제 정보_20260120
2025-11,수원시 영통구,광교1동,남,30대,의원,393,3470187,2026-01-20,8830,공공데이터포털_경기도 수원시_지역화폐 결제 정보_20260120
2025-11,수원시 영통구,광교1동,남,30대,일반/휴게 음식,6446,23923460,2026-01-20,3711,공공데이터포털_경기도 수원시_지역화폐 결제 정보_20260120
2025-11,수원시 영통구,광교1동,남,30대,일반유통,2381,3565547,2026-01-20,1497,공공데이터포털_경기도 수원시_지역화폐 결제 정보_20260120
2025-11,수원시 영통구,광교1동,남,30대,자동차 정비/유지,69,1200010,2026-01-20,17391,공공데이터포털_경기도 수원시_지역화폐 결제 정보_20260120
2025-11,수원시 영통구,광교1동,남,30대,전자상거래,1,76279,2026-01-20,76279,공공데이터포털_경기도 수원시_지역화폐 결제 정보_20260120
2025-11,수원시 영통구,광교1동,남,30대,전자제품,4,117380,2026-01-20,29345,공공데이터포털_경기도 수원시_지역화폐 결제 정보_20260120
2025-11,수원시 영통구,광교1동,남,30대,주유/충전소,12,69952,2026-01-20,5829,공공데이터포털_경기도 수원시_지역화폐 결제 정보_20260120
2025-11,수원시 영통구,광교1동,남,30대,직물/침구류,2,69696,2026-01-20,34848,공공데이터포털_경기도 수원시_지역화폐 결제 정보_20260120
2025-11,수원시 영통구,광교1동,남,30대,학원,102,3481499,2026-01-20,34132,공공데이터포털_경기도 수원시_지역화폐 결제 정보_20260120
2025-11,수원시 영통구,광교1동,남,40대,건축자재,3,251734,2026-01-20,83911,공공데이터포털_경기도 수원시_지역화폐 결제 정보_20260120
2025-11,수원시 영통구,광교1동,남,40대,기타의료,43,1271064,2026-01-20,29560,공공데이터포털_경기도 수원시_지역화폐 결제 정보_20260120
2025-11,수원시 영통구,광교1동,남,40대,대형유통,254,594560,2026-01-20,2341,공공데이터포털_경기도 수원시_지역화폐 결제 정보_20260120
2025-11,수원시 영통구,광교1동,남,40대,레저/문화 용품,5,49507,2026-01-20,9901,공공데이터포털_경기도 수원시_지역화폐 결제 정보_20260120
2025-11,수원시 영통구,광교1동,남,40대,레저/스포츠 서비스,130,1448362,2026-01-20,11141,공공데이터포털_경기도 수원시_지역화폐 결제 정보_20260120
2025-11,수원시 영통구,광교1동,남,40대,문화/취미,70,1243206,2026-01-20,17760,공공데이터포털_경기도 수원시_지역화폐 결제 정보_20260120
2025-11,수원시 영통구,광교1동,남,40대,미용/위생,482,5787152,2026-01-20,12007,공공데이터포털_경기도 수원시_지역화폐 결제 정보_20260120
2025-11,수원시 영통구,광교1동,남,40대,서적/문구/학습자재,276,2390254,2026-01-20,8660,공공데이터포털_경기도 수원시_지역화폐 결제 정보_20260120
2025-11,수원시 영통구,광교1동,남,40대,약국,1071,2616297,2026-01-20,2443,공공데이터포털_경기도 수원시_지역화폐 결제 정보_20260120
2025-11,수원시 영통구,광교1동,남,40대,용역서비스,258,2114284,2026-01-20,8195,공공데이터포털_경기도 수원시_지역화폐 결제 정보_20260120
2025-11,수원시 영통구,광교1동,남,40대,음료/식품,1649,5150778,2026-01-20,3124,공공데이터포털_경기도 수원시_지역화폐 결제 정보_20260120
2025-11,수원시 영통구,광교1동,남,40대,의류,7,80922,2026-01-20,11560,공공데이터포털_경기도 수원시_지역화폐 결제 정보_20260120
2025-11,수원시 영통구,광교1동,남,40대,의원,817,6748231,2026-01-20,8260,공공데이터포털_경기도 수원시_지역화폐 결제 정보_20260120
2025-11,수원시 영통구,광교1동,남,40대,일반/휴게 음식,8808,32445348,2026-01-20,3684,공공데이터포털_경기도 수원시_지역화폐 결제 정보_20260120
2025-11,수원시 영통구,광교1동,남,40대,일반유통,3286,6006121,2026-01-20,1828,공공데이터포털_경기도 수원시_지역화폐 결제 정보_20260120
2025-11,수원시 영통구,광교1동,남,40대,자동차 정비/유지,106,279403,2026-01-20,2636,공공데이터포털_경기도 수원시_지역화폐 결제 정보_20260120
2025-11,수원시 영통구,광교1동,남,40대,자동차판매,4,80232,2026-01-20,20058,공공데이터포털_경기도 수원시_지역화폐 결제 정보_20260120
2025-11,수원시 영통구,광교1동,남,40대,전자상거래,2,92581,2026-01-20,46290,공공데이터포털_경기도 수원시_지역화폐 결제 정보_20260120
2025-11,수원시 영통구,광교1동,남,40대,전자제품,1,901,2026-01-20,901,공공데이터포털_경기도 수원시_지역화폐 결제 정보_20260120
2025-11,수원시 영통구,광교1동,남,40대,주유/충전소,4,21104,2026-01-20,5276,공공데이터포털_경기도 수원시_지역화폐 결제 정보_20260120
2025-11,수원시 영통구,광교1동,남,40대,직물/침구류,2,100652,2026-01-20,50326,공공데이터포털_경기도 수원시_지역화폐 결제 정보_20260120
2025-11,수원시 영통구,광교1동,남,40대,학원,1404,49146006,2026-01-20,35004,공공데이터포털_경기도 수원시_지역화폐 결제 정보_20260120
2025-11,수원시 영통구,광교1동,남,50대,기타의료,39,644689,2026-01-20,16530,공공데이터포털_경기도 수원시_지역화폐 결제 정보_20260120
2025-11,수원시 영통구,광교1동,남,50대,대형유통,267,653760,2026-01-20,2449,공공데이터포털_경기도 수원시_지역화폐 결제 정보_20260120
2025-11,수원시 영통구,광교1동,남,50대,레저/문화 용품,16,92098,2026-01-20,5756,공공데이터포털_경기도 수원시_지역화폐 결제 정보_20260120
2025-11,수원시 영통구,광교1동,남,50대,레저/스포츠 서비스,72,777717,2026-01-20,10802,공공데이터포털_경기도 수원시_지역화폐 결제 정보_20260120
2025-11,수원시 영통구,광교1동,남,50대,문화/취미,26,331822,2026-01-20,12762,공공데이터포털_경기도 수원시_지역화폐 결제 정보_20260120
2025-11,수원시 영통구,광교1동,남,50대,미용/위생,354,3978931,2026-01-20,11240,공공데이터포털_경기도 수원시_지역화폐 결제 정보_20260120
2025-11,수원시 영통구,광교1동,남,50대,서적/문구/학습자재,164,1646719,2026-01-20,10041,공공데이터포털_경기도 수원시_지역화폐 결제 정보_20260120
2025-11,수원시 영통구,광교1동,남,50대,약국,465,1339092,2026-01-20,2880,공공데이터포털_경기도 수원시_지역화폐 결제 정보_20260120
2025-11,수원시 영통구,광교1동,남,50대,용역서비스,211,1070907,2026-01-20,5075,공공데이터포털_경기도 수원시_지역화폐 결제 정보_20260120
2025-11,수원시 영통구,광교1동,남,50대,음료/식품,848,3210199,2026-01-20,3786,공공데이터포털_경기도 수원시_지역화폐 결제 정보_20260120
2025-11,수원시 영통구,광교1동,남,50대,의류,7,120936,2026-01-20,17277,공공데이터포털_경기도 수원시_지역화폐 결제 정보_20260120
2025-11,수원시 영통구,광교1동,남,50대,의원,379,3461917,2026-01-20,9134,공공데이터포털_경기도 수원시_지역화폐 결제 정보_20260120
2025-11,수원시 영통구,광교1동,남,50대,일반/휴게 음식,5794,23567722,2026-01-20,4068,공공데이터포털_경기도 수원시_지역화폐 결제 정보_20260120
2025-11,수원시 영통구,광교1동,남,50대,일반유통,2045,4901192,2026-01-20,2397,공공데이터포털_경기도 수원시_지역화폐 결제 정보_20260120
2025-11,수원시 영통구,광교1동,남,50대,자동차 정비/유지,91,283963,2026-01-20,3120,공공데이터포털_경기도 수원시_지역화폐 결제 정보_20260120
2025-11,수원시 영통구,광교1동,남,50대,자동차판매,2,13760,2026-01-20,6880,공공데이터포털_경기도 수원시_지역화폐 결제 정보_20260120
2025-11,수원시 영통구,광교1동,남,50대,전자상거래,2,25150,2026-01-20,12575,공공데이터포털_경기도 수원시_지역화폐 결제 정보_20260120
2025-11,수원시 영통구,광교1동,남,50대,전자제품,2,1919,2026-01-20,960,공공데이터포털_경기도 수원시_지역화폐 결제 정보_20260120
2025-11,수원시 영통구,광교1동,남,50대,주유/충전소,3,19177,2026-01-20,6392,공공데이터포털_경기도 수원시_지역화폐 결제 정보_20260120
2025-11,수원시 영통구,광교1동,남,50대,직물/침구류,2,93904,2026-01-20,46952,공공데이터포털_경기도 수원시_지역화폐 결제 정보_20260120
2025-11,수원시 영통구,광교1동,남,50대,학원,669,24688943,2026-01-20,36904,공공데이터포털_경기도 수원시_지역화폐 결제 정보_20260120
2025-11,수원시 영통구,광교1동,남,60대 이상,건축자재,5,63406,2026-01-20,12681,공공데이터포털_경기도 수원시_지역화폐 결제 정보_20260120
2025-11,수원시 영통구,광교1동,남,60대 이상,기타의료,39,459154,2026-01-20,11773,공공데이터포털_경기도 수원시_지역화폐 결제 정보_20260120
2025-11,수원시 영통구,광교1동,남,60대 이상,대형유통,110,354666,2026-01-20,3224,공공데이터포털_경기도 수원시_지역화폐 결제 정보_20260120
2025-11,수원시 영통구,광교1동,남,60대 이상,레저/문화 용품,6,61468,2026-01-20,10245,공공데이터포털_경기도 수원시_지역화폐 결제 정보_20260120
2025-11,수원시 영통구,광교1동,남,60대 이상,레저/스포츠 서비스,32,247369,2026-01-20,7730,공공데이터포털_경기도 수원시_지역화폐 결제 정보_20260120
2025-11,수원시 영통구,광교1동,남,60대 이상,문화/취미,10,133432,2026-01-20,13343,공공데이터포털_경기도 수원시_지역화폐 결제 정보_20260120
2025-11,수원시 영통구,광교1동,남,60대 이상,미용/위생,100,1277962,2026-01-20,12780,공공데이터포털_경기도 수원시_지역화폐 결제 정보_20260120
2025-11,수원시 영통구,광교1동,남,60대 이상,서적/문구/학습자재,21,300711,2026-01-20,14320,공공데이터포털_경기도 수원시_지역화폐 결제 정보_20260120
2025-11,수원시 영통구,광교1동,남,60대 이상,신변잡화,1,4670,2026-01-20,4670,공공데이터포털_경기도 수원시_지역화폐 결제 정보_20260120
2025-11,수원시 영통구,광교1동,남,60대 이상,약국,261,751652,2026-01-20,2880,공공데이터포털_경기도 수원시_지역화폐 결제 정보_20260120
2025-11,수원시 영통구,광교1동,남,60대 이상,용역서비스,45,251314,2026-01-20,5585,공공데이터포털_경기도 수원시_지역화폐 결제 정보_20260120
2025-11,수원시 영통구,광교1동,남,60대 이상,음료/식품,346,1746271,2026-01-20,5047,공공데이터포털_경기도 수원시_지역화폐 결제 정보_20260120
2025-11,수원시 영통구,광교1동,남,60대 이상,의류,3,75813,2026-01-20,25271,공공데이터포털_경기도 수원시_지역화폐 결제 정보_20260120
2025-11,수원시 영통구,광교1동,남,60대 이상,의원,205,1612911,2026-01-20,7868,공공데이터포털_경기도 수원시_지역화폐 결제 정보_20260120
2025-11,수원시 영통구,광교1동,남,60대 이상,일반/휴게 음식,1579,7152257,2026-01-20,4530,공공데이터포털_경기도 수원시_지역화폐 결제 정보_20260120
2025-11,수원시 영통구,광교1동,남,60대 이상,일반유통,680,1494241,2026-01-20,2197,공공데이터포털_경기도 수원시_지역화폐 결제 정보_20260120
2025-11,수원시 영통구,광교1동,남,60대 이상,자동차 정비/유지,19,157236,2026-01-20,8276,공공데이터포털_경기도 수원시_지역화폐 결제 정보_20260120
2025-11,수원시 영통구,광교1동,남,60대 이상,자동차판매,3,23380,2026-01-20,7793,공공데이터포털_경기도 수원시_지역화폐 결제 정보_20260120
2025-11,수원시 영통구,광교1동,남,60대 이상,전자제품,2,149972,2026-01-20,74986,공공데이터포털_경기도 수원시_지역화폐 결제 정보_20260120
2025-11,수원시 영통구,광교1동,남,60대 이상,주유/충전소,5,19620,2026-01-20,3924,공공데이터포털_경기도 수원시_지역화폐 결제 정보_20260120
2025-11,수원시 영통구,광교1동,남,60대 이상,직물/침구류,1,81982,2026-01-20,81982,공공데이터포털_경기도 수원시_지역화폐 결제 정보_20260120
2025-11,수원시 영통구,광교1동,남,60대 이상,학원,55,1526506,2026-01-20,27755,공공데이터포털_경기도 수원시_지역화폐 결제 정보_20260120
2025-11,수원시 영통구,광교1동,여,10대,기타의료,2,24787,2026-01-20,12394,공공데이터포털_경기도 수원시_지역화폐 결제 정보_20260120
2025-11,수원시 영통구,광교1동,여,10대,대형유통,14,29925,2026-01-20,2138,공공데이터포털_경기도 수원시_지역화폐 결제 정보_20260120
2025-11,수원시 영통구,광교1동,여,10대,레저/문화 용품,1,130000,2026-01-20,130000,공공데이터포털_경기도 수원시_지역화폐 결제 정보_20260120
2025-11,수원시 영통구,광교1동,여,10대,레저/스포츠 서비스,8,30368,2026-01-20,3796,공공데이터포털_경기도 수원시_지역화폐 결제 정보_20260120
2025-11,수원시 영통구,광교1동,여,10대,문화/취미,3,9891,2026-01-20,3297,공공데이터포털_경기도 수원시_지역화폐 결제 정보_20260120
2025-11,수원시 영통구,광교1동,여,10대,미용/위생,7,133257,2026-01-20,19037,공공데이터포털_경기도 수원시_지역화폐 결제 정보_20260120
2025-11,수원시 영통구,광교1동,여,10대,서적/문구/학습자재,11,29281,2026-01-20,2662,공공데이터포털_경기도 수원시_지역화폐 결제 정보_20260120
2025-11,수원시 영통구,광교1동,여,10대,신변잡화,1,3919,2026-01-20,3919,공공데이터포털_경기도 수원시_지역화폐 결제 정보_20260120
2025-11,수원시 영통구,광교1동,여,10대,약국,14,12768,2026-01-20,912,공공데이터포털_경기도 수원시_지역화폐 결제 정보_20260120
2025-11,수원시 영통구,광교1동,여,10대,용역서비스,6,45220,2026-01-20,7537,공공데이터포털_경기도 수원시_지역화폐 결제 정보_20260120
2025-11,수원시 영통구,광교1동,여,10대,음료/식품,84,120140,2026-01-20,1430,공공데이터포털_경기도 수원시_지역화폐 결제 정보_20260120
2025-11,수원시 영통구,광교1동,여,10대,의원,18,277770,2026-01-20,15432,공공데이터포털_경기도 수원시_지역화폐 결제 정보_20260120
2025-11,수원시 영통구,광교1동,여,10대,일반/휴게 음식,421,1405019,2026-01-20,3337,공공데이터포털_경기도 수원시_지역화폐 결제 정보_20260120
2025-11,수원시 영통구,광교1동,여,10대,일반유통,98,125248,2026-01-20,1278,공공데이터포털_경기도 수원시_지역화폐 결제 정보_20260120
2025-11,수원시 영통구,광교1동,여,10대,학원,67,2208589,2026-01-20,32964,공공데이터포털_경기도 수원시_지역화폐 결제 정보_20260120
2025-11,수원시 영통구,광교1동,여,20대,기타의료,19,391324,2026-01-20,20596,공공데이터포털_경기도 수원시_지역화폐 결제 정보_20260120
2025-11,수원시 영통구,광교1동,여,20대,대형유통,76,179598,2026-01-20,2363,공공데이터포털_경기도 수원시_지역화폐 결제 정보_20260120
2025-11,수원시 영통구,광교1동,여,20대,레저/문화 용품,1,8957,2026-01-20,8957,공공데이터포털_경기도 수원시_지역화폐 결제 정보_20260120
2025-11,수원시 영통구,광교1동,여,20대,레저/스포츠 서비스,80,1078015,2026-01-20,13475,공공데이터포털_경기도 수원시_지역화폐 결제 정보_20260120
2025-11,수원시 영통구,광교1동,여,20대,문화/취미,23,270534,2026-01-20,11762,공공데이터포털_경기도 수원시_지역화폐 결제 정보_20260120
2025-11,수원시 영통구,광교1동,여,20대,미용/위생,173,6689211,2026-01-20,38666,공공데이터포털_경기도 수원시_지역화폐 결제 정보_20260120
2025-11,수원시 영통구,광교1동,여,20대,사무/통신,1,3318,2026-01-20,3318,공공데이터포털_경기도 수원시_지역화폐 결제 정보_20260120
2025-11,수원시 영통구,광교1동,여,20대,서적/문구/학습자재,41,262958,2026-01-20,6414,공공데이터포털_경기도 수원시_지역화폐 결제 정보_20260120
2025-11,수원시 영통구,광교1동,여,20대,신변잡화,1,34000,2026-01-20,34000,공공데이터포털_경기도 수원시_지역화폐 결제 정보_20260120
2025-11,수원시 영통구,광교1동,여,20대,약국,217,1174311,2026-01-20,5412,공공데이터포털_경기도 수원시_지역화폐 결제 정보_20260120
2025-11,수원시 영통구,광교1동,여,20대,용역서비스,111,1413723,2026-01-20,12736,공공데이터포털_경기도 수원시_지역화폐 결제 정보_20260120
2025-11,수원시 영통구,광교1동,여,20대,음료/식품,364,1595460,2026-01-20,4383,공공데이터포털_경기도 수원시_지역화폐 결제 정보_20260120
2025-11,수원시 영통구,광교1동,여,20대,의류,13,834185,2026-01-20,64168,공공데이터포털_경기도 수원시_지역화폐 결제 정보_20260120
2025-11,수원시 영통구,광교1동,여,20대,의원,154,2546269,2026-01-20,16534,공공데이터포털_경기도 수원시_지역화폐 결제 정보_20260120
2025-11,수원시 영통구,광교1동,여,20대,일반/휴게 음식,3509,22774812,2026-01-20,6490,공공데이터포털_경기도 수원시_지역화폐 결제 정보_20260120
2025-11,수원시 영통구,광교1동,여,20대,일반유통,1103,3770601,2026-01-20,3418,공공데이터포털_경기도 수원시_지역화폐 결제 정보_20260120
2025-11,수원시 영통구,광교1동,여,20대,자동차 정비/유지,3,70141,2026-01-20,23380,공공데이터포털_경기도 수원시_지역화폐 결제 정보_20260120
2025-11,수원시 영통구,광교1동,여,20대,전자제품,1,100000,2026-01-20,100000,공공데이터포털_경기도 수원시_지역화폐 결제 정보_20260120
2025-11,수원시 영통구,광교1동,여,20대,직물/침구류,3,86290,2026-01-20,28763,공공데이터포털_경기도 수원시_지역화폐 결제 정보_20260120
2025-11,수원시 영통구,광교1동,여,20대,학원,87,3099879,2026-01-20,35631,공공데이터포털_경기도 수원시_지역화폐 결제 정보_20260120
2025-11,수원시 영통구,광교1동,여,30대,건축자재,5,693561,2026-01-20,138712,공공데이터포털_경기도 수원시_지역화폐 결제 정보_20260120
2025-11,수원시 영통구,광교1동,여,30대,기타유통,1,25340,2026-01-20,25340,공공데이터포털_경기도 수원시_지역화폐 결제 정보_20260120
2025-11,수원시 영통구,광교1동,여,30대,기타의료,52,2456363,2026-01-20,47238,공공데이터포털_경기도 수원시_지역화폐 결제 정보_20260120
2025-11,수원시 영통구,광교1동,여,30대,대형유통,160,344489,2026-01-20,2153,공공데이터포털_경기도 수원시_지역화폐 결제 정보_20260120
2025-11,수원시 영통구,광교1동,여,30대,레저/문화 용품,1,38598,2026-01-20,38598,공공데이터포털_경기도 수원시_지역화폐 결제 정보_20260120
2025-11,수원시 영통구,광교1동,여,30대,레저/스포츠 서비스,115,2448702,2026-01-20,21293,공공데이터포털_경기도 수원시_지역화폐 결제 정보_20260120
2025-11,수원시 영통구,광교1동,여,30대,문화/취미,79,1464833,2026-01-20,18542,공공데이터포털_경기도 수원시_지역화폐 결제 정보_20260120
2025-11,수원시 영통구,광교1동,여,30대,미용/위생,424,8393798,2026-01-20,19797,공공데이터포털_경기도 수원시_지역화폐 결제 정보_20260120
2025-11,수원시 영통구,광교1동,여,30대,서적/문구/학습자재,115,1529624,2026-01-20,13301,공공데이터포털_경기도 수원시_지역화폐 결제 정보_20260120
2025-11,수원시 영통구,광교1동,여,30대,신변잡화,4,4483,2026-01-20,1121,공공데이터포털_경기도 수원시_지역화폐 결제 정보_20260120
2025-11,수원시 영통구,광교1동,여,30대,약국,984,2689709,2026-01-20,2733,공공데이터포털_경기도 수원시_지역화폐 결제 정보_20260120
2025-11,수원시 영통구,광교1동,여,30대,용역서비스,265,7932373,2026-01-20,29933,공공데이터포털_경기도 수원시_지역화폐 결제 정보_20260120
2025-11,수원시 영통구,광교1동,여,30대,음료/식품,905,3321318,2026-01-20,3670,공공데이터포털_경기도 수원시_지역화폐 결제 정보_20260120
2025-11,수원시 영통구,광교1동,여,30대,의류,23,297701,2026-01-20,12944,공공데이터포털_경기도 수원시_지역화폐 결제 정보_20260120
2025-11,수원시 영통구,광교1동,여,30대,의원,662,6160161,2026-01-20,9305,공공데이터포털_경기도 수원시_지역화폐 결제 정보_20260120
2025-11,수원시 영통구,광교1동,여,30대,일반/휴게 음식,8759,32106383,2026-01-20,3666,공공데이터포털_경기도 수원시_지역화폐 결제 정보_20260120
2025-11,수원시 영통구,광교1동,여,30대,일반유통,2217,4426055,2026-01-20,1996,공공데이터포털_경기도 수원시_지역화폐 결제 정보_20260120
2025-11,수원시 영통구,광교1동,여,30대,자동차 정비/유지,88,48879,2026-01-20,555,공공데이터포털_경기도 수원시_지역화폐 결제 정보_20260120
2025-11,수원시 영통구,광교1동,여,30대,자동차판매,1,1056,2026-01-20,1056,공공데이터포털_경기도 수원시_지역화폐 결제 정보_20260120
2025-11,수원시 영통구,광교1동,여,30대,전자상거래,7,144694,2026-01-20,20671,공공데이터포털_경기도 수원시_지역화폐 결제 정보_20260120
2025-11,수원시 영통구,광교1동,여,30대,주유/충전소,3,16308,2026-01-20,5436,공공데이터포털_경기도 수원시_지역화폐 결제 정보_20260120
2025-11,수원시 영통구,광교1동,여,30대,직물/침구류,7,172269,2026-01-20,24610,공공데이터포털_경기도 수원시_지역화폐 결제 정보_20260120
2025-11,수원시 영통구,광교1동,여,30대,학원,370,11219734,2026-01-20,30324,공공데이터포털_경기도 수원시_지역화폐 결제 정보_20260120
2025-11,수원시 영통구,광교1동,여,40대,건축자재,3,175195,2026-01-20,58398,공공데이터포털_경기도 수원시_지역화폐 결제 정보_20260120
2025-11,수원시 영통구,광교1동,여,40대,기타유통,2,28621,2026-01-20,14310,공공데이터포털_경기도 수원시_지역화폐 결제 정보_20260120
2025-11,수원시 영통구,광교1동,여,40대,기타의료,69,1047023,2026-01-20,15174,공공데이터포털_경기도 수원시_지역화폐 결제 정보_20260120
2025-11,수원시 영통구,광교1동,여,40대,대형유통,508,1119349,2026-01-20,2203,공공데이터포털_경기도 수원시_지역화폐 결제 정보_20260120
2025-11,수원시 영통구,광교1동,여,40대,레저/문화 용품,8,115678,2026-01-20,14460,공공데이터포털_경기도 수원시_지역화폐 결제 정보_20260120
2025-11,수원시 영통구,광교1동,여,40대,레저/스포츠 서비스,90,1636102,2026-01-20,18179,공공데이터포털_경기도 수원시_지역화폐 결제 정보_20260120
2025-11,수원시 영통구,광교1동,여,40대,문화/취미,109,1270139,2026-01-20,11653,공공데이터포털_경기도 수원시_지역화폐 결제 정보_20260120
2025-11,수원시 영통구,광교1동,여,40대,미용/위생,578,8646923,2026-01-20,14960,공공데이터포털_경기도 수원시_지역화폐 결제 정보_20260120
2025-11,수원시 영통구,광교1동,여,40대,서적/문구/학습자재,533,4430961,2026-01-20,8313,공공데이터포털_경기도 수원시_지역화폐 결제 정보_20260120
2025-11,수원시 영통구,광교1동,여,40대,신변잡화,3,1392,2026-01-20,464,공공데이터포털_경기도 수원시_지역화폐 결제 정보_20260120
2025-11,수원시 영통구,광교1동,여,40대,약국,1606,3272477,2026-01-20,2038,공공데이터포털_경기도 수원시_지역화폐 결제 정보_20260120
2025-11,수원시 영통구,광교1동,여,40대,용역서비스,338,3384031,2026-01-20,10012,공공데이터포털_경기도 수원시_지역화폐 결제 정보_20260120
2025-11,수원시 영통구,광교1동,여,40대,음료/식품,3117,10413282,2026-01-20,3341,공공데이터포털_경기도 수원시_지역화폐 결제 정보_20260120
2025-11,수원시 영통구,광교1동,여,40대,의류,52,651207,2026-01-20,12523,공공데이터포털_경기도 수원시_지역화폐 결제 정보_20260120
2025-11,수원시 영통구,광교1동,여,40대,의원,1303,10109089,2026-01-20,7758,공공데이터포털_경기도 수원시_지역화폐 결제 정보_20260120
2025-11,수원시 영통구,광교1동,여,40대,일반/휴게 음식,13767,46139391,2026-01-20,3351,공공데이터포털_경기도 수원시_지역화폐 결제 정보_20260120
2025-11,수원시 영통구,광교1동,여,40대,일반유통,3835,7808690,2026-01-20,2036,공공데이터포털_경기도 수원시_지역화폐 결제 정보_20260120
2025-11,수원시 영통구,광교1동,여,40대,자동차 정비/유지,253,275111,2026-01-20,1087,공공데이터포털_경기도 수원시_지역화폐 결제 정보_20260120
2025-11,수원시 영통구,광교1동,여,40대,자동차판매,1,8563,2026-01-20,8563,공공데이터포털_경기도 수원시_지역화폐 결제 정보_20260120
2025-11,수원시 영통구,광교1동,여,40대,전자상거래,9,211306,2026-01-20,23478,공공데이터포털_경기도 수원시_지역화폐 결제 정보_20260120
2025-11,수원시 영통구,광교1동,여,40대,전자제품,4,2698,2026-01-20,674,공공데이터포털_경기도 수원시_지역화폐 결제 정보_20260120
2025-11,수원시 영통구,광교1동,여,40대,직물/침구류,10,170722,2026-01-20,17072,공공데이터포털_경기도 수원시_지역화폐 결제 정보_20260120
2025-11,수원시 영통구,광교1동,여,40대,학원,1866,57671490,2026-01-20,30906,공공데이터포털_경기도 수원시_지역화폐 결제 정보_20260120
2025-11,수원시 영통구,광교1동,여,50대,건축자재,2,5035,2026-01-20,2518,공공데이터포털_경기도 수원시_지역화폐 결제 정보_20260120
2025-11,수원시 영통구,광교1동,여,50대,기타의료,33,765618,2026-01-20,23201,공공데이터포털_경기도 수원시_지역화폐 결제 정보_20260120
2025-11,수원시 영통구,광교1동,여,50대,대형유통,369,879111,2026-01-20,2382,공공데이터포털_경기도 수원시_지역화폐 결제 정보_20260120
2025-11,수원시 영통구,광교1동,여,50대,레저/문화 용품,4,24394,2026-01-20,6098,공공데이터포털_경기도 수원시_지역화폐 결제 정보_20260120
2025-11,수원시 영통구,광교1동,여,50대,레저/스포츠 서비스,56,564789,2026-01-20,10086,공공데이터포털_경기도 수원시_지역화폐 결제 정보_20260120
2025-11,수원시 영통구,광교1동,여,50대,문화/취미,45,387920,2026-01-20,8620,공공데이터포털_경기도 수원시_지역화폐 결제 정보_20260120
2025-11,수원시 영통구,광교1동,여,50대,미용/위생,310,4712426,2026-01-20,15201,공공데이터포털_경기도 수원시_지역화폐 결제 정보_20260120
2025-11,수원시 영통구,광교1동,여,50대,서적/문구/학습자재,105,1250127,2026-01-20,11906,공공데이터포털_경기도 수원시_지역화폐 결제 정보_20260120
2025-11,수원시 영통구,광교1동,여,50대,신변잡화,1,4092,2026-01-20,4092,공공데이터포털_경기도 수원시_지역화폐 결제 정보_20260120
2025-11,수원시 영통구,광교1동,여,50대,약국,620,1754250,2026-01-20,2829,공공데이터포털_경기도 수원시_지역화폐 결제 정보_20260120
2025-11,수원시 영통구,광교1동,여,50대,용역서비스,209,1229119,2026-01-20,5881,공공데이터포털_경기도 수원시_지역화폐 결제 정보_20260120
2025-11,수원시 영통구,광교1동,여,50대,음료/식품,1393,6595082,2026-01-20,4734,공공데이터포털_경기도 수원시_지역화폐 결제 정보_20260120
2025-11,수원시 영통구,광교1동,여,50대,의류,28,541312,2026-01-20,19333,공공데이터포털_경기도 수원시_지역화폐 결제 정보_20260120
2025-11,수원시 영통구,광교1동,여,50대,의원,468,4578492,2026-01-20,9783,공공데이터포털_경기도 수원시_지역화폐 결제 정보_20260120
2025-11,수원시 영통구,광교1동,여,50대,일반/휴게 음식,6769,23906477,2026-01-20,3532,공공데이터포털_경기도 수원시_지역화폐 결제 정보_20260120
2025-11,수원시 영통구,광교1동,여,50대,일반유통,1706,4060374,2026-01-20,2380,공공데이터포털_경기도 수원시_지역화폐 결제 정보_20260120
2025-11,수원시 영통구,광교1동,여,50대,자동차 정비/유지,93,323630,2026-01-20,3480,공공데이터포털_경기도 수원시_지역화폐 결제 정보_20260120
2025-11,수원시 영통구,광교1동,여,50대,전자상거래,4,32888,2026-01-20,8222,공공데이터포털_경기도 수원시_지역화폐 결제 정보_20260120
2025-11,수원시 영통구,광교1동,여,50대,전자제품,3,94008,2026-01-20,31336,공공데이터포털_경기도 수원시_지역화폐 결제 정보_20260120
2025-11,수원시 영통구,광교1동,여,50대,주유/충전소,1,5086,2026-01-20,5086,공공데이터포털_경기도 수원시_지역화폐 결제 정보_20260120
2025-11,수원시 영통구,광교1동,여,50대,직물/침구류,5,318769,2026-01-20,63754,공공데이터포털_경기도 수원시_지역화폐 결제 정보_20260120
2025-11,수원시 영통구,광교1동,여,50대,학원,360,11449875,2026-01-20,31805,공공데이터포털_경기도 수원시_지역화폐 결제 정보_20260120
2025-11,수원시 영통구,광교1동,여,60대 이상,건축자재,3,143532,2026-01-20,47844,공공데이터포털_경기도 수원시_지역화폐 결제 정보_20260120
2025-11,수원시 영통구,광교1동,여,60대 이상,기타의료,57,804195,2026-01-20,14109,공공데이터포털_경기도 수원시_지역화폐 결제 정보_20260120
2025-11,수원시 영통구,광교1동,여,60대 이상,대형유통,110,313484,2026-01-20,2850,공공데이터포털_경기도 수원시_지역화폐 결제 정보_20260120
2025-11,수원시 영통구,광교1동,여,60대 이상,레저/문화 용품,2,68596,2026-01-20,34298,공공데이터포털_경기도 수원시_지역화폐 결제 정보_20260120
2025-11,수원시 영통구,광교1동,여,60대 이상,레저/스포츠 서비스,27,142932,2026-01-20,5294,공공데이터포털_경기도 수원시_지역화폐 결제 정보_20260120
2025-11,수원시 영통구,광교1동,여,60대 이상,문화/취미,20,164166,2026-01-20,8208,공공데이터포털_경기도 수원시_지역화폐 결제 정보_20260120
2025-11,수원시 영통구,광교1동,여,60대 이상,미용/위생,146,1626083,2026-01-20,11138,공공데이터포털_경기도 수원시_지역화폐 결제 정보_20260120
2025-11,수원시 영통구,광교1동,여,60대 이상,서적/문구/학습자재,21,377145,2026-01-20,17959,공공데이터포털_경기도 수원시_지역화폐 결제 정보_20260120
2025-11,수원시 영통구,광교1동,여,60대 이상,약국,263,796418,2026-01-20,3028,공공데이터포털_경기도 수원시_지역화폐 결제 정보_20260120
2025-11,수원시 영통구,광교1동,여,60대 이상,용역서비스,68,370326,2026-01-20,5446,공공데이터포털_경기도 수원시_지역화폐 결제 정보_20260120
2025-11,수원시 영통구,광교1동,여,60대 이상,음료/식품,663,2616780,2026-01-20,3947,공공데이터포털_경기도 수원시_지역화폐 결제 정보_20260120
2025-11,수원시 영통구,광교1동,여,60대 이상,의류,9,152058,2026-01-20,16895,공공데이터포털_경기도 수원시_지역화폐 결제 정보_20260120
2025-11,수원시 영통구,광교1동,여,60대 이상,의원,226,1888505,2026-01-20,8356,공공데이터포털_경기도 수원시_지역화폐 결제 정보_20260120
2025-11,수원시 영통구,광교1동,여,60대 이상,일반/휴게 음식,1842,7747669,2026-01-20,4206,공공데이터포털_경기도 수원시_지역화폐 결제 정보_20260120
2025-11,수원시 영통구,광교1동,여,60대 이상,일반유통,719,2424442,2026-01-20,3372,공공데이터포털_경기도 수원시_지역화폐 결제 정보_20260120
2025-11,수원시 영통구,광교1동,여,60대 이상,자동차 정비/유지,41,45399,2026-01-20,1107,공공데이터포털_경기도 수원시_지역화폐 결제 정보_20260120
2025-11,수원시 영통구,광교1동,여,60대 이상,전자상거래,2,89798,2026-01-20,44899,공공데이터포털_경기도 수원시_지역화폐 결제 정보_20260120
2025-11,수원시 영통구,광교1동,여,60대 이상,직물/침구류,2,65987,2026-01-20,32994,공공데이터포털_경기도 수원시_지역화폐 결제 정보_20260120
2025-11,수원시 영통구,광교1동,여,60대 이상,학원,117,4177180,2026-01-20,35702,공공데이터포털_경기도 수원시_지역화폐 결제 정보_20260120
2025-11,수원시 영통구,광교1동,여,60대 이상,회원정보미상,22,179440,2026-01-20,8156,공공데이터포털_경기도 수원시_지역화폐 결제 정보_20260120
2025-11,수원시 영통구,광교1동,여,60대 이상,회원정보미상,22,179440,2026-01-20,8156,공공데이터포털_경기도 수원시_지역화폐 결제 정보_20260120
2025-11,수원시 영통구,광교1동,여,60대 이상,음료/식품,6,50700,2026-01-20,8450,공공데이터포털_경기도 수원시_지역화폐 결제 정보_20260120
2025-11,수원시 영통구,광교1동,여,60대 이상,일반/휴게 음식,11,79750,2026-01-20,7250,공공데이터포털_경기도 수원시_지역화폐 결제 정보_20260120
2025-11,수원시 영통구,광교1동,여,60대 이상,일반유통,5,48990,2026-01-20,9798,공공데이터포털_경기도 수원시_지역화폐 결제 정보_20260120
2025-11,수원시 영통구,광교2동,남,10대,레저/스포츠 서비스,18,39324,2026-01-20,2185,공공데이터포털_경기도 수원시_지역화폐 결제 정보_20260120
2025-11,수원시 영통구,광교2동,남,10대,미용/위생,4,44629,2026-01-20,11157,공공데이터포털_경기도 수원시_지역화폐 결제 정보_20260120
2025-11,수원시 영통구,광교2동,남,10대,약국,1,2390,2026-01-20,2390,공공데이터포털_경기도 수원시_지역화폐 결제 정보_20260120
2025-11,수원시 영통구,광교2동,남,10대,용역서비스,9,49293,2026-01-20,5477,공공데이터포털_경기도 수원시_지역화폐 결제 정보_20260120
2025-11,수원시 영통구,광교2동,남,10대,음료/식품,24,94706,2026-01-20,3946,공공데이터포털_경기도 수원시_지역화폐 결제 정보_20260120
2025-11,수원시 영통구,광교2동,남,10대,일반/휴게 음식,56,375267,2026-01-20,6701,공공데이터포털_경기도 수원시_지역화폐 결제 정보_20260120
2025-11,수원시 영통구,광교2동,남,10대,일반유통,38,83512,2026-01-20,2198,공공데이터포털_경기도 수원시_지역화폐 결제 정보_20260120
2025-11,수원시 영통구,광교2동,남,10대,학원,5,134415,2026-01-20,26883,공공데이터포털_경기도 수원시_지역화폐 결제 정보_20260120
2025-11,수원시 영통구,광교2동,남,20대,기타의료,2,26497,2026-01-20,13248,공공데이터포털_경기도 수원시_지역화폐 결제 정보_20260120
2025-11,수원시 영통구,광교2동,남,20대,레저/문화 용품,2,28198,2026-01-20,14099,공공데이터포털_경기도 수원시_지역화폐 결제 정보_20260120
2025-11,수원시 영통구,광교2동,남,20대,레저/스포츠 서비스,37,87539,2026-01-20,2366,공공데이터포털_경기도 수원시_지역화폐 결제 정보_20260120
2025-11,수원시 영통구,광교2동,남,20대,문화/취미,15,138247,2026-01-20,9216,공공데이터포털_경기도 수원시_지역화폐 결제 정보_20260120
2025-11,수원시 영통구,광교2동,남,20대,미용/위생,46,1740495,2026-01-20,37837,공공데이터포털_경기도 수원시_지역화폐 결제 정보_20260120
2025-11,수원시 영통구,광교2동,남,20대,서적/문구/학습자재,2,5756,2026-01-20,2878,공공데이터포털_경기도 수원시_지역화폐 결제 정보_20260120
2025-11,수원시 영통구,광교2동,남,20대,약국,24,183799,2026-01-20,7658,공공데이터포털_경기도 수원시_지역화폐 결제 정보_20260120
2025-11,수원시 영통구,광교2동,남,20대,용역서비스,11,307684,2026-01-20,27971,공공데이터포털_경기도 수원시_지역화폐 결제 정보_20260120
2025-11,수원시 영통구,광교2동,남,20대,음료/식품,167,944730,2026-01-20,5657,공공데이터포털_경기도 수원시_지역화폐 결제 정보_20260120
2025-11,수원시 영통구,광교2동,남,20대,의원,12,240941,2026-01-20,20078,공공데이터포털_경기도 수원시_지역화폐 결제 정보_20260120
2025-11,수원시 영통구,광교2동,남,20대,일반/휴게 음식,778,6835956,2026-01-20,8787,공공데이터포털_경기도 수원시_지역화폐 결제 정보_20260120
2025-11,수원시 영통구,광교2동,남,20대,일반유통,323,1557777,2026-01-20,4823,공공데이터포털_경기도 수원시_지역화폐 결제 정보_20260120
2025-11,수원시 영통구,광교2동,남,20대,자동차 정비/유지,2,150000,2026-01-20,75000,공공데이터포털_경기도 수원시_지역화폐 결제 정보_20260120
2025-11,수원시 영통구,광교2동,남,20대,전자제품,1,65900,2026-01-20,65900,공공데이터포털_경기도 수원시_지역화폐 결제 정보_20260120
2025-11,수원시 영통구,광교2동,남,20대,학원,2,356180,2026-01-20,178090,공공데이터포털_경기도 수원시_지역화폐 결제 정보_20260120
2025-11,수원시 영통구,광교2동,남,30대,기타의료,17,394955,2026-01-20,23233,공공데이터포털_경기도 수원시_지역화폐 결제 정보_20260120
2025-11,수원시 영통구,광교2동,남,30대,레저/문화 용품,12,58984,2026-01-20,4915,공공데이터포털_경기도 수원시_지역화폐 결제 정보_20260120
2025-11,수원시 영통구,광교2동,남,30대,레저/스포츠 서비스,26,1103174,2026-01-20,42430,공공데이터포털_경기도 수원시_지역화폐 결제 정보_20260120
2025-11,수원시 영통구,광교2동,남,30대,문화/취미,84,435822,2026-01-20,5188,공공데이터포털_경기도 수원시_지역화폐 결제 정보_20260120
2025-11,수원시 영통구,광교2동,남,30대,미용/위생,104,1308317,2026-01-20,12580,공공데이터포털_경기도 수원시_지역화폐 결제 정보_20260120
2025-11,수원시 영통구,광교2동,남,30대,서적/문구/학습자재,6,299572,2026-01-20,49929,공공데이터포털_경기도 수원시_지역화폐 결제 정보_20260120
2025-11,수원시 영통구,광교2동,남,30대,약국,123,244318,2026-01-20,1986,공공데이터포털_경기도 수원시_지역화폐 결제 정보_20260120
2025-11,수원시 영통구,광교2동,남,30대,용역서비스,57,388540,2026-01-20,6816,공공데이터포털_경기도 수원시_지역화폐 결제 정보_20260120
2025-11,수원시 영통구,광교2동,남,30대,음료/식품,370,1329176,2026-01-20,3592,공공데이터포털_경기도 수원시_지역화폐 결제 정보_20260120
2025-11,수원시 영통구,광교2동,남,30대,의류,15,554624,2026-01-20,36975,공공데이터포털_경기도 수원시_지역화폐 결제 정보_20260120
2025-11,수원시 영통구,광교2동,남,30대,의원,96,701312,2026-01-20,7305,공공데이터포털_경기도 수원시_지역화폐 결제 정보_20260120
2025-11,수원시 영통구,광교2동,남,30대,일반/휴게 음식,2698,12100979,2026-01-20,4485,공공데이터포털_경기도 수원시_지역화폐 결제 정보_20260120
2025-11,수원시 영통구,광교2동,남,30대,일반유통,967,1608504,2026-01-20,1663,공공데이터포털_경기도 수원시_지역화폐 결제 정보_20260120
2025-11,수원시 영통구,광교2동,남,30대,자동차 정비/유지,7,109148,2026-01-20,15593,공공데이터포털_경기도 수원시_지역화폐 결제 정보_20260120
2025-11,수원시 영통구,광교2동,남,30대,전자상거래,1,5762,2026-01-20,5762,공공데이터포털_경기도 수원시_지역화폐 결제 정보_20260120
2025-11,수원시 영통구,광교2동,남,30대,전자제품,2,29039,2026-01-20,14520,공공데이터포털_경기도 수원시_지역화폐 결제 정보_20260120
2025-11,수원시 영통구,광교2동,남,30대,주유/충전소,6,60176,2026-01-20,10029,공공데이터포털_경기도 수원시_지역화폐 결제 정보_20260120
2025-11,수원시 영통구,광교2동,남,30대,학원,44,1379911,2026-01-20,31362,공공데이터포털_경기도 수원시_지역화폐 결제 정보_20260120
2025-11,수원시 영통구,광교2동,남,40대,기타의료,13,104869,2026-01-20,8067,공공데이터포털_경기도 수원시_지역화폐 결제 정보_20260120
2025-11,수원시 영통구,광교2동,남,40대,레저/문화 용품,59,211657,2026-01-20,3587,공공데이터포털_경기도 수원시_지역화폐 결제 정보_20260120
2025-11,수원시 영통구,광교2동,남,40대,레저/스포츠 서비스,27,171225,2026-01-20,6342,공공데이터포털_경기도 수원시_지역화폐 결제 정보_20260120
2025-11,수원시 영통구,광교2동,남,40대,문화/취미,73,289142,2026-01-20,3961,공공데이터포털_경기도 수원시_지역화폐 결제 정보_20260120
2025-11,수원시 영통구,광교2동,남,40대,미용/위생,224,2240926,2026-01-20,10004,공공데이터포털_경기도 수원시_지역화폐 결제 정보_20260120
2025-11,수원시 영통구,광교2동,남,40대,서적/문구/학습자재,13,211481,2026-01-20,16268,공공데이터포털_경기도 수원시_지역화폐 결제 정보_20260120
2025-11,수원시 영통구,광교2동,남,40대,신변잡화,8,5794,2026-01-20,724,공공데이터포털_경기도 수원시_지역화폐 결제 정보_20260120
2025-11,수원시 영통구,광교2동,남,40대,약국,292,574884,2026-01-20,1969,공공데이터포털_경기도 수원시_지역화폐 결제 정보_20260120
2025-11,수원시 영통구,광교2동,남,40대,용역서비스,65,691839,2026-01-20,10644,공공데이터포털_경기도 수원시_지역화폐 결제 정보_20260120
2025-11,수원시 영통구,광교2동,남,40대,음료/식품,645,1940168,2026-01-20,3008,공공데이터포털_경기도 수원시_지역화폐 결제 정보_20260120
2025-11,수원시 영통구,광교2동,남,40대,의류,8,226160,2026-01-20,28270,공공데이터포털_경기도 수원시_지역화폐 결제 정보_20260120
2025-11,수원시 영통구,광교2동,남,40대,의원,249,2262185,2026-01-20,9085,공공데이터포털_경기도 수원시_지역화폐 결제 정보_20260120
2025-11,수원시 영통구,광교2동,남,40대,일반/휴게 음식,3966,17529552,2026-01-20,4420,공공데이터포털_경기도 수원시_지역화폐 결제 정보_20260120
2025-11,수원시 영통구,광교2동,남,40대,일반유통,1507,2725451,2026-01-20,1809,공공데이터포털_경기도 수원시_지역화폐 결제 정보_20260120
2025-11,수원시 영통구,광교2동,남,40대,자동차 정비/유지,9,119780,2026-01-20,13309,공공데이터포털_경기도 수원시_지역화폐 결제 정보_20260120
2025-11,수원시 영통구,광교2동,남,40대,전자상거래,2,36675,2026-01-20,18338,공공데이터포털_경기도 수원시_지역화폐 결제 정보_20260120
2025-11,수원시 영통구,광교2동,남,40대,전자제품,6,77373,2026-01-20,12896,공공데이터포털_경기도 수원시_지역화폐 결제 정보_20260120
2025-11,수원시 영통구,광교2동,남,40대,주방용품,1,20070,2026-01-20,20070,공공데이터포털_경기도 수원시_지역화폐 결제 정보_20260120
2025-11,수원시 영통구,광교2동,남,40대,주유/충전소,24,169181,2026-01-20,7049,공공데이터포털_경기도 수원시_지역화폐 결제 정보_20260120
2025-11,수원시 영통구,광교2동,남,40대,학원,220,7198959,2026-01-20,32723,공공데이터포털_경기도 수원시_지역화폐 결제 정보_20260120
2025-11,수원시 영통구,광교2동,남,50대,기타의료,8,75055,2026-01-20,9382,공공데이터포털_경기도 수원시_지역화폐 결제 정보_20260120
2025-11,수원시 영통구,광교2동,남,50대,레저/문화 용품,35,171204,2026-01-20,4892,공공데이터포털_경기도 수원시_지역화폐 결제 정보_20260120
2025-11,수원시 영통구,광교2동,남,50대,레저/스포츠 서비스,47,285694,2026-01-20,6079,공공데이터포털_경기도 수원시_지역화폐 결제 정보_20260120
2025-11,수원시 영통구,광교2동,남,50대,문화/취미,39,132278,2026-01-20,3392,공공데이터포털_경기도 수원시_지역화폐 결제 정보_20260120
2025-11,수원시 영통구,광교2동,남,50대,미용/위생,108,1001410,2026-01-20,9272,공공데이터포털_경기도 수원시_지역화폐 결제 정보_20260120
2025-11,수원시 영통구,광교2동,남,50대,서적/문구/학습자재,4,1584,2026-01-20,396,공공데이터포털_경기도 수원시_지역화폐 결제 정보_20260120
2025-11,수원시 영통구,광교2동,남,50대,신변잡화,2,670,2026-01-20,335,공공데이터포털_경기도 수원시_지역화폐 결제 정보_20260120
2025-11,수원시 영통구,광교2동,남,50대,약국,111,270394,2026-01-20,2436,공공데이터포털_경기도 수원시_지역화폐 결제 정보_20260120
2025-11,수원시 영통구,광교2동,남,50대,용역서비스,55,382638,2026-01-20,6957,공공데이터포털_경기도 수원시_지역화폐 결제 정보_20260120
2025-11,수원시 영통구,광교2동,남,50대,음료/식품,675,1568507,2026-01-20,2324,공공데이터포털_경기도 수원시_지역화폐 결제 정보_20260120
2025-11,수원시 영통구,광교2동,남,50대,의류,6,51026,2026-01-20,8504,공공데이터포털_경기도 수원시_지역화폐 결제 정보_20260120
2025-11,수원시 영통구,광교2동,남,50대,의원,120,1362536,2026-01-20,11354,공공데이터포털_경기도 수원시_지역화폐 결제 정보_20260120
2025-11,수원시 영통구,광교2동,남,50대,일반/휴게 음식,2794,11259120,2026-01-20,4030,공공데이터포털_경기도 수원시_지역화폐 결제 정보_20260120
2025-11,수원시 영통구,광교2동,남,50대,일반유통,922,1764582,2026-01-20,1914,공공데이터포털_경기도 수원시_지역화폐 결제 정보_20260120
2025-11,수원시 영통구,광교2동,남,50대,자동차 정비/유지,4,79001,2026-01-20,19750,공공데이터포털_경기도 수원시_지역화폐 결제 정보_20260120
2025-11,수원시 영통구,광교2동,남,50대,전자상거래,1,11487,2026-01-20,11487,공공데이터포털_경기도 수원시_지역화폐 결제 정보_20260120
2025-11,수원시 영통구,광교2동,남,50대,전자제품,21,152745,2026-01-20,7274,공공데이터포털_경기도 수원시_지역화폐 결제 정보_20260120
2025-11,수원시 영통구,광교2동,남,50대,주방용품,1,3545,2026-01-20,3545,공공데이터포털_경기도 수원시_지역화폐 결제 정보_20260120
2025-11,수원시 영통구,광교2동,남,50대,주유/충전소,13,53262,2026-01-20,4097,공공데이터포털_경기도 수원시_지역화폐 결제 정보_20260120
2025-11,수원시 영통구,광교2동,남,50대,학원,85,4423265,2026-01-20,52038,공공데이터포털_경기도 수원시_지역화폐 결제 정보_20260120
2025-11,수원시 영통구,광교2동,남,60대 이상,기타의료,6,68175,2026-01-20,11362,공공데이터포털_경기도 수원시_지역화폐 결제 정보_20260120
2025-11,수원시 영통구,광교2동,남,60대 이상,레저/문화 용품,3,17329,2026-01-20,5776,공공데이터포털_경기도 수원시_지역화폐 결제 정보_20260120
2025-11,수원시 영통구,광교2동,남,60대 이상,레저/스포츠 서비스,1,76221,2026-01-20,76221,공공데이터포털_경기도 수원시_지역화폐 결제 정보_20260120
2025-11,수원시 영통구,광교2동,남,60대 이상,문화/취미,16,14757,2026-01-20,922,공공데이터포털_경기도 수원시_지역화폐 결제 정보_20260120
2025-11,수원시 영통구,광교2동,남,60대 이상,미용/위생,63,316522,2026-01-20,5024,공공데이터포털_경기도 수원시_지역화폐 결제 정보_20260120
2025-11,수원시 영통구,광교2동,남,60대 이상,서적/문구/학습자재,4,9975,2026-01-20,2494,공공데이터포털_경기도 수원시_지역화폐 결제 정보_20260120
2025-11,수원시 영통구,광교2동,남,60대 이상,신변잡화,1,331,2026-01-20,331,공공데이터포털_경기도 수원시_지역화폐 결제 정보_20260120
2025-11,수원시 영통구,광교2동,남,60대 이상,약국,49,201387,2026-01-20,4110,공공데이터포털_경기도 수원시_지역화폐 결제 정보_20260120
2025-11,수원시 영통구,광교2동,남,60대 이상,용역서비스,21,116800,2026-01-20,5562,공공데이터포털_경기도 수원시_지역화폐 결제 정보_20260120
2025-11,수원시 영통구,광교2동,남,60대 이상,음료/식품,393,1264448,2026-01-20,3217,공공데이터포털_경기도 수원시_지역화폐 결제 정보_20260120
2025-11,수원시 영통구,광교2동,남,60대 이상,의류,1,11886,2026-01-20,11886,공공데이터포털_경기도 수원시_지역화폐 결제 정보_20260120
2025-11,수원시 영통구,광교2동,남,60대 이상,의원,39,545737,2026-01-20,13993,공공데이터포털_경기도 수원시_지역화폐 결제 정보_20260120
2025-11,수원시 영통구,광교2동,남,60대 이상,일반/휴게 음식,1349,4755451,2026-01-20,3525,공공데이터포털_경기도 수원시_지역화폐 결제 정보_20260120
2025-11,수원시 영통구,광교2동,남,60대 이상,일반유통,317,621050,2026-01-20,1959,공공데이터포털_경기도 수원시_지역화폐 결제 정보_20260120
2025-11,수원시 영통구,광교2동,남,60대 이상,주유/충전소,17,165530,2026-01-20,9737,공공데이터포털_경기도 수원시_지역화폐 결제 정보_20260120
2025-11,수원시 영통구,광교2동,남,60대 이상,학원,8,202302,2026-01-20,25288,공공데이터포털_경기도 수원시_지역화폐 결제 정보_20260120
2025-11,수원시 영통구,광교2동,여,10대,레저/문화 용품,1,1636,2026-01-20,1636,공공데이터포털_경기도 수원시_지역화폐 결제 정보_20260120
2025-11,수원시 영통구,광교2동,여,10대,레저/스포츠 서비스,1,1323,2026-01-20,1323,공공데이터포털_경기도 수원시_지역화폐 결제 정보_20260120
2025-11,수원시 영통구,광교2동,여,10대,문화/취미,8,4220,2026-01-20,528,공공데이터포털_경기도 수원시_지역화폐 결제 정보_20260120
2025-11,수원시 영통구,광교2동,여,10대,미용/위생,1,25815,2026-01-20,25815,공공데이터포털_경기도 수원시_지역화폐 결제 정보_20260120
2025-11,수원시 영통구,광교2동,여,10대,약국,4,6645,2026-01-20,1661,공공데이터포털_경기도 수원시_지역화폐 결제 정보_20260120
2025-11,수원시 영통구,광교2동,여,10대,용역서비스,5,65000,2026-01-20,13000,공공데이터포털_경기도 수원시_지역화폐 결제 정보_20260120
2025-11,수원시 영통구,광교2동,여,10대,음료/식품,22,63120,2026-01-20,2869,공공데이터포털_경기도 수원시_지역화폐 결제 정보_20260120
2025-11,수원시 영통구,광교2동,여,10대,의원,4,24693,2026-01-20,6173,공공데이터포털_경기도 수원시_지역화폐 결제 정보_20260120
2025-11,수원시 영통구,광교2동,여,10대,일반/휴게 음식,149,632161,2026-01-20,4243,공공데이터포털_경기도 수원시_지역화폐 결제 정보_20260120
2025-11,수원시 영통구,광교2동,여,10대,일반유통,49,96673,2026-01-20,1973,공공데이터포털_경기도 수원시_지역화폐 결제 정보_20260120
2025-11,수원시 영통구,광교2동,여,10대,전자상거래,1,2496,2026-01-20,2496,공공데이터포털_경기도 수원시_지역화폐 결제 정보_20260120
2025-11,수원시 영통구,광교2동,여,10대,학원,11,265677,2026-01-20,24152,공공데이터포털_경기도 수원시_지역화폐 결제 정보_20260120
2025-11,수원시 영통구,광교2동,여,20대,기타의료,5,438030,2026-01-20,87606,공공데이터포털_경기도 수원시_지역화폐 결제 정보_20260120
2025-11,수원시 영통구,광교2동,여,20대,레저/스포츠 서비스,7,200807,2026-01-20,28687,공공데이터포털_경기도 수원시_지역화폐 결제 정보_20260120
2025-11,수원시 영통구,광교2동,여,20대,문화/취미,21,168398,2026-01-20,8019,공공데이터포털_경기도 수원시_지역화폐 결제 정보_20260120
2025-11,수원시 영통구,광교2동,여,20대,미용/위생,41,2589395,2026-01-20,63156,공공데이터포털_경기도 수원시_지역화폐 결제 정보_20260120
2025-11,수원시 영통구,광교2동,여,20대,서적/문구/학습자재,3,12137,2026-01-20,4046,공공데이터포털_경기도 수원시_지역화폐 결제 정보_20260120
2025-11,수원시 영통구,광교2동,여,20대,약국,51,212509,2026-01-20,4167,공공데이터포털_경기도 수원시_지역화폐 결제 정보_20260120
2025-11,수원시 영통구,광교2동,여,20대,용역서비스,18,402908,2026-01-20,22384,공공데이터포털_경기도 수원시_지역화폐 결제 정보_20260120
2025-11,수원시 영통구,광교2동,여,20대,음료/식품,155,856600,2026-01-20,5526,공공데이터포털_경기도 수원시_지역화폐 결제 정보_20260120
2025-11,수원시 영통구,광교2동,여,20대,의원,27,250815,2026-01-20,9289,공공데이터포털_경기도 수원시_지역화폐 결제 정보_20260120
2025-11,수원시 영통구,광교2동,여,20대,일반/휴게 음식,1159,8087736,2026-01-20,6978,공공데이터포털_경기도 수원시_지역화폐 결제 정보_20260120
2025-11,수원시 영통구,광교2동,여,20대,일반유통,338,1118021,2026-01-20,3308,공공데이터포털_경기도 수원시_지역화폐 결제 정보_20260120
2025-11,수원시 영통구,광교2동,여,20대,전자제품,2,75017,2026-01-20,37508,공공데이터포털_경기도 수원시_지역화폐 결제 정보_20260120
2025-11,수원시 영통구,광교2동,여,20대,주유/충전소,1,37136,2026-01-20,37136,공공데이터포털_경기도 수원시_지역화폐 결제 정보_20260120
2025-11,수원시 영통구,광교2동,여,20대,학원,18,1173208,2026-01-20,65178,공공데이터포털_경기도 수원시_지역화폐 결제 정보_20260120
2025-11,수원시 영통구,광교2동,여,30대,기타의료,19,347584,2026-01-20,18294,공공데이터포털_경기도 수원시_지역화폐 결제 정보_20260120
2025-11,수원시 영통구,광교2동,여,30대,레저/문화 용품,4,62780,2026-01-20,15695,공공데이터포털_경기도 수원시_지역화폐 결제 정보_20260120
2025-11,수원시 영통구,광교2동,여,30대,레저/스포츠 서비스,33,1720063,2026-01-20,52123,공공데이터포털_경기도 수원시_지역화폐 결제 정보_20260120
2025-11,수원시 영통구,광교2동,여,30대,문화/취미,111,356161,2026-01-20,3209,공공데이터포털_경기도 수원시_지역화폐 결제 정보_20260120
2025-11,수원시 영통구,광교2동,여,30대,미용/위생,118,2281122,2026-01-20,19332,공공데이터포털_경기도 수원시_지역화폐 결제 정보_20260120
2025-11,수원시 영통구,광교2동,여,30대,서적/문구/학습자재,12,88245,2026-01-20,7354,공공데이터포털_경기도 수원시_지역화폐 결제 정보_20260120
2025-11,수원시 영통구,광교2동,여,30대,신변잡화,2,480,2026-01-20,240,공공데이터포털_경기도 수원시_지역화폐 결제 정보_20260120
2025-11,수원시 영통구,광교2동,여,30대,약국,282,621249,2026-01-20,2203,공공데이터포털_경기도 수원시_지역화폐 결제 정보_20260120
2025-11,수원시 영통구,광교2동,여,30대,용역서비스,80,1090433,2026-01-20,13630,공공데이터포털_경기도 수원시_지역화폐 결제 정보_20260120
2025-11,수원시 영통구,광교2동,여,30대,음료/식품,643,2435923,2026-01-20,3788,공공데이터포털_경기도 수원시_지역화폐 결제 정보_20260120
2025-11,수원시 영통구,광교2동,여,30대,의류,22,606210,2026-01-20,27555,공공데이터포털_경기도 수원시_지역화폐 결제 정보_20260120
2025-11,수원시 영통구,광교2동,여,30대,의원,237,1959224,2026-01-20,8267,공공데이터포털_경기도 수원시_지역화폐 결제 정보_20260120
2025-11,수원시 영통구,광교2동,여,30대,일반/휴게 음식,3977,15878322,2026-01-20,3993,공공데이터포털_경기도 수원시_지역화폐 결제 정보_20260120
2025-11,수원시 영통구,광교2동,여,30대,일반유통,944,2018167,2026-01-20,2138,공공데이터포털_경기도 수원시_지역화폐 결제 정보_20260120
2025-11,수원시 영통구,광교2동,여,30대,자동차 정비/유지,8,75432,2026-01-20,9429,공공데이터포털_경기도 수원시_지역화폐 결제 정보_20260120
2025-11,수원시 영통구,광교2동,여,30대,전자상거래,10,204773,2026-01-20,20477,공공데이터포털_경기도 수원시_지역화폐 결제 정보_20260120
2025-11,수원시 영통구,광교2동,여,30대,전자제품,3,6535,2026-01-20,2178,공공데이터포털_경기도 수원시_지역화폐 결제 정보_20260120
2025-11,수원시 영통구,광교2동,여,30대,주방용품,1,23607,2026-01-20,23607,공공데이터포털_경기도 수원시_지역화폐 결제 정보_20260120
2025-11,수원시 영통구,광교2동,여,30대,주유/충전소,13,64804,2026-01-20,4985,공공데이터포털_경기도 수원시_지역화폐 결제 정보_20260120
2025-11,수원시 영통구,광교2동,여,30대,학교/교육,3,20009,2026-01-20,6670,공공데이터포털_경기도 수원시_지역화폐 결제 정보_20260120
2025-11,수원시 영통구,광교2동,여,30대,학원,81,2535013,2026-01-20,31296,공공데이터포털_경기도 수원시_지역화폐 결제 정보_20260120
2025-11,수원시 영통구,광교2동,여,40대,기타의료,23,265438,2026-01-20,11541,공공데이터포털_경기도 수원시_지역화폐 결제 정보_20260120
2025-11,수원시 영통구,광교2동,여,40대,레저/문화 용품,35,205363,2026-01-20,5868,공공데이터포털_경기도 수원시_지역화폐 결제 정보_20260120
2025-11,수원시 영통구,광교2동,여,40대,레저/스포츠 서비스,28,421022,2026-01-20,15036,공공데이터포털_경기도 수원시_지역화폐 결제 정보_20260120
2025-11,수원시 영통구,광교2동,여,40대,문화/취미,99,219121,2026-01-20,2213,공공데이터포털_경기도 수원시_지역화폐 결제 정보_20260120
2025-11,수원시 영통구,광교2동,여,40대,미용/위생,168,2860009,2026-01-20,17024,공공데이터포털_경기도 수원시_지역화폐 결제 정보_20260120
2025-11,수원시 영통구,광교2동,여,40대,서적/문구/학습자재,24,143964,2026-01-20,5998,공공데이터포털_경기도 수원시_지역화폐 결제 정보_20260120
2025-11,수원시 영통구,광교2동,여,40대,신변잡화,12,17248,2026-01-20,1437,공공데이터포털_경기도 수원시_지역화폐 결제 정보_20260120
2025-11,수원시 영통구,광교2동,여,40대,약국,403,1051380,2026-01-20,2609,공공데이터포털_경기도 수원시_지역화폐 결제 정보_20260120
2025-11,수원시 영통구,광교2동,여,40대,용역서비스,151,1662871,2026-01-20,11012,공공데이터포털_경기도 수원시_지역화폐 결제 정보_20260120
2025-11,수원시 영통구,광교2동,여,40대,음료/식품,1435,3488644,2026-01-20,2431,공공데이터포털_경기도 수원시_지역화폐 결제 정보_20260120
2025-11,수원시 영통구,광교2동,여,40대,의류,36,473309,2026-01-20,13147,공공데이터포털_경기도 수원시_지역화폐 결제 정보_20260120
2025-11,수원시 영통구,광교2동,여,40대,의원,351,2916694,2026-01-20,8310,공공데이터포털_경기도 수원시_지역화폐 결제 정보_20260120
2025-11,수원시 영통구,광교2동,여,40대,일반/휴게 음식,6082,21266687,2026-01-20,3497,공공데이터포털_경기도 수원시_지역화폐 결제 정보_20260120
2025-11,수원시 영통구,광교2동,여,40대,일반유통,1528,2738751,2026-01-20,1792,공공데이터포털_경기도 수원시_지역화폐 결제 정보_20260120
2025-11,수원시 영통구,광교2동,여,40대,자동차 정비/유지,7,82503,2026-01-20,11786,공공데이터포털_경기도 수원시_지역화폐 결제 정보_20260120
2025-11,수원시 영통구,광교2동,여,40대,전자상거래,20,171613,2026-01-20,8581,공공데이터포털_경기도 수원시_지역화폐 결제 정보_20260120
2025-11,수원시 영통구,광교2동,여,40대,전자제품,44,243619,2026-01-20,5537,공공데이터포털_경기도 수원시_지역화폐 결제 정보_20260120
2025-11,수원시 영통구,광교2동,여,40대,주방용품,1,12680,2026-01-20,12680,공공데이터포털_경기도 수원시_지역화폐 결제 정보_20260120
2025-11,수원시 영통구,광교2동,여,40대,주유/충전소,16,82924,2026-01-20,5183,공공데이터포털_경기도 수원시_지역화폐 결제 정보_20260120
2025-11,수원시 영통구,광교2동,여,40대,학교/교육,2,21119,2026-01-20,10560,공공데이터포털_경기도 수원시_지역화폐 결제 정보_20260120
2025-11,수원시 영통구,광교2동,여,40대,학원,329,11373731,2026-01-20,34571,공공데이터포털_경기도 수원시_지역화폐 결제 정보_20260120
2025-11,수원시 영통구,광교2동,여,50대,기타의료,24,369596,2026-01-20,15400,공공데이터포털_경기도 수원시_지역화폐 결제 정보_20260120
2025-11,수원시 영통구,광교2동,여,50대,레저/문화 용품,26,148461,2026-01-20,5710,공공데이터포털_경기도 수원시_지역화폐 결제 정보_20260120
2025-11,수원시 영통구,광교2동,여,50대,레저/스포츠 서비스,23,315677,2026-01-20,13725,공공데이터포털_경기도 수원시_지역화폐 결제 정보_20260120
2025-11,수원시 영통구,광교2동,여,50대,문화/취미,52,164222,2026-01-20,3158,공공데이터포털_경기도 수원시_지역화폐 결제 정보_20260120
2025-11,수원시 영통구,광교2동,여,50대,미용/위생,119,1666994,2026-01-20,14008,공공데이터포털_경기도 수원시_지역화폐 결제 정보_20260120
2025-11,수원시 영통구,광교2동,여,50대,서적/문구/학습자재,9,28748,2026-01-20,3194,공공데이터포털_경기도 수원시_지역화폐 결제 정보_20260120
2025-11,수원시 영통구,광교2동,여,50대,신변잡화,1,584,2026-01-20,584,공공데이터포털_경기도 수원시_지역화폐 결제 정보_20260120
2025-11,수원시 영통구,광교2동,여,50대,약국,153,444390,2026-01-20,2905,공공데이터포털_경기도 수원시_지역화폐 결제 정보_20260120
2025-11,수원시 영통구,광교2동,여,50대,용역서비스,97,697809,2026-01-20,7194,공공데이터포털_경기도 수원시_지역화폐 결제 정보_20260120
2025-11,수원시 영통구,광교2동,여,50대,음료/식품,1192,2957100,2026-01-20,2481,공공데이터포털_경기도 수원시_지역화폐 결제 정보_20260120
2025-11,수원시 영통구,광교2동,여,50대,의류,26,600806,2026-01-20,23108,공공데이터포털_경기도 수원시_지역화폐 결제 정보_20260120
2025-11,수원시 영통구,광교2동,여,50대,의원,109,1230565,2026-01-20,11290,공공데이터포털_경기도 수원시_지역화폐 결제 정보_20260120
2025-11,수원시 영통구,광교2동,여,50대,일반/휴게 음식,3371,12734100,2026-01-20,3778,공공데이터포털_경기도 수원시_지역화폐 결제 정보_20260120
2025-11,수원시 영통구,광교2동,여,50대,일반유통,771,1909098,2026-01-20,2476,공공데이터포털_경기도 수원시_지역화폐 결제 정보_20260120
2025-11,수원시 영통구,광교2동,여,50대,자동차 정비/유지,3,112890,2026-01-20,37630,공공데이터포털_경기도 수원시_지역화폐 결제 정보_20260120
2025-11,수원시 영통구,광교2동,여,50대,전자상거래,2,5844,2026-01-20,2922,공공데이터포털_경기도 수원시_지역화폐 결제 정보_20260120
2025-11,수원시 영통구,광교2동,여,50대,전자제품,31,237867,2026-01-20,7673,공공데이터포털_경기도 수원시_지역화폐 결제 정보_20260120
2025-11,수원시 영통구,광교2동,여,50대,주방용품,8,58747,2026-01-20,7343,공공데이터포털_경기도 수원시_지역화폐 결제 정보_20260120
2025-11,수원시 영통구,광교2동,여,50대,주유/충전소,14,54042,2026-01-20,3860,공공데이터포털_경기도 수원시_지역화폐 결제 정보_20260120
2025-11,수원시 영통구,광교2동,여,50대,학원,66,2329517,2026-01-20,35296,공공데이터포털_경기도 수원시_지역화폐 결제 정보_20260120
2025-11,수원시 영통구,광교2동,여,60대 이상,기타의료,8,157724,2026-01-20,19716,공공데이터포털_경기도 수원시_지역화폐 결제 정보_20260120
2025-11,수원시 영통구,광교2동,여,60대 이상,레저/문화 용품,2,13204,2026-01-20,6602,공공데이터포털_경기도 수원시_지역화폐 결제 정보_20260120
2025-11,수원시 영통구,광교2동,여,60대 이상,레저/스포츠 서비스,8,200972,2026-01-20,25122,공공데이터포털_경기도 수원시_지역화폐 결제 정보_20260120
2025-11,수원시 영통구,광교2동,여,60대 이상,문화/취미,14,31331,2026-01-20,2238,공공데이터포털_경기도 수원시_지역화폐 결제 정보_20260120
2025-11,수원시 영통구,광교2동,여,60대 이상,미용/위생,36,464096,2026-01-20,12892,공공데이터포털_경기도 수원시_지역화폐 결제 정보_20260120
2025-11,수원시 영통구,광교2동,여,60대 이상,서적/문구/학습자재,2,2550,2026-01-20,1275,공공데이터포털_경기도 수원시_지역화폐 결제 정보_20260120
2025-11,수원시 영통구,광교2동,여,60대 이상,약국,63,212296,2026-01-20,3370,공공데이터포털_경기도 수원시_지역화폐 결제 정보_20260120
2025-11,수원시 영통구,광교2동,여,60대 이상,용역서비스,32,209459,2026-01-20,6546,공공데이터포털_경기도 수원시_지역화폐 결제 정보_20260120
2025-11,수원시 영통구,광교2동,여,60대 이상,음료/식품,631,1797722,2026-01-20,2849,공공데이터포털_경기도 수원시_지역화폐 결제 정보_20260120
2025-11,수원시 영통구,광교2동,여,60대 이상,의류,11,238670,2026-01-20,21697,공공데이터포털_경기도 수원시_지역화폐 결제 정보_20260120
2025-11,수원시 영통구,광교2동,여,60대 이상,의원,49,349595,2026-01-20,7135,공공데이터포털_경기도 수원시_지역화폐 결제 정보_20260120
2025-11,수원시 영통구,광교2동,여,60대 이상,일반/휴게 음식,1124,4094435,2026-01-20,3643,공공데이터포털_경기도 수원시_지역화폐 결제 정보_20260120
2025-11,수원시 영통구,광교2동,여,60대 이상,일반유통,399,1008396,2026-01-20,2527,공공데이터포털_경기도 수원시_지역화폐 결제 정보_20260120
2025-11,수원시 영통구,광교2동,여,60대 이상,자동차 정비/유지,1,570,2026-01-20,570,공공데이터포털_경기도 수원시_지역화폐 결제 정보_20260120
2025-11,수원시 영통구,광교2동,여,60대 이상,전자제품,9,35870,2026-01-20,3986,공공데이터포털_경기도 수원시_지역화폐 결제 정보_20260120
2025-11,수원시 영통구,광교2동,여,60대 이상,주유/충전소,1,5240,2026-01-20,5240,공공데이터포털_경기도 수원시_지역화폐 결제 정보_20260120
2025-11,수원시 영통구,광교2동,여,60대 이상,학원,24,781797,2026-01-20,32575,공공데이터포털_경기도 수원시_지역화폐 결제 정보_20260120
2025-11,수원시 영통구,광교2동,여,60대 이상,회원정보미상,30,397342,2026-01-20,13245,공공데이터포털_경기도 수원시_지역화폐 결제 정보_20260120
2025-11,수원시 영통구,광교2동,여,60대 이상,회원정보미상,30,397342,2026-01-20,13245,공공데이터포털_경기도 수원시_지역화폐 결제 정보_20260120
2025-11,수원시 영통구,광교2동,여,60대 이상,미용/위생,2,115000,2026-01-20,57500,공공데이터포털_경기도 수원시_지역화폐 결제 정보_20260120
2025-11,수원시 영통구,광교2동,여,60대 이상,음료/식품,5,80500,2026-01-20,16100,공공데이터포털_경기도 수원시_지역화폐 결제 정보_20260120
2025-11,수원시 영통구,광교2동,여,60대 이상,일반/휴게 음식,9,80672,2026-01-20,8964,공공데이터포털_경기도 수원시_지역화폐 결제 정보_20260120
2025-11,수원시 영통구,광교2동,여,60대 이상,일반유통,14,121170,2026-01-20,8655,공공데이터포털_경기도 수원시_지역화폐 결제 정보_20260120
2025-11,수원시 권선구,구운동,남,10대,레저/문화 용품,1,2245,2026-01-20,2245,공공데이터포털_경기도 수원시_지역화폐 결제 정보_20260120
2025-11,수원시 권선구,구운동,남,10대,서적/문구/학습자재,1,3300,2026-01-20,3300,공공데이터포털_경기도 수원시_지역화폐 결제 정보_20260120
2025-11,수원시 권선구,구운동,남,10대,용역서비스,2,11890,2026-01-20,5945,공공데이터포털_경기도 수원시_지역화폐 결제 정보_20260120
2025-11,수원시 권선구,구운동,남,10대,음료/식품,14,65599,2026-01-20,4686,공공데이터포털_경기도 수원시_지역화폐 결제 정보_20260120
2025-11,수원시 권선구,구운동,남,10대,의류,1,40811,2026-01-20,40811,공공데이터포털_경기도 수원시_지역화폐 결제 정보_20260120
2025-11,수원시 권선구,구운동,남,10대,일반/휴게 음식,8,76961,2026-01-20,9620,공공데이터포털_경기도 수원시_지역화폐 결제 정보_20260120
2025-11,수원시 권선구,구운동,남,10대,일반유통,13,95345,2026-01-20,7334,공공데이터포털_경기도 수원시_지역화폐 결제 정보_20260120
2025-11,수원시 권선구,구운동,남,20대,기타의료,2,61051,2026-01-20,30526,공공데이터포털_경기도 수원시_지역화폐 결제 정보_20260120
2025-11,수원시 권선구,구운동,남,20대,레저/문화 용품,15,861287,2026-01-20,57419,공공데이터포털_경기도 수원시_지역화폐 결제 정보_20260120
2025-11,수원시 권선구,구운동,남,20대,레저/스포츠 서비스,1,310500,2026-01-20,310500,공공데이터포털_경기도 수원시_지역화폐 결제 정보_20260120
2025-11,수원시 권선구,구운동,남,20대,문화/취미,2,37832,2026-01-20,18916,공공데이터포털_경기도 수원시_지역화폐 결제 정보_20260120
2025-11,수원시 권선구,구운동,남,20대,미용/위생,14,260147,2026-01-20,18582,공공데이터포털_경기도 수원시_지역화폐 결제 정보_20260120
2025-11,수원시 권선구,구운동,남,20대,숙박업,1,3727,2026-01-20,3727,공공데이터포털_경기도 수원시_지역화폐 결제 정보_20260120
2025-11,수원시 권선구,구운동,남,20대,약국,6,34805,2026-01-20,5801,공공데이터포털_경기도 수원시_지역화폐 결제 정보_20260120
2025-11,수원시 권선구,구운동,남,20대,용역서비스,6,49233,2026-01-20,8206,공공데이터포털_경기도 수원시_지역화폐 결제 정보_20260120
2025-11,수원시 권선구,구운동,남,20대,음료/식품,123,1716835,2026-01-20,13958,공공데이터포털_경기도 수원시_지역화폐 결제 정보_20260120
2025-11,수원시 권선구,구운동,남,20대,의류,1,250000,2026-01-20,250000,공공데이터포털_경기도 수원시_지역화폐 결제 정보_20260120
2025-11,수원시 권선구,구운동,남,20대,의원,2,13309,2026-01-20,6654,공공데이터포털_경기도 수원시_지역화폐 결제 정보_20260120
2025-11,수원시 권선구,구운동,남,20대,일반/휴게 음식,338,4107612,2026-01-20,12153,공공데이터포털_경기도 수원시_지역화폐 결제 정보_20260120
2025-11,수원시 권선구,구운동,남,20대,일반유통,302,1036625,2026-01-20,3433,공공데이터포털_경기도 수원시_지역화폐 결제 정보_20260120
2025-11,수원시 권선구,구운동,남,20대,자동차 정비/유지,6,347650,2026-01-20,57942,공공데이터포털_경기도 수원시_지역화폐 결제 정보_20260120
2025-11,수원시 권선구,구운동,남,20대,학원,4,21029,2026-01-20,5257,공공데이터포털_경기도 수원시_지역화폐 결제 정보_20260120
2025-11,수원시 권선구,구운동,남,30대,가구,1,150000,2026-01-20,150000,공공데이터포털_경기도 수원시_지역화폐 결제 정보_20260120
2025-11,수원시 권선구,구운동,남,30대,기타유통,2,9636,2026-01-20,4818,공공데이터포털_경기도 수원시_지역화폐 결제 정보_20260120
2025-11,수원시 권선구,구운동,남,30대,기타의료,4,14721,2026-01-20,3680,공공데이터포털_경기도 수원시_지역화폐 결제 정보_20260120
2025-11,수원시 권선구,구운동,남,30대,레저/문화 용품,18,581316,2026-01-20,32295,공공데이터포털_경기도 수원시_지역화폐 결제 정보_20260120
2025-11,수원시 권선구,구운동,남,30대,레저/스포츠 서비스,25,308979,2026-01-20,12359,공공데이터포털_경기도 수원시_지역화폐 결제 정보_20260120
2025-11,수원시 권선구,구운동,남,30대,문화/취미,3,2681,2026-01-20,894,공공데이터포털_경기도 수원시_지역화폐 결제 정보_20260120
2025-11,수원시 권선구,구운동,남,30대,미용/위생,39,228905,2026-01-20,5869,공공데이터포털_경기도 수원시_지역화폐 결제 정보_20260120
2025-11,수원시 권선구,구운동,남,30대,사무/통신,2,11618,2026-01-20,5809,공공데이터포털_경기도 수원시_지역화폐 결제 정보_20260120
2025-11,수원시 권선구,구운동,남,30대,서적/문구/학습자재,1,3400,2026-01-20,3400,공공데이터포털_경기도 수원시_지역화폐 결제 정보_20260120
2025-11,수원시 권선구,구운동,남,30대,숙박업,1,3333,2026-01-20,3333,공공데이터포털_경기도 수원시_지역화폐 결제 정보_20260120
2025-11,수원시 권선구,구운동,남,30대,신변잡화,1,17276,2026-01-20,17276,공공데이터포털_경기도 수원시_지역화폐 결제 정보_20260120
2025-11,수원시 권선구,구운동,남,30대,약국,23,115060,2026-01-20,5003,공공데이터포털_경기도 수원시_지역화폐 결제 정보_20260120
2025-11,수원시 권선구,구운동,남,30대,용역서비스,9,302081,2026-01-20,33565,공공데이터포털_경기도 수원시_지역화폐 결제 정보_20260120
2025-11,수원시 권선구,구운동,남,30대,음료/식품,207,1144871,2026-01-20,5531,공공데이터포털_경기도 수원시_지역화폐 결제 정보_20260120
2025-11,수원시 권선구,구운동,남,30대,의류,2,115340,2026-01-20,57670,공공데이터포털_경기도 수원시_지역화폐 결제 정보_20260120
2025-11,수원시 권선구,구운동,남,30대,의원,8,35945,2026-01-20,4493,공공데이터포털_경기도 수원시_지역화폐 결제 정보_20260120
2025-11,수원시 권선구,구운동,남,30대,일반/휴게 음식,687,4147055,2026-01-20,6036,공공데이터포털_경기도 수원시_지역화폐 결제 정보_20260120
2025-11,수원시 권선구,구운동,남,30대,일반유통,466,1175412,2026-01-20,2522,공공데이터포털_경기도 수원시_지역화폐 결제 정보_20260120
2025-11,수원시 권선구,구운동,남,30대,자동차 정비/유지,20,467664,2026-01-20,23383,공공데이터포털_경기도 수원시_지역화폐 결제 정보_20260120
2025-11,수원시 권선구,구운동,남,30대,전자제품,1,2120,2026-01-20,2120,공공데이터포털_경기도 수원시_지역화폐 결제 정보_20260120
2025-11,수원시 권선구,구운동,남,30대,학원,7,438008,2026-01-20,62573,공공데이터포털_경기도 수원시_지역화폐 결제 정보_20260120
2025-11,수원시 권선구,구운동,남,40대,기타유통,1,979,2026-01-20,979,공공데이터포털_경기도 수원시_지역화폐 결제 정보_20260120
2025-11,수원시 권선구,구운동,남,40대,기타의료,12,26144,2026-01-20,2179,공공데이터포털_경기도 수원시_지역화폐 결제 정보_20260120
2025-11,수원시 권선구,구운동,남,40대,레저/문화 용품,12,245248,2026-01-20,20437,공공데이터포털_경기도 수원시_지역화폐 결제 정보_20260120
2025-11,수원시 권선구,구운동,남,40대,레저/스포츠 서비스,19,273925,2026-01-20,14417,공공데이터포털_경기도 수원시_지역화폐 결제 정보_20260120
2025-11,수원시 권선구,구운동,남,40대,문화/취미,8,122875,2026-01-20,15359,공공데이터포털_경기도 수원시_지역화폐 결제 정보_20260120
2025-11,수원시 권선구,구운동,남,40대,미용/위생,47,504441,2026-01-20,10733,공공데이터포털_경기도 수원시_지역화폐 결제 정보_20260120
2025-11,수원시 권선구,구운동,남,40대,서적/문구/학습자재,10,19336,2026-01-20,1934,공공데이터포털_경기도 수원시_지역화폐 결제 정보_20260120
2025-11,수원시 권선구,구운동,남,40대,숙박업,2,5885,2026-01-20,2942,공공데이터포털_경기도 수원시_지역화폐 결제 정보_20260120
2025-11,수원시 권선구,구운동,남,40대,약국,48,86087,2026-01-20,1793,공공데이터포털_경기도 수원시_지역화폐 결제 정보_20260120
2025-11,수원시 권선구,구운동,남,40대,용역서비스,7,14000,2026-01-20,2000,공공데이터포털_경기도 수원시_지역화폐 결제 정보_20260120
2025-11,수원시 권선구,구운동,남,40대,음료/식품,253,1471808,2026-01-20,5817,공공데이터포털_경기도 수원시_지역화폐 결제 정보_20260120
2025-11,수원시 권선구,구운동,남,40대,의류,2,129148,2026-01-20,64574,공공데이터포털_경기도 수원시_지역화폐 결제 정보_20260120
2025-11,수원시 권선구,구운동,남,40대,의원,48,503882,2026-01-20,10498,공공데이터포털_경기도 수원시_지역화폐 결제 정보_20260120
2025-11,수원시 권선구,구운동,남,40대,일반/휴게 음식,939,5750374,2026-01-20,6124,공공데이터포털_경기도 수원시_지역화폐 결제 정보_20260120
2025-11,수원시 권선구,구운동,남,40대,일반유통,508,991415,2026-01-20,1952,공공데이터포털_경기도 수원시_지역화폐 결제 정보_20260120
2025-11,수원시 권선구,구운동,남,40대,자동차 정비/유지,32,668578,2026-01-20,20893,공공데이터포털_경기도 수원시_지역화폐 결제 정보_20260120
2025-11,수원시 권선구,구운동,남,40대,학원,56,2095773,2026-01-20,37425,공공데이터포털_경기도 수원시_지역화폐 결제 정보_20260120
2025-11,수원시 권선구,구운동,남,50대,건축자재,4,17882,2026-01-20,4470,공공데이터포털_경기도 수원시_지역화폐 결제 정보_20260120
2025-11,수원시 권선구,구운동,남,50대,기타유통,9,39903,2026-01-20,4434,공공데이터포털_경기도 수원시_지역화폐 결제 정보_20260120
2025-11,수원시 권선구,구운동,남,50대,기타의료,8,23366,2026-01-20,2921,공공데이터포털_경기도 수원시_지역화폐 결제 정보_20260120
2025-11,수원시 권선구,구운동,남,50대,레저/문화 용품,22,456535,2026-01-20,20752,공공데이터포털_경기도 수원시_지역화폐 결제 정보_20260120
2025-11,수원시 권선구,구운동,남,50대,레저/스포츠 서비스,26,338809,2026-01-20,13031,공공데이터포털_경기도 수원시_지역화폐 결제 정보_20260120
2025-11,수원시 권선구,구운동,남,50대,문화/취미,9,42948,2026-01-20,4772,공공데이터포털_경기도 수원시_지역화폐 결제 정보_20260120
2025-11,수원시 권선구,구운동,남,50대,미용/위생,44,315155,2026-01-20,7163,공공데이터포털_경기도 수원시_지역화폐 결제 정보_20260120
2025-11,수원시 권선구,구운동,남,50대,서적/문구/학습자재,2,2394,2026-01-20,1197,공공데이터포털_경기도 수원시_지역화폐 결제 정보_20260120
2025-11,수원시 권선구,구운동,남,50대,약국,37,119186,2026-01-20,3221,공공데이터포털_경기도 수원시_지역화폐 결제 정보_20260120
2025-11,수원시 권선구,구운동,남,50대,용역서비스,11,458011,2026-01-20,41637,공공데이터포털_경기도 수원시_지역화폐 결제 정보_20260120
2025-11,수원시 권선구,구운동,남,50대,음료/식품,228,1429091,2026-01-20,6268,공공데이터포털_경기도 수원시_지역화폐 결제 정보_20260120
2025-11,수원시 권선구,구운동,남,50대,의류,5,413627,2026-01-20,82725,공공데이터포털_경기도 수원시_지역화폐 결제 정보_20260120
2025-11,수원시 권선구,구운동,남,50대,의원,21,167615,2026-01-20,7982,공공데이터포털_경기도 수원시_지역화폐 결제 정보_20260120
2025-11,수원시 권선구,구운동,남,50대,일반/휴게 음식,935,6311063,2026-01-20,6750,공공데이터포털_경기도 수원시_지역화폐 결제 정보_20260120
2025-11,수원시 권선구,구운동,남,50대,일반유통,487,1222071,2026-01-20,2509,공공데이터포털_경기도 수원시_지역화폐 결제 정보_20260120
2025-11,수원시 권선구,구운동,남,50대,자동차 정비/유지,14,400438,2026-01-20,28603,공공데이터포털_경기도 수원시_지역화폐 결제 정보_20260120
2025-11,수원시 권선구,구운동,남,50대,주방용품,2,19825,2026-01-20,9912,공공데이터포털_경기도 수원시_지역화폐 결제 정보_20260120
2025-11,수원시 권선구,구운동,남,50대,학원,19,516440,2026-01-20,27181,공공데이터포털_경기도 수원시_지역화폐 결제 정보_20260120
2025-11,수원시 권선구,구운동,남,60대 이상,가구,1,24701,2026-01-20,24701,공공데이터포털_경기도 수원시_지역화폐 결제 정보_20260120
2025-11,수원시 권선구,구운동,남,60대 이상,건축자재,7,18499,2026-01-20,2643,공공데이터포털_경기도 수원시_지역화폐 결제 정보_20260120
2025-11,수원시 권선구,구운동,남,60대 이상,기타유통,13,39160,2026-01-20,3012,공공데이터포털_경기도 수원시_지역화폐 결제 정보_20260120
2025-11,수원시 권선구,구운동,남,60대 이상,기타의료,25,25262,2026-01-20,1010,공공데이터포털_경기도 수원시_지역화폐 결제 정보_20260120
2025-11,수원시 권선구,구운동,남,60대 이상,레저/문화 용품,23,662343,2026-01-20,28798,공공데이터포털_경기도 수원시_지역화폐 결제 정보_20260120
2025-11,수원시 권선구,구운동,남,60대 이상,레저/스포츠 서비스,39,331019,2026-01-20,8488,공공데이터포털_경기도 수원시_지역화폐 결제 정보_20260120
2025-11,수원시 권선구,구운동,남,60대 이상,문화/취미,4,33056,2026-01-20,8264,공공데이터포털_경기도 수원시_지역화폐 결제 정보_20260120
2025-11,수원시 권선구,구운동,남,60대 이상,미용/위생,25,181341,2026-01-20,7254,공공데이터포털_경기도 수원시_지역화폐 결제 정보_20260120
2025-11,수원시 권선구,구운동,남,60대 이상,서적/문구/학습자재,2,905,2026-01-20,452,공공데이터포털_경기도 수원시_지역화폐 결제 정보_20260120
2025-11,수원시 권선구,구운동,남,60대 이상,숙박업,1,1474,2026-01-20,1474,공공데이터포털_경기도 수원시_지역화폐 결제 정보_20260120
2025-11,수원시 권선구,구운동,남,60대 이상,약국,53,144138,2026-01-20,2720,공공데이터포털_경기도 수원시_지역화폐 결제 정보_20260120
2025-11,수원시 권선구,구운동,남,60대 이상,용역서비스,22,48885,2026-01-20,2222,공공데이터포털_경기도 수원시_지역화폐 결제 정보_20260120
2025-11,수원시 권선구,구운동,남,60대 이상,음료/식품,367,1599200,2026-01-20,4357,공공데이터포털_경기도 수원시_지역화폐 결제 정보_20260120
2025-11,수원시 권선구,구운동,남,60대 이상,의류,4,23852,2026-01-20,5963,공공데이터포털_경기도 수원시_지역화폐 결제 정보_20260120
2025-11,수원시 권선구,구운동,남,60대 이상,의원,34,197775,2026-01-20,5817,공공데이터포털_경기도 수원시_지역화폐 결제 정보_20260120
2025-11,수원시 권선구,구운동,남,60대 이상,일반/휴게 음식,954,5686932,2026-01-20,5961,공공데이터포털_경기도 수원시_지역화폐 결제 정보_20260120
2025-11,수원시 권선구,구운동,남,60대 이상,일반유통,336,641749,2026-01-20,1910,공공데이터포털_경기도 수원시_지역화폐 결제 정보_20260120
2025-11,수원시 권선구,구운동,남,60대 이상,자동차 정비/유지,8,116814,2026-01-20,14602,공공데이터포털_경기도 수원시_지역화폐 결제 정보_20260120
2025-11,수원시 권선구,구운동,남,60대 이상,주방용품,1,3391,2026-01-20,3391,공공데이터포털_경기도 수원시_지역화폐 결제 정보_20260120
2025-11,수원시 권선구,구운동,남,60대 이상,학원,2,113800,2026-01-20,56900,공공데이터포털_경기도 수원시_지역화폐 결제 정보_20260120
2025-11,수원시 권선구,구운동,여,10대,미용/위생,2,61567,2026-01-20,30784,공공데이터포털_경기도 수원시_지역화폐 결제 정보_20260120
2025-11,수원시 권선구,구운동,여,10대,약국,3,9113,2026-01-20,3038,공공데이터포털_경기도 수원시_지역화폐 결제 정보_20260120
2025-11,수원시 권선구,구운동,여,10대,음료/식품,7,33819,2026-01-20,4831,공공데이터포털_경기도 수원시_지역화폐 결제 정보_20260120
2025-11,수원시 권선구,구운동,여,10대,일반/휴게 음식,31,236600,2026-01-20,7632,공공데이터포털_경기도 수원시_지역화폐 결제 정보_20260120
2025-11,수원시 권선구,구운동,여,10대,일반유통,8,12662,2026-01-20,1583,공공데이터포털_경기도 수원시_지역화폐 결제 정보_20260120
2025-11,수원시 권선구,구운동,여,10대,학원,2,2470,2026-01-20,1235,공공데이터포털_경기도 수원시_지역화폐 결제 정보_20260120
2025-11,수원시 권선구,구운동,여,20대,기타의료,5,217767,2026-01-20,43553,공공데이터포털_경기도 수원시_지역화폐 결제 정보_20260120
2025-11,수원시 권선구,구운동,여,20대,레저/문화 용품,7,300519,2026-01-20,42931,공공데이터포털_경기도 수원시_지역화폐 결제 정보_20260120
2025-11,수원시 권선구,구운동,여,20대,레저/스포츠 서비스,13,496807,2026-01-20,38216,공공데이터포털_경기도 수원시_지역화폐 결제 정보_20260120
2025-11,수원시 권선구,구운동,여,20대,문화/취미,2,15022,2026-01-20,7511,공공데이터포털_경기도 수원시_지역화폐 결제 정보_20260120
2025-11,수원시 권선구,구운동,여,20대,미용/위생,8,204646,2026-01-20,25581,공공데이터포털_경기도 수원시_지역화폐 결제 정보_20260120
2025-11,수원시 권선구,구운동,여,20대,약국,17,156049,2026-01-20,9179,공공데이터포털_경기도 수원시_지역화폐 결제 정보_20260120
2025-11,수원시 권선구,구운동,여,20대,용역서비스,5,211005,2026-01-20,42201,공공데이터포털_경기도 수원시_지역화폐 결제 정보_20260120
2025-11,수원시 권선구,구운동,여,20대,음료/식품,107,940568,2026-01-20,8790,공공데이터포털_경기도 수원시_지역화폐 결제 정보_20260120
2025-11,수원시 권선구,구운동,여,20대,의류,1,170000,2026-01-20,170000,공공데이터포털_경기도 수원시_지역화폐 결제 정보_20260120
2025-11,수원시 권선구,구운동,여,20대,의원,6,53698,2026-01-20,8950,공공데이터포털_경기도 수원시_지역화폐 결제 정보_20260120
2025-11,수원시 권선구,구운동,여,20대,일반/휴게 음식,406,4775163,2026-01-20,11761,공공데이터포털_경기도 수원시_지역화폐 결제 정보_20260120
2025-11,수원시 권선구,구운동,여,20대,일반유통,232,1041810,2026-01-20,4491,공공데이터포털_경기도 수원시_지역화폐 결제 정보_20260120
2025-11,수원시 권선구,구운동,여,20대,자동차 정비/유지,1,83334,2026-01-20,83334,공공데이터포털_경기도 수원시_지역화폐 결제 정보_20260120
2025-11,수원시 권선구,구운동,여,20대,학원,5,19159,2026-01-20,3832,공공데이터포털_경기도 수원시_지역화폐 결제 정보_20260120
2025-11,수원시 권선구,구운동,여,30대,기타유통,1,5661,2026-01-20,5661,공공데이터포털_경기도 수원시_지역화폐 결제 정보_20260120
2025-11,수원시 권선구,구운동,여,30대,기타의료,5,12193,2026-01-20,2439,공공데이터포털_경기도 수원시_지역화폐 결제 정보_20260120
2025-11,수원시 권선구,구운동,여,30대,레저/문화 용품,8,201384,2026-01-20,25173,공공데이터포털_경기도 수원시_지역화폐 결제 정보_20260120
2025-11,수원시 권선구,구운동,여,30대,레저/스포츠 서비스,12,288559,2026-01-20,24047,공공데이터포털_경기도 수원시_지역화폐 결제 정보_20260120
2025-11,수원시 권선구,구운동,여,30대,문화/취미,9,92274,2026-01-20,10253,공공데이터포털_경기도 수원시_지역화폐 결제 정보_20260120
2025-11,수원시 권선구,구운동,여,30대,미용/위생,29,287241,2026-01-20,9905,공공데이터포털_경기도 수원시_지역화폐 결제 정보_20260120
2025-11,수원시 권선구,구운동,여,30대,서적/문구/학습자재,2,6384,2026-01-20,3192,공공데이터포털_경기도 수원시_지역화폐 결제 정보_20260120
2025-11,수원시 권선구,구운동,여,30대,약국,41,81480,2026-01-20,1987,공공데이터포털_경기도 수원시_지역화폐 결제 정보_20260120
2025-11,수원시 권선구,구운동,여,30대,용역서비스,8,118798,2026-01-20,14850,공공데이터포털_경기도 수원시_지역화폐 결제 정보_20260120
2025-11,수원시 권선구,구운동,여,30대,음료/식품,241,1438953,2026-01-20,5971,공공데이터포털_경기도 수원시_지역화폐 결제 정보_20260120
2025-11,수원시 권선구,구운동,여,30대,의류,5,422643,2026-01-20,84529,공공데이터포털_경기도 수원시_지역화폐 결제 정보_20260120
2025-11,수원시 권선구,구운동,여,30대,의원,24,330609,2026-01-20,13775,공공데이터포털_경기도 수원시_지역화폐 결제 정보_20260120
2025-11,수원시 권선구,구운동,여,30대,일반/휴게 음식,799,5313921,2026-01-20,6651,공공데이터포털_경기도 수원시_지역화폐 결제 정보_20260120
2025-11,수원시 권선구,구운동,여,30대,일반유통,397,966104,2026-01-20,2434,공공데이터포털_경기도 수원시_지역화폐 결제 정보_20260120
2025-11,수원시 권선구,구운동,여,30대,자동차 정비/유지,8,90148,2026-01-20,11268,공공데이터포털_경기도 수원시_지역화폐 결제 정보_20260120
2025-11,수원시 권선구,구운동,여,30대,전자제품,3,5794,2026-01-20,1931,공공데이터포털_경기도 수원시_지역화폐 결제 정보_20260120
2025-11,수원시 권선구,구운동,여,30대,학원,20,683492,2026-01-20,34175,공공데이터포털_경기도 수원시_지역화폐 결제 정보_20260120
2025-11,수원시 권선구,구운동,여,40대,기타의료,18,29928,2026-01-20,1663,공공데이터포털_경기도 수원시_지역화폐 결제 정보_20260120
2025-11,수원시 권선구,구운동,여,40대,레저/문화 용품,26,416073,2026-01-20,16003,공공데이터포털_경기도 수원시_지역화폐 결제 정보_20260120
2025-11,수원시 권선구,구운동,여,40대,레저/스포츠 서비스,18,307939,2026-01-20,17108,공공데이터포털_경기도 수원시_지역화폐 결제 정보_20260120
2025-11,수원시 권선구,구운동,여,40대,문화/취미,11,95172,2026-01-20,8652,공공데이터포털_경기도 수원시_지역화폐 결제 정보_20260120
2025-11,수원시 권선구,구운동,여,40대,미용/위생,39,486376,2026-01-20,12471,공공데이터포털_경기도 수원시_지역화폐 결제 정보_20260120
2025-11,수원시 권선구,구운동,여,40대,서적/문구/학습자재,20,50162,2026-01-20,2508,공공데이터포털_경기도 수원시_지역화폐 결제 정보_20260120
2025-11,수원시 권선구,구운동,여,40대,숙박업,1,167,2026-01-20,167,공공데이터포털_경기도 수원시_지역화폐 결제 정보_20260120
2025-11,수원시 권선구,구운동,여,40대,약국,87,296874,2026-01-20,3412,공공데이터포털_경기도 수원시_지역화폐 결제 정보_20260120
2025-11,수원시 권선구,구운동,여,40대,용역서비스,7,12595,2026-01-20,1799,공공데이터포털_경기도 수원시_지역화폐 결제 정보_20260120
2025-11,수원시 권선구,구운동,여,40대,음료/식품,397,2125341,2026-01-20,5354,공공데이터포털_경기도 수원시_지역화폐 결제 정보_20260120
2025-11,수원시 권선구,구운동,여,40대,의류,6,216648,2026-01-20,36108,공공데이터포털_경기도 수원시_지역화폐 결제 정보_20260120
2025-11,수원시 권선구,구운동,여,40대,의원,53,666922,2026-01-20,12583,공공데이터포털_경기도 수원시_지역화폐 결제 정보_20260120
2025-11,수원시 권선구,구운동,여,40대,일반/휴게 음식,1274,7716733,2026-01-20,6057,공공데이터포털_경기도 수원시_지역화폐 결제 정보_20260120
2025-11,수원시 권선구,구운동,여,40대,일반유통,470,1328213,2026-01-20,2826,공공데이터포털_경기도 수원시_지역화폐 결제 정보_20260120
2025-11,수원시 권선구,구운동,여,40대,자동차 정비/유지,8,245898,2026-01-20,30737,공공데이터포털_경기도 수원시_지역화폐 결제 정보_20260120
2025-11,수원시 권선구,구운동,여,40대,주방용품,2,3275,2026-01-20,1638,공공데이터포털_경기도 수원시_지역화폐 결제 정보_20260120
2025-11,수원시 권선구,구운동,여,40대,학원,59,1743997,2026-01-20,29559,공공데이터포털_경기도 수원시_지역화폐 결제 정보_20260120
2025-11,수원시 권선구,구운동,여,50대,가구,3,192005,2026-01-20,64002,공공데이터포털_경기도 수원시_지역화폐 결제 정보_20260120
2025-11,수원시 권선구,구운동,여,50대,기타유통,5,10768,2026-01-20,2154,공공데이터포털_경기도 수원시_지역화폐 결제 정보_20260120
2025-11,수원시 권선구,구운동,여,50대,기타의료,51,381997,2026-01-20,7490,공공데이터포털_경기도 수원시_지역화폐 결제 정보_20260120
2025-11,수원시 권선구,구운동,여,50대,레저/문화 용품,25,339598,2026-01-20,13584,공공데이터포털_경기도 수원시_지역화폐 결제 정보_20260120
2025-11,수원시 권선구,구운동,여,50대,레저/스포츠 서비스,38,361137,2026-01-20,9504,공공데이터포털_경기도 수원시_지역화폐 결제 정보_20260120
2025-11,수원시 권선구,구운동,여,50대,문화/취미,17,67477,2026-01-20,3969,공공데이터포털_경기도 수원시_지역화폐 결제 정보_20260120
2025-11,수원시 권선구,구운동,여,50대,미용/위생,59,648692,2026-01-20,10995,공공데이터포털_경기도 수원시_지역화폐 결제 정보_20260120
2025-11,수원시 권선구,구운동,여,50대,서적/문구/학습자재,25,30590,2026-01-20,1224,공공데이터포털_경기도 수원시_지역화폐 결제 정보_20260120
2025-11,수원시 권선구,구운동,여,50대,숙박업,3,23160,2026-01-20,7720,공공데이터포털_경기도 수원시_지역화폐 결제 정보_20260120
2025-11,수원시 권선구,구운동,여,50대,약국,61,122377,2026-01-20,2006,공공데이터포털_경기도 수원시_지역화폐 결제 정보_20260120
2025-11,수원시 권선구,구운동,여,50대,용역서비스,33,258602,2026-01-20,7836,공공데이터포털_경기도 수원시_지역화폐 결제 정보_20260120
2025-11,수원시 권선구,구운동,여,50대,음료/식품,628,3542572,2026-01-20,5641,공공데이터포털_경기도 수원시_지역화폐 결제 정보_20260120
2025-11,수원시 권선구,구운동,여,50대,의류,18,1040414,2026-01-20,57801,공공데이터포털_경기도 수원시_지역화폐 결제 정보_20260120
2025-11,수원시 권선구,구운동,여,50대,의원,78,397234,2026-01-20,5093,공공데이터포털_경기도 수원시_지역화폐 결제 정보_20260120
2025-11,수원시 권선구,구운동,여,50대,일반/휴게 음식,1585,9556762,2026-01-20,6030,공공데이터포털_경기도 수원시_지역화폐 결제 정보_20260120
2025-11,수원시 권선구,구운동,여,50대,일반유통,594,1427860,2026-01-20,2404,공공데이터포털_경기도 수원시_지역화폐 결제 정보_20260120
2025-11,수원시 권선구,구운동,여,50대,자동차 정비/유지,9,246478,2026-01-20,27386,공공데이터포털_경기도 수원시_지역화폐 결제 정보_20260120
2025-11,수원시 권선구,구운동,여,50대,전자제품,2,38152,2026-01-20,19076,공공데이터포털_경기도 수원시_지역화폐 결제 정보_20260120
2025-11,수원시 권선구,구운동,여,50대,주방용품,3,21087,2026-01-20,7029,공공데이터포털_경기도 수원시_지역화폐 결제 정보_20260120
2025-11,수원시 권선구,구운동,여,50대,직물/침구류,1,945,2026-01-20,945,공공데이터포털_경기도 수원시_지역화폐 결제 정보_20260120
2025-11,수원시 권선구,구운동,여,50대,학원,8,232533,2026-01-20,29067,공공데이터포털_경기도 수원시_지역화폐 결제 정보_20260120
2025-11,수원시 권선구,구운동,여,60대 이상,가구,1,17000,2026-01-20,17000,공공데이터포털_경기도 수원시_지역화폐 결제 정보_20260120
2025-11,수원시 권선구,구운동,여,60대 이상,건축자재,3,14167,2026-01-20,4722,공공데이터포털_경기도 수원시_지역화폐 결제 정보_20260120
2025-11,수원시 권선구,구운동,여,60대 이상,기타유통,14,81586,2026-01-20,5828,공공데이터포털_경기도 수원시_지역화폐 결제 정보_20260120
2025-11,수원시 권선구,구운동,여,60대 이상,기타의료,30,40881,2026-01-20,1363,공공데이터포털_경기도 수원시_지역화폐 결제 정보_20260120
2025-11,수원시 권선구,구운동,여,60대 이상,레저/문화 용품,40,987485,2026-01-20,24687,공공데이터포털_경기도 수원시_지역화폐 결제 정보_20260120
2025-11,수원시 권선구,구운동,여,60대 이상,레저/스포츠 서비스,22,623910,2026-01-20,28360,공공데이터포털_경기도 수원시_지역화폐 결제 정보_20260120
2025-11,수원시 권선구,구운동,여,60대 이상,문화/취미,6,24941,2026-01-20,4157,공공데이터포털_경기도 수원시_지역화폐 결제 정보_20260120
2025-11,수원시 권선구,구운동,여,60대 이상,미용/위생,46,346076,2026-01-20,7523,공공데이터포털_경기도 수원시_지역화폐 결제 정보_20260120
2025-11,수원시 권선구,구운동,여,60대 이상,서적/문구/학습자재,3,1983,2026-01-20,661,공공데이터포털_경기도 수원시_지역화폐 결제 정보_20260120
2025-11,수원시 권선구,구운동,여,60대 이상,신변잡화,4,20076,2026-01-20,5019,공공데이터포털_경기도 수원시_지역화폐 결제 정보_20260120
2025-11,수원시 권선구,구운동,여,60대 이상,약국,61,99420,2026-01-20,1630,공공데이터포털_경기도 수원시_지역화폐 결제 정보_20260120
2025-11,수원시 권선구,구운동,여,60대 이상,용역서비스,12,119515,2026-01-20,9960,공공데이터포털_경기도 수원시_지역화폐 결제 정보_20260120
2025-11,수원시 권선구,구운동,여,60대 이상,음료/식품,701,2945678,2026-01-20,4202,공공데이터포털_경기도 수원시_지역화폐 결제 정보_20260120
2025-11,수원시 권선구,구운동,여,60대 이상,의류,14,390907,2026-01-20,27922,공공데이터포털_경기도 수원시_지역화폐 결제 정보_20260120
2025-11,수원시 권선구,구운동,여,60대 이상,의원,62,350748,2026-01-20,5657,공공데이터포털_경기도 수원시_지역화폐 결제 정보_20260120
2025-11,수원시 권선구,구운동,여,60대 이상,일반/휴게 음식,1041,5580168,2026-01-20,5360,공공데이터포털_경기도 수원시_지역화폐 결제 정보_20260120
2025-11,수원시 권선구,구운동,여,60대 이상,일반유통,325,767888,2026-01-20,2363,공공데이터포털_경기도 수원시_지역화폐 결제 정보_20260120
2025-11,수원시 권선구,구운동,여,60대 이상,자동차 정비/유지,4,68271,2026-01-20,17068,공공데이터포털_경기도 수원시_지역화폐 결제 정보_20260120
2025-11,수원시 권선구,구운동,여,60대 이상,주방용품,3,15768,2026-01-20,5256,공공데이터포털_경기도 수원시_지역화폐 결제 정보_20260120
2025-11,수원시 권선구,구운동,여,60대 이상,회원정보미상,26,404070,2026-01-20,15541,공공데이터포털_경기도 수원시_지역화폐 결제 정보_20260120
2025-11,수원시 권선구,구운동,여,60대 이상,회원정보미상,26,404070,2026-01-20,15541,공공데이터포털_경기도 수원시_지역화폐 결제 정보_20260120
2025-11,수원시 권선구,구운동,여,60대 이상,음료/식품,5,179820,2026-01-20,35964,공공데이터포털_경기도 수원시_지역화폐 결제 정보_20260120
2025-11,수원시 권선구,구운동,여,60대 이상,의류,1,100000,2026-01-20,100000,공공데이터포털_경기도 수원시_지역화폐 결제 정보_20260120
2025-11,수원시 권선구,구운동,여,60대 이상,일반/휴게 음식,3,66850,2026-01-20,22283,공공데이터포털_경기도 수원시_지역화폐 결제 정보_20260120
2025-11,수원시 권선구,구운동,여,60대 이상,일반유통,17,57400,2026-01-20,3376,공공데이터포털_경기도 수원시_지역화폐 결제 정보_20260120
2025-11,수원시 권선구,권선1동,남,10대,기타의료,1,6865,2026-01-20,6865,공공데이터포털_경기도 수원시_지역화폐 결제 정보_20260120
2025-11,수원시 권선구,권선1동,남,10대,레저/스포츠 서비스,6,38625,2026-01-20,6438,공공데이터포털_경기도 수원시_지역화폐 결제 정보_20260120
2025-11,수원시 권선구,권선1동,남,10대,문화/취미,2,58024,2026-01-20,29012,공공데이터포털_경기도 수원시_지역화폐 결제 정보_20260120
2025-11,수원시 권선구,권선1동,남,10대,미분류,7,21228,2026-01-20,3033,공공데이터포털_경기도 수원시_지역화폐 결제 정보_20260120
2025-11,수원시 권선구,권선1동,남,10대,미용/위생,1,1734,2026-01-20,1734,공공데이터포털_경기도 수원시_지역화폐 결제 정보_20260120
2025-11,수원시 권선구,권선1동,남,10대,서적/문구/학습자재,3,18731,2026-01-20,6244,공공데이터포털_경기도 수원시_지역화폐 결제 정보_20260120
2025-11,수원시 권선구,권선1동,남,10대,약국,3,2474,2026-01-20,825,공공데이터포털_경기도 수원시_지역화폐 결제 정보_20260120
2025-11,수원시 권선구,권선1동,남,10대,음료/식품,8,51853,2026-01-20,6482,공공데이터포털_경기도 수원시_지역화폐 결제 정보_20260120
2025-11,수원시 권선구,권선1동,남,10대,의원,4,26116,2026-01-20,6529,공공데이터포털_경기도 수원시_지역화폐 결제 정보_20260120
2025-11,수원시 권선구,권선1동,남,10대,일반/휴게 음식,19,136963,2026-01-20,7209,공공데이터포털_경기도 수원시_지역화폐 결제 정보_20260120
2025-11,수원시 권선구,권선1동,남,10대,일반유통,12,49058,2026-01-20,4088,공공데이터포털_경기도 수원시_지역화폐 결제 정보_20260120
2025-11,수원시 권선구,권선1동,남,10대,전자제품,1,10000,2026-01-20,10000,공공데이터포털_경기도 수원시_지역화폐 결제 정보_20260120
2025-11,수원시 권선구,권선1동,남,10대,학원,7,292665,2026-01-20,41809,공공데이터포털_경기도 수원시_지역화폐 결제 정보_20260120
2025-11,수원시 권선구,권선1동,남,20대,가구,13,370950,2026-01-20,28535,공공데이터포털_경기도 수원시_지역화폐 결제 정보_20260120
2025-11,수원시 권선구,권선1동,남,20대,건축자재,1,8063,2026-01-20,8063,공공데이터포털_경기도 수원시_지역화폐 결제 정보_20260120
2025-11,수원시 권선구,권선1동,남,20대,기타의료,1,38877,2026-01-20,38877,공공데이터포털_경기도 수원시_지역화폐 결제 정보_20260120
2025-11,수원시 권선구,권선1동,남,20대,레저/문화 용품,5,217478,2026-01-20,43496,공공데이터포털_경기도 수원시_지역화폐 결제 정보_20260120
2025-11,수원시 권선구,권선1동,남,20대,레저/스포츠 서비스,28,294072,2026-01-20,10503,공공데이터포털_경기도 수원시_지역화폐 결제 정보_20260120
2025-11,수원시 권선구,권선1동,남,20대,문화/취미,6,305211,2026-01-20,50868,공공데이터포털_경기도 수원시_지역화폐 결제 정보_20260120
2025-11,수원시 권선구,권선1동,남,20대,미분류,27,511762,2026-01-20,18954,공공데이터포털_경기도 수원시_지역화폐 결제 정보_20260120
2025-11,수원시 권선구,권선1동,남,20대,미용/위생,39,1242767,2026-01-20,31866,공공데이터포털_경기도 수원시_지역화폐 결제 정보_20260120
2025-11,수원시 권선구,권선1동,남,20대,서적/문구/학습자재,10,7038,2026-01-20,704,공공데이터포털_경기도 수원시_지역화폐 결제 정보_20260120
2025-11,수원시 권선구,권선1동,남,20대,숙박업,3,24173,2026-01-20,8058,공공데이터포털_경기도 수원시_지역화폐 결제 정보_20260120
2025-11,수원시 권선구,권선1동,남,20대,약국,22,56491,2026-01-20,2568,공공데이터포털_경기도 수원시_지역화폐 결제 정보_20260120
2025-11,수원시 권선구,권선1동,남,20대,용역서비스,12,15795,2026-01-20,1316,공공데이터포털_경기도 수원시_지역화폐 결제 정보_20260120
2025-11,수원시 권선구,권선1동,남,20대,음료/식품,235,4302375,2026-01-20,18308,공공데이터포털_경기도 수원시_지역화폐 결제 정보_20260120
2025-11,수원시 권선구,권선1동,남,20대,의류,6,85315,2026-01-20,14219,공공데이터포털_경기도 수원시_지역화폐 결제 정보_20260120
2025-11,수원시 권선구,권선1동,남,20대,의원,9,327945,2026-01-20,36438,공공데이터포털_경기도 수원시_지역화폐 결제 정보_20260120
2025-11,수원시 권선구,권선1동,남,20대,일반/휴게 음식,495,5903330,2026-01-20,11926,공공데이터포털_경기도 수원시_지역화폐 결제 정보_20260120
2025-11,수원시 권선구,권선1동,남,20대,일반유통,324,1340094,2026-01-20,4136,공공데이터포털_경기도 수원시_지역화폐 결제 정보_20260120
2025-11,수원시 권선구,권선1동,남,20대,자동차 정비/유지,1,180000,2026-01-20,180000,공공데이터포털_경기도 수원시_지역화폐 결제 정보_20260120
2025-11,수원시 권선구,권선1동,남,20대,자동차판매,3,279667,2026-01-20,93222,공공데이터포털_경기도 수원시_지역화폐 결제 정보_20260120
2025-11,수원시 권선구,권선1동,남,20대,전자제품,17,32442,2026-01-20,1908,공공데이터포털_경기도 수원시_지역화폐 결제 정보_20260120
2025-11,수원시 권선구,권선1동,남,20대,주유/충전소,4,22221,2026-01-20,5555,공공데이터포털_경기도 수원시_지역화폐 결제 정보_20260120
2025-11,수원시 권선구,권선1동,남,20대,학원,6,266211,2026-01-20,44368,공공데이터포털_경기도 수원시_지역화폐 결제 정보_20260120
2025-11,수원시 권선구,권선1동,남,30대,가구,37,1371934,2026-01-20,37079,공공데이터포털_경기도 수원시_지역화폐 결제 정보_20260120
2025-11,수원시 권선구,권선1동,남,30대,건축자재,2,125455,2026-01-20,62728,공공데이터포털_경기도 수원시_지역화폐 결제 정보_20260120
2025-11,수원시 권선구,권선1동,남,30대,기타의료,15,305042,2026-01-20,20336,공공데이터포털_경기도 수원시_지역화폐 결제 정보_20260120
2025-11,수원시 권선구,권선1동,남,30대,레저/문화 용품,13,447443,2026-01-20,34419,공공데이터포털_경기도 수원시_지역화폐 결제 정보_20260120
2025-11,수원시 권선구,권선1동,남,30대,레저/스포츠 서비스,45,525431,2026-01-20,11676,공공데이터포털_경기도 수원시_지역화폐 결제 정보_20260120
2025-11,수원시 권선구,권선1동,남,30대,문화/취미,22,135410,2026-01-20,6155,공공데이터포털_경기도 수원시_지역화폐 결제 정보_20260120
2025-11,수원시 권선구,권선1동,남,30대,미분류,39,318029,2026-01-20,8155,공공데이터포털_경기도 수원시_지역화폐 결제 정보_20260120
2025-11,수원시 권선구,권선1동,남,30대,미용/위생,89,645014,2026-01-20,7247,공공데이터포털_경기도 수원시_지역화폐 결제 정보_20260120
2025-11,수원시 권선구,권선1동,남,30대,서적/문구/학습자재,4,2751,2026-01-20,688,공공데이터포털_경기도 수원시_지역화폐 결제 정보_20260120
2025-11,수원시 권선구,권선1동,남,30대,신변잡화,1,10935,2026-01-20,10935,공공데이터포털_경기도 수원시_지역화폐 결제 정보_20260120
2025-11,수원시 권선구,권선1동,남,30대,약국,39,109547,2026-01-20,2809,공공데이터포털_경기도 수원시_지역화폐 결제 정보_20260120
2025-11,수원시 권선구,권선1동,남,30대,용역서비스,71,388138,2026-01-20,5467,공공데이터포털_경기도 수원시_지역화폐 결제 정보_20260120
2025-11,수원시 권선구,권선1동,남,30대,음료/식품,867,7580019,2026-01-20,8743,공공데이터포털_경기도 수원시_지역화폐 결제 정보_20260120
2025-11,수원시 권선구,권선1동,남,30대,의류,10,368384,2026-01-20,36838,공공데이터포털_경기도 수원시_지역화폐 결제 정보_20260120
2025-11,수원시 권선구,권선1동,남,30대,의원,40,1308142,2026-01-20,32704,공공데이터포털_경기도 수원시_지역화폐 결제 정보_20260120
2025-11,수원시 권선구,권선1동,남,30대,일반/휴게 음식,1690,7578794,2026-01-20,4484,공공데이터포털_경기도 수원시_지역화폐 결제 정보_20260120
2025-11,수원시 권선구,권선1동,남,30대,일반유통,1040,2008482,2026-01-20,1931,공공데이터포털_경기도 수원시_지역화폐 결제 정보_20260120
2025-11,수원시 권선구,권선1동,남,30대,자동차 정비/유지,16,814101,2026-01-20,50881,공공데이터포털_경기도 수원시_지역화폐 결제 정보_20260120
2025-11,수원시 권선구,권선1동,남,30대,전자상거래,3,120486,2026-01-20,40162,공공데이터포털_경기도 수원시_지역화폐 결제 정보_20260120
2025-11,수원시 권선구,권선1동,남,30대,전자제품,14,10289,2026-01-20,735,공공데이터포털_경기도 수원시_지역화폐 결제 정보_20260120
2025-11,수원시 권선구,권선1동,남,30대,주유/충전소,35,274966,2026-01-20,7856,공공데이터포털_경기도 수원시_지역화폐 결제 정보_20260120
2025-11,수원시 권선구,권선1동,남,30대,학원,10,365552,2026-01-20,36555,공공데이터포털_경기도 수원시_지역화폐 결제 정보_20260120
2025-11,수원시 권선구,권선1동,남,40대,가구,31,1334678,2026-01-20,43054,공공데이터포털_경기도 수원시_지역화폐 결제 정보_20260120
2025-11,수원시 권선구,권선1동,남,40대,건축자재,5,46877,2026-01-20,9375,공공데이터포털_경기도 수원시_지역화폐 결제 정보_20260120
2025-11,수원시 권선구,권선1동,남,40대,기타의료,11,140285,2026-01-20,12753,공공데이터포털_경기도 수원시_지역화폐 결제 정보_20260120
2025-11,수원시 권선구,권선1동,남,40대,레저/문화 용품,4,25121,2026-01-20,6280,공공데이터포털_경기도 수원시_지역화폐 결제 정보_20260120
2025-11,수원시 권선구,권선1동,남,40대,레저/스포츠 서비스,114,756521,2026-01-20,6636,공공데이터포털_경기도 수원시_지역화폐 결제 정보_20260120
2025-11,수원시 권선구,권선1동,남,40대,문화/취미,27,370850,2026-01-20,13735,공공데이터포털_경기도 수원시_지역화폐 결제 정보_20260120
2025-11,수원시 권선구,권선1동,남,40대,미분류,43,328073,2026-01-20,7630,공공데이터포털_경기도 수원시_지역화폐 결제 정보_20260120
2025-11,수원시 권선구,권선1동,남,40대,미용/위생,89,617952,2026-01-20,6943,공공데이터포털_경기도 수원시_지역화폐 결제 정보_20260120
2025-11,수원시 권선구,권선1동,남,40대,서적/문구/학습자재,8,72386,2026-01-20,9048,공공데이터포털_경기도 수원시_지역화폐 결제 정보_20260120
2025-11,수원시 권선구,권선1동,남,40대,숙박업,2,2731,2026-01-20,1366,공공데이터포털_경기도 수원시_지역화폐 결제 정보_20260120
2025-11,수원시 권선구,권선1동,남,40대,신변잡화,3,13936,2026-01-20,4645,공공데이터포털_경기도 수원시_지역화폐 결제 정보_20260120
2025-11,수원시 권선구,권선1동,남,40대,약국,77,230419,2026-01-20,2992,공공데이터포털_경기도 수원시_지역화폐 결제 정보_20260120
2025-11,수원시 권선구,권선1동,남,40대,용역서비스,39,329853,2026-01-20,8458,공공데이터포털_경기도 수원시_지역화폐 결제 정보_20260120
2025-11,수원시 권선구,권선1동,남,40대,음료/식품,1057,8287518,2026-01-20,7841,공공데이터포털_경기도 수원시_지역화폐 결제 정보_20260120
2025-11,수원시 권선구,권선1동,남,40대,의류,12,101742,2026-01-20,8478,공공데이터포털_경기도 수원시_지역화폐 결제 정보_20260120
2025-11,수원시 권선구,권선1동,남,40대,의원,54,391484,2026-01-20,7250,공공데이터포털_경기도 수원시_지역화폐 결제 정보_20260120
2025-11,수원시 권선구,권선1동,남,40대,일반/휴게 음식,1582,7822243,2026-01-20,4945,공공데이터포털_경기도 수원시_지역화폐 결제 정보_20260120
2025-11,수원시 권선구,권선1동,남,40대,일반유통,725,1471902,2026-01-20,2030,공공데이터포털_경기도 수원시_지역화폐 결제 정보_20260120
2025-11,수원시 권선구,권선1동,남,40대,자동차 정비/유지,15,1087990,2026-01-20,72533,공공데이터포털_경기도 수원시_지역화폐 결제 정보_20260120
2025-11,수원시 권선구,권선1동,남,40대,전자상거래,2,93941,2026-01-20,46970,공공데이터포털_경기도 수원시_지역화폐 결제 정보_20260120
2025-11,수원시 권선구,권선1동,남,40대,전자제품,1,2000,2026-01-20,2000,공공데이터포털_경기도 수원시_지역화폐 결제 정보_20260120
2025-11,수원시 권선구,권선1동,남,40대,주방용품,1,1167,2026-01-20,1167,공공데이터포털_경기도 수원시_지역화폐 결제 정보_20260120
2025-11,수원시 권선구,권선1동,남,40대,주유/충전소,28,281811,2026-01-20,10065,공공데이터포털_경기도 수원시_지역화폐 결제 정보_20260120
2025-11,수원시 권선구,권선1동,남,40대,학원,87,3155786,2026-01-20,36273,공공데이터포털_경기도 수원시_지역화폐 결제 정보_20260120
2025-11,수원시 권선구,권선1동,남,50대,가구,12,600010,2026-01-20,50001,공공데이터포털_경기도 수원시_지역화폐 결제 정보_20260120
2025-11,수원시 권선구,권선1동,남,50대,건축자재,3,5602,2026-01-20,1867,공공데이터포털_경기도 수원시_지역화폐 결제 정보_20260120
2025-11,수원시 권선구,권선1동,남,50대,기타유통,4,12820,2026-01-20,3205,공공데이터포털_경기도 수원시_지역화폐 결제 정보_20260120
2025-11,수원시 권선구,권선1동,남,50대,기타의료,4,78429,2026-01-20,19607,공공데이터포털_경기도 수원시_지역화폐 결제 정보_20260120
2025-11,수원시 권선구,권선1동,남,50대,레저/문화 용품,2,33427,2026-01-20,16714,공공데이터포털_경기도 수원시_지역화폐 결제 정보_20260120
2025-11,수원시 권선구,권선1동,남,50대,레저/스포츠 서비스,80,461541,2026-01-20,5769,공공데이터포털_경기도 수원시_지역화폐 결제 정보_20260120
2025-11,수원시 권선구,권선1동,남,50대,문화/취미,13,113165,2026-01-20,8705,공공데이터포털_경기도 수원시_지역화폐 결제 정보_20260120
2025-11,수원시 권선구,권선1동,남,50대,미분류,130,928338,2026-01-20,7141,공공데이터포털_경기도 수원시_지역화폐 결제 정보_20260120
2025-11,수원시 권선구,권선1동,남,50대,미용/위생,79,819550,2026-01-20,10374,공공데이터포털_경기도 수원시_지역화폐 결제 정보_20260120
2025-11,수원시 권선구,권선1동,남,50대,서적/문구/학습자재,3,42939,2026-01-20,14313,공공데이터포털_경기도 수원시_지역화폐 결제 정보_20260120
2025-11,수원시 권선구,권선1동,남,50대,숙박업,2,5632,2026-01-20,2816,공공데이터포털_경기도 수원시_지역화폐 결제 정보_20260120
2025-11,수원시 권선구,권선1동,남,50대,신변잡화,1,4840,2026-01-20,4840,공공데이터포털_경기도 수원시_지역화폐 결제 정보_20260120
2025-11,수원시 권선구,권선1동,남,50대,약국,67,138286,2026-01-20,2064,공공데이터포털_경기도 수원시_지역화폐 결제 정보_20260120
2025-11,수원시 권선구,권선1동,남,50대,용역서비스,16,438951,2026-01-20,27434,공공데이터포털_경기도 수원시_지역화폐 결제 정보_20260120
2025-11,수원시 권선구,권선1동,남,50대,음료/식품,1030,7977420,2026-01-20,7745,공공데이터포털_경기도 수원시_지역화폐 결제 정보_20260120
2025-11,수원시 권선구,권선1동,남,50대,의류,9,25023,2026-01-20,2780,공공데이터포털_경기도 수원시_지역화폐 결제 정보_20260120
2025-11,수원시 권선구,권선1동,남,50대,의원,70,345932,2026-01-20,4942,공공데이터포털_경기도 수원시_지역화폐 결제 정보_20260120
2025-11,수원시 권선구,권선1동,남,50대,일반/휴게 음식,1468,7238649,2026-01-20,4931,공공데이터포털_경기도 수원시_지역화폐 결제 정보_20260120
2025-11,수원시 권선구,권선1동,남,50대,일반유통,693,1541563,2026-01-20,2224,공공데이터포털_경기도 수원시_지역화폐 결제 정보_20260120
2025-11,수원시 권선구,권선1동,남,50대,자동차 정비/유지,11,688121,2026-01-20,62556,공공데이터포털_경기도 수원시_지역화폐 결제 정보_20260120
2025-11,수원시 권선구,권선1동,남,50대,전자제품,2,1849,2026-01-20,924,공공데이터포털_경기도 수원시_지역화폐 결제 정보_20260120
2025-11,수원시 권선구,권선1동,남,50대,주방용품,1,5309,2026-01-20,5309,공공데이터포털_경기도 수원시_지역화폐 결제 정보_20260120
2025-11,수원시 권선구,권선1동,남,50대,주유/충전소,16,99400,2026-01-20,6212,공공데이터포털_경기도 수원시_지역화폐 결제 정보_20260120
2025-11,수원시 권선구,권선1동,남,50대,직물/침구류,2,61963,2026-01-20,30982,공공데이터포털_경기도 수원시_지역화폐 결제 정보_20260120
2025-11,수원시 권선구,권선1동,남,50대,학원,51,2102719,2026-01-20,41230,공공데이터포털_경기도 수원시_지역화폐 결제 정보_20260120
2025-11,수원시 권선구,권선1동,남,60대 이상,가구,30,1162965,2026-01-20,38766,공공데이터포털_경기도 수원시_지역화폐 결제 정보_20260120
2025-11,수원시 권선구,권선1동,남,60대 이상,건축자재,11,22328,2026-01-20,2030,공공데이터포털_경기도 수원시_지역화폐 결제 정보_20260120
2025-11,수원시 권선구,권선1동,남,60대 이상,기타유통,7,58596,2026-01-20,8371,공공데이터포털_경기도 수원시_지역화폐 결제 정보_20260120
2025-11,수원시 권선구,권선1동,남,60대 이상,레저/문화 용품,5,68760,2026-01-20,13752,공공데이터포털_경기도 수원시_지역화폐 결제 정보_20260120
2025-11,수원시 권선구,권선1동,남,60대 이상,레저/스포츠 서비스,39,115839,2026-01-20,2970,공공데이터포털_경기도 수원시_지역화폐 결제 정보_20260120
2025-11,수원시 권선구,권선1동,남,60대 이상,문화/취미,7,66191,2026-01-20,9456,공공데이터포털_경기도 수원시_지역화폐 결제 정보_20260120
2025-11,수원시 권선구,권선1동,남,60대 이상,미분류,169,1225001,2026-01-20,7249,공공데이터포털_경기도 수원시_지역화폐 결제 정보_20260120
2025-11,수원시 권선구,권선1동,남,60대 이상,미용/위생,66,432590,2026-01-20,6554,공공데이터포털_경기도 수원시_지역화폐 결제 정보_20260120
2025-11,수원시 권선구,권선1동,남,60대 이상,숙박업,1,4147,2026-01-20,4147,공공데이터포털_경기도 수원시_지역화폐 결제 정보_20260120
2025-11,수원시 권선구,권선1동,남,60대 이상,신변잡화,1,75480,2026-01-20,75480,공공데이터포털_경기도 수원시_지역화폐 결제 정보_20260120
2025-11,수원시 권선구,권선1동,남,60대 이상,약국,72,264229,2026-01-20,3670,공공데이터포털_경기도 수원시_지역화폐 결제 정보_20260120
2025-11,수원시 권선구,권선1동,남,60대 이상,용역서비스,11,142148,2026-01-20,12923,공공데이터포털_경기도 수원시_지역화폐 결제 정보_20260120
2025-11,수원시 권선구,권선1동,남,60대 이상,음료/식품,1249,7747909,2026-01-20,6203,공공데이터포털_경기도 수원시_지역화폐 결제 정보_20260120
2025-11,수원시 권선구,권선1동,남,60대 이상,의류,17,44495,2026-01-20,2617,공공데이터포털_경기도 수원시_지역화폐 결제 정보_20260120
2025-11,수원시 권선구,권선1동,남,60대 이상,의원,49,229754,2026-01-20,4689,공공데이터포털_경기도 수원시_지역화폐 결제 정보_20260120
2025-11,수원시 권선구,권선1동,남,60대 이상,일반/휴게 음식,1103,5678432,2026-01-20,5148,공공데이터포털_경기도 수원시_지역화폐 결제 정보_20260120
2025-11,수원시 권선구,권선1동,남,60대 이상,일반유통,437,1009365,2026-01-20,2310,공공데이터포털_경기도 수원시_지역화폐 결제 정보_20260120
2025-11,수원시 권선구,권선1동,남,60대 이상,자동차 정비/유지,8,207289,2026-01-20,25911,공공데이터포털_경기도 수원시_지역화폐 결제 정보_20260120
2025-11,수원시 권선구,권선1동,남,60대 이상,전자상거래,1,55208,2026-01-20,55208,공공데이터포털_경기도 수원시_지역화폐 결제 정보_20260120
2025-11,수원시 권선구,권선1동,남,60대 이상,전자제품,3,6844,2026-01-20,2281,공공데이터포털_경기도 수원시_지역화폐 결제 정보_20260120
2025-11,수원시 권선구,권선1동,남,60대 이상,주방용품,5,8588,2026-01-20,1718,공공데이터포털_경기도 수원시_지역화폐 결제 정보_20260120
2025-11,수원시 권선구,권선1동,남,60대 이상,주유/충전소,5,56068,2026-01-20,11214,공공데이터포털_경기도 수원시_지역화폐 결제 정보_20260120
2025-11,수원시 권선구,권선1동,남,60대 이상,학원,4,153246,2026-01-20,38312,공공데이터포털_경기도 수원시_지역화폐 결제 정보_20260120
2025-11,수원시 권선구,권선1동,여,10대,가구,6,158301,2026-01-20,26384,공공데이터포털_경기도 수원시_지역화폐 결제 정보_20260120
2025-11,수원시 권선구,권선1동,여,10대,레저/문화 용품,1,6400,2026-01-20,6400,공공데이터포털_경기도 수원시_지역화폐 결제 정보_20260120
2025-11,수원시 권선구,권선1동,여,10대,레저/스포츠 서비스,2,463,2026-01-20,232,공공데이터포털_경기도 수원시_지역화폐 결제 정보_20260120
2025-11,수원시 권선구,권선1동,여,10대,미용/위생,3,11262,2026-01-20,3754,공공데이터포털_경기도 수원시_지역화폐 결제 정보_20260120
2025-11,수원시 권선구,권선1동,여,10대,서적/문구/학습자재,2,5383,2026-01-20,2692,공공데이터포털_경기도 수원시_지역화폐 결제 정보_20260120
2025-11,수원시 권선구,권선1동,여,10대,약국,1,832,2026-01-20,832,공공데이터포털_경기도 수원시_지역화폐 결제 정보_20260120
2025-11,수원시 권선구,권선1동,여,10대,음료/식품,16,164058,2026-01-20,10254,공공데이터포털_경기도 수원시_지역화폐 결제 정보_20260120
2025-11,수원시 권선구,권선1동,여,10대,의류,1,1000,2026-01-20,1000,공공데이터포털_경기도 수원시_지역화폐 결제 정보_20260120
2025-11,수원시 권선구,권선1동,여,10대,의원,2,45993,2026-01-20,22996,공공데이터포털_경기도 수원시_지역화폐 결제 정보_20260120
2025-11,수원시 권선구,권선1동,여,10대,일반/휴게 음식,15,96681,2026-01-20,6445,공공데이터포털_경기도 수원시_지역화폐 결제 정보_20260120
2025-11,수원시 권선구,권선1동,여,10대,일반유통,59,132777,2026-01-20,2250,공공데이터포털_경기도 수원시_지역화폐 결제 정보_20260120
2025-11,수원시 권선구,권선1동,여,10대,전자제품,1,2000,2026-01-20,2000,공공데이터포털_경기도 수원시_지역화폐 결제 정보_20260120
2025-11,수원시 권선구,권선1동,여,10대,학원,8,226984,2026-01-20,28373,공공데이터포털_경기도 수원시_지역화폐 결제 정보_20260120
2025-11,수원시 권선구,권선1동,여,20대,가구,9,823894,2026-01-20,91544,공공데이터포털_경기도 수원시_지역화폐 결제 정보_20260120
2025-11,수원시 권선구,권선1동,여,20대,기타의료,7,53718,2026-01-20,7674,공공데이터포털_경기도 수원시_지역화폐 결제 정보_20260120
2025-11,수원시 권선구,권선1동,여,20대,레저/스포츠 서비스,18,40929,2026-01-20,2274,공공데이터포털_경기도 수원시_지역화폐 결제 정보_20260120
2025-11,수원시 권선구,권선1동,여,20대,문화/취미,23,531387,2026-01-20,23104,공공데이터포털_경기도 수원시_지역화폐 결제 정보_20260120
2025-11,수원시 권선구,권선1동,여,20대,미분류,44,885557,2026-01-20,20126,공공데이터포털_경기도 수원시_지역화폐 결제 정보_20260120
2025-11,수원시 권선구,권선1동,여,20대,미용/위생,47,1613973,2026-01-20,34340,공공데이터포털_경기도 수원시_지역화폐 결제 정보_20260120
2025-11,수원시 권선구,권선1동,여,20대,서적/문구/학습자재,1,3600,2026-01-20,3600,공공데이터포털_경기도 수원시_지역화폐 결제 정보_20260120
2025-11,수원시 권선구,권선1동,여,20대,신변잡화,3,7300,2026-01-20,2433,공공데이터포털_경기도 수원시_지역화폐 결제 정보_20260120
2025-11,수원시 권선구,권선1동,여,20대,약국,29,100937,2026-01-20,3481,공공데이터포털_경기도 수원시_지역화폐 결제 정보_20260120
2025-11,수원시 권선구,권선1동,여,20대,용역서비스,32,395837,2026-01-20,12370,공공데이터포털_경기도 수원시_지역화폐 결제 정보_20260120
2025-11,수원시 권선구,권선1동,여,20대,음료/식품,285,3879740,2026-01-20,13613,공공데이터포털_경기도 수원시_지역화폐 결제 정보_20260120
2025-11,수원시 권선구,권선1동,여,20대,의류,4,46270,2026-01-20,11568,공공데이터포털_경기도 수원시_지역화폐 결제 정보_20260120
2025-11,수원시 권선구,권선1동,여,20대,의원,12,194918,2026-01-20,16243,공공데이터포털_경기도 수원시_지역화폐 결제 정보_20260120
2025-11,수원시 권선구,권선1동,여,20대,일반/휴게 음식,747,6395285,2026-01-20,8561,공공데이터포털_경기도 수원시_지역화폐 결제 정보_20260120
2025-11,수원시 권선구,권선1동,여,20대,일반유통,522,2216901,2026-01-20,4247,공공데이터포털_경기도 수원시_지역화폐 결제 정보_20260120
2025-11,수원시 권선구,권선1동,여,20대,자동차 정비/유지,2,70000,2026-01-20,35000,공공데이터포털_경기도 수원시_지역화폐 결제 정보_20260120
2025-11,수원시 권선구,권선1동,여,20대,전자제품,20,43257,2026-01-20,2163,공공데이터포털_경기도 수원시_지역화폐 결제 정보_20260120
2025-11,수원시 권선구,권선1동,여,20대,주유/충전소,1,11000,2026-01-20,11000,공공데이터포털_경기도 수원시_지역화폐 결제 정보_20260120
2025-11,수원시 권선구,권선1동,여,20대,학원,8,225637,2026-01-20,28205,공공데이터포털_경기도 수원시_지역화폐 결제 정보_20260120
2025-11,수원시 권선구,권선1동,여,30대,가구,55,2259299,2026-01-20,41078,공공데이터포털_경기도 수원시_지역화폐 결제 정보_20260120
2025-11,수원시 권선구,권선1동,여,30대,기타유통,1,8500,2026-01-20,8500,공공데이터포털_경기도 수원시_지역화폐 결제 정보_20260120
2025-11,수원시 권선구,권선1동,여,30대,기타의료,23,579338,2026-01-20,25189,공공데이터포털_경기도 수원시_지역화폐 결제 정보_20260120
2025-11,수원시 권선구,권선1동,여,30대,레저/스포츠 서비스,38,388686,2026-01-20,10229,공공데이터포털_경기도 수원시_지역화폐 결제 정보_20260120
2025-11,수원시 권선구,권선1동,여,30대,문화/취미,42,416123,2026-01-20,9908,공공데이터포털_경기도 수원시_지역화폐 결제 정보_20260120
2025-11,수원시 권선구,권선1동,여,30대,미분류,50,392285,2026-01-20,7846,공공데이터포털_경기도 수원시_지역화폐 결제 정보_20260120
2025-11,수원시 권선구,권선1동,여,30대,미용/위생,79,1930814,2026-01-20,24441,공공데이터포털_경기도 수원시_지역화폐 결제 정보_20260120
2025-11,수원시 권선구,권선1동,여,30대,서적/문구/학습자재,5,25084,2026-01-20,5017,공공데이터포털_경기도 수원시_지역화폐 결제 정보_20260120
2025-11,수원시 권선구,권선1동,여,30대,숙박업,2,170000,2026-01-20,85000,공공데이터포털_경기도 수원시_지역화폐 결제 정보_20260120
2025-11,수원시 권선구,권선1동,여,30대,약국,76,272820,2026-01-20,3590,공공데이터포털_경기도 수원시_지역화폐 결제 정보_20260120
2025-11,수원시 권선구,권선1동,여,30대,용역서비스,51,1191857,2026-01-20,23370,공공데이터포털_경기도 수원시_지역화폐 결제 정보_20260120
2025-11,수원시 권선구,권선1동,여,30대,음료/식품,1006,7043109,2026-01-20,7001,공공데이터포털_경기도 수원시_지역화폐 결제 정보_20260120
2025-11,수원시 권선구,권선1동,여,30대,의류,17,277962,2026-01-20,16351,공공데이터포털_경기도 수원시_지역화폐 결제 정보_20260120
2025-11,수원시 권선구,권선1동,여,30대,의원,48,789139,2026-01-20,16440,공공데이터포털_경기도 수원시_지역화폐 결제 정보_20260120
2025-11,수원시 권선구,권선1동,여,30대,일반/휴게 음식,2086,9588269,2026-01-20,4596,공공데이터포털_경기도 수원시_지역화폐 결제 정보_20260120
2025-11,수원시 권선구,권선1동,여,30대,일반유통,840,1718728,2026-01-20,2046,공공데이터포털_경기도 수원시_지역화폐 결제 정보_20260120
2025-11,수원시 권선구,권선1동,여,30대,자동차 정비/유지,6,499412,2026-01-20,83235,공공데이터포털_경기도 수원시_지역화폐 결제 정보_20260120
2025-11,수원시 권선구,권선1동,여,30대,전자상거래,3,171810,2026-01-20,57270,공공데이터포털_경기도 수원시_지역화폐 결제 정보_20260120
2025-11,수원시 권선구,권선1동,여,30대,전자제품,11,22468,2026-01-20,2043,공공데이터포털_경기도 수원시_지역화폐 결제 정보_20260120
2025-11,수원시 권선구,권선1동,여,30대,주방용품,1,668,2026-01-20,668,공공데이터포털_경기도 수원시_지역화폐 결제 정보_20260120
2025-11,수원시 권선구,권선1동,여,30대,주유/충전소,23,269844,2026-01-20,11732,공공데이터포털_경기도 수원시_지역화폐 결제 정보_20260120
2025-11,수원시 권선구,권선1동,여,30대,직물/침구류,1,18430,2026-01-20,18430,공공데이터포털_경기도 수원시_지역화폐 결제 정보_20260120
2025-11,수원시 권선구,권선1동,여,30대,학원,17,592320,2026-01-20,34842,공공데이터포털_경기도 수원시_지역화폐 결제 정보_20260120
2025-11,수원시 권선구,권선1동,여,40대,가구,27,1040608,2026-01-20,38541,공공데이터포털_경기도 수원시_지역화폐 결제 정보_20260120
2025-11,수원시 권선구,권선1동,여,40대,기타유통,1,1819,2026-01-20,1819,공공데이터포털_경기도 수원시_지역화폐 결제 정보_20260120
2025-11,수원시 권선구,권선1동,여,40대,기타의료,4,40685,2026-01-20,10171,공공데이터포털_경기도 수원시_지역화폐 결제 정보_20260120
2025-11,수원시 권선구,권선1동,여,40대,레저/문화 용품,3,37419,2026-01-20,12473,공공데이터포털_경기도 수원시_지역화폐 결제 정보_20260120
2025-11,수원시 권선구,권선1동,여,40대,레저/스포츠 서비스,50,833882,2026-01-20,16678,공공데이터포털_경기도 수원시_지역화폐 결제 정보_20260120
2025-11,수원시 권선구,권선1동,여,40대,문화/취미,22,212767,2026-01-20,9671,공공데이터포털_경기도 수원시_지역화폐 결제 정보_20260120
2025-11,수원시 권선구,권선1동,여,40대,미분류,113,578631,2026-01-20,5121,공공데이터포털_경기도 수원시_지역화폐 결제 정보_20260120
2025-11,수원시 권선구,권선1동,여,40대,미용/위생,92,951833,2026-01-20,10346,공공데이터포털_경기도 수원시_지역화폐 결제 정보_20260120
2025-11,수원시 권선구,권선1동,여,40대,서적/문구/학습자재,8,56733,2026-01-20,7092,공공데이터포털_경기도 수원시_지역화폐 결제 정보_20260120
2025-11,수원시 권선구,권선1동,여,40대,약국,147,347733,2026-01-20,2366,공공데이터포털_경기도 수원시_지역화폐 결제 정보_20260120
2025-11,수원시 권선구,권선1동,여,40대,용역서비스,29,445818,2026-01-20,15373,공공데이터포털_경기도 수원시_지역화폐 결제 정보_20260120
2025-11,수원시 권선구,권선1동,여,40대,음료/식품,1229,7957730,2026-01-20,6475,공공데이터포털_경기도 수원시_지역화폐 결제 정보_20260120
2025-11,수원시 권선구,권선1동,여,40대,의류,27,156912,2026-01-20,5812,공공데이터포털_경기도 수원시_지역화폐 결제 정보_20260120
2025-11,수원시 권선구,권선1동,여,40대,의원,119,801911,2026-01-20,6739,공공데이터포털_경기도 수원시_지역화폐 결제 정보_20260120
2025-11,수원시 권선구,권선1동,여,40대,일반/휴게 음식,1977,9697889,2026-01-20,4905,공공데이터포털_경기도 수원시_지역화폐 결제 정보_20260120
2025-11,수원시 권선구,권선1동,여,40대,일반유통,568,1518226,2026-01-20,2673,공공데이터포털_경기도 수원시_지역화폐 결제 정보_20260120
2025-11,수원시 권선구,권선1동,여,40대,자동차 정비/유지,7,212527,2026-01-20,30361,공공데이터포털_경기도 수원시_지역화폐 결제 정보_20260120
2025-11,수원시 권선구,권선1동,여,40대,전자상거래,1,477400,2026-01-20,477400,공공데이터포털_경기도 수원시_지역화폐 결제 정보_20260120
2025-11,수원시 권선구,권선1동,여,40대,전자제품,3,9011,2026-01-20,3004,공공데이터포털_경기도 수원시_지역화폐 결제 정보_20260120
2025-11,수원시 권선구,권선1동,여,40대,주방용품,1,2059,2026-01-20,2059,공공데이터포털_경기도 수원시_지역화폐 결제 정보_20260120
2025-11,수원시 권선구,권선1동,여,40대,주유/충전소,11,117197,2026-01-20,10654,공공데이터포털_경기도 수원시_지역화폐 결제 정보_20260120
2025-11,수원시 권선구,권선1동,여,40대,학원,141,4725244,2026-01-20,33512,공공데이터포털_경기도 수원시_지역화폐 결제 정보_20260120
2025-11,수원시 권선구,권선1동,여,50대,가구,22,888886,2026-01-20,40404,공공데이터포털_경기도 수원시_지역화폐 결제 정보_20260120
2025-11,수원시 권선구,권선1동,여,50대,건축자재,6,8467,2026-01-20,1411,공공데이터포털_경기도 수원시_지역화폐 결제 정보_20260120
2025-11,수원시 권선구,권선1동,여,50대,기타유통,4,28907,2026-01-20,7227,공공데이터포털_경기도 수원시_지역화폐 결제 정보_20260120
2025-11,수원시 권선구,권선1동,여,50대,기타의료,4,132552,2026-01-20,33138,공공데이터포털_경기도 수원시_지역화폐 결제 정보_20260120
2025-11,수원시 권선구,권선1동,여,50대,레저/문화 용품,1,45455,2026-01-20,45455,공공데이터포털_경기도 수원시_지역화폐 결제 정보_20260120
2025-11,수원시 권선구,권선1동,여,50대,레저/스포츠 서비스,29,147635,2026-01-20,5091,공공데이터포털_경기도 수원시_지역화폐 결제 정보_20260120
2025-11,수원시 권선구,권선1동,여,50대,문화/취미,22,214611,2026-01-20,9755,공공데이터포털_경기도 수원시_지역화폐 결제 정보_20260120
2025-11,수원시 권선구,권선1동,여,50대,미분류,329,1773876,2026-01-20,5392,공공데이터포털_경기도 수원시_지역화폐 결제 정보_20260120
2025-11,수원시 권선구,권선1동,여,50대,미용/위생,97,1179290,2026-01-20,12158,공공데이터포털_경기도 수원시_지역화폐 결제 정보_20260120
2025-11,수원시 권선구,권선1동,여,50대,서적/문구/학습자재,5,5092,2026-01-20,1018,공공데이터포털_경기도 수원시_지역화폐 결제 정보_20260120
2025-11,수원시 권선구,권선1동,여,50대,약국,126,358872,2026-01-20,2848,공공데이터포털_경기도 수원시_지역화폐 결제 정보_20260120
2025-11,수원시 권선구,권선1동,여,50대,용역서비스,15,81693,2026-01-20,5446,공공데이터포털_경기도 수원시_지역화폐 결제 정보_20260120
2025-11,수원시 권선구,권선1동,여,50대,음료/식품,1617,10809799,2026-01-20,6685,공공데이터포털_경기도 수원시_지역화폐 결제 정보_20260120
2025-11,수원시 권선구,권선1동,여,50대,의류,22,72200,2026-01-20,3282,공공데이터포털_경기도 수원시_지역화폐 결제 정보_20260120
2025-11,수원시 권선구,권선1동,여,50대,의원,91,586468,2026-01-20,6445,공공데이터포털_경기도 수원시_지역화폐 결제 정보_20260120
2025-11,수원시 권선구,권선1동,여,50대,일반/휴게 음식,1574,7386733,2026-01-20,4693,공공데이터포털_경기도 수원시_지역화폐 결제 정보_20260120
2025-11,수원시 권선구,권선1동,여,50대,일반유통,524,1220586,2026-01-20,2329,공공데이터포털_경기도 수원시_지역화폐 결제 정보_20260120
2025-11,수원시 권선구,권선1동,여,50대,자동차 정비/유지,9,164971,2026-01-20,18330,공공데이터포털_경기도 수원시_지역화폐 결제 정보_20260120
2025-11,수원시 권선구,권선1동,여,50대,전자상거래,2,72500,2026-01-20,36250,공공데이터포털_경기도 수원시_지역화폐 결제 정보_20260120
2025-11,수원시 권선구,권선1동,여,50대,전자제품,4,36754,2026-01-20,9188,공공데이터포털_경기도 수원시_지역화폐 결제 정보_20260120
2025-11,수원시 권선구,권선1동,여,50대,주방용품,2,2563,2026-01-20,1282,공공데이터포털_경기도 수원시_지역화폐 결제 정보_20260120
2025-11,수원시 권선구,권선1동,여,50대,주유/충전소,6,150024,2026-01-20,25004,공공데이터포털_경기도 수원시_지역화폐 결제 정보_20260120
2025-11,수원시 권선구,권선1동,여,50대,직물/침구류,1,5000,2026-01-20,5000,공공데이터포털_경기도 수원시_지역화폐 결제 정보_20260120
2025-11,수원시 권선구,권선1동,여,50대,학원,35,1104392,2026-01-20,31554,공공데이터포털_경기도 수원시_지역화폐 결제 정보_20260120
2025-11,수원시 권선구,권선1동,여,60대 이상,가구,26,1067391,2026-01-20,41054,공공데이터포털_경기도 수원시_지역화폐 결제 정보_20260120
2025-11,수원시 권선구,권선1동,여,60대 이상,건축자재,6,17896,2026-01-20,2983,공공데이터포털_경기도 수원시_지역화폐 결제 정보_20260120
2025-11,수원시 권선구,권선1동,여,60대 이상,기타유통,12,125243,2026-01-20,10437,공공데이터포털_경기도 수원시_지역화폐 결제 정보_20260120
2025-11,수원시 권선구,권선1동,여,60대 이상,기타의료,4,50231,2026-01-20,12558,공공데이터포털_경기도 수원시_지역화폐 결제 정보_20260120
2025-11,수원시 권선구,권선1동,여,60대 이상,레저/스포츠 서비스,11,30472,2026-01-20,2770,공공데이터포털_경기도 수원시_지역화폐 결제 정보_20260120
2025-11,수원시 권선구,권선1동,여,60대 이상,문화/취미,23,283999,2026-01-20,12348,공공데이터포털_경기도 수원시_지역화폐 결제 정보_20260120
2025-11,수원시 권선구,권선1동,여,60대 이상,미분류,378,1817897,2026-01-20,4809,공공데이터포털_경기도 수원시_지역화폐 결제 정보_20260120
2025-11,수원시 권선구,권선1동,여,60대 이상,미용/위생,72,801654,2026-01-20,11134,공공데이터포털_경기도 수원시_지역화폐 결제 정보_20260120
2025-11,수원시 권선구,권선1동,여,60대 이상,서적/문구/학습자재,1,902,2026-01-20,902,공공데이터포털_경기도 수원시_지역화폐 결제 정보_20260120
2025-11,수원시 권선구,권선1동,여,60대 이상,약국,81,127238,2026-01-20,1571,공공데이터포털_경기도 수원시_지역화폐 결제 정보_20260120
2025-11,수원시 권선구,권선1동,여,60대 이상,용역서비스,14,87384,2026-01-20,6242,공공데이터포털_경기도 수원시_지역화폐 결제 정보_20260120
2025-11,수원시 권선구,권선1동,여,60대 이상,음료/식품,1973,12650874,2026-01-20,6412,공공데이터포털_경기도 수원시_지역화폐 결제 정보_20260120
2025-11,수원시 권선구,권선1동,여,60대 이상,의류,35,214291,2026-01-20,6123,공공데이터포털_경기도 수원시_지역화폐 결제 정보_20260120
2025-11,수원시 권선구,권선1동,여,60대 이상,의원,123,637159,2026-01-20,5180,공공데이터포털_경기도 수원시_지역화폐 결제 정보_20260120
2025-11,수원시 권선구,권선1동,여,60대 이상,일반/휴게 음식,901,4804231,2026-01-20,5332,공공데이터포털_경기도 수원시_지역화폐 결제 정보_20260120
2025-11,수원시 권선구,권선1동,여,60대 이상,일반유통,316,1051191,2026-01-20,3327,공공데이터포털_경기도 수원시_지역화폐 결제 정보_20260120
2025-11,수원시 권선구,권선1동,여,60대 이상,자동차 정비/유지,6,182738,2026-01-20,30456,공공데이터포털_경기도 수원시_지역화폐 결제 정보_20260120
2025-11,수원시 권선구,권선1동,여,60대 이상,주방용품,4,17626,2026-01-20,4406,공공데이터포털_경기도 수원시_지역화폐 결제 정보_20260120
2025-11,수원시 권선구,권선1동,여,60대 이상,주유/충전소,7,57187,2026-01-20,8170,공공데이터포털_경기도 수원시_지역화폐 결제 정보_20260120
2025-11,수원시 권선구,권선1동,여,60대 이상,직물/침구류,3,74535,2026-01-20,24845,공공데이터포털_경기도 수원시_지역화폐 결제 정보_20260120
2025-11,수원시 권선구,권선1동,여,60대 이상,학원,13,438747,2026-01-20,33750,공공데이터포털_경기도 수원시_지역화폐 결제 정보_20260120
2025-11,수원시 권선구,권선1동,여,60대 이상,회원정보미상,31,669280,2026-01-20,21590,공공데이터포털_경기도 수원시_지역화폐 결제 정보_20260120
2025-11,수원시 권선구,권선1동,여,60대 이상,회원정보미상,31,669280,2026-01-20,21590,공공데이터포털_경기도 수원시_지역화폐 결제 정보_20260120
2025-11,수원시 권선구,권선1동,여,60대 이상,가구,1,100000,2026-01-20,100000,공공데이터포털_경기도 수원시_지역화폐 결제 정보_20260120
2025-11,수원시 권선구,권선1동,여,60대 이상,기타유통,1,10000,2026-01-20,10000,공공데이터포털_경기도 수원시_지역화폐 결제 정보_20260120
2025-11,수원시 권선구,권선1동,여,60대 이상,음료/식품,20,428280,2026-01-20,21414,공공데이터포털_경기도 수원시_지역화폐 결제 정보_20260120
2025-11,수원시 권선구,권선1동,여,60대 이상,일반/휴게 음식,6,103300,2026-01-20,17217,공공데이터포털_경기도 수원시_지역화폐 결제 정보_20260120
2025-11,수원시 권선구,권선1동,여,60대 이상,일반유통,3,27700,2026-01-20,9233,공공데이터포털_경기도 수원시_지역화폐 결제 정보_20260120
2025-11,수원시 권선구,권선2동,남,10대,레저/스포츠 서비스,6,16300,2026-01-20,2717,공공데이터포털_경기도 수원시_지역화폐 결제 정보_20260120
2025-11,수원시 권선구,권선2동,남,10대,미용/위생,13,83855,2026-01-20,6450,공공데이터포털_경기도 수원시_지역화폐 결제 정보_20260120
2025-11,수원시 권선구,권선2동,남,10대,서적/문구/학습자재,9,3498,2026-01-20,389,공공데이터포털_경기도 수원시_지역화폐 결제 정보_20260120
2025-11,수원시 권선구,권선2동,남,10대,신변잡화,1,1162,2026-01-20,1162,공공데이터포털_경기도 수원시_지역화폐 결제 정보_20260120
2025-11,수원시 권선구,권선2동,남,10대,약국,1,2479,2026-01-20,2479,공공데이터포털_경기도 수원시_지역화폐 결제 정보_20260120
2025-11,수원시 권선구,권선2동,남,10대,용역서비스,4,34809,2026-01-20,8702,공공데이터포털_경기도 수원시_지역화폐 결제 정보_20260120
2025-11,수원시 권선구,권선2동,남,10대,음료/식품,43,78600,2026-01-20,1828,공공데이터포털_경기도 수원시_지역화폐 결제 정보_20260120
2025-11,수원시 권선구,권선2동,남,10대,의원,1,3016,2026-01-20,3016,공공데이터포털_경기도 수원시_지역화폐 결제 정보_20260120
2025-11,수원시 권선구,권선2동,남,10대,일반/휴게 음식,55,301936,2026-01-20,5490,공공데이터포털_경기도 수원시_지역화폐 결제 정보_20260120
2025-11,수원시 권선구,권선2동,남,10대,일반유통,63,133813,2026-01-20,2124,공공데이터포털_경기도 수원시_지역화폐 결제 정보_20260120
2025-11,수원시 권선구,권선2동,남,10대,학원,24,772988,2026-01-20,32208,공공데이터포털_경기도 수원시_지역화폐 결제 정보_20260120
2025-11,수원시 권선구,권선2동,남,20대,가구,2,16656,2026-01-20,8328,공공데이터포털_경기도 수원시_지역화폐 결제 정보_20260120
2025-11,수원시 권선구,권선2동,남,20대,기타의료,7,575426,2026-01-20,82204,공공데이터포털_경기도 수원시_지역화폐 결제 정보_20260120
2025-11,수원시 권선구,권선2동,남,20대,레저/문화 용품,1,724,2026-01-20,724,공공데이터포털_경기도 수원시_지역화폐 결제 정보_20260120
2025-11,수원시 권선구,권선2동,남,20대,레저/스포츠 서비스,107,312675,2026-01-20,2922,공공데이터포털_경기도 수원시_지역화폐 결제 정보_20260120
2025-11,수원시 권선구,권선2동,남,20대,문화/취미,5,56975,2026-01-20,11395,공공데이터포털_경기도 수원시_지역화폐 결제 정보_20260120
2025-11,수원시 권선구,권선2동,남,20대,미용/위생,60,1096133,2026-01-20,18269,공공데이터포털_경기도 수원시_지역화폐 결제 정보_20260120
2025-11,수원시 권선구,권선2동,남,20대,병원,2,4465,2026-01-20,2232,공공데이터포털_경기도 수원시_지역화폐 결제 정보_20260120
2025-11,수원시 권선구,권선2동,남,20대,서적/문구/학습자재,6,23300,2026-01-20,3883,공공데이터포털_경기도 수원시_지역화폐 결제 정보_20260120
2025-11,수원시 권선구,권선2동,남,20대,신변잡화,1,2000,2026-01-20,2000,공공데이터포털_경기도 수원시_지역화폐 결제 정보_20260120
2025-11,수원시 권선구,권선2동,남,20대,약국,26,99750,2026-01-20,3837,공공데이터포털_경기도 수원시_지역화폐 결제 정보_20260120
2025-11,수원시 권선구,권선2동,남,20대,용역서비스,18,427716,2026-01-20,23762,공공데이터포털_경기도 수원시_지역화폐 결제 정보_20260120
2025-11,수원시 권선구,권선2동,남,20대,음료/식품,178,1513629,2026-01-20,8504,공공데이터포털_경기도 수원시_지역화폐 결제 정보_20260120
2025-11,수원시 권선구,권선2동,남,20대,의류,4,316758,2026-01-20,79190,공공데이터포털_경기도 수원시_지역화폐 결제 정보_20260120
2025-11,수원시 권선구,권선2동,남,20대,의원,41,568300,2026-01-20,13861,공공데이터포털_경기도 수원시_지역화폐 결제 정보_20260120
2025-11,수원시 권선구,권선2동,남,20대,일반/휴게 음식,561,5240884,2026-01-20,9342,공공데이터포털_경기도 수원시_지역화폐 결제 정보_20260120
2025-11,수원시 권선구,권선2동,남,20대,일반유통,353,1576086,2026-01-20,4465,공공데이터포털_경기도 수원시_지역화폐 결제 정보_20260120
2025-11,수원시 권선구,권선2동,남,20대,자동차판매,2,50000,2026-01-20,25000,공공데이터포털_경기도 수원시_지역화폐 결제 정보_20260120
2025-11,수원시 권선구,권선2동,남,20대,주방용품,1,933,2026-01-20,933,공공데이터포털_경기도 수원시_지역화폐 결제 정보_20260120
2025-11,수원시 권선구,권선2동,남,20대,주유/충전소,5,38152,2026-01-20,7630,공공데이터포털_경기도 수원시_지역화폐 결제 정보_20260120
2025-11,수원시 권선구,권선2동,남,20대,학원,14,787916,2026-01-20,56280,공공데이터포털_경기도 수원시_지역화폐 결제 정보_20260120
2025-11,수원시 권선구,권선2동,남,30대,건축자재,1,14701,2026-01-20,14701,공공데이터포털_경기도 수원시_지역화폐 결제 정보_20260120
2025-11,수원시 권선구,권선2동,남,30대,기타의료,13,102015,2026-01-20,7847,공공데이터포털_경기도 수원시_지역화폐 결제 정보_20260120
2025-11,수원시 권선구,권선2동,남,30대,레저/문화 용품,2,75928,2026-01-20,37964,공공데이터포털_경기도 수원시_지역화폐 결제 정보_20260120
2025-11,수원시 권선구,권선2동,남,30대,레저/스포츠 서비스,50,349675,2026-01-20,6994,공공데이터포털_경기도 수원시_지역화폐 결제 정보_20260120
2025-11,수원시 권선구,권선2동,남,30대,문화/취미,12,192540,2026-01-20,16045,공공데이터포털_경기도 수원시_지역화폐 결제 정보_20260120
2025-11,수원시 권선구,권선2동,남,30대,미용/위생,107,645268,2026-01-20,6031,공공데이터포털_경기도 수원시_지역화폐 결제 정보_20260120
2025-11,수원시 권선구,권선2동,남,30대,병원,5,9005,2026-01-20,1801,공공데이터포털_경기도 수원시_지역화폐 결제 정보_20260120
2025-11,수원시 권선구,권선2동,남,30대,서적/문구/학습자재,11,22292,2026-01-20,2027,공공데이터포털_경기도 수원시_지역화폐 결제 정보_20260120
2025-11,수원시 권선구,권선2동,남,30대,약국,108,363923,2026-01-20,3370,공공데이터포털_경기도 수원시_지역화폐 결제 정보_20260120
2025-11,수원시 권선구,권선2동,남,30대,용역서비스,45,276950,2026-01-20,6154,공공데이터포털_경기도 수원시_지역화폐 결제 정보_20260120
2025-11,수원시 권선구,권선2동,남,30대,음료/식품,374,1551141,2026-01-20,4147,공공데이터포털_경기도 수원시_지역화폐 결제 정보_20260120
2025-11,수원시 권선구,권선2동,남,30대,의류,147,8098002,2026-01-20,55088,공공데이터포털_경기도 수원시_지역화폐 결제 정보_20260120
2025-11,수원시 권선구,권선2동,남,30대,의원,109,1600988,2026-01-20,14688,공공데이터포털_경기도 수원시_지역화폐 결제 정보_20260120
2025-11,수원시 권선구,권선2동,남,30대,일반/휴게 음식,1414,5676891,2026-01-20,4015,공공데이터포털_경기도 수원시_지역화폐 결제 정보_20260120
2025-11,수원시 권선구,권선2동,남,30대,일반유통,749,1746174,2026-01-20,2331,공공데이터포털_경기도 수원시_지역화폐 결제 정보_20260120
2025-11,수원시 권선구,권선2동,남,30대,자동차 정비/유지,5,63863,2026-01-20,12773,공공데이터포털_경기도 수원시_지역화폐 결제 정보_20260120
2025-11,수원시 권선구,권선2동,남,30대,자동차판매,3,253357,2026-01-20,84452,공공데이터포털_경기도 수원시_지역화폐 결제 정보_20260120
2025-11,수원시 권선구,권선2동,남,30대,주방용품,1,3500,2026-01-20,3500,공공데이터포털_경기도 수원시_지역화폐 결제 정보_20260120
2025-11,수원시 권선구,권선2동,남,30대,주유/충전소,3,18245,2026-01-20,6082,공공데이터포털_경기도 수원시_지역화폐 결제 정보_20260120
2025-11,수원시 권선구,권선2동,남,30대,학원,44,1292141,2026-01-20,29367,공공데이터포털_경기도 수원시_지역화폐 결제 정보_20260120
2025-11,수원시 권선구,권선2동,남,40대,가구,2,7850,2026-01-20,3925,공공데이터포털_경기도 수원시_지역화폐 결제 정보_20260120
2025-11,수원시 권선구,권선2동,남,40대,기타의료,25,167667,2026-01-20,6707,공공데이터포털_경기도 수원시_지역화폐 결제 정보_20260120
2025-11,수원시 권선구,권선2동,남,40대,레저/스포츠 서비스,53,438143,2026-01-20,8267,공공데이터포털_경기도 수원시_지역화폐 결제 정보_20260120
2025-11,수원시 권선구,권선2동,남,40대,문화/취미,17,209304,2026-01-20,12312,공공데이터포털_경기도 수원시_지역화폐 결제 정보_20260120
2025-11,수원시 권선구,권선2동,남,40대,미용/위생,250,2010688,2026-01-20,8043,공공데이터포털_경기도 수원시_지역화폐 결제 정보_20260120
2025-11,수원시 권선구,권선2동,남,40대,병원,5,18299,2026-01-20,3660,공공데이터포털_경기도 수원시_지역화폐 결제 정보_20260120
2025-11,수원시 권선구,권선2동,남,40대,서적/문구/학습자재,36,39034,2026-01-20,1084,공공데이터포털_경기도 수원시_지역화폐 결제 정보_20260120
2025-11,수원시 권선구,권선2동,남,40대,신변잡화,1,1406,2026-01-20,1406,공공데이터포털_경기도 수원시_지역화폐 결제 정보_20260120
2025-11,수원시 권선구,권선2동,남,40대,약국,228,561063,2026-01-20,2461,공공데이터포털_경기도 수원시_지역화폐 결제 정보_20260120
2025-11,수원시 권선구,권선2동,남,40대,용역서비스,69,327404,2026-01-20,4745,공공데이터포털_경기도 수원시_지역화폐 결제 정보_20260120
2025-11,수원시 권선구,권선2동,남,40대,음료/식품,778,2933153,2026-01-20,3770,공공데이터포털_경기도 수원시_지역화폐 결제 정보_20260120
2025-11,수원시 권선구,권선2동,남,40대,의류,25,1902984,2026-01-20,76119,공공데이터포털_경기도 수원시_지역화폐 결제 정보_20260120
2025-11,수원시 권선구,권선2동,남,40대,의원,259,1732637,2026-01-20,6690,공공데이터포털_경기도 수원시_지역화폐 결제 정보_20260120
2025-11,수원시 권선구,권선2동,남,40대,일반/휴게 음식,2056,8857375,2026-01-20,4308,공공데이터포털_경기도 수원시_지역화폐 결제 정보_20260120
2025-11,수원시 권선구,권선2동,남,40대,일반유통,1189,2940657,2026-01-20,2473,공공데이터포털_경기도 수원시_지역화폐 결제 정보_20260120
2025-11,수원시 권선구,권선2동,남,40대,자동차 정비/유지,7,110820,2026-01-20,15831,공공데이터포털_경기도 수원시_지역화폐 결제 정보_20260120
2025-11,수원시 권선구,권선2동,남,40대,자동차판매,1,16534,2026-01-20,16534,공공데이터포털_경기도 수원시_지역화폐 결제 정보_20260120
2025-11,수원시 권선구,권선2동,남,40대,주방용품,9,171922,2026-01-20,19102,공공데이터포털_경기도 수원시_지역화폐 결제 정보_20260120
2025-11,수원시 권선구,권선2동,남,40대,주유/충전소,4,22263,2026-01-20,5566,공공데이터포털_경기도 수원시_지역화폐 결제 정보_20260120
2025-11,수원시 권선구,권선2동,남,40대,학원,483,17181265,2026-01-20,35572,공공데이터포털_경기도 수원시_지역화폐 결제 정보_20260120
2025-11,수원시 권선구,권선2동,남,50대,가구,4,4684,2026-01-20,1171,공공데이터포털_경기도 수원시_지역화폐 결제 정보_20260120
2025-11,수원시 권선구,권선2동,남,50대,기타의료,17,123112,2026-01-20,7242,공공데이터포털_경기도 수원시_지역화폐 결제 정보_20260120
2025-11,수원시 권선구,권선2동,남,50대,레저/문화 용품,4,11777,2026-01-20,2944,공공데이터포털_경기도 수원시_지역화폐 결제 정보_20260120
2025-11,수원시 권선구,권선2동,남,50대,레저/스포츠 서비스,53,360567,2026-01-20,6803,공공데이터포털_경기도 수원시_지역화폐 결제 정보_20260120
2025-11,수원시 권선구,권선2동,남,50대,문화/취미,5,53371,2026-01-20,10674,공공데이터포털_경기도 수원시_지역화폐 결제 정보_20260120
2025-11,수원시 권선구,권선2동,남,50대,미용/위생,176,1335210,2026-01-20,7586,공공데이터포털_경기도 수원시_지역화폐 결제 정보_20260120
2025-11,수원시 권선구,권선2동,남,50대,병원,4,7824,2026-01-20,1956,공공데이터포털_경기도 수원시_지역화폐 결제 정보_20260120
2025-11,수원시 권선구,권선2동,남,50대,서적/문구/학습자재,14,24513,2026-01-20,1751,공공데이터포털_경기도 수원시_지역화폐 결제 정보_20260120
2025-11,수원시 권선구,권선2동,남,50대,신변잡화,3,14702,2026-01-20,4901,공공데이터포털_경기도 수원시_지역화폐 결제 정보_20260120
2025-11,수원시 권선구,권선2동,남,50대,약국,110,305412,2026-01-20,2776,공공데이터포털_경기도 수원시_지역화폐 결제 정보_20260120
2025-11,수원시 권선구,권선2동,남,50대,용역서비스,92,423508,2026-01-20,4603,공공데이터포털_경기도 수원시_지역화폐 결제 정보_20260120
2025-11,수원시 권선구,권선2동,남,50대,음료/식품,518,2011396,2026-01-20,3883,공공데이터포털_경기도 수원시_지역화폐 결제 정보_20260120
2025-11,수원시 권선구,권선2동,남,50대,의류,4,65257,2026-01-20,16314,공공데이터포털_경기도 수원시_지역화폐 결제 정보_20260120
2025-11,수원시 권선구,권선2동,남,50대,의원,132,1098582,2026-01-20,8323,공공데이터포털_경기도 수원시_지역화폐 결제 정보_20260120
2025-11,수원시 권선구,권선2동,남,50대,일반/휴게 음식,1701,7056363,2026-01-20,4148,공공데이터포털_경기도 수원시_지역화폐 결제 정보_20260120
2025-11,수원시 권선구,권선2동,남,50대,일반유통,912,2517589,2026-01-20,2761,공공데이터포털_경기도 수원시_지역화폐 결제 정보_20260120
2025-11,수원시 권선구,권선2동,남,50대,자동차 정비/유지,7,172687,2026-01-20,24670,공공데이터포털_경기도 수원시_지역화폐 결제 정보_20260120
2025-11,수원시 권선구,권선2동,남,50대,자동차판매,6,17797,2026-01-20,2966,공공데이터포털_경기도 수원시_지역화폐 결제 정보_20260120
2025-11,수원시 권선구,권선2동,남,50대,전자상거래,1,28260,2026-01-20,28260,공공데이터포털_경기도 수원시_지역화폐 결제 정보_20260120
2025-11,수원시 권선구,권선2동,남,50대,주방용품,3,8883,2026-01-20,2961,공공데이터포털_경기도 수원시_지역화폐 결제 정보_20260120
2025-11,수원시 권선구,권선2동,남,50대,주유/충전소,9,36979,2026-01-20,4109,공공데이터포털_경기도 수원시_지역화폐 결제 정보_20260120
2025-11,수원시 권선구,권선2동,남,50대,학원,175,6018104,2026-01-20,34389,공공데이터포털_경기도 수원시_지역화폐 결제 정보_20260120
2025-11,수원시 권선구,권선2동,남,60대 이상,가구,10,31580,2026-01-20,3158,공공데이터포털_경기도 수원시_지역화폐 결제 정보_20260120
2025-11,수원시 권선구,권선2동,남,60대 이상,기타유통,5,181963,2026-01-20,36393,공공데이터포털_경기도 수원시_지역화폐 결제 정보_20260120
2025-11,수원시 권선구,권선2동,남,60대 이상,기타의료,18,407265,2026-01-20,22626,공공데이터포털_경기도 수원시_지역화폐 결제 정보_20260120
2025-11,수원시 권선구,권선2동,남,60대 이상,레저/스포츠 서비스,49,103316,2026-01-20,2108,공공데이터포털_경기도 수원시_지역화폐 결제 정보_20260120
2025-11,수원시 권선구,권선2동,남,60대 이상,문화/취미,7,82254,2026-01-20,11751,공공데이터포털_경기도 수원시_지역화폐 결제 정보_20260120
2025-11,수원시 권선구,권선2동,남,60대 이상,미용/위생,87,652916,2026-01-20,7505,공공데이터포털_경기도 수원시_지역화폐 결제 정보_20260120
2025-11,수원시 권선구,권선2동,남,60대 이상,병원,2,2903,2026-01-20,1452,공공데이터포털_경기도 수원시_지역화폐 결제 정보_20260120
2025-11,수원시 권선구,권선2동,남,60대 이상,서적/문구/학습자재,2,2300,2026-01-20,1150,공공데이터포털_경기도 수원시_지역화폐 결제 정보_20260120
2025-11,수원시 권선구,권선2동,남,60대 이상,약국,158,524831,2026-01-20,3322,공공데이터포털_경기도 수원시_지역화폐 결제 정보_20260120
2025-11,수원시 권선구,권선2동,남,60대 이상,용역서비스,24,97895,2026-01-20,4079,공공데이터포털_경기도 수원시_지역화폐 결제 정보_20260120
2025-11,수원시 권선구,권선2동,남,60대 이상,음료/식품,464,1937099,2026-01-20,4175,공공데이터포털_경기도 수원시_지역화폐 결제 정보_20260120
2025-11,수원시 권선구,권선2동,남,60대 이상,의류,7,263109,2026-01-20,37587,공공데이터포털_경기도 수원시_지역화폐 결제 정보_20260120
2025-11,수원시 권선구,권선2동,남,60대 이상,의원,150,861000,2026-01-20,5740,공공데이터포털_경기도 수원시_지역화폐 결제 정보_20260120
2025-11,수원시 권선구,권선2동,남,60대 이상,일반/휴게 음식,1029,4604304,2026-01-20,4475,공공데이터포털_경기도 수원시_지역화폐 결제 정보_20260120
2025-11,수원시 권선구,권선2동,남,60대 이상,일반유통,504,1064357,2026-01-20,2112,공공데이터포털_경기도 수원시_지역화폐 결제 정보_20260120
2025-11,수원시 권선구,권선2동,남,60대 이상,자동차 정비/유지,2,37661,2026-01-20,18830,공공데이터포털_경기도 수원시_지역화폐 결제 정보_20260120
2025-11,수원시 권선구,권선2동,남,60대 이상,자동차판매,2,8109,2026-01-20,4054,공공데이터포털_경기도 수원시_지역화폐 결제 정보_20260120
2025-11,수원시 권선구,권선2동,남,60대 이상,주방용품,9,132263,2026-01-20,14696,공공데이터포털_경기도 수원시_지역화폐 결제 정보_20260120
2025-11,수원시 권선구,권선2동,남,60대 이상,주유/충전소,12,80534,2026-01-20,6711,공공데이터포털_경기도 수원시_지역화폐 결제 정보_20260120
2025-11,수원시 권선구,권선2동,남,60대 이상,직물/침구류,1,42000,2026-01-20,42000,공공데이터포털_경기도 수원시_지역화폐 결제 정보_20260120
2025-11,수원시 권선구,권선2동,남,60대 이상,학원,13,416122,2026-01-20,32009,공공데이터포털_경기도 수원시_지역화폐 결제 정보_20260120
2025-11,수원시 권선구,권선2동,여,10대,기타의료,2,15313,2026-01-20,7656,공공데이터포털_경기도 수원시_지역화폐 결제 정보_20260120
2025-11,수원시 권선구,권선2동,여,10대,레저/스포츠 서비스,5,7996,2026-01-20,1599,공공데이터포털_경기도 수원시_지역화폐 결제 정보_20260120
2025-11,수원시 권선구,권선2동,여,10대,미용/위생,3,53932,2026-01-20,17977,공공데이터포털_경기도 수원시_지역화폐 결제 정보_20260120
2025-11,수원시 권선구,권선2동,여,10대,서적/문구/학습자재,3,27573,2026-01-20,9191,공공데이터포털_경기도 수원시_지역화폐 결제 정보_20260120
2025-11,수원시 권선구,권선2동,여,10대,약국,2,3187,2026-01-20,1594,공공데이터포털_경기도 수원시_지역화폐 결제 정보_20260120
2025-11,수원시 권선구,권선2동,여,10대,음료/식품,36,52349,2026-01-20,1454,공공데이터포털_경기도 수원시_지역화폐 결제 정보_20260120
2025-11,수원시 권선구,권선2동,여,10대,의원,5,103009,2026-01-20,20602,공공데이터포털_경기도 수원시_지역화폐 결제 정보_20260120
2025-11,수원시 권선구,권선2동,여,10대,일반/휴게 음식,74,355612,2026-01-20,4806,공공데이터포털_경기도 수원시_지역화폐 결제 정보_20260120
2025-11,수원시 권선구,권선2동,여,10대,일반유통,58,163608,2026-01-20,2821,공공데이터포털_경기도 수원시_지역화폐 결제 정보_20260120
2025-11,수원시 권선구,권선2동,여,10대,주유/충전소,1,6546,2026-01-20,6546,공공데이터포털_경기도 수원시_지역화폐 결제 정보_20260120
2025-11,수원시 권선구,권선2동,여,10대,학원,14,479290,2026-01-20,34235,공공데이터포털_경기도 수원시_지역화폐 결제 정보_20260120
2025-11,수원시 권선구,권선2동,여,20대,기타의료,5,167927,2026-01-20,33585,공공데이터포털_경기도 수원시_지역화폐 결제 정보_20260120
2025-11,수원시 권선구,권선2동,여,20대,레저/문화 용품,1,11028,2026-01-20,11028,공공데이터포털_경기도 수원시_지역화폐 결제 정보_20260120
2025-11,수원시 권선구,권선2동,여,20대,레저/스포츠 서비스,45,558742,2026-01-20,12416,공공데이터포털_경기도 수원시_지역화폐 결제 정보_20260120
2025-11,수원시 권선구,권선2동,여,20대,문화/취미,4,116185,2026-01-20,29046,공공데이터포털_경기도 수원시_지역화폐 결제 정보_20260120
2025-11,수원시 권선구,권선2동,여,20대,미용/위생,51,1225357,2026-01-20,24027,공공데이터포털_경기도 수원시_지역화폐 결제 정보_20260120
2025-11,수원시 권선구,권선2동,여,20대,서적/문구/학습자재,5,5973,2026-01-20,1195,공공데이터포털_경기도 수원시_지역화폐 결제 정보_20260120
2025-11,수원시 권선구,권선2동,여,20대,약국,45,255052,2026-01-20,5668,공공데이터포털_경기도 수원시_지역화폐 결제 정보_20260120
2025-11,수원시 권선구,권선2동,여,20대,용역서비스,31,599134,2026-01-20,19327,공공데이터포털_경기도 수원시_지역화폐 결제 정보_20260120
2025-11,수원시 권선구,권선2동,여,20대,음료/식품,240,1065193,2026-01-20,4438,공공데이터포털_경기도 수원시_지역화폐 결제 정보_20260120
2025-11,수원시 권선구,권선2동,여,20대,의류,6,219658,2026-01-20,36610,공공데이터포털_경기도 수원시_지역화폐 결제 정보_20260120
2025-11,수원시 권선구,권선2동,여,20대,의원,45,772740,2026-01-20,17172,공공데이터포털_경기도 수원시_지역화폐 결제 정보_20260120
2025-11,수원시 권선구,권선2동,여,20대,일반/휴게 음식,1011,7283835,2026-01-20,7205,공공데이터포털_경기도 수원시_지역화폐 결제 정보_20260120
2025-11,수원시 권선구,권선2동,여,20대,일반유통,343,1561245,2026-01-20,4552,공공데이터포털_경기도 수원시_지역화폐 결제 정보_20260120
2025-11,수원시 권선구,권선2동,여,20대,주유/충전소,1,5967,2026-01-20,5967,공공데이터포털_경기도 수원시_지역화폐 결제 정보_20260120
2025-11,수원시 권선구,권선2동,여,20대,학원,10,234131,2026-01-20,23413,공공데이터포털_경기도 수원시_지역화폐 결제 정보_20260120
2025-11,수원시 권선구,권선2동,여,30대,가구,3,12482,2026-01-20,4161,공공데이터포털_경기도 수원시_지역화폐 결제 정보_20260120
2025-11,수원시 권선구,권선2동,여,30대,기타유통,3,60000,2026-01-20,20000,공공데이터포털_경기도 수원시_지역화폐 결제 정보_20260120
2025-11,수원시 권선구,권선2동,여,30대,기타의료,18,615959,2026-01-20,34220,공공데이터포털_경기도 수원시_지역화폐 결제 정보_20260120
2025-11,수원시 권선구,권선2동,여,30대,레저/스포츠 서비스,52,831914,2026-01-20,15998,공공데이터포털_경기도 수원시_지역화폐 결제 정보_20260120
2025-11,수원시 권선구,권선2동,여,30대,문화/취미,16,339979,2026-01-20,21249,공공데이터포털_경기도 수원시_지역화폐 결제 정보_20260120
2025-11,수원시 권선구,권선2동,여,30대,미용/위생,155,2049931,2026-01-20,13225,공공데이터포털_경기도 수원시_지역화폐 결제 정보_20260120
2025-11,수원시 권선구,권선2동,여,30대,병원,1,571,2026-01-20,571,공공데이터포털_경기도 수원시_지역화폐 결제 정보_20260120
2025-11,수원시 권선구,권선2동,여,30대,서적/문구/학습자재,24,32063,2026-01-20,1336,공공데이터포털_경기도 수원시_지역화폐 결제 정보_20260120
2025-11,수원시 권선구,권선2동,여,30대,신변잡화,4,2319,2026-01-20,580,공공데이터포털_경기도 수원시_지역화폐 결제 정보_20260120
2025-11,수원시 권선구,권선2동,여,30대,약국,254,646167,2026-01-20,2544,공공데이터포털_경기도 수원시_지역화폐 결제 정보_20260120
2025-11,수원시 권선구,권선2동,여,30대,용역서비스,53,268604,2026-01-20,5068,공공데이터포털_경기도 수원시_지역화폐 결제 정보_20260120
2025-11,수원시 권선구,권선2동,여,30대,음료/식품,691,3239018,2026-01-20,4687,공공데이터포털_경기도 수원시_지역화폐 결제 정보_20260120
2025-11,수원시 권선구,권선2동,여,30대,의류,165,17393022,2026-01-20,105412,공공데이터포털_경기도 수원시_지역화폐 결제 정보_20260120
2025-11,수원시 권선구,권선2동,여,30대,의원,282,1816559,2026-01-20,6442,공공데이터포털_경기도 수원시_지역화폐 결제 정보_20260120
2025-11,수원시 권선구,권선2동,여,30대,일반/휴게 음식,2201,8405735,2026-01-20,3819,공공데이터포털_경기도 수원시_지역화폐 결제 정보_20260120
2025-11,수원시 권선구,권선2동,여,30대,일반유통,955,2436420,2026-01-20,2551,공공데이터포털_경기도 수원시_지역화폐 결제 정보_20260120
2025-11,수원시 권선구,권선2동,여,30대,자동차 정비/유지,2,135969,2026-01-20,67984,공공데이터포털_경기도 수원시_지역화폐 결제 정보_20260120
2025-11,수원시 권선구,권선2동,여,30대,주방용품,6,34723,2026-01-20,5787,공공데이터포털_경기도 수원시_지역화폐 결제 정보_20260120
2025-11,수원시 권선구,권선2동,여,30대,직물/침구류,1,3340,2026-01-20,3340,공공데이터포털_경기도 수원시_지역화폐 결제 정보_20260120
2025-11,수원시 권선구,권선2동,여,30대,학원,132,3913531,2026-01-20,29648,공공데이터포털_경기도 수원시_지역화폐 결제 정보_20260120
2025-11,수원시 권선구,권선2동,여,40대,기타의료,24,299143,2026-01-20,12464,공공데이터포털_경기도 수원시_지역화폐 결제 정보_20260120
2025-11,수원시 권선구,권선2동,여,40대,레저/문화 용품,2,51450,2026-01-20,25725,공공데이터포털_경기도 수원시_지역화폐 결제 정보_20260120
2025-11,수원시 권선구,권선2동,여,40대,레저/스포츠 서비스,54,630290,2026-01-20,11672,공공데이터포털_경기도 수원시_지역화폐 결제 정보_20260120
2025-11,수원시 권선구,권선2동,여,40대,문화/취미,17,112181,2026-01-20,6599,공공데이터포털_경기도 수원시_지역화폐 결제 정보_20260120
2025-11,수원시 권선구,권선2동,여,40대,미용/위생,314,4186345,2026-01-20,13332,공공데이터포털_경기도 수원시_지역화폐 결제 정보_20260120
2025-11,수원시 권선구,권선2동,여,40대,병원,3,2514,2026-01-20,838,공공데이터포털_경기도 수원시_지역화폐 결제 정보_20260120
2025-11,수원시 권선구,권선2동,여,40대,서적/문구/학습자재,105,71560,2026-01-20,682,공공데이터포털_경기도 수원시_지역화폐 결제 정보_20260120
2025-11,수원시 권선구,권선2동,여,40대,신변잡화,8,10223,2026-01-20,1278,공공데이터포털_경기도 수원시_지역화폐 결제 정보_20260120
2025-11,수원시 권선구,권선2동,여,40대,약국,372,744425,2026-01-20,2001,공공데이터포털_경기도 수원시_지역화폐 결제 정보_20260120
2025-11,수원시 권선구,권선2동,여,40대,용역서비스,161,790812,2026-01-20,4912,공공데이터포털_경기도 수원시_지역화폐 결제 정보_20260120
2025-11,수원시 권선구,권선2동,여,40대,음료/식품,1504,5306918,2026-01-20,3529,공공데이터포털_경기도 수원시_지역화폐 결제 정보_20260120
2025-11,수원시 권선구,권선2동,여,40대,의류,17,1540104,2026-01-20,90594,공공데이터포털_경기도 수원시_지역화폐 결제 정보_20260120
2025-11,수원시 권선구,권선2동,여,40대,의원,478,2857535,2026-01-20,5978,공공데이터포털_경기도 수원시_지역화폐 결제 정보_20260120
2025-11,수원시 권선구,권선2동,여,40대,일반/휴게 음식,3740,12919996,2026-01-20,3455,공공데이터포털_경기도 수원시_지역화폐 결제 정보_20260120
2025-11,수원시 권선구,권선2동,여,40대,일반유통,1665,4285207,2026-01-20,2574,공공데이터포털_경기도 수원시_지역화폐 결제 정보_20260120
2025-11,수원시 권선구,권선2동,여,40대,자동차 정비/유지,3,48731,2026-01-20,16244,공공데이터포털_경기도 수원시_지역화폐 결제 정보_20260120
2025-11,수원시 권선구,권선2동,여,40대,자동차판매,7,21942,2026-01-20,3135,공공데이터포털_경기도 수원시_지역화폐 결제 정보_20260120
2025-11,수원시 권선구,권선2동,여,40대,주유/충전소,2,28260,2026-01-20,14130,공공데이터포털_경기도 수원시_지역화폐 결제 정보_20260120
2025-11,수원시 권선구,권선2동,여,40대,직물/침구류,1,1876,2026-01-20,1876,공공데이터포털_경기도 수원시_지역화폐 결제 정보_20260120
2025-11,수원시 권선구,권선2동,여,40대,학원,727,22956464,2026-01-20,31577,공공데이터포털_경기도 수원시_지역화폐 결제 정보_20260120
2025-11,수원시 권선구,권선2동,여,50대,가구,11,38922,2026-01-20,3538,공공데이터포털_경기도 수원시_지역화폐 결제 정보_20260120
2025-11,수원시 권선구,권선2동,여,50대,기타의료,48,519177,2026-01-20,10816,공공데이터포털_경기도 수원시_지역화폐 결제 정보_20260120
2025-11,수원시 권선구,권선2동,여,50대,레저/문화 용품,5,32016,2026-01-20,6403,공공데이터포털_경기도 수원시_지역화폐 결제 정보_20260120
2025-11,수원시 권선구,권선2동,여,50대,레저/스포츠 서비스,30,373929,2026-01-20,12464,공공데이터포털_경기도 수원시_지역화폐 결제 정보_20260120
2025-11,수원시 권선구,권선2동,여,50대,문화/취미,14,201331,2026-01-20,14381,공공데이터포털_경기도 수원시_지역화폐 결제 정보_20260120
2025-11,수원시 권선구,권선2동,여,50대,미용/위생,228,3195934,2026-01-20,14017,공공데이터포털_경기도 수원시_지역화폐 결제 정보_20260120
2025-11,수원시 권선구,권선2동,여,50대,병원,9,13200,2026-01-20,1467,공공데이터포털_경기도 수원시_지역화폐 결제 정보_20260120
2025-11,수원시 권선구,권선2동,여,50대,사무/통신,1,498,2026-01-20,498,공공데이터포털_경기도 수원시_지역화폐 결제 정보_20260120
2025-11,수원시 권선구,권선2동,여,50대,서적/문구/학습자재,12,77461,2026-01-20,6455,공공데이터포털_경기도 수원시_지역화폐 결제 정보_20260120
2025-11,수원시 권선구,권선2동,여,50대,신변잡화,1,2209,2026-01-20,2209,공공데이터포털_경기도 수원시_지역화폐 결제 정보_20260120
2025-11,수원시 권선구,권선2동,여,50대,약국,236,544000,2026-01-20,2305,공공데이터포털_경기도 수원시_지역화폐 결제 정보_20260120
2025-11,수원시 권선구,권선2동,여,50대,용역서비스,132,841580,2026-01-20,6376,공공데이터포털_경기도 수원시_지역화폐 결제 정보_20260120
2025-11,수원시 권선구,권선2동,여,50대,음료/식품,970,3999824,2026-01-20,4124,공공데이터포털_경기도 수원시_지역화폐 결제 정보_20260120
2025-11,수원시 권선구,권선2동,여,50대,의류,13,197037,2026-01-20,15157,공공데이터포털_경기도 수원시_지역화폐 결제 정보_20260120
2025-11,수원시 권선구,권선2동,여,50대,의원,232,1737875,2026-01-20,7491,공공데이터포털_경기도 수원시_지역화폐 결제 정보_20260120
2025-11,수원시 권선구,권선2동,여,50대,일반/휴게 음식,2430,9504338,2026-01-20,3911,공공데이터포털_경기도 수원시_지역화폐 결제 정보_20260120
2025-11,수원시 권선구,권선2동,여,50대,일반유통,934,2350959,2026-01-20,2517,공공데이터포털_경기도 수원시_지역화폐 결제 정보_20260120
2025-11,수원시 권선구,권선2동,여,50대,자동차 정비/유지,2,58732,2026-01-20,29366,공공데이터포털_경기도 수원시_지역화폐 결제 정보_20260120
2025-11,수원시 권선구,권선2동,여,50대,자동차판매,1,7694,2026-01-20,7694,공공데이터포털_경기도 수원시_지역화폐 결제 정보_20260120
2025-11,수원시 권선구,권선2동,여,50대,주방용품,13,33031,2026-01-20,2541,공공데이터포털_경기도 수원시_지역화폐 결제 정보_20260120
2025-11,수원시 권선구,권선2동,여,50대,주유/충전소,5,22958,2026-01-20,4592,공공데이터포털_경기도 수원시_지역화폐 결제 정보_20260120
2025-11,수원시 권선구,권선2동,여,50대,직물/침구류,5,154340,2026-01-20,30868,공공데이터포털_경기도 수원시_지역화폐 결제 정보_20260120
2025-11,수원시 권선구,권선2동,여,50대,학원,95,3091377,2026-01-20,32541,공공데이터포털_경기도 수원시_지역화폐 결제 정보_20260120
2025-11,수원시 권선구,권선2동,여,60대 이상,가구,15,139473,2026-01-20,9298,공공데이터포털_경기도 수원시_지역화폐 결제 정보_20260120
2025-11,수원시 권선구,권선2동,여,60대 이상,기타유통,2,47933,2026-01-20,23966,공공데이터포털_경기도 수원시_지역화폐 결제 정보_20260120
2025-11,수원시 권선구,권선2동,여,60대 이상,기타의료,40,267044,2026-01-20,6676,공공데이터포털_경기도 수원시_지역화폐 결제 정보_20260120
2025-11,수원시 권선구,권선2동,여,60대 이상,레저/문화 용품,2,4834,2026-01-20,2417,공공데이터포털_경기도 수원시_지역화폐 결제 정보_20260120
2025-11,수원시 권선구,권선2동,여,60대 이상,레저/스포츠 서비스,7,59336,2026-01-20,8477,공공데이터포털_경기도 수원시_지역화폐 결제 정보_20260120
2025-11,수원시 권선구,권선2동,여,60대 이상,문화/취미,4,21553,2026-01-20,5388,공공데이터포털_경기도 수원시_지역화폐 결제 정보_20260120
2025-11,수원시 권선구,권선2동,여,60대 이상,미용/위생,191,2380603,2026-01-20,12464,공공데이터포털_경기도 수원시_지역화폐 결제 정보_20260120
2025-11,수원시 권선구,권선2동,여,60대 이상,병원,11,27725,2026-01-20,2520,공공데이터포털_경기도 수원시_지역화폐 결제 정보_20260120
2025-11,수원시 권선구,권선2동,여,60대 이상,서적/문구/학습자재,6,5760,2026-01-20,960,공공데이터포털_경기도 수원시_지역화폐 결제 정보_20260120
2025-11,수원시 권선구,권선2동,여,60대 이상,약국,198,662919,2026-01-20,3348,공공데이터포털_경기도 수원시_지역화폐 결제 정보_20260120
2025-11,수원시 권선구,권선2동,여,60대 이상,용역서비스,51,319545,2026-01-20,6266,공공데이터포털_경기도 수원시_지역화폐 결제 정보_20260120
2025-11,수원시 권선구,권선2동,여,60대 이상,음료/식품,915,4215906,2026-01-20,4608,공공데이터포털_경기도 수원시_지역화폐 결제 정보_20260120
2025-11,수원시 권선구,권선2동,여,60대 이상,의류,27,372121,2026-01-20,13782,공공데이터포털_경기도 수원시_지역화폐 결제 정보_20260120
2025-11,수원시 권선구,권선2동,여,60대 이상,의원,199,1412939,2026-01-20,7100,공공데이터포털_경기도 수원시_지역화폐 결제 정보_20260120
2025-11,수원시 권선구,권선2동,여,60대 이상,일반/휴게 음식,1182,4238039,2026-01-20,3585,공공데이터포털_경기도 수원시_지역화폐 결제 정보_20260120
2025-11,수원시 권선구,권선2동,여,60대 이상,일반유통,440,1222819,2026-01-20,2779,공공데이터포털_경기도 수원시_지역화폐 결제 정보_20260120
2025-11,수원시 권선구,권선2동,여,60대 이상,자동차 정비/유지,1,75824,2026-01-20,75824,공공데이터포털_경기도 수원시_지역화폐 결제 정보_20260120
2025-11,수원시 권선구,권선2동,여,60대 이상,자동차판매,1,5000,2026-01-20,5000,공공데이터포털_경기도 수원시_지역화폐 결제 정보_20260120
2025-11,수원시 권선구,권선2동,여,60대 이상,주방용품,22,193542,2026-01-20,8797,공공데이터포털_경기도 수원시_지역화폐 결제 정보_20260120
2025-11,수원시 권선구,권선2동,여,60대 이상,주유/충전소,3,55987,2026-01-20,18662,공공데이터포털_경기도 수원시_지역화폐 결제 정보_20260120
2025-11,수원시 권선구,권선2동,여,60대 이상,직물/침구류,4,78086,2026-01-20,19522,공공데이터포털_경기도 수원시_지역화폐 결제 정보_20260120
2025-11,수원시 권선구,권선2동,여,60대 이상,학원,29,1150136,2026-01-20,39660,공공데이터포털_경기도 수원시_지역화폐 결제 정보_20260120
2025-11,수원시 권선구,권선2동,여,60대 이상,회원정보미상,9,241840,2026-01-20,26871,공공데이터포털_경기도 수원시_지역화폐 결제 정보_20260120
2025-11,수원시 권선구,권선2동,여,60대 이상,회원정보미상,9,241840,2026-01-20,26871,공공데이터포털_경기도 수원시_지역화폐 결제 정보_20260120
2025-11,수원시 권선구,권선2동,여,60대 이상,기타의료,1,36330,2026-01-20,36330,공공데이터포털_경기도 수원시_지역화폐 결제 정보_20260120
2025-11,수원시 권선구,권선2동,여,60대 이상,미용/위생,1,35000,2026-01-20,35000,공공데이터포털_경기도 수원시_지역화폐 결제 정보_20260120
2025-11,수원시 권선구,권선2동,여,60대 이상,용역서비스,1,14700,2026-01-20,14700,공공데이터포털_경기도 수원시_지역화폐 결제 정보_20260120
2025-11,수원시 권선구,권선2동,여,60대 이상,음료/식품,1,9960,2026-01-20,9960,공공데이터포털_경기도 수원시_지역화폐 결제 정보_20260120
2025-11,수원시 권선구,권선2동,여,60대 이상,의류,3,92900,2026-01-20,30967,공공데이터포털_경기도 수원시_지역화폐 결제 정보_20260120
2025-11,수원시 권선구,권선2동,여,60대 이상,일반/휴게 음식,2,52950,2026-01-20,26475,공공데이터포털_경기도 수원시_지역화폐 결제 정보_20260120
2025-11,수원시 권선구,금곡동,남,10대,레저/스포츠 서비스,12,33867,2026-01-20,2822,공공데이터포털_경기도 수원시_지역화폐 결제 정보_20260120
2025-11,수원시 권선구,금곡동,남,10대,미용/위생,3,19502,2026-01-20,6501,공공데이터포털_경기도 수원시_지역화폐 결제 정보_20260120
2025-11,수원시 권선구,금곡동,남,10대,서적/문구/학습자재,3,1663,2026-01-20,554,공공데이터포털_경기도 수원시_지역화폐 결제 정보_20260120
2025-11,수원시 권선구,금곡동,남,10대,약국,2,3196,2026-01-20,1598,공공데이터포털_경기도 수원시_지역화폐 결제 정보_20260120
2025-11,수원시 권선구,금곡동,남,10대,음료/식품,43,163250,2026-01-20,3797,공공데이터포털_경기도 수원시_지역화폐 결제 정보_20260120
2025-11,수원시 권선구,금곡동,남,10대,의류,1,3436,2026-01-20,3436,공공데이터포털_경기도 수원시_지역화폐 결제 정보_20260120
2025-11,수원시 권선구,금곡동,남,10대,의원,3,61221,2026-01-20,20407,공공데이터포털_경기도 수원시_지역화폐 결제 정보_20260120
2025-11,수원시 권선구,금곡동,남,10대,일반/휴게 음식,83,446503,2026-01-20,5380,공공데이터포털_경기도 수원시_지역화폐 결제 정보_20260120
2025-11,수원시 권선구,금곡동,남,10대,일반유통,74,182869,2026-01-20,2471,공공데이터포털_경기도 수원시_지역화폐 결제 정보_20260120
2025-11,수원시 권선구,금곡동,남,10대,학원,6,119696,2026-01-20,19949,공공데이터포털_경기도 수원시_지역화폐 결제 정보_20260120
2025-11,수원시 권선구,금곡동,남,20대,기타의료,1,2133,2026-01-20,2133,공공데이터포털_경기도 수원시_지역화폐 결제 정보_20260120
2025-11,수원시 권선구,금곡동,남,20대,레저/스포츠 서비스,164,647309,2026-01-20,3947,공공데이터포털_경기도 수원시_지역화폐 결제 정보_20260120
2025-11,수원시 권선구,금곡동,남,20대,문화/취미,42,384349,2026-01-20,9151,공공데이터포털_경기도 수원시_지역화폐 결제 정보_20260120
2025-11,수원시 권선구,금곡동,남,20대,미용/위생,54,1675259,2026-01-20,31023,공공데이터포털_경기도 수원시_지역화폐 결제 정보_20260120
2025-11,수원시 권선구,금곡동,남,20대,사무/통신,1,91376,2026-01-20,91376,공공데이터포털_경기도 수원시_지역화폐 결제 정보_20260120
2025-11,수원시 권선구,금곡동,남,20대,서적/문구/학습자재,17,520181,2026-01-20,30599,공공데이터포털_경기도 수원시_지역화폐 결제 정보_20260120
2025-11,수원시 권선구,금곡동,남,20대,신변잡화,1,1467,2026-01-20,1467,공공데이터포털_경기도 수원시_지역화폐 결제 정보_20260120
2025-11,수원시 권선구,금곡동,남,20대,약국,22,111552,2026-01-20,5071,공공데이터포털_경기도 수원시_지역화폐 결제 정보_20260120
2025-11,수원시 권선구,금곡동,남,20대,용역서비스,19,392541,2026-01-20,20660,공공데이터포털_경기도 수원시_지역화폐 결제 정보_20260120
2025-11,수원시 권선구,금곡동,남,20대,음료/식품,160,741003,2026-01-20,4631,공공데이터포털_경기도 수원시_지역화폐 결제 정보_20260120
2025-11,수원시 권선구,금곡동,남,20대,의류,1,100000,2026-01-20,100000,공공데이터포털_경기도 수원시_지역화폐 결제 정보_20260120
2025-11,수원시 권선구,금곡동,남,20대,의원,15,196501,2026-01-20,13100,공공데이터포털_경기도 수원시_지역화폐 결제 정보_20260120
2025-11,수원시 권선구,금곡동,남,20대,일반/휴게 음식,612,7180463,2026-01-20,11733,공공데이터포털_경기도 수원시_지역화폐 결제 정보_20260120
2025-11,수원시 권선구,금곡동,남,20대,일반유통,432,2137236,2026-01-20,4947,공공데이터포털_경기도 수원시_지역화폐 결제 정보_20260120
2025-11,수원시 권선구,금곡동,남,20대,자동차 정비/유지,1,90000,2026-01-20,90000,공공데이터포털_경기도 수원시_지역화폐 결제 정보_20260120
2025-11,수원시 권선구,금곡동,남,20대,직물/침구류,1,207000,2026-01-20,207000,공공데이터포털_경기도 수원시_지역화폐 결제 정보_20260120
2025-11,수원시 권선구,금곡동,남,20대,학원,5,61759,2026-01-20,12352,공공데이터포털_경기도 수원시_지역화폐 결제 정보_20260120
2025-11,수원시 권선구,금곡동,남,30대,기타유통,1,403,2026-01-20,403,공공데이터포털_경기도 수원시_지역화폐 결제 정보_20260120
2025-11,수원시 권선구,금곡동,남,30대,기타의료,33,2365810,2026-01-20,71691,공공데이터포털_경기도 수원시_지역화폐 결제 정보_20260120
2025-11,수원시 권선구,금곡동,남,30대,레저/스포츠 서비스,256,993814,2026-01-20,3882,공공데이터포털_경기도 수원시_지역화폐 결제 정보_20260120
2025-11,수원시 권선구,금곡동,남,30대,문화/취미,160,353003,2026-01-20,2206,공공데이터포털_경기도 수원시_지역화폐 결제 정보_20260120
2025-11,수원시 권선구,금곡동,남,30대,미용/위생,137,1783603,2026-01-20,13019,공공데이터포털_경기도 수원시_지역화폐 결제 정보_20260120
2025-11,수원시 권선구,금곡동,남,30대,서적/문구/학습자재,59,2588137,2026-01-20,43867,공공데이터포털_경기도 수원시_지역화폐 결제 정보_20260120
2025-11,수원시 권선구,금곡동,남,30대,숙박업,1,1035,2026-01-20,1035,공공데이터포털_경기도 수원시_지역화폐 결제 정보_20260120
2025-11,수원시 권선구,금곡동,남,30대,신변잡화,4,5428,2026-01-20,1357,공공데이터포털_경기도 수원시_지역화폐 결제 정보_20260120
2025-11,수원시 권선구,금곡동,남,30대,약국,134,350784,2026-01-20,2618,공공데이터포털_경기도 수원시_지역화폐 결제 정보_20260120
2025-11,수원시 권선구,금곡동,남,30대,용역서비스,29,798200,2026-01-20,27524,공공데이터포털_경기도 수원시_지역화폐 결제 정보_20260120
2025-11,수원시 권선구,금곡동,남,30대,음료/식품,305,1441498,2026-01-20,4726,공공데이터포털_경기도 수원시_지역화폐 결제 정보_20260120
2025-11,수원시 권선구,금곡동,남,30대,의류,9,109027,2026-01-20,12114,공공데이터포털_경기도 수원시_지역화폐 결제 정보_20260120
2025-11,수원시 권선구,금곡동,남,30대,의원,98,1050791,2026-01-20,10722,공공데이터포털_경기도 수원시_지역화폐 결제 정보_20260120
2025-11,수원시 권선구,금곡동,남,30대,일반/휴게 음식,1801,11260995,2026-01-20,6253,공공데이터포털_경기도 수원시_지역화폐 결제 정보_20260120
2025-11,수원시 권선구,금곡동,남,30대,일반유통,637,1484697,2026-01-20,2331,공공데이터포털_경기도 수원시_지역화폐 결제 정보_20260120
2025-11,수원시 권선구,금곡동,남,30대,자동차 정비/유지,9,43369,2026-01-20,4819,공공데이터포털_경기도 수원시_지역화폐 결제 정보_20260120
2025-11,수원시 권선구,금곡동,남,30대,주방용품,1,3387,2026-01-20,3387,공공데이터포털_경기도 수원시_지역화폐 결제 정보_20260120
2025-11,수원시 권선구,금곡동,남,30대,직물/침구류,3,41694,2026-01-20,13898,공공데이터포털_경기도 수원시_지역화폐 결제 정보_20260120
2025-11,수원시 권선구,금곡동,남,30대,학원,49,1874681,2026-01-20,38259,공공데이터포털_경기도 수원시_지역화폐 결제 정보_20260120
2025-11,수원시 권선구,금곡동,남,40대,기타의료,8,111518,2026-01-20,13940,공공데이터포털_경기도 수원시_지역화폐 결제 정보_20260120
2025-11,수원시 권선구,금곡동,남,40대,레저/문화 용품,6,166234,2026-01-20,27706,공공데이터포털_경기도 수원시_지역화폐 결제 정보_20260120
2025-11,수원시 권선구,금곡동,남,40대,레저/스포츠 서비스,904,1213600,2026-01-20,1342,공공데이터포털_경기도 수원시_지역화폐 결제 정보_20260120
2025-11,수원시 권선구,금곡동,남,40대,문화/취미,330,513787,2026-01-20,1557,공공데이터포털_경기도 수원시_지역화폐 결제 정보_20260120
2025-11,수원시 권선구,금곡동,남,40대,미용/위생,225,2487834,2026-01-20,11057,공공데이터포털_경기도 수원시_지역화폐 결제 정보_20260120
2025-11,수원시 권선구,금곡동,남,40대,사무/통신,1,25845,2026-01-20,25845,공공데이터포털_경기도 수원시_지역화폐 결제 정보_20260120
2025-11,수원시 권선구,금곡동,남,40대,서적/문구/학습자재,86,3500792,2026-01-20,40707,공공데이터포털_경기도 수원시_지역화폐 결제 정보_20260120
2025-11,수원시 권선구,금곡동,남,40대,신변잡화,16,20983,2026-01-20,1311,공공데이터포털_경기도 수원시_지역화폐 결제 정보_20260120
2025-11,수원시 권선구,금곡동,남,40대,약국,213,563993,2026-01-20,2648,공공데이터포털_경기도 수원시_지역화폐 결제 정보_20260120
2025-11,수원시 권선구,금곡동,남,40대,용역서비스,99,2213404,2026-01-20,22358,공공데이터포털_경기도 수원시_지역화폐 결제 정보_20260120
2025-11,수원시 권선구,금곡동,남,40대,음료/식품,600,2191070,2026-01-20,3652,공공데이터포털_경기도 수원시_지역화폐 결제 정보_20260120
2025-11,수원시 권선구,금곡동,남,40대,의류,5,16712,2026-01-20,3342,공공데이터포털_경기도 수원시_지역화폐 결제 정보_20260120
2025-11,수원시 권선구,금곡동,남,40대,의원,214,1712170,2026-01-20,8001,공공데이터포털_경기도 수원시_지역화폐 결제 정보_20260120
2025-11,수원시 권선구,금곡동,남,40대,일반/휴게 음식,2339,12510991,2026-01-20,5349,공공데이터포털_경기도 수원시_지역화폐 결제 정보_20260120
2025-11,수원시 권선구,금곡동,남,40대,일반유통,975,2322981,2026-01-20,2383,공공데이터포털_경기도 수원시_지역화폐 결제 정보_20260120
2025-11,수원시 권선구,금곡동,남,40대,자동차 정비/유지,7,89911,2026-01-20,12844,공공데이터포털_경기도 수원시_지역화폐 결제 정보_20260120
2025-11,수원시 권선구,금곡동,남,40대,주방용품,1,7232,2026-01-20,7232,공공데이터포털_경기도 수원시_지역화폐 결제 정보_20260120
2025-11,수원시 권선구,금곡동,남,40대,직물/침구류,4,215718,2026-01-20,53930,공공데이터포털_경기도 수원시_지역화폐 결제 정보_20260120
2025-11,수원시 권선구,금곡동,남,40대,학원,380,11263993,2026-01-20,29642,공공데이터포털_경기도 수원시_지역화폐 결제 정보_20260120
2025-11,수원시 권선구,금곡동,남,50대,기타의료,8,21293,2026-01-20,2662,공공데이터포털_경기도 수원시_지역화폐 결제 정보_20260120
2025-11,수원시 권선구,금곡동,남,50대,레저/문화 용품,3,42555,2026-01-20,14185,공공데이터포털_경기도 수원시_지역화폐 결제 정보_20260120
2025-11,수원시 권선구,금곡동,남,50대,레저/스포츠 서비스,175,285455,2026-01-20,1631,공공데이터포털_경기도 수원시_지역화폐 결제 정보_20260120
2025-11,수원시 권선구,금곡동,남,50대,문화/취미,55,88098,2026-01-20,1602,공공데이터포털_경기도 수원시_지역화폐 결제 정보_20260120
2025-11,수원시 권선구,금곡동,남,50대,미용/위생,132,1103310,2026-01-20,8358,공공데이터포털_경기도 수원시_지역화폐 결제 정보_20260120
2025-11,수원시 권선구,금곡동,남,50대,서적/문구/학습자재,6,1585,2026-01-20,264,공공데이터포털_경기도 수원시_지역화폐 결제 정보_20260120
2025-11,수원시 권선구,금곡동,남,50대,신변잡화,1,7011,2026-01-20,7011,공공데이터포털_경기도 수원시_지역화폐 결제 정보_20260120
2025-11,수원시 권선구,금곡동,남,50대,약국,78,213611,2026-01-20,2739,공공데이터포털_경기도 수원시_지역화폐 결제 정보_20260120
2025-11,수원시 권선구,금곡동,남,50대,용역서비스,38,190386,2026-01-20,5010,공공데이터포털_경기도 수원시_지역화폐 결제 정보_20260120
2025-11,수원시 권선구,금곡동,남,50대,음료/식품,385,1433226,2026-01-20,3723,공공데이터포털_경기도 수원시_지역화폐 결제 정보_20260120
2025-11,수원시 권선구,금곡동,남,50대,의류,5,15137,2026-01-20,3027,공공데이터포털_경기도 수원시_지역화폐 결제 정보_20260120
2025-11,수원시 권선구,금곡동,남,50대,의원,80,846790,2026-01-20,10585,공공데이터포털_경기도 수원시_지역화폐 결제 정보_20260120
2025-11,수원시 권선구,금곡동,남,50대,일반/휴게 음식,1606,8164744,2026-01-20,5084,공공데이터포털_경기도 수원시_지역화폐 결제 정보_20260120
2025-11,수원시 권선구,금곡동,남,50대,일반유통,956,2411290,2026-01-20,2522,공공데이터포털_경기도 수원시_지역화폐 결제 정보_20260120
2025-11,수원시 권선구,금곡동,남,50대,자동차 정비/유지,12,285162,2026-01-20,23764,공공데이터포털_경기도 수원시_지역화폐 결제 정보_20260120
2025-11,수원시 권선구,금곡동,남,50대,주방용품,1,1988,2026-01-20,1988,공공데이터포털_경기도 수원시_지역화폐 결제 정보_20260120
2025-11,수원시 권선구,금곡동,남,50대,학원,60,1480790,2026-01-20,24680,공공데이터포털_경기도 수원시_지역화폐 결제 정보_20260120
2025-11,수원시 권선구,금곡동,남,60대 이상,기타의료,11,210582,2026-01-20,19144,공공데이터포털_경기도 수원시_지역화폐 결제 정보_20260120
2025-11,수원시 권선구,금곡동,남,60대 이상,레저/문화 용품,1,5981,2026-01-20,5981,공공데이터포털_경기도 수원시_지역화폐 결제 정보_20260120
2025-11,수원시 권선구,금곡동,남,60대 이상,레저/스포츠 서비스,29,116920,2026-01-20,4032,공공데이터포털_경기도 수원시_지역화폐 결제 정보_20260120
2025-11,수원시 권선구,금곡동,남,60대 이상,문화/취미,7,16363,2026-01-20,2338,공공데이터포털_경기도 수원시_지역화폐 결제 정보_20260120
2025-11,수원시 권선구,금곡동,남,60대 이상,미용/위생,64,526468,2026-01-20,8226,공공데이터포털_경기도 수원시_지역화폐 결제 정보_20260120
2025-11,수원시 권선구,금곡동,남,60대 이상,서적/문구/학습자재,8,227766,2026-01-20,28471,공공데이터포털_경기도 수원시_지역화폐 결제 정보_20260120
2025-11,수원시 권선구,금곡동,남,60대 이상,신변잡화,1,8800,2026-01-20,8800,공공데이터포털_경기도 수원시_지역화폐 결제 정보_20260120
2025-11,수원시 권선구,금곡동,남,60대 이상,약국,88,600396,2026-01-20,6823,공공데이터포털_경기도 수원시_지역화폐 결제 정보_20260120
2025-11,수원시 권선구,금곡동,남,60대 이상,용역서비스,17,176429,2026-01-20,10378,공공데이터포털_경기도 수원시_지역화폐 결제 정보_20260120
2025-11,수원시 권선구,금곡동,남,60대 이상,음료/식품,163,951263,2026-01-20,5836,공공데이터포털_경기도 수원시_지역화폐 결제 정보_20260120
2025-11,수원시 권선구,금곡동,남,60대 이상,의류,7,26083,2026-01-20,3726,공공데이터포털_경기도 수원시_지역화폐 결제 정보_20260120
2025-11,수원시 권선구,금곡동,남,60대 이상,의원,65,554188,2026-01-20,8526,공공데이터포털_경기도 수원시_지역화폐 결제 정보_20260120
2025-11,수원시 권선구,금곡동,남,60대 이상,일반/휴게 음식,922,4110807,2026-01-20,4459,공공데이터포털_경기도 수원시_지역화폐 결제 정보_20260120
2025-11,수원시 권선구,금곡동,남,60대 이상,일반유통,592,1655588,2026-01-20,2797,공공데이터포털_경기도 수원시_지역화폐 결제 정보_20260120
2025-11,수원시 권선구,금곡동,남,60대 이상,자동차 정비/유지,7,66547,2026-01-20,9507,공공데이터포털_경기도 수원시_지역화폐 결제 정보_20260120
2025-11,수원시 권선구,금곡동,남,60대 이상,직물/침구류,1,8324,2026-01-20,8324,공공데이터포털_경기도 수원시_지역화폐 결제 정보_20260120
2025-11,수원시 권선구,금곡동,남,60대 이상,학원,7,261303,2026-01-20,37329,공공데이터포털_경기도 수원시_지역화폐 결제 정보_20260120
2025-11,수원시 권선구,금곡동,여,10대,레저/스포츠 서비스,38,43593,2026-01-20,1147,공공데이터포털_경기도 수원시_지역화폐 결제 정보_20260120
2025-11,수원시 권선구,금곡동,여,10대,문화/취미,54,86064,2026-01-20,1594,공공데이터포털_경기도 수원시_지역화폐 결제 정보_20260120
2025-11,수원시 권선구,금곡동,여,10대,미용/위생,7,116909,2026-01-20,16701,공공데이터포털_경기도 수원시_지역화폐 결제 정보_20260120
2025-11,수원시 권선구,금곡동,여,10대,서적/문구/학습자재,1,2000,2026-01-20,2000,공공데이터포털_경기도 수원시_지역화폐 결제 정보_20260120
2025-11,수원시 권선구,금곡동,여,10대,약국,3,5993,2026-01-20,1998,공공데이터포털_경기도 수원시_지역화폐 결제 정보_20260120
2025-11,수원시 권선구,금곡동,여,10대,음료/식품,29,100819,2026-01-20,3477,공공데이터포털_경기도 수원시_지역화폐 결제 정보_20260120
2025-11,수원시 권선구,금곡동,여,10대,의원,4,28665,2026-01-20,7166,공공데이터포털_경기도 수원시_지역화폐 결제 정보_20260120
2025-11,수원시 권선구,금곡동,여,10대,일반/휴게 음식,87,497659,2026-01-20,5720,공공데이터포털_경기도 수원시_지역화폐 결제 정보_20260120
2025-11,수원시 권선구,금곡동,여,10대,일반유통,56,174144,2026-01-20,3110,공공데이터포털_경기도 수원시_지역화폐 결제 정보_20260120
2025-11,수원시 권선구,금곡동,여,10대,학원,9,112875,2026-01-20,12542,공공데이터포털_경기도 수원시_지역화폐 결제 정보_20260120
2025-11,수원시 권선구,금곡동,여,20대,기타의료,5,130824,2026-01-20,26165,공공데이터포털_경기도 수원시_지역화폐 결제 정보_20260120
2025-11,수원시 권선구,금곡동,여,20대,레저/스포츠 서비스,660,686889,2026-01-20,1041,공공데이터포털_경기도 수원시_지역화폐 결제 정보_20260120
2025-11,수원시 권선구,금곡동,여,20대,문화/취미,292,689874,2026-01-20,2363,공공데이터포털_경기도 수원시_지역화폐 결제 정보_20260120
2025-11,수원시 권선구,금곡동,여,20대,미용/위생,88,2527994,2026-01-20,28727,공공데이터포털_경기도 수원시_지역화폐 결제 정보_20260120
2025-11,수원시 권선구,금곡동,여,20대,서적/문구/학습자재,10,409783,2026-01-20,40978,공공데이터포털_경기도 수원시_지역화폐 결제 정보_20260120
2025-11,수원시 권선구,금곡동,여,20대,신변잡화,4,63005,2026-01-20,15751,공공데이터포털_경기도 수원시_지역화폐 결제 정보_20260120
2025-11,수원시 권선구,금곡동,여,20대,약국,53,273746,2026-01-20,5165,공공데이터포털_경기도 수원시_지역화폐 결제 정보_20260120
2025-11,수원시 권선구,금곡동,여,20대,용역서비스,17,63405,2026-01-20,3730,공공데이터포털_경기도 수원시_지역화폐 결제 정보_20260120
2025-11,수원시 권선구,금곡동,여,20대,음료/식품,163,851790,2026-01-20,5226,공공데이터포털_경기도 수원시_지역화폐 결제 정보_20260120
2025-11,수원시 권선구,금곡동,여,20대,의류,5,59417,2026-01-20,11883,공공데이터포털_경기도 수원시_지역화폐 결제 정보_20260120
2025-11,수원시 권선구,금곡동,여,20대,의원,25,375668,2026-01-20,15027,공공데이터포털_경기도 수원시_지역화폐 결제 정보_20260120
2025-11,수원시 권선구,금곡동,여,20대,일반/휴게 음식,1148,10929049,2026-01-20,9520,공공데이터포털_경기도 수원시_지역화폐 결제 정보_20260120
2025-11,수원시 권선구,금곡동,여,20대,일반유통,371,1390235,2026-01-20,3747,공공데이터포털_경기도 수원시_지역화폐 결제 정보_20260120
2025-11,수원시 권선구,금곡동,여,20대,자동차 정비/유지,1,5037,2026-01-20,5037,공공데이터포털_경기도 수원시_지역화폐 결제 정보_20260120
2025-11,수원시 권선구,금곡동,여,20대,직물/침구류,1,80870,2026-01-20,80870,공공데이터포털_경기도 수원시_지역화폐 결제 정보_20260120
2025-11,수원시 권선구,금곡동,여,20대,학원,11,279914,2026-01-20,25447,공공데이터포털_경기도 수원시_지역화폐 결제 정보_20260120
2025-11,수원시 권선구,금곡동,여,30대,기타의료,58,4097873,2026-01-20,70653,공공데이터포털_경기도 수원시_지역화폐 결제 정보_20260120
2025-11,수원시 권선구,금곡동,여,30대,레저/문화 용품,1,4333,2026-01-20,4333,공공데이터포털_경기도 수원시_지역화폐 결제 정보_20260120
2025-11,수원시 권선구,금곡동,여,30대,레저/스포츠 서비스,983,1422057,2026-01-20,1447,공공데이터포털_경기도 수원시_지역화폐 결제 정보_20260120
2025-11,수원시 권선구,금곡동,여,30대,문화/취미,764,708943,2026-01-20,928,공공데이터포털_경기도 수원시_지역화폐 결제 정보_20260120
2025-11,수원시 권선구,금곡동,여,30대,미용/위생,174,4204945,2026-01-20,24166,공공데이터포털_경기도 수원시_지역화폐 결제 정보_20260120
2025-11,수원시 권선구,금곡동,여,30대,서적/문구/학습자재,140,4635957,2026-01-20,33114,공공데이터포털_경기도 수원시_지역화폐 결제 정보_20260120
2025-11,수원시 권선구,금곡동,여,30대,신변잡화,8,6460,2026-01-20,808,공공데이터포털_경기도 수원시_지역화폐 결제 정보_20260120
2025-11,수원시 권선구,금곡동,여,30대,약국,229,462224,2026-01-20,2018,공공데이터포털_경기도 수원시_지역화폐 결제 정보_20260120
2025-11,수원시 권선구,금곡동,여,30대,용역서비스,61,3724943,2026-01-20,61065,공공데이터포털_경기도 수원시_지역화폐 결제 정보_20260120
2025-11,수원시 권선구,금곡동,여,30대,음료/식품,676,3686875,2026-01-20,5454,공공데이터포털_경기도 수원시_지역화폐 결제 정보_20260120
2025-11,수원시 권선구,금곡동,여,30대,의류,36,557879,2026-01-20,15497,공공데이터포털_경기도 수원시_지역화폐 결제 정보_20260120
2025-11,수원시 권선구,금곡동,여,30대,의원,173,1460679,2026-01-20,8443,공공데이터포털_경기도 수원시_지역화폐 결제 정보_20260120
2025-11,수원시 권선구,금곡동,여,30대,일반/휴게 음식,2722,14398670,2026-01-20,5290,공공데이터포털_경기도 수원시_지역화폐 결제 정보_20260120
2025-11,수원시 권선구,금곡동,여,30대,일반유통,592,1963217,2026-01-20,3316,공공데이터포털_경기도 수원시_지역화폐 결제 정보_20260120
2025-11,수원시 권선구,금곡동,여,30대,자동차 정비/유지,6,121006,2026-01-20,20168,공공데이터포털_경기도 수원시_지역화폐 결제 정보_20260120
2025-11,수원시 권선구,금곡동,여,30대,주방용품,1,2006,2026-01-20,2006,공공데이터포털_경기도 수원시_지역화폐 결제 정보_20260120
2025-11,수원시 권선구,금곡동,여,30대,직물/침구류,4,65992,2026-01-20,16498,공공데이터포털_경기도 수원시_지역화폐 결제 정보_20260120
2025-11,수원시 권선구,금곡동,여,30대,학원,125,3358526,2026-01-20,26868,공공데이터포털_경기도 수원시_지역화폐 결제 정보_20260120
2025-11,수원시 권선구,금곡동,여,40대,기타의료,9,794979,2026-01-20,88331,공공데이터포털_경기도 수원시_지역화폐 결제 정보_20260120
2025-11,수원시 권선구,금곡동,여,40대,레저/문화 용품,2,30411,2026-01-20,15206,공공데이터포털_경기도 수원시_지역화폐 결제 정보_20260120
2025-11,수원시 권선구,금곡동,여,40대,레저/스포츠 서비스,1186,1648468,2026-01-20,1390,공공데이터포털_경기도 수원시_지역화폐 결제 정보_20260120
2025-11,수원시 권선구,금곡동,여,40대,문화/취미,802,528466,2026-01-20,659,공공데이터포털_경기도 수원시_지역화폐 결제 정보_20260120
2025-11,수원시 권선구,금곡동,여,40대,미용/위생,241,3013319,2026-01-20,12503,공공데이터포털_경기도 수원시_지역화폐 결제 정보_20260120
2025-11,수원시 권선구,금곡동,여,40대,사무/통신,1,100,2026-01-20,100,공공데이터포털_경기도 수원시_지역화폐 결제 정보_20260120
2025-11,수원시 권선구,금곡동,여,40대,서적/문구/학습자재,100,1802569,2026-01-20,18026,공공데이터포털_경기도 수원시_지역화폐 결제 정보_20260120
2025-11,수원시 권선구,금곡동,여,40대,신변잡화,22,36108,2026-01-20,1641,공공데이터포털_경기도 수원시_지역화폐 결제 정보_20260120
2025-11,수원시 권선구,금곡동,여,40대,약국,271,791996,2026-01-20,2922,공공데이터포털_경기도 수원시_지역화폐 결제 정보_20260120
2025-11,수원시 권선구,금곡동,여,40대,용역서비스,118,2176053,2026-01-20,18441,공공데이터포털_경기도 수원시_지역화폐 결제 정보_20260120
2025-11,수원시 권선구,금곡동,여,40대,음료/식품,1675,5891391,2026-01-20,3517,공공데이터포털_경기도 수원시_지역화폐 결제 정보_20260120
2025-11,수원시 권선구,금곡동,여,40대,의류,27,377289,2026-01-20,13974,공공데이터포털_경기도 수원시_지역화폐 결제 정보_20260120
2025-11,수원시 권선구,금곡동,여,40대,의원,264,1993491,2026-01-20,7551,공공데이터포털_경기도 수원시_지역화폐 결제 정보_20260120
2025-11,수원시 권선구,금곡동,여,40대,일반/휴게 음식,4429,18921273,2026-01-20,4272,공공데이터포털_경기도 수원시_지역화폐 결제 정보_20260120
2025-11,수원시 권선구,금곡동,여,40대,일반유통,1300,3476157,2026-01-20,2674,공공데이터포털_경기도 수원시_지역화폐 결제 정보_20260120
2025-11,수원시 권선구,금곡동,여,40대,자동차 정비/유지,4,106870,2026-01-20,26718,공공데이터포털_경기도 수원시_지역화폐 결제 정보_20260120
2025-11,수원시 권선구,금곡동,여,40대,전자상거래,4,32918,2026-01-20,8230,공공데이터포털_경기도 수원시_지역화폐 결제 정보_20260120
2025-11,수원시 권선구,금곡동,여,40대,전자제품,1,4305,2026-01-20,4305,공공데이터포털_경기도 수원시_지역화폐 결제 정보_20260120
2025-11,수원시 권선구,금곡동,여,40대,직물/침구류,3,95409,2026-01-20,31803,공공데이터포털_경기도 수원시_지역화폐 결제 정보_20260120
2025-11,수원시 권선구,금곡동,여,40대,학원,520,14086563,2026-01-20,27090,공공데이터포털_경기도 수원시_지역화폐 결제 정보_20260120
2025-11,수원시 권선구,금곡동,여,50대,기타의료,13,189781,2026-01-20,14599,공공데이터포털_경기도 수원시_지역화폐 결제 정보_20260120
2025-11,수원시 권선구,금곡동,여,50대,레저/문화 용품,3,97000,2026-01-20,32333,공공데이터포털_경기도 수원시_지역화폐 결제 정보_20260120
2025-11,수원시 권선구,금곡동,여,50대,레저/스포츠 서비스,103,478299,2026-01-20,4644,공공데이터포털_경기도 수원시_지역화폐 결제 정보_20260120
2025-11,수원시 권선구,금곡동,여,50대,문화/취미,40,112032,2026-01-20,2801,공공데이터포털_경기도 수원시_지역화폐 결제 정보_20260120
2025-11,수원시 권선구,금곡동,여,50대,미용/위생,162,2147422,2026-01-20,13256,공공데이터포털_경기도 수원시_지역화폐 결제 정보_20260120
2025-11,수원시 권선구,금곡동,여,50대,서적/문구/학습자재,5,3618,2026-01-20,724,공공데이터포털_경기도 수원시_지역화폐 결제 정보_20260120
2025-11,수원시 권선구,금곡동,여,50대,신변잡화,6,7199,2026-01-20,1200,공공데이터포털_경기도 수원시_지역화폐 결제 정보_20260120
2025-11,수원시 권선구,금곡동,여,50대,약국,190,587810,2026-01-20,3094,공공데이터포털_경기도 수원시_지역화폐 결제 정보_20260120
2025-11,수원시 권선구,금곡동,여,50대,용역서비스,56,442079,2026-01-20,7894,공공데이터포털_경기도 수원시_지역화폐 결제 정보_20260120
2025-11,수원시 권선구,금곡동,여,50대,음료/식품,705,2903508,2026-01-20,4118,공공데이터포털_경기도 수원시_지역화폐 결제 정보_20260120
2025-11,수원시 권선구,금곡동,여,50대,의류,32,257464,2026-01-20,8046,공공데이터포털_경기도 수원시_지역화폐 결제 정보_20260120
2025-11,수원시 권선구,금곡동,여,50대,의원,146,1322092,2026-01-20,9055,공공데이터포털_경기도 수원시_지역화폐 결제 정보_20260120
2025-11,수원시 권선구,금곡동,여,50대,일반/휴게 음식,2351,10719263,2026-01-20,4559,공공데이터포털_경기도 수원시_지역화폐 결제 정보_20260120
2025-11,수원시 권선구,금곡동,여,50대,일반유통,915,2433878,2026-01-20,2660,공공데이터포털_경기도 수원시_지역화폐 결제 정보_20260120
2025-11,수원시 권선구,금곡동,여,50대,자동차 정비/유지,12,126846,2026-01-20,10570,공공데이터포털_경기도 수원시_지역화폐 결제 정보_20260120
2025-11,수원시 권선구,금곡동,여,50대,전자상거래,1,13611,2026-01-20,13611,공공데이터포털_경기도 수원시_지역화폐 결제 정보_20260120
2025-11,수원시 권선구,금곡동,여,50대,직물/침구류,1,1380,2026-01-20,1380,공공데이터포털_경기도 수원시_지역화폐 결제 정보_20260120
2025-11,수원시 권선구,금곡동,여,50대,학원,39,1304797,2026-01-20,33456,공공데이터포털_경기도 수원시_지역화폐 결제 정보_20260120
2025-11,수원시 권선구,금곡동,여,60대 이상,기타의료,13,210986,2026-01-20,16230,공공데이터포털_경기도 수원시_지역화폐 결제 정보_20260120
2025-11,수원시 권선구,금곡동,여,60대 이상,레저/스포츠 서비스,64,498159,2026-01-20,7784,공공데이터포털_경기도 수원시_지역화폐 결제 정보_20260120
2025-11,수원시 권선구,금곡동,여,60대 이상,문화/취미,23,81413,2026-01-20,3540,공공데이터포털_경기도 수원시_지역화폐 결제 정보_20260120
2025-11,수원시 권선구,금곡동,여,60대 이상,미용/위생,96,1684068,2026-01-20,17542,공공데이터포털_경기도 수원시_지역화폐 결제 정보_20260120
2025-11,수원시 권선구,금곡동,여,60대 이상,사무/통신,1,1159,2026-01-20,1159,공공데이터포털_경기도 수원시_지역화폐 결제 정보_20260120
2025-11,수원시 권선구,금곡동,여,60대 이상,서적/문구/학습자재,15,538238,2026-01-20,35883,공공데이터포털_경기도 수원시_지역화폐 결제 정보_20260120
2025-11,수원시 권선구,금곡동,여,60대 이상,신변잡화,7,36543,2026-01-20,5220,공공데이터포털_경기도 수원시_지역화폐 결제 정보_20260120
2025-11,수원시 권선구,금곡동,여,60대 이상,약국,148,433670,2026-01-20,2930,공공데이터포털_경기도 수원시_지역화폐 결제 정보_20260120
2025-11,수원시 권선구,금곡동,여,60대 이상,용역서비스,29,289073,2026-01-20,9968,공공데이터포털_경기도 수원시_지역화폐 결제 정보_20260120
2025-11,수원시 권선구,금곡동,여,60대 이상,음료/식품,453,1735418,2026-01-20,3831,공공데이터포털_경기도 수원시_지역화폐 결제 정보_20260120
2025-11,수원시 권선구,금곡동,여,60대 이상,의류,25,288424,2026-01-20,11537,공공데이터포털_경기도 수원시_지역화폐 결제 정보_20260120
2025-11,수원시 권선구,금곡동,여,60대 이상,의원,146,929773,2026-01-20,6368,공공데이터포털_경기도 수원시_지역화폐 결제 정보_20260120
2025-11,수원시 권선구,금곡동,여,60대 이상,일반/휴게 음식,1155,5373270,2026-01-20,4652,공공데이터포털_경기도 수원시_지역화폐 결제 정보_20260120
2025-11,수원시 권선구,금곡동,여,60대 이상,일반유통,530,1797241,2026-01-20,3391,공공데이터포털_경기도 수원시_지역화폐 결제 정보_20260120
2025-11,수원시 권선구,금곡동,여,60대 이상,자동차 정비/유지,2,4599,2026-01-20,2300,공공데이터포털_경기도 수원시_지역화폐 결제 정보_20260120
2025-11,수원시 권선구,금곡동,여,60대 이상,직물/침구류,3,55546,2026-01-20,18515,공공데이터포털_경기도 수원시_지역화폐 결제 정보_20260120
2025-11,수원시 권선구,금곡동,여,60대 이상,학원,25,965689,2026-01-20,38628,공공데이터포털_경기도 수원시_지역화폐 결제 정보_20260120
2025-11,수원시 권선구,금곡동,여,60대 이상,회원정보미상,13,229300,2026-01-20,17638,공공데이터포털_경기도 수원시_지역화폐 결제 정보_20260120
2025-11,수원시 권선구,금곡동,여,60대 이상,회원정보미상,13,229300,2026-01-20,17638,공공데이터포털_경기도 수원시_지역화폐 결제 정보_20260120
2025-11,수원시 권선구,금곡동,여,60대 이상,미용/위생,1,13000,2026-01-20,13000,공공데이터포털_경기도 수원시_지역화폐 결제 정보_20260120
2025-11,수원시 권선구,금곡동,여,60대 이상,약국,1,23000,2026-01-20,23000,공공데이터포털_경기도 수원시_지역화폐 결제 정보_20260120
2025-11,수원시 권선구,금곡동,여,60대 이상,음료/식품,3,95700,2026-01-20,31900,공공데이터포털_경기도 수원시_지역화폐 결제 정보_20260120
2025-11,수원시 권선구,금곡동,여,60대 이상,일반/휴게 음식,6,83300,2026-01-20,13883,공공데이터포털_경기도 수원시_지역화폐 결제 정보_20260120
2025-11,수원시 권선구,금곡동,여,60대 이상,일반유통,2,14300,2026-01-20,7150,공공데이터포털_경기도 수원시_지역화폐 결제 정보_20260120
2025-11,수원시 영통구,망포1동,남,10대,기타의료,3,5271,2026-01-20,1757,공공데이터포털_경기도 수원시_지역화폐 결제 정보_20260120
2025-11,수원시 영통구,망포1동,남,10대,레저/스포츠 서비스,7,12694,2026-01-20,1813,공공데이터포털_경기도 수원시_지역화폐 결제 정보_20260120
2025-11,수원시 영통구,망포1동,남,10대,문화/취미,2,15305,2026-01-20,7652,공공데이터포털_경기도 수원시_지역화폐 결제 정보_20260120
2025-11,수원시 영통구,망포1동,남,10대,미용/위생,11,49891,2026-01-20,4536,공공데이터포털_경기도 수원시_지역화폐 결제 정보_20260120
2025-11,수원시 영통구,망포1동,남,10대,서적/문구/학습자재,1,1600,2026-01-20,1600,공공데이터포털_경기도 수원시_지역화폐 결제 정보_20260120
2025-11,수원시 영통구,망포1동,남,10대,신변잡화,2,8891,2026-01-20,4446,공공데이터포털_경기도 수원시_지역화폐 결제 정보_20260120
2025-11,수원시 영통구,망포1동,남,10대,약국,6,10825,2026-01-20,1804,공공데이터포털_경기도 수원시_지역화폐 결제 정보_20260120
2025-11,수원시 영통구,망포1동,남,10대,음료/식품,22,59945,2026-01-20,2725,공공데이터포털_경기도 수원시_지역화폐 결제 정보_20260120
2025-11,수원시 영통구,망포1동,남,10대,의원,3,81850,2026-01-20,27283,공공데이터포털_경기도 수원시_지역화폐 결제 정보_20260120
2025-11,수원시 영통구,망포1동,남,10대,일반/휴게 음식,115,368321,2026-01-20,3203,공공데이터포털_경기도 수원시_지역화폐 결제 정보_20260120
2025-11,수원시 영통구,망포1동,남,10대,일반유통,63,86291,2026-01-20,1370,공공데이터포털_경기도 수원시_지역화폐 결제 정보_20260120
2025-11,수원시 영통구,망포1동,남,10대,학원,39,973452,2026-01-20,24960,공공데이터포털_경기도 수원시_지역화폐 결제 정보_20260120
2025-11,수원시 영통구,망포1동,남,20대,가구,1,46470,2026-01-20,46470,공공데이터포털_경기도 수원시_지역화폐 결제 정보_20260120
2025-11,수원시 영통구,망포1동,남,20대,기타의료,9,157732,2026-01-20,17526,공공데이터포털_경기도 수원시_지역화폐 결제 정보_20260120
2025-11,수원시 영통구,망포1동,남,20대,레저/스포츠 서비스,53,373841,2026-01-20,7054,공공데이터포털_경기도 수원시_지역화폐 결제 정보_20260120
2025-11,수원시 영통구,망포1동,남,20대,문화/취미,5,137212,2026-01-20,27442,공공데이터포털_경기도 수원시_지역화폐 결제 정보_20260120
2025-11,수원시 영통구,망포1동,남,20대,미용/위생,56,1228106,2026-01-20,21930,공공데이터포털_경기도 수원시_지역화폐 결제 정보_20260120
2025-11,수원시 영통구,망포1동,남,20대,서적/문구/학습자재,5,8500,2026-01-20,1700,공공데이터포털_경기도 수원시_지역화폐 결제 정보_20260120
2025-11,수원시 영통구,망포1동,남,20대,신변잡화,3,21446,2026-01-20,7149,공공데이터포털_경기도 수원시_지역화폐 결제 정보_20260120
2025-11,수원시 영통구,망포1동,남,20대,약국,8,36490,2026-01-20,4561,공공데이터포털_경기도 수원시_지역화폐 결제 정보_20260120
2025-11,수원시 영통구,망포1동,남,20대,용역서비스,11,214699,2026-01-20,19518,공공데이터포털_경기도 수원시_지역화폐 결제 정보_20260120
2025-11,수원시 영통구,망포1동,남,20대,음료/식품,152,1132907,2026-01-20,7453,공공데이터포털_경기도 수원시_지역화폐 결제 정보_20260120
2025-11,수원시 영통구,망포1동,남,20대,의류,1,35000,2026-01-20,35000,공공데이터포털_경기도 수원시_지역화폐 결제 정보_20260120
2025-11,수원시 영통구,망포1동,남,20대,의원,12,119958,2026-01-20,9996,공공데이터포털_경기도 수원시_지역화폐 결제 정보_20260120
2025-11,수원시 영통구,망포1동,남,20대,일반/휴게 음식,497,3913164,2026-01-20,7874,공공데이터포털_경기도 수원시_지역화폐 결제 정보_20260120
2025-11,수원시 영통구,망포1동,남,20대,일반유통,274,1853927,2026-01-20,6766,공공데이터포털_경기도 수원시_지역화폐 결제 정보_20260120
2025-11,수원시 영통구,망포1동,남,20대,자동차 정비/유지,3,13597,2026-01-20,4532,공공데이터포털_경기도 수원시_지역화폐 결제 정보_20260120
2025-11,수원시 영통구,망포1동,남,20대,학원,13,623692,2026-01-20,47976,공공데이터포털_경기도 수원시_지역화폐 결제 정보_20260120
2025-11,수원시 영통구,망포1동,남,30대,건축자재,1,33729,2026-01-20,33729,공공데이터포털_경기도 수원시_지역화폐 결제 정보_20260120
2025-11,수원시 영통구,망포1동,남,30대,기타의료,11,62494,2026-01-20,5681,공공데이터포털_경기도 수원시_지역화폐 결제 정보_20260120
2025-11,수원시 영통구,망포1동,남,30대,레저/스포츠 서비스,112,904309,2026-01-20,8074,공공데이터포털_경기도 수원시_지역화폐 결제 정보_20260120
2025-11,수원시 영통구,망포1동,남,30대,문화/취미,25,37837,2026-01-20,1513,공공데이터포털_경기도 수원시_지역화폐 결제 정보_20260120
2025-11,수원시 영통구,망포1동,남,30대,미용/위생,112,906484,2026-01-20,8094,공공데이터포털_경기도 수원시_지역화폐 결제 정보_20260120
2025-11,수원시 영통구,망포1동,남,30대,서적/문구/학습자재,26,25105,2026-01-20,966,공공데이터포털_경기도 수원시_지역화폐 결제 정보_20260120
2025-11,수원시 영통구,망포1동,남,30대,숙박업,6,94961,2026-01-20,15827,공공데이터포털_경기도 수원시_지역화폐 결제 정보_20260120
2025-11,수원시 영통구,망포1동,남,30대,약국,134,296899,2026-01-20,2216,공공데이터포털_경기도 수원시_지역화폐 결제 정보_20260120
2025-11,수원시 영통구,망포1동,남,30대,용역서비스,15,85996,2026-01-20,5733,공공데이터포털_경기도 수원시_지역화폐 결제 정보_20260120
2025-11,수원시 영통구,망포1동,남,30대,음료/식품,302,1335270,2026-01-20,4421,공공데이터포털_경기도 수원시_지역화폐 결제 정보_20260120
2025-11,수원시 영통구,망포1동,남,30대,의류,3,21308,2026-01-20,7103,공공데이터포털_경기도 수원시_지역화폐 결제 정보_20260120
2025-11,수원시 영통구,망포1동,남,30대,의원,83,799887,2026-01-20,9637,공공데이터포털_경기도 수원시_지역화폐 결제 정보_20260120
2025-11,수원시 영통구,망포1동,남,30대,일반/휴게 음식,1263,4962731,2026-01-20,3929,공공데이터포털_경기도 수원시_지역화폐 결제 정보_20260120
2025-11,수원시 영통구,망포1동,남,30대,일반유통,943,3018426,2026-01-20,3201,공공데이터포털_경기도 수원시_지역화폐 결제 정보_20260120
2025-11,수원시 영통구,망포1동,남,30대,자동차 정비/유지,16,55399,2026-01-20,3462,공공데이터포털_경기도 수원시_지역화폐 결제 정보_20260120
2025-11,수원시 영통구,망포1동,남,30대,학원,90,3016255,2026-01-20,33514,공공데이터포털_경기도 수원시_지역화폐 결제 정보_20260120
2025-11,수원시 영통구,망포1동,남,40대,건축자재,2,5694,2026-01-20,2847,공공데이터포털_경기도 수원시_지역화폐 결제 정보_20260120
2025-11,수원시 영통구,망포1동,남,40대,기타의료,23,186922,2026-01-20,8127,공공데이터포털_경기도 수원시_지역화폐 결제 정보_20260120
2025-11,수원시 영통구,망포1동,남,40대,레저/스포츠 서비스,77,305360,2026-01-20,3966,공공데이터포털_경기도 수원시_지역화폐 결제 정보_20260120
2025-11,수원시 영통구,망포1동,남,40대,문화/취미,11,82615,2026-01-20,7510,공공데이터포털_경기도 수원시_지역화폐 결제 정보_20260120
2025-11,수원시 영통구,망포1동,남,40대,미용/위생,234,1633909,2026-01-20,6983,공공데이터포털_경기도 수원시_지역화폐 결제 정보_20260120
2025-11,수원시 영통구,망포1동,남,40대,서적/문구/학습자재,64,77989,2026-01-20,1219,공공데이터포털_경기도 수원시_지역화폐 결제 정보_20260120
2025-11,수원시 영통구,망포1동,남,40대,신변잡화,13,69504,2026-01-20,5346,공공데이터포털_경기도 수원시_지역화폐 결제 정보_20260120
2025-11,수원시 영통구,망포1동,남,40대,약국,254,562892,2026-01-20,2216,공공데이터포털_경기도 수원시_지역화폐 결제 정보_20260120
2025-11,수원시 영통구,망포1동,남,40대,용역서비스,47,387981,2026-01-20,8255,공공데이터포털_경기도 수원시_지역화폐 결제 정보_20260120
2025-11,수원시 영통구,망포1동,남,40대,음료/식품,666,2480146,2026-01-20,3724,공공데이터포털_경기도 수원시_지역화폐 결제 정보_20260120
2025-11,수원시 영통구,망포1동,남,40대,의류,1,3427,2026-01-20,3427,공공데이터포털_경기도 수원시_지역화폐 결제 정보_20260120
2025-11,수원시 영통구,망포1동,남,40대,의원,193,1394535,2026-01-20,7226,공공데이터포털_경기도 수원시_지역화폐 결제 정보_20260120
2025-11,수원시 영통구,망포1동,남,40대,일반/휴게 음식,2140,9102300,2026-01-20,4253,공공데이터포털_경기도 수원시_지역화폐 결제 정보_20260120
2025-11,수원시 영통구,망포1동,남,40대,일반유통,1482,4205297,2026-01-20,2838,공공데이터포털_경기도 수원시_지역화폐 결제 정보_20260120
2025-11,수원시 영통구,망포1동,남,40대,자동차 정비/유지,19,58882,2026-01-20,3099,공공데이터포털_경기도 수원시_지역화폐 결제 정보_20260120
2025-11,수원시 영통구,망포1동,남,40대,직물/침구류,1,5455,2026-01-20,5455,공공데이터포털_경기도 수원시_지역화폐 결제 정보_20260120
2025-11,수원시 영통구,망포1동,남,40대,학원,679,22065867,2026-01-20,32498,공공데이터포털_경기도 수원시_지역화폐 결제 정보_20260120
2025-11,수원시 영통구,망포1동,남,50대,건축자재,3,2590,2026-01-20,863,공공데이터포털_경기도 수원시_지역화폐 결제 정보_20260120
2025-11,수원시 영통구,망포1동,남,50대,기타의료,16,104447,2026-01-20,6528,공공데이터포털_경기도 수원시_지역화폐 결제 정보_20260120
2025-11,수원시 영통구,망포1동,남,50대,레저/스포츠 서비스,58,259541,2026-01-20,4475,공공데이터포털_경기도 수원시_지역화폐 결제 정보_20260120
2025-11,수원시 영통구,망포1동,남,50대,문화/취미,6,27465,2026-01-20,4578,공공데이터포털_경기도 수원시_지역화폐 결제 정보_20260120
2025-11,수원시 영통구,망포1동,남,50대,미용/위생,156,1033425,2026-01-20,6625,공공데이터포털_경기도 수원시_지역화폐 결제 정보_20260120
2025-11,수원시 영통구,망포1동,남,50대,서적/문구/학습자재,16,46841,2026-01-20,2928,공공데이터포털_경기도 수원시_지역화폐 결제 정보_20260120
2025-11,수원시 영통구,망포1동,남,50대,신변잡화,10,84186,2026-01-20,8419,공공데이터포털_경기도 수원시_지역화폐 결제 정보_20260120
2025-11,수원시 영통구,망포1동,남,50대,약국,92,222151,2026-01-20,2415,공공데이터포털_경기도 수원시_지역화폐 결제 정보_20260120
2025-11,수원시 영통구,망포1동,남,50대,용역서비스,37,287652,2026-01-20,7774,공공데이터포털_경기도 수원시_지역화폐 결제 정보_20260120
2025-11,수원시 영통구,망포1동,남,50대,음료/식품,398,1453668,2026-01-20,3652,공공데이터포털_경기도 수원시_지역화폐 결제 정보_20260120
2025-11,수원시 영통구,망포1동,남,50대,의류,3,13418,2026-01-20,4473,공공데이터포털_경기도 수원시_지역화폐 결제 정보_20260120
2025-11,수원시 영통구,망포1동,남,50대,의원,75,946432,2026-01-20,12619,공공데이터포털_경기도 수원시_지역화폐 결제 정보_20260120
2025-11,수원시 영통구,망포1동,남,50대,일반/휴게 음식,1379,5975333,2026-01-20,4333,공공데이터포털_경기도 수원시_지역화폐 결제 정보_20260120
2025-11,수원시 영통구,망포1동,남,50대,일반유통,772,2207234,2026-01-20,2859,공공데이터포털_경기도 수원시_지역화폐 결제 정보_20260120
2025-11,수원시 영통구,망포1동,남,50대,자동차 정비/유지,15,148597,2026-01-20,9906,공공데이터포털_경기도 수원시_지역화폐 결제 정보_20260120
2025-11,수원시 영통구,망포1동,남,50대,학원,271,9455158,2026-01-20,34890,공공데이터포털_경기도 수원시_지역화폐 결제 정보_20260120
2025-11,수원시 영통구,망포1동,남,60대 이상,건축자재,11,37416,2026-01-20,3401,공공데이터포털_경기도 수원시_지역화폐 결제 정보_20260120
2025-11,수원시 영통구,망포1동,남,60대 이상,기타의료,29,181949,2026-01-20,6274,공공데이터포털_경기도 수원시_지역화폐 결제 정보_20260120
2025-11,수원시 영통구,망포1동,남,60대 이상,레저/스포츠 서비스,43,149770,2026-01-20,3483,공공데이터포털_경기도 수원시_지역화폐 결제 정보_20260120
2025-11,수원시 영통구,망포1동,남,60대 이상,미용/위생,48,276617,2026-01-20,5763,공공데이터포털_경기도 수원시_지역화폐 결제 정보_20260120
2025-11,수원시 영통구,망포1동,남,60대 이상,서적/문구/학습자재,2,18499,2026-01-20,9250,공공데이터포털_경기도 수원시_지역화폐 결제 정보_20260120
2025-11,수원시 영통구,망포1동,남,60대 이상,신변잡화,6,5893,2026-01-20,982,공공데이터포털_경기도 수원시_지역화폐 결제 정보_20260120
2025-11,수원시 영통구,망포1동,남,60대 이상,약국,54,185499,2026-01-20,3435,공공데이터포털_경기도 수원시_지역화폐 결제 정보_20260120
2025-11,수원시 영통구,망포1동,남,60대 이상,용역서비스,16,71482,2026-01-20,4468,공공데이터포털_경기도 수원시_지역화폐 결제 정보_20260120
2025-11,수원시 영통구,망포1동,남,60대 이상,음료/식품,377,1722543,2026-01-20,4569,공공데이터포털_경기도 수원시_지역화폐 결제 정보_20260120
2025-11,수원시 영통구,망포1동,남,60대 이상,의류,2,10082,2026-01-20,5041,공공데이터포털_경기도 수원시_지역화폐 결제 정보_20260120
2025-11,수원시 영통구,망포1동,남,60대 이상,의원,55,431943,2026-01-20,7854,공공데이터포털_경기도 수원시_지역화폐 결제 정보_20260120
2025-11,수원시 영통구,망포1동,남,60대 이상,일반/휴게 음식,603,2728675,2026-01-20,4525,공공데이터포털_경기도 수원시_지역화폐 결제 정보_20260120
2025-11,수원시 영통구,망포1동,남,60대 이상,일반유통,421,1025019,2026-01-20,2435,공공데이터포털_경기도 수원시_지역화폐 결제 정보_20260120
2025-11,수원시 영통구,망포1동,남,60대 이상,자동차 정비/유지,4,64104,2026-01-20,16026,공공데이터포털_경기도 수원시_지역화폐 결제 정보_20260120
2025-11,수원시 영통구,망포1동,남,60대 이상,직물/침구류,1,23946,2026-01-20,23946,공공데이터포털_경기도 수원시_지역화폐 결제 정보_20260120
2025-11,수원시 영통구,망포1동,남,60대 이상,학원,14,737287,2026-01-20,52663,공공데이터포털_경기도 수원시_지역화폐 결제 정보_20260120
2025-11,수원시 영통구,망포1동,여,10대,기타의료,2,140541,2026-01-20,70270,공공데이터포털_경기도 수원시_지역화폐 결제 정보_20260120
2025-11,수원시 영통구,망포1동,여,10대,문화/취미,2,3345,2026-01-20,1672,공공데이터포털_경기도 수원시_지역화폐 결제 정보_20260120
2025-11,수원시 영통구,망포1동,여,10대,미용/위생,10,150476,2026-01-20,15048,공공데이터포털_경기도 수원시_지역화폐 결제 정보_20260120
2025-11,수원시 영통구,망포1동,여,10대,서적/문구/학습자재,1,109,2026-01-20,109,공공데이터포털_경기도 수원시_지역화폐 결제 정보_20260120
2025-11,수원시 영통구,망포1동,여,10대,신변잡화,1,6500,2026-01-20,6500,공공데이터포털_경기도 수원시_지역화폐 결제 정보_20260120
2025-11,수원시 영통구,망포1동,여,10대,약국,4,14943,2026-01-20,3736,공공데이터포털_경기도 수원시_지역화폐 결제 정보_20260120
2025-11,수원시 영통구,망포1동,여,10대,용역서비스,2,981,2026-01-20,490,공공데이터포털_경기도 수원시_지역화폐 결제 정보_20260120
2025-11,수원시 영통구,망포1동,여,10대,음료/식품,29,69781,2026-01-20,2406,공공데이터포털_경기도 수원시_지역화폐 결제 정보_20260120
2025-11,수원시 영통구,망포1동,여,10대,의원,6,16653,2026-01-20,2776,공공데이터포털_경기도 수원시_지역화폐 결제 정보_20260120
2025-11,수원시 영통구,망포1동,여,10대,일반/휴게 음식,118,417879,2026-01-20,3541,공공데이터포털_경기도 수원시_지역화폐 결제 정보_20260120
2025-11,수원시 영통구,망포1동,여,10대,일반유통,57,69997,2026-01-20,1228,공공데이터포털_경기도 수원시_지역화폐 결제 정보_20260120
2025-11,수원시 영통구,망포1동,여,10대,학원,38,1180465,2026-01-20,31065,공공데이터포털_경기도 수원시_지역화폐 결제 정보_20260120
2025-11,수원시 영통구,망포1동,여,20대,기타의료,9,399022,2026-01-20,44336,공공데이터포털_경기도 수원시_지역화폐 결제 정보_20260120
2025-11,수원시 영통구,망포1동,여,20대,레저/스포츠 서비스,13,233164,2026-01-20,17936,공공데이터포털_경기도 수원시_지역화폐 결제 정보_20260120
2025-11,수원시 영통구,망포1동,여,20대,문화/취미,5,187434,2026-01-20,37487,공공데이터포털_경기도 수원시_지역화폐 결제 정보_20260120
2025-11,수원시 영통구,망포1동,여,20대,미용/위생,45,1393137,2026-01-20,30959,공공데이터포털_경기도 수원시_지역화폐 결제 정보_20260120
2025-11,수원시 영통구,망포1동,여,20대,서적/문구/학습자재,11,21830,2026-01-20,1985,공공데이터포털_경기도 수원시_지역화폐 결제 정보_20260120
2025-11,수원시 영통구,망포1동,여,20대,신변잡화,2,22505,2026-01-20,11252,공공데이터포털_경기도 수원시_지역화폐 결제 정보_20260120
2025-11,수원시 영통구,망포1동,여,20대,약국,27,175874,2026-01-20,6514,공공데이터포털_경기도 수원시_지역화폐 결제 정보_20260120
2025-11,수원시 영통구,망포1동,여,20대,용역서비스,7,75180,2026-01-20,10740,공공데이터포털_경기도 수원시_지역화폐 결제 정보_20260120
2025-11,수원시 영통구,망포1동,여,20대,음료/식품,151,706690,2026-01-20,4680,공공데이터포털_경기도 수원시_지역화폐 결제 정보_20260120
2025-11,수원시 영통구,망포1동,여,20대,의원,20,134853,2026-01-20,6743,공공데이터포털_경기도 수원시_지역화폐 결제 정보_20260120
2025-11,수원시 영통구,망포1동,여,20대,일반/휴게 음식,606,4774189,2026-01-20,7878,공공데이터포털_경기도 수원시_지역화폐 결제 정보_20260120
2025-11,수원시 영통구,망포1동,여,20대,일반유통,209,746470,2026-01-20,3572,공공데이터포털_경기도 수원시_지역화폐 결제 정보_20260120
2025-11,수원시 영통구,망포1동,여,20대,자동차 정비/유지,4,163472,2026-01-20,40868,공공데이터포털_경기도 수원시_지역화폐 결제 정보_20260120
2025-11,수원시 영통구,망포1동,여,20대,학원,34,2013193,2026-01-20,59212,공공데이터포털_경기도 수원시_지역화폐 결제 정보_20260120
2025-11,수원시 영통구,망포1동,여,30대,건축자재,2,66544,2026-01-20,33272,공공데이터포털_경기도 수원시_지역화폐 결제 정보_20260120
2025-11,수원시 영통구,망포1동,여,30대,기타의료,42,284289,2026-01-20,6769,공공데이터포털_경기도 수원시_지역화폐 결제 정보_20260120
2025-11,수원시 영통구,망포1동,여,30대,레저/스포츠 서비스,60,732970,2026-01-20,12216,공공데이터포털_경기도 수원시_지역화폐 결제 정보_20260120
2025-11,수원시 영통구,망포1동,여,30대,문화/취미,16,386745,2026-01-20,24172,공공데이터포털_경기도 수원시_지역화폐 결제 정보_20260120
2025-11,수원시 영통구,망포1동,여,30대,미용/위생,141,1943673,2026-01-20,13785,공공데이터포털_경기도 수원시_지역화폐 결제 정보_20260120
2025-11,수원시 영통구,망포1동,여,30대,서적/문구/학습자재,54,44349,2026-01-20,821,공공데이터포털_경기도 수원시_지역화폐 결제 정보_20260120
2025-11,수원시 영통구,망포1동,여,30대,신변잡화,7,39886,2026-01-20,5698,공공데이터포털_경기도 수원시_지역화폐 결제 정보_20260120
2025-11,수원시 영통구,망포1동,여,30대,약국,315,602258,2026-01-20,1912,공공데이터포털_경기도 수원시_지역화폐 결제 정보_20260120
2025-11,수원시 영통구,망포1동,여,30대,용역서비스,32,201992,2026-01-20,6312,공공데이터포털_경기도 수원시_지역화폐 결제 정보_20260120
2025-11,수원시 영통구,망포1동,여,30대,음료/식품,580,1586707,2026-01-20,2736,공공데이터포털_경기도 수원시_지역화폐 결제 정보_20260120
2025-11,수원시 영통구,망포1동,여,30대,의류,2,9339,2026-01-20,4670,공공데이터포털_경기도 수원시_지역화폐 결제 정보_20260120
2025-11,수원시 영통구,망포1동,여,30대,의원,157,1146607,2026-01-20,7303,공공데이터포털_경기도 수원시_지역화폐 결제 정보_20260120
2025-11,수원시 영통구,망포1동,여,30대,일반/휴게 음식,1893,6991651,2026-01-20,3693,공공데이터포털_경기도 수원시_지역화폐 결제 정보_20260120
2025-11,수원시 영통구,망포1동,여,30대,일반유통,1157,3045000,2026-01-20,2632,공공데이터포털_경기도 수원시_지역화폐 결제 정보_20260120
2025-11,수원시 영통구,망포1동,여,30대,자동차 정비/유지,7,101197,2026-01-20,14457,공공데이터포털_경기도 수원시_지역화폐 결제 정보_20260120
2025-11,수원시 영통구,망포1동,여,30대,학원,157,4758240,2026-01-20,30307,공공데이터포털_경기도 수원시_지역화폐 결제 정보_20260120
2025-11,수원시 영통구,망포1동,여,40대,건축자재,3,33303,2026-01-20,11101,공공데이터포털_경기도 수원시_지역화폐 결제 정보_20260120
2025-11,수원시 영통구,망포1동,여,40대,기타의료,51,421872,2026-01-20,8272,공공데이터포털_경기도 수원시_지역화폐 결제 정보_20260120
2025-11,수원시 영통구,망포1동,여,40대,레저/스포츠 서비스,42,326902,2026-01-20,7783,공공데이터포털_경기도 수원시_지역화폐 결제 정보_20260120
2025-11,수원시 영통구,망포1동,여,40대,문화/취미,11,92041,2026-01-20,8367,공공데이터포털_경기도 수원시_지역화폐 결제 정보_20260120
2025-11,수원시 영통구,망포1동,여,40대,미용/위생,252,1854216,2026-01-20,7358,공공데이터포털_경기도 수원시_지역화폐 결제 정보_20260120
2025-11,수원시 영통구,망포1동,여,40대,서적/문구/학습자재,160,182370,2026-01-20,1140,공공데이터포털_경기도 수원시_지역화폐 결제 정보_20260120
2025-11,수원시 영통구,망포1동,여,40대,신변잡화,28,193228,2026-01-20,6901,공공데이터포털_경기도 수원시_지역화폐 결제 정보_20260120
2025-11,수원시 영통구,망포1동,여,40대,약국,376,772265,2026-01-20,2054,공공데이터포털_경기도 수원시_지역화폐 결제 정보_20260120
2025-11,수원시 영통구,망포1동,여,40대,용역서비스,64,498800,2026-01-20,7794,공공데이터포털_경기도 수원시_지역화폐 결제 정보_20260120
2025-11,수원시 영통구,망포1동,여,40대,음료/식품,1250,3558812,2026-01-20,2847,공공데이터포털_경기도 수원시_지역화폐 결제 정보_20260120
2025-11,수원시 영통구,망포1동,여,40대,의류,12,46747,2026-01-20,3896,공공데이터포털_경기도 수원시_지역화폐 결제 정보_20260120
2025-11,수원시 영통구,망포1동,여,40대,의원,237,1830606,2026-01-20,7724,공공데이터포털_경기도 수원시_지역화폐 결제 정보_20260120
2025-11,수원시 영통구,망포1동,여,40대,일반/휴게 음식,3322,11376085,2026-01-20,3424,공공데이터포털_경기도 수원시_지역화폐 결제 정보_20260120
2025-11,수원시 영통구,망포1동,여,40대,일반유통,1578,4292000,2026-01-20,2720,공공데이터포털_경기도 수원시_지역화폐 결제 정보_20260120
2025-11,수원시 영통구,망포1동,여,40대,자동차 정비/유지,4,23405,2026-01-20,5851,공공데이터포털_경기도 수원시_지역화폐 결제 정보_20260120
2025-11,수원시 영통구,망포1동,여,40대,전자상거래,1,8000,2026-01-20,8000,공공데이터포털_경기도 수원시_지역화폐 결제 정보_20260120
2025-11,수원시 영통구,망포1동,여,40대,학원,862,27209748,2026-01-20,31566,공공데이터포털_경기도 수원시_지역화폐 결제 정보_20260120
2025-11,수원시 영통구,망포1동,여,50대,건축자재,2,2236,2026-01-20,1118,공공데이터포털_경기도 수원시_지역화폐 결제 정보_20260120
2025-11,수원시 영통구,망포1동,여,50대,기타의료,58,633030,2026-01-20,10914,공공데이터포털_경기도 수원시_지역화폐 결제 정보_20260120
2025-11,수원시 영통구,망포1동,여,50대,레저/스포츠 서비스,27,150567,2026-01-20,5577,공공데이터포털_경기도 수원시_지역화폐 결제 정보_20260120
2025-11,수원시 영통구,망포1동,여,50대,문화/취미,7,82107,2026-01-20,11730,공공데이터포털_경기도 수원시_지역화폐 결제 정보_20260120
2025-11,수원시 영통구,망포1동,여,50대,미용/위생,172,1802860,2026-01-20,10482,공공데이터포털_경기도 수원시_지역화폐 결제 정보_20260120
2025-11,수원시 영통구,망포1동,여,50대,사무/통신,2,1514,2026-01-20,757,공공데이터포털_경기도 수원시_지역화폐 결제 정보_20260120
2025-11,수원시 영통구,망포1동,여,50대,서적/문구/학습자재,12,8990,2026-01-20,749,공공데이터포털_경기도 수원시_지역화폐 결제 정보_20260120
2025-11,수원시 영통구,망포1동,여,50대,신변잡화,10,62723,2026-01-20,6272,공공데이터포털_경기도 수원시_지역화폐 결제 정보_20260120
2025-11,수원시 영통구,망포1동,여,50대,약국,171,483550,2026-01-20,2828,공공데이터포털_경기도 수원시_지역화폐 결제 정보_20260120
2025-11,수원시 영통구,망포1동,여,50대,용역서비스,50,155227,2026-01-20,3105,공공데이터포털_경기도 수원시_지역화폐 결제 정보_20260120
2025-11,수원시 영통구,망포1동,여,50대,음료/식품,826,2908805,2026-01-20,3522,공공데이터포털_경기도 수원시_지역화폐 결제 정보_20260120
2025-11,수원시 영통구,망포1동,여,50대,의류,8,15571,2026-01-20,1946,공공데이터포털_경기도 수원시_지역화폐 결제 정보_20260120
2025-11,수원시 영통구,망포1동,여,50대,의원,97,1067135,2026-01-20,11001,공공데이터포털_경기도 수원시_지역화폐 결제 정보_20260120
2025-11,수원시 영통구,망포1동,여,50대,일반/휴게 음식,1584,6039705,2026-01-20,3813,공공데이터포털_경기도 수원시_지역화폐 결제 정보_20260120
2025-11,수원시 영통구,망포1동,여,50대,일반유통,712,2228987,2026-01-20,3131,공공데이터포털_경기도 수원시_지역화폐 결제 정보_20260120
2025-11,수원시 영통구,망포1동,여,50대,자동차 정비/유지,6,15563,2026-01-20,2594,공공데이터포털_경기도 수원시_지역화폐 결제 정보_20260120
2025-11,수원시 영통구,망포1동,여,50대,전자상거래,2,2835,2026-01-20,1418,공공데이터포털_경기도 수원시_지역화폐 결제 정보_20260120
2025-11,수원시 영통구,망포1동,여,50대,학원,140,6223826,2026-01-20,44456,공공데이터포털_경기도 수원시_지역화폐 결제 정보_20260120
2025-11,수원시 영통구,망포1동,여,60대 이상,가구,1,40000,2026-01-20,40000,공공데이터포털_경기도 수원시_지역화폐 결제 정보_20260120
2025-11,수원시 영통구,망포1동,여,60대 이상,기타의료,26,128469,2026-01-20,4941,공공데이터포털_경기도 수원시_지역화폐 결제 정보_20260120
2025-11,수원시 영통구,망포1동,여,60대 이상,레저/스포츠 서비스,11,145370,2026-01-20,13215,공공데이터포털_경기도 수원시_지역화폐 결제 정보_20260120
2025-11,수원시 영통구,망포1동,여,60대 이상,문화/취미,4,14470,2026-01-20,3618,공공데이터포털_경기도 수원시_지역화폐 결제 정보_20260120
2025-11,수원시 영통구,망포1동,여,60대 이상,미용/위생,75,826591,2026-01-20,11021,공공데이터포털_경기도 수원시_지역화폐 결제 정보_20260120
2025-11,수원시 영통구,망포1동,여,60대 이상,서적/문구/학습자재,5,4505,2026-01-20,901,공공데이터포털_경기도 수원시_지역화폐 결제 정보_20260120
2025-11,수원시 영통구,망포1동,여,60대 이상,신변잡화,7,25145,2026-01-20,3592,공공데이터포털_경기도 수원시_지역화폐 결제 정보_20260120
2025-11,수원시 영통구,망포1동,여,60대 이상,약국,98,212981,2026-01-20,2173,공공데이터포털_경기도 수원시_지역화폐 결제 정보_20260120
2025-11,수원시 영통구,망포1동,여,60대 이상,용역서비스,22,180709,2026-01-20,8214,공공데이터포털_경기도 수원시_지역화폐 결제 정보_20260120
2025-11,수원시 영통구,망포1동,여,60대 이상,음료/식품,938,3061645,2026-01-20,3264,공공데이터포털_경기도 수원시_지역화폐 결제 정보_20260120
2025-11,수원시 영통구,망포1동,여,60대 이상,의류,9,33615,2026-01-20,3735,공공데이터포털_경기도 수원시_지역화폐 결제 정보_20260120
2025-11,수원시 영통구,망포1동,여,60대 이상,의원,101,886453,2026-01-20,8777,공공데이터포털_경기도 수원시_지역화폐 결제 정보_20260120
2025-11,수원시 영통구,망포1동,여,60대 이상,일반/휴게 음식,618,2244100,2026-01-20,3631,공공데이터포털_경기도 수원시_지역화폐 결제 정보_20260120
2025-11,수원시 영통구,망포1동,여,60대 이상,일반유통,514,1615881,2026-01-20,3144,공공데이터포털_경기도 수원시_지역화폐 결제 정보_20260120
2025-11,수원시 영통구,망포1동,여,60대 이상,자동차 정비/유지,2,5279,2026-01-20,2640,공공데이터포털_경기도 수원시_지역화폐 결제 정보_20260120
2025-11,수원시 영통구,망포1동,여,60대 이상,학원,25,708451,2026-01-20,28338,공공데이터포털_경기도 수원시_지역화폐 결제 정보_20260120
2025-11,수원시 영통구,망포1동,여,60대 이상,회원정보미상,14,202250,2026-01-20,14446,공공데이터포털_경기도 수원시_지역화폐 결제 정보_20260120
2025-11,수원시 영통구,망포1동,여,60대 이상,회원정보미상,14,202250,2026-01-20,14446,공공데이터포털_경기도 수원시_지역화폐 결제 정보_20260120
2025-11,수원시 영통구,망포1동,여,60대 이상,가구,1,20000,2026-01-20,20000,공공데이터포털_경기도 수원시_지역화폐 결제 정보_20260120
2025-11,수원시 영통구,망포1동,여,60대 이상,신변잡화,1,3500,2026-01-20,3500,공공데이터포털_경기도 수원시_지역화폐 결제 정보_20260120
2025-11,수원시 영통구,망포1동,여,60대 이상,음료/식품,4,89050,2026-01-20,22262,공공데이터포털_경기도 수원시_지역화폐 결제 정보_20260120
2025-11,수원시 영통구,망포1동,여,60대 이상,의류,1,28000,2026-01-20,28000,공공데이터포털_경기도 수원시_지역화폐 결제 정보_20260120
2025-11,수원시 영통구,망포1동,여,60대 이상,일반/휴게 음식,4,58500,2026-01-20,14625,공공데이터포털_경기도 수원시_지역화폐 결제 정보_20260120
2025-11,수원시 영통구,망포1동,여,60대 이상,일반유통,1,3200,2026-01-20,3200,공공데이터포털_경기도 수원시_지역화폐 결제 정보_20260120
2025-11,수원시 영통구,망포2동,남,10대,레저/스포츠 서비스,3,17540,2026-01-20,5847,공공데이터포털_경기도 수원시_지역화폐 결제 정보_20260120
2025-11,수원시 영통구,망포2동,남,10대,미용/위생,13,76845,2026-01-20,5911,공공데이터포털_경기도 수원시_지역화폐 결제 정보_20260120
2025-11,수원시 영통구,망포2동,남,10대,서적/문구/학습자재,26,100707,2026-01-20,3873,공공데이터포털_경기도 수원시_지역화폐 결제 정보_20260120
2025-11,수원시 영통구,망포2동,남,10대,약국,17,16345,2026-01-20,961,공공데이터포털_경기도 수원시_지역화폐 결제 정보_20260120
2025-11,수원시 영통구,망포2동,남,10대,음료/식품,86,96162,2026-01-20,1118,공공데이터포털_경기도 수원시_지역화폐 결제 정보_20260120
2025-11,수원시 영통구,망포2동,남,10대,의원,24,532462,2026-01-20,22186,공공데이터포털_경기도 수원시_지역화폐 결제 정보_20260120
2025-11,수원시 영통구,망포2동,남,10대,일반/휴게 음식,143,360927,2026-01-20,2524,공공데이터포털_경기도 수원시_지역화폐 결제 정보_20260120
2025-11,수원시 영통구,망포2동,남,10대,일반유통,183,241013,2026-01-20,1317,공공데이터포털_경기도 수원시_지역화폐 결제 정보_20260120
2025-11,수원시 영통구,망포2동,남,10대,자동차판매,1,6632,2026-01-20,6632,공공데이터포털_경기도 수원시_지역화폐 결제 정보_20260120
2025-11,수원시 영통구,망포2동,남,10대,전자제품,4,461,2026-01-20,115,공공데이터포털_경기도 수원시_지역화폐 결제 정보_20260120
2025-11,수원시 영통구,망포2동,남,10대,학원,45,957359,2026-01-20,21275,공공데이터포털_경기도 수원시_지역화폐 결제 정보_20260120
2025-11,수원시 영통구,망포2동,남,20대,기타의료,9,21882,2026-01-20,2431,공공데이터포털_경기도 수원시_지역화폐 결제 정보_20260120
2025-11,수원시 영통구,망포2동,남,20대,레저/문화 용품,1,8978,2026-01-20,8978,공공데이터포털_경기도 수원시_지역화폐 결제 정보_20260120
2025-11,수원시 영통구,망포2동,남,20대,레저/스포츠 서비스,14,612536,2026-01-20,43753,공공데이터포털_경기도 수원시_지역화폐 결제 정보_20260120
2025-11,수원시 영통구,망포2동,남,20대,문화/취미,13,153992,2026-01-20,11846,공공데이터포털_경기도 수원시_지역화폐 결제 정보_20260120
2025-11,수원시 영통구,망포2동,남,20대,미용/위생,70,1528938,2026-01-20,21842,공공데이터포털_경기도 수원시_지역화폐 결제 정보_20260120
2025-11,수원시 영통구,망포2동,남,20대,서적/문구/학습자재,35,408916,2026-01-20,11683,공공데이터포털_경기도 수원시_지역화폐 결제 정보_20260120
2025-11,수원시 영통구,망포2동,남,20대,신변잡화,2,3112,2026-01-20,1556,공공데이터포털_경기도 수원시_지역화폐 결제 정보_20260120
2025-11,수원시 영통구,망포2동,남,20대,약국,78,274870,2026-01-20,3524,공공데이터포털_경기도 수원시_지역화폐 결제 정보_20260120
2025-11,수원시 영통구,망포2동,남,20대,용역서비스,13,217360,2026-01-20,16720,공공데이터포털_경기도 수원시_지역화폐 결제 정보_20260120
2025-11,수원시 영통구,망포2동,남,20대,음료/식품,157,911587,2026-01-20,5806,공공데이터포털_경기도 수원시_지역화폐 결제 정보_20260120
2025-11,수원시 영통구,망포2동,남,20대,의원,57,2006758,2026-01-20,35206,공공데이터포털_경기도 수원시_지역화폐 결제 정보_20260120
2025-11,수원시 영통구,망포2동,남,20대,일반/휴게 음식,563,4046279,2026-01-20,7187,공공데이터포털_경기도 수원시_지역화폐 결제 정보_20260120
2025-11,수원시 영통구,망포2동,남,20대,일반유통,239,837541,2026-01-20,3504,공공데이터포털_경기도 수원시_지역화폐 결제 정보_20260120
2025-11,수원시 영통구,망포2동,남,20대,자동차판매,1,1211,2026-01-20,1211,공공데이터포털_경기도 수원시_지역화폐 결제 정보_20260120
2025-11,수원시 영통구,망포2동,남,20대,전자제품,1,12000,2026-01-20,12000,공공데이터포털_경기도 수원시_지역화폐 결제 정보_20260120
2025-11,수원시 영통구,망포2동,남,20대,직물/침구류,1,61014,2026-01-20,61014,공공데이터포털_경기도 수원시_지역화폐 결제 정보_20260120
2025-11,수원시 영통구,망포2동,남,20대,학원,19,509713,2026-01-20,26827,공공데이터포털_경기도 수원시_지역화폐 결제 정보_20260120
2025-11,수원시 영통구,망포2동,남,30대,기타유통,1,2099,2026-01-20,2099,공공데이터포털_경기도 수원시_지역화폐 결제 정보_20260120
2025-11,수원시 영통구,망포2동,남,30대,기타의료,42,166959,2026-01-20,3975,공공데이터포털_경기도 수원시_지역화폐 결제 정보_20260120
2025-11,수원시 영통구,망포2동,남,30대,레저/문화 용품,15,91085,2026-01-20,6072,공공데이터포털_경기도 수원시_지역화폐 결제 정보_20260120
2025-11,수원시 영통구,망포2동,남,30대,레저/스포츠 서비스,311,1148698,2026-01-20,3694,공공데이터포털_경기도 수원시_지역화폐 결제 정보_20260120
2025-11,수원시 영통구,망포2동,남,30대,문화/취미,28,135450,2026-01-20,4838,공공데이터포털_경기도 수원시_지역화폐 결제 정보_20260120
2025-11,수원시 영통구,망포2동,남,30대,미용/위생,213,2254152,2026-01-20,10583,공공데이터포털_경기도 수원시_지역화폐 결제 정보_20260120
2025-11,수원시 영통구,망포2동,남,30대,병원,6,26848,2026-01-20,4475,공공데이터포털_경기도 수원시_지역화폐 결제 정보_20260120
2025-11,수원시 영통구,망포2동,남,30대,서적/문구/학습자재,105,457843,2026-01-20,4360,공공데이터포털_경기도 수원시_지역화폐 결제 정보_20260120
2025-11,수원시 영통구,망포2동,남,30대,신변잡화,18,22822,2026-01-20,1268,공공데이터포털_경기도 수원시_지역화폐 결제 정보_20260120
2025-11,수원시 영통구,망포2동,남,30대,약국,870,1921527,2026-01-20,2209,공공데이터포털_경기도 수원시_지역화폐 결제 정보_20260120
2025-11,수원시 영통구,망포2동,남,30대,용역서비스,63,411320,2026-01-20,6529,공공데이터포털_경기도 수원시_지역화폐 결제 정보_20260120
2025-11,수원시 영통구,망포2동,남,30대,음료/식품,978,2977758,2026-01-20,3045,공공데이터포털_경기도 수원시_지역화폐 결제 정보_20260120
2025-11,수원시 영통구,망포2동,남,30대,의류,1,11996,2026-01-20,11996,공공데이터포털_경기도 수원시_지역화폐 결제 정보_20260120
2025-11,수원시 영통구,망포2동,남,30대,의원,474,5947310,2026-01-20,12547,공공데이터포털_경기도 수원시_지역화폐 결제 정보_20260120
2025-11,수원시 영통구,망포2동,남,30대,일반/휴게 음식,2418,6770673,2026-01-20,2800,공공데이터포털_경기도 수원시_지역화폐 결제 정보_20260120
2025-11,수원시 영통구,망포2동,남,30대,일반유통,1243,2753962,2026-01-20,2216,공공데이터포털_경기도 수원시_지역화폐 결제 정보_20260120
2025-11,수원시 영통구,망포2동,남,30대,자동차 정비/유지,2,19106,2026-01-20,9553,공공데이터포털_경기도 수원시_지역화폐 결제 정보_20260120
2025-11,수원시 영통구,망포2동,남,30대,자동차판매,3,181575,2026-01-20,60525,공공데이터포털_경기도 수원시_지역화폐 결제 정보_20260120
2025-11,수원시 영통구,망포2동,남,30대,전자제품,2,786,2026-01-20,393,공공데이터포털_경기도 수원시_지역화폐 결제 정보_20260120
2025-11,수원시 영통구,망포2동,남,30대,직물/침구류,2,52692,2026-01-20,26346,공공데이터포털_경기도 수원시_지역화폐 결제 정보_20260120
2025-11,수원시 영통구,망포2동,남,30대,학원,141,4473557,2026-01-20,31727,공공데이터포털_경기도 수원시_지역화폐 결제 정보_20260120
2025-11,수원시 영통구,망포2동,남,40대,기타유통,2,77247,2026-01-20,38624,공공데이터포털_경기도 수원시_지역화폐 결제 정보_20260120
2025-11,수원시 영통구,망포2동,남,40대,기타의료,67,278842,2026-01-20,4162,공공데이터포털_경기도 수원시_지역화폐 결제 정보_20260120
2025-11,수원시 영통구,망포2동,남,40대,레저/문화 용품,27,161549,2026-01-20,5983,공공데이터포털_경기도 수원시_지역화폐 결제 정보_20260120
2025-11,수원시 영통구,망포2동,남,40대,레저/스포츠 서비스,395,3188707,2026-01-20,8073,공공데이터포털_경기도 수원시_지역화폐 결제 정보_20260120
2025-11,수원시 영통구,망포2동,남,40대,문화/취미,45,203919,2026-01-20,4532,공공데이터포털_경기도 수원시_지역화폐 결제 정보_20260120
2025-11,수원시 영통구,망포2동,남,40대,미용/위생,455,4607914,2026-01-20,10127,공공데이터포털_경기도 수원시_지역화폐 결제 정보_20260120
2025-11,수원시 영통구,망포2동,남,40대,병원,1,9048,2026-01-20,9048,공공데이터포털_경기도 수원시_지역화폐 결제 정보_20260120
2025-11,수원시 영통구,망포2동,남,40대,서적/문구/학습자재,527,2646544,2026-01-20,5022,공공데이터포털_경기도 수원시_지역화폐 결제 정보_20260120
2025-11,수원시 영통구,망포2동,남,40대,신변잡화,51,62669,2026-01-20,1229,공공데이터포털_경기도 수원시_지역화폐 결제 정보_20260120
2025-11,수원시 영통구,망포2동,남,40대,약국,1647,3327432,2026-01-20,2020,공공데이터포털_경기도 수원시_지역화폐 결제 정보_20260120
2025-11,수원시 영통구,망포2동,남,40대,용역서비스,150,724228,2026-01-20,4828,공공데이터포털_경기도 수원시_지역화폐 결제 정보_20260120
2025-11,수원시 영통구,망포2동,남,40대,음료/식품,2555,7589566,2026-01-20,2970,공공데이터포털_경기도 수원시_지역화폐 결제 정보_20260120
2025-11,수원시 영통구,망포2동,남,40대,의류,1,34757,2026-01-20,34757,공공데이터포털_경기도 수원시_지역화폐 결제 정보_20260120
2025-11,수원시 영통구,망포2동,남,40대,의원,991,7174424,2026-01-20,7240,공공데이터포털_경기도 수원시_지역화폐 결제 정보_20260120
2025-11,수원시 영통구,망포2동,남,40대,일반/휴게 음식,4389,11713978,2026-01-20,2669,공공데이터포털_경기도 수원시_지역화폐 결제 정보_20260120
2025-11,수원시 영통구,망포2동,남,40대,일반유통,2720,6521265,2026-01-20,2398,공공데이터포털_경기도 수원시_지역화폐 결제 정보_20260120
2025-11,수원시 영통구,망포2동,남,40대,자동차 정비/유지,4,189340,2026-01-20,47335,공공데이터포털_경기도 수원시_지역화폐 결제 정보_20260120
2025-11,수원시 영통구,망포2동,남,40대,자동차판매,7,130879,2026-01-20,18697,공공데이터포털_경기도 수원시_지역화폐 결제 정보_20260120
2025-11,수원시 영통구,망포2동,남,40대,전자제품,41,59022,2026-01-20,1440,공공데이터포털_경기도 수원시_지역화폐 결제 정보_20260120
2025-11,수원시 영통구,망포2동,남,40대,직물/침구류,2,105000,2026-01-20,52500,공공데이터포털_경기도 수원시_지역화폐 결제 정보_20260120
2025-11,수원시 영통구,망포2동,남,40대,학원,1373,42032005,2026-01-20,30613,공공데이터포털_경기도 수원시_지역화폐 결제 정보_20260120
2025-11,수원시 영통구,망포2동,남,50대,건축자재,1,7298,2026-01-20,7298,공공데이터포털_경기도 수원시_지역화폐 결제 정보_20260120
2025-11,수원시 영통구,망포2동,남,50대,기타의료,28,262375,2026-01-20,9371,공공데이터포털_경기도 수원시_지역화폐 결제 정보_20260120
2025-11,수원시 영통구,망포2동,남,50대,레저/문화 용품,9,16100,2026-01-20,1789,공공데이터포털_경기도 수원시_지역화폐 결제 정보_20260120
2025-11,수원시 영통구,망포2동,남,50대,레저/스포츠 서비스,91,873592,2026-01-20,9600,공공데이터포털_경기도 수원시_지역화폐 결제 정보_20260120
2025-11,수원시 영통구,망포2동,남,50대,문화/취미,23,66931,2026-01-20,2910,공공데이터포털_경기도 수원시_지역화폐 결제 정보_20260120
2025-11,수원시 영통구,망포2동,남,50대,미용/위생,220,1613626,2026-01-20,7335,공공데이터포털_경기도 수원시_지역화폐 결제 정보_20260120
2025-11,수원시 영통구,망포2동,남,50대,서적/문구/학습자재,191,903145,2026-01-20,4729,공공데이터포털_경기도 수원시_지역화폐 결제 정보_20260120
2025-11,수원시 영통구,망포2동,남,50대,신변잡화,8,16937,2026-01-20,2117,공공데이터포털_경기도 수원시_지역화폐 결제 정보_20260120
2025-11,수원시 영통구,망포2동,남,50대,약국,369,1088503,2026-01-20,2950,공공데이터포털_경기도 수원시_지역화폐 결제 정보_20260120
2025-11,수원시 영통구,망포2동,남,50대,용역서비스,59,300167,2026-01-20,5088,공공데이터포털_경기도 수원시_지역화폐 결제 정보_20260120
2025-11,수원시 영통구,망포2동,남,50대,음료/식품,749,2786353,2026-01-20,3720,공공데이터포털_경기도 수원시_지역화폐 결제 정보_20260120
2025-11,수원시 영통구,망포2동,남,50대,의류,4,59787,2026-01-20,14947,공공데이터포털_경기도 수원시_지역화폐 결제 정보_20260120
2025-11,수원시 영통구,망포2동,남,50대,의원,238,2413655,2026-01-20,10141,공공데이터포털_경기도 수원시_지역화폐 결제 정보_20260120
2025-11,수원시 영통구,망포2동,남,50대,일반/휴게 음식,1851,5808710,2026-01-20,3138,공공데이터포털_경기도 수원시_지역화폐 결제 정보_20260120
2025-11,수원시 영통구,망포2동,남,50대,일반유통,1047,2976295,2026-01-20,2843,공공데이터포털_경기도 수원시_지역화폐 결제 정보_20260120
2025-11,수원시 영통구,망포2동,남,50대,자동차 정비/유지,5,66809,2026-01-20,13362,공공데이터포털_경기도 수원시_지역화폐 결제 정보_20260120
2025-11,수원시 영통구,망포2동,남,50대,자동차판매,3,22014,2026-01-20,7338,공공데이터포털_경기도 수원시_지역화폐 결제 정보_20260120
2025-11,수원시 영통구,망포2동,남,50대,전자제품,9,29664,2026-01-20,3296,공공데이터포털_경기도 수원시_지역화폐 결제 정보_20260120
2025-11,수원시 영통구,망포2동,남,50대,직물/침구류,2,75348,2026-01-20,37674,공공데이터포털_경기도 수원시_지역화폐 결제 정보_20260120
2025-11,수원시 영통구,망포2동,남,50대,학원,262,8776785,2026-01-20,33499,공공데이터포털_경기도 수원시_지역화폐 결제 정보_20260120
2025-11,수원시 영통구,망포2동,남,60대 이상,기타유통,3,26797,2026-01-20,8932,공공데이터포털_경기도 수원시_지역화폐 결제 정보_20260120
2025-11,수원시 영통구,망포2동,남,60대 이상,기타의료,18,159915,2026-01-20,8884,공공데이터포털_경기도 수원시_지역화폐 결제 정보_20260120
2025-11,수원시 영통구,망포2동,남,60대 이상,레저/문화 용품,5,46581,2026-01-20,9316,공공데이터포털_경기도 수원시_지역화폐 결제 정보_20260120
2025-11,수원시 영통구,망포2동,남,60대 이상,레저/스포츠 서비스,44,374987,2026-01-20,8522,공공데이터포털_경기도 수원시_지역화폐 결제 정보_20260120
2025-11,수원시 영통구,망포2동,남,60대 이상,문화/취미,12,79033,2026-01-20,6586,공공데이터포털_경기도 수원시_지역화폐 결제 정보_20260120
2025-11,수원시 영통구,망포2동,남,60대 이상,미용/위생,53,590223,2026-01-20,11136,공공데이터포털_경기도 수원시_지역화폐 결제 정보_20260120
2025-11,수원시 영통구,망포2동,남,60대 이상,병원,3,65295,2026-01-20,21765,공공데이터포털_경기도 수원시_지역화폐 결제 정보_20260120
2025-11,수원시 영통구,망포2동,남,60대 이상,사무/통신,1,850,2026-01-20,850,공공데이터포털_경기도 수원시_지역화폐 결제 정보_20260120
2025-11,수원시 영통구,망포2동,남,60대 이상,서적/문구/학습자재,23,216602,2026-01-20,9417,공공데이터포털_경기도 수원시_지역화폐 결제 정보_20260120
2025-11,수원시 영통구,망포2동,남,60대 이상,약국,172,507137,2026-01-20,2948,공공데이터포털_경기도 수원시_지역화폐 결제 정보_20260120
2025-11,수원시 영통구,망포2동,남,60대 이상,용역서비스,22,204862,2026-01-20,9312,공공데이터포털_경기도 수원시_지역화폐 결제 정보_20260120
2025-11,수원시 영통구,망포2동,남,60대 이상,음료/식품,233,753218,2026-01-20,3233,공공데이터포털_경기도 수원시_지역화폐 결제 정보_20260120
2025-11,수원시 영통구,망포2동,남,60대 이상,의류,4,313353,2026-01-20,78338,공공데이터포털_경기도 수원시_지역화폐 결제 정보_20260120
2025-11,수원시 영통구,망포2동,남,60대 이상,의원,98,1323842,2026-01-20,13509,공공데이터포털_경기도 수원시_지역화폐 결제 정보_20260120
2025-11,수원시 영통구,망포2동,남,60대 이상,일반/휴게 음식,633,2249584,2026-01-20,3554,공공데이터포털_경기도 수원시_지역화폐 결제 정보_20260120
2025-11,수원시 영통구,망포2동,남,60대 이상,일반유통,292,725586,2026-01-20,2485,공공데이터포털_경기도 수원시_지역화폐 결제 정보_20260120
2025-11,수원시 영통구,망포2동,남,60대 이상,자동차판매,1,33176,2026-01-20,33176,공공데이터포털_경기도 수원시_지역화폐 결제 정보_20260120
2025-11,수원시 영통구,망포2동,남,60대 이상,전자제품,2,2219,2026-01-20,1110,공공데이터포털_경기도 수원시_지역화폐 결제 정보_20260120
2025-11,수원시 영통구,망포2동,남,60대 이상,학원,27,1233009,2026-01-20,45667,공공데이터포털_경기도 수원시_지역화폐 결제 정보_20260120
2025-11,수원시 영통구,망포2동,여,10대,레저/스포츠 서비스,8,3475,2026-01-20,434,공공데이터포털_경기도 수원시_지역화폐 결제 정보_20260120
2025-11,수원시 영통구,망포2동,여,10대,문화/취미,4,22161,2026-01-20,5540,공공데이터포털_경기도 수원시_지역화폐 결제 정보_20260120
2025-11,수원시 영통구,망포2동,여,10대,미용/위생,7,42128,2026-01-20,6018,공공데이터포털_경기도 수원시_지역화폐 결제 정보_20260120
2025-11,수원시 영통구,망포2동,여,10대,서적/문구/학습자재,33,182208,2026-01-20,5521,공공데이터포털_경기도 수원시_지역화폐 결제 정보_20260120
2025-11,수원시 영통구,망포2동,여,10대,약국,25,33134,2026-01-20,1325,공공데이터포털_경기도 수원시_지역화폐 결제 정보_20260120
2025-11,수원시 영통구,망포2동,여,10대,용역서비스,2,8484,2026-01-20,4242,공공데이터포털_경기도 수원시_지역화폐 결제 정보_20260120
2025-11,수원시 영통구,망포2동,여,10대,음료/식품,28,49717,2026-01-20,1776,공공데이터포털_경기도 수원시_지역화폐 결제 정보_20260120
2025-11,수원시 영통구,망포2동,여,10대,의원,15,161589,2026-01-20,10773,공공데이터포털_경기도 수원시_지역화폐 결제 정보_20260120
2025-11,수원시 영통구,망포2동,여,10대,일반/휴게 음식,126,347038,2026-01-20,2754,공공데이터포털_경기도 수원시_지역화폐 결제 정보_20260120
2025-11,수원시 영통구,망포2동,여,10대,일반유통,96,147611,2026-01-20,1538,공공데이터포털_경기도 수원시_지역화폐 결제 정보_20260120
2025-11,수원시 영통구,망포2동,여,10대,학원,30,780748,2026-01-20,26025,공공데이터포털_경기도 수원시_지역화폐 결제 정보_20260120
2025-11,수원시 영통구,망포2동,여,20대,기타의료,11,34668,2026-01-20,3152,공공데이터포털_경기도 수원시_지역화폐 결제 정보_20260120
2025-11,수원시 영통구,망포2동,여,20대,레저/문화 용품,1,40000,2026-01-20,40000,공공데이터포털_경기도 수원시_지역화폐 결제 정보_20260120
2025-11,수원시 영통구,망포2동,여,20대,레저/스포츠 서비스,91,1182354,2026-01-20,12993,공공데이터포털_경기도 수원시_지역화폐 결제 정보_20260120
2025-11,수원시 영통구,망포2동,여,20대,문화/취미,16,157648,2026-01-20,9853,공공데이터포털_경기도 수원시_지역화폐 결제 정보_20260120
2025-11,수원시 영통구,망포2동,여,20대,미용/위생,76,3995075,2026-01-20,52567,공공데이터포털_경기도 수원시_지역화폐 결제 정보_20260120
2025-11,수원시 영통구,망포2동,여,20대,서적/문구/학습자재,114,1493483,2026-01-20,13101,공공데이터포털_경기도 수원시_지역화폐 결제 정보_20260120
2025-11,수원시 영통구,망포2동,여,20대,약국,175,825727,2026-01-20,4718,공공데이터포털_경기도 수원시_지역화폐 결제 정보_20260120
2025-11,수원시 영통구,망포2동,여,20대,용역서비스,20,372246,2026-01-20,18612,공공데이터포털_경기도 수원시_지역화폐 결제 정보_20260120
2025-11,수원시 영통구,망포2동,여,20대,음료/식품,282,1724117,2026-01-20,6114,공공데이터포털_경기도 수원시_지역화폐 결제 정보_20260120
2025-11,수원시 영통구,망포2동,여,20대,의류,1,148000,2026-01-20,148000,공공데이터포털_경기도 수원시_지역화폐 결제 정보_20260120
2025-11,수원시 영통구,망포2동,여,20대,의원,107,2712218,2026-01-20,25348,공공데이터포털_경기도 수원시_지역화폐 결제 정보_20260120
2025-11,수원시 영통구,망포2동,여,20대,일반/휴게 음식,1060,5790265,2026-01-20,5463,공공데이터포털_경기도 수원시_지역화폐 결제 정보_20260120
2025-11,수원시 영통구,망포2동,여,20대,일반유통,277,1606197,2026-01-20,5799,공공데이터포털_경기도 수원시_지역화폐 결제 정보_20260120
2025-11,수원시 영통구,망포2동,여,20대,자동차 정비/유지,1,699,2026-01-20,699,공공데이터포털_경기도 수원시_지역화폐 결제 정보_20260120
2025-11,수원시 영통구,망포2동,여,20대,자동차판매,1,2681,2026-01-20,2681,공공데이터포털_경기도 수원시_지역화폐 결제 정보_20260120
2025-11,수원시 영통구,망포2동,여,20대,전자제품,3,5250,2026-01-20,1750,공공데이터포털_경기도 수원시_지역화폐 결제 정보_20260120
2025-11,수원시 영통구,망포2동,여,20대,학원,24,596588,2026-01-20,24858,공공데이터포털_경기도 수원시_지역화폐 결제 정보_20260120
2025-11,수원시 영통구,망포2동,여,30대,기타유통,1,8898,2026-01-20,8898,공공데이터포털_경기도 수원시_지역화폐 결제 정보_20260120
2025-11,수원시 영통구,망포2동,여,30대,기타의료,119,776055,2026-01-20,6521,공공데이터포털_경기도 수원시_지역화폐 결제 정보_20260120
2025-11,수원시 영통구,망포2동,여,30대,레저/문화 용품,3,8563,2026-01-20,2854,공공데이터포털_경기도 수원시_지역화폐 결제 정보_20260120
2025-11,수원시 영통구,망포2동,여,30대,레저/스포츠 서비스,362,2392226,2026-01-20,6608,공공데이터포털_경기도 수원시_지역화폐 결제 정보_20260120
2025-11,수원시 영통구,망포2동,여,30대,문화/취미,43,363510,2026-01-20,8454,공공데이터포털_경기도 수원시_지역화폐 결제 정보_20260120
2025-11,수원시 영통구,망포2동,여,30대,미용/위생,301,6863971,2026-01-20,22804,공공데이터포털_경기도 수원시_지역화폐 결제 정보_20260120
2025-11,수원시 영통구,망포2동,여,30대,병원,3,54595,2026-01-20,18198,공공데이터포털_경기도 수원시_지역화폐 결제 정보_20260120
2025-11,수원시 영통구,망포2동,여,30대,서적/문구/학습자재,331,1910224,2026-01-20,5771,공공데이터포털_경기도 수원시_지역화폐 결제 정보_20260120
2025-11,수원시 영통구,망포2동,여,30대,신변잡화,33,827923,2026-01-20,25089,공공데이터포털_경기도 수원시_지역화폐 결제 정보_20260120
2025-11,수원시 영통구,망포2동,여,30대,약국,2072,3503140,2026-01-20,1691,공공데이터포털_경기도 수원시_지역화폐 결제 정보_20260120
2025-11,수원시 영통구,망포2동,여,30대,용역서비스,97,2514264,2026-01-20,25920,공공데이터포털_경기도 수원시_지역화폐 결제 정보_20260120
2025-11,수원시 영통구,망포2동,여,30대,음료/식품,1996,6085191,2026-01-20,3049,공공데이터포털_경기도 수원시_지역화폐 결제 정보_20260120
2025-11,수원시 영통구,망포2동,여,30대,의원,1177,9958643,2026-01-20,8461,공공데이터포털_경기도 수원시_지역화폐 결제 정보_20260120
2025-11,수원시 영통구,망포2동,여,30대,일반/휴게 음식,4622,10993433,2026-01-20,2379,공공데이터포털_경기도 수원시_지역화폐 결제 정보_20260120
2025-11,수원시 영통구,망포2동,여,30대,일반유통,1553,4263289,2026-01-20,2745,공공데이터포털_경기도 수원시_지역화폐 결제 정보_20260120
2025-11,수원시 영통구,망포2동,여,30대,자동차 정비/유지,1,1755,2026-01-20,1755,공공데이터포털_경기도 수원시_지역화폐 결제 정보_20260120
2025-11,수원시 영통구,망포2동,여,30대,자동차판매,2,52338,2026-01-20,26169,공공데이터포털_경기도 수원시_지역화폐 결제 정보_20260120
2025-11,수원시 영통구,망포2동,여,30대,전자제품,16,7836,2026-01-20,490,공공데이터포털_경기도 수원시_지역화폐 결제 정보_20260120
2025-11,수원시 영통구,망포2동,여,30대,학원,410,11883845,2026-01-20,28985,공공데이터포털_경기도 수원시_지역화폐 결제 정보_20260120
2025-11,수원시 영통구,망포2동,여,40대,건축자재,1,15320,2026-01-20,15320,공공데이터포털_경기도 수원시_지역화폐 결제 정보_20260120
2025-11,수원시 영통구,망포2동,여,40대,기타유통,2,3700,2026-01-20,1850,공공데이터포털_경기도 수원시_지역화폐 결제 정보_20260120
2025-11,수원시 영통구,망포2동,여,40대,기타의료,144,822627,2026-01-20,5713,공공데이터포털_경기도 수원시_지역화폐 결제 정보_20260120
2025-11,수원시 영통구,망포2동,여,40대,레저/문화 용품,9,67951,2026-01-20,7550,공공데이터포털_경기도 수원시_지역화폐 결제 정보_20260120
2025-11,수원시 영통구,망포2동,여,40대,레저/스포츠 서비스,449,3511885,2026-01-20,7822,공공데이터포털_경기도 수원시_지역화폐 결제 정보_20260120
2025-11,수원시 영통구,망포2동,여,40대,문화/취미,59,302283,2026-01-20,5123,공공데이터포털_경기도 수원시_지역화폐 결제 정보_20260120
2025-11,수원시 영통구,망포2동,여,40대,미용/위생,507,6466589,2026-01-20,12755,공공데이터포털_경기도 수원시_지역화폐 결제 정보_20260120
2025-11,수원시 영통구,망포2동,여,40대,병원,1,13065,2026-01-20,13065,공공데이터포털_경기도 수원시_지역화폐 결제 정보_20260120
2025-11,수원시 영통구,망포2동,여,40대,서적/문구/학습자재,1129,5973839,2026-01-20,5291,공공데이터포털_경기도 수원시_지역화폐 결제 정보_20260120
2025-11,수원시 영통구,망포2동,여,40대,신변잡화,87,87948,2026-01-20,1011,공공데이터포털_경기도 수원시_지역화폐 결제 정보_20260120
2025-11,수원시 영통구,망포2동,여,40대,약국,2358,4902630,2026-01-20,2079,공공데이터포털_경기도 수원시_지역화폐 결제 정보_20260120
2025-11,수원시 영통구,망포2동,여,40대,용역서비스,212,1807561,2026-01-20,8526,공공데이터포털_경기도 수원시_지역화폐 결제 정보_20260120
2025-11,수원시 영통구,망포2동,여,40대,음료/식품,4334,10446177,2026-01-20,2410,공공데이터포털_경기도 수원시_지역화폐 결제 정보_20260120
2025-11,수원시 영통구,망포2동,여,40대,의류,11,302723,2026-01-20,27520,공공데이터포털_경기도 수원시_지역화폐 결제 정보_20260120
2025-11,수원시 영통구,망포2동,여,40대,의원,1445,10695144,2026-01-20,7401,공공데이터포털_경기도 수원시_지역화폐 결제 정보_20260120
2025-11,수원시 영통구,망포2동,여,40대,일반/휴게 음식,8123,18547396,2026-01-20,2283,공공데이터포털_경기도 수원시_지역화폐 결제 정보_20260120
2025-11,수원시 영통구,망포2동,여,40대,일반유통,3489,8514324,2026-01-20,2440,공공데이터포털_경기도 수원시_지역화폐 결제 정보_20260120
2025-11,수원시 영통구,망포2동,여,40대,자동차 정비/유지,3,45582,2026-01-20,15194,공공데이터포털_경기도 수원시_지역화폐 결제 정보_20260120
2025-11,수원시 영통구,망포2동,여,40대,자동차판매,2,13510,2026-01-20,6755,공공데이터포털_경기도 수원시_지역화폐 결제 정보_20260120
2025-11,수원시 영통구,망포2동,여,40대,전자제품,45,31240,2026-01-20,694,공공데이터포털_경기도 수원시_지역화폐 결제 정보_20260120
2025-11,수원시 영통구,망포2동,여,40대,직물/침구류,2,63149,2026-01-20,31574,공공데이터포털_경기도 수원시_지역화폐 결제 정보_20260120
2025-11,수원시 영통구,망포2동,여,40대,학원,1586,44115240,2026-01-20,27815,공공데이터포털_경기도 수원시_지역화폐 결제 정보_20260120
2025-11,수원시 영통구,망포2동,여,50대,건축자재,1,6000,2026-01-20,6000,공공데이터포털_경기도 수원시_지역화폐 결제 정보_20260120
2025-11,수원시 영통구,망포2동,여,50대,기타유통,4,104750,2026-01-20,26188,공공데이터포털_경기도 수원시_지역화폐 결제 정보_20260120
2025-11,수원시 영통구,망포2동,여,50대,기타의료,56,192797,2026-01-20,3443,공공데이터포털_경기도 수원시_지역화폐 결제 정보_20260120
2025-11,수원시 영통구,망포2동,여,50대,레저/문화 용품,3,16319,2026-01-20,5440,공공데이터포털_경기도 수원시_지역화폐 결제 정보_20260120
2025-11,수원시 영통구,망포2동,여,50대,레저/스포츠 서비스,144,1270782,2026-01-20,8825,공공데이터포털_경기도 수원시_지역화폐 결제 정보_20260120
2025-11,수원시 영통구,망포2동,여,50대,문화/취미,26,117361,2026-01-20,4514,공공데이터포털_경기도 수원시_지역화폐 결제 정보_20260120
2025-11,수원시 영통구,망포2동,여,50대,미용/위생,160,1917793,2026-01-20,11986,공공데이터포털_경기도 수원시_지역화폐 결제 정보_20260120
2025-11,수원시 영통구,망포2동,여,50대,서적/문구/학습자재,193,1023578,2026-01-20,5304,공공데이터포털_경기도 수원시_지역화폐 결제 정보_20260120
2025-11,수원시 영통구,망포2동,여,50대,신변잡화,4,17591,2026-01-20,4398,공공데이터포털_경기도 수원시_지역화폐 결제 정보_20260120
2025-11,수원시 영통구,망포2동,여,50대,약국,503,1438593,2026-01-20,2860,공공데이터포털_경기도 수원시_지역화폐 결제 정보_20260120
2025-11,수원시 영통구,망포2동,여,50대,용역서비스,115,669401,2026-01-20,5821,공공데이터포털_경기도 수원시_지역화폐 결제 정보_20260120
2025-11,수원시 영통구,망포2동,여,50대,음료/식품,1233,4276889,2026-01-20,3469,공공데이터포털_경기도 수원시_지역화폐 결제 정보_20260120
2025-11,수원시 영통구,망포2동,여,50대,의류,13,148707,2026-01-20,11439,공공데이터포털_경기도 수원시_지역화폐 결제 정보_20260120
2025-11,수원시 영통구,망포2동,여,50대,의원,327,3244107,2026-01-20,9921,공공데이터포털_경기도 수원시_지역화폐 결제 정보_20260120
2025-11,수원시 영통구,망포2동,여,50대,일반/휴게 음식,2827,8591793,2026-01-20,3039,공공데이터포털_경기도 수원시_지역화폐 결제 정보_20260120
2025-11,수원시 영통구,망포2동,여,50대,일반유통,900,2939405,2026-01-20,3266,공공데이터포털_경기도 수원시_지역화폐 결제 정보_20260120
2025-11,수원시 영통구,망포2동,여,50대,자동차 정비/유지,2,44087,2026-01-20,22044,공공데이터포털_경기도 수원시_지역화폐 결제 정보_20260120
2025-11,수원시 영통구,망포2동,여,50대,전자제품,12,15711,2026-01-20,1309,공공데이터포털_경기도 수원시_지역화폐 결제 정보_20260120
2025-11,수원시 영통구,망포2동,여,50대,직물/침구류,4,34724,2026-01-20,8681,공공데이터포털_경기도 수원시_지역화폐 결제 정보_20260120
2025-11,수원시 영통구,망포2동,여,50대,학원,128,3160518,2026-01-20,24692,공공데이터포털_경기도 수원시_지역화폐 결제 정보_20260120
2025-11,수원시 영통구,망포2동,여,60대 이상,기타유통,2,36567,2026-01-20,18284,공공데이터포털_경기도 수원시_지역화폐 결제 정보_20260120
2025-11,수원시 영통구,망포2동,여,60대 이상,기타의료,25,81017,2026-01-20,3241,공공데이터포털_경기도 수원시_지역화폐 결제 정보_20260120
2025-11,수원시 영통구,망포2동,여,60대 이상,레저/문화 용품,2,88410,2026-01-20,44205,공공데이터포털_경기도 수원시_지역화폐 결제 정보_20260120
2025-11,수원시 영통구,망포2동,여,60대 이상,레저/스포츠 서비스,70,637564,2026-01-20,9108,공공데이터포털_경기도 수원시_지역화폐 결제 정보_20260120
2025-11,수원시 영통구,망포2동,여,60대 이상,문화/취미,10,36065,2026-01-20,3606,공공데이터포털_경기도 수원시_지역화폐 결제 정보_20260120
2025-11,수원시 영통구,망포2동,여,60대 이상,미용/위생,83,1419655,2026-01-20,17104,공공데이터포털_경기도 수원시_지역화폐 결제 정보_20260120
2025-11,수원시 영통구,망포2동,여,60대 이상,병원,8,35747,2026-01-20,4468,공공데이터포털_경기도 수원시_지역화폐 결제 정보_20260120
2025-11,수원시 영통구,망포2동,여,60대 이상,서적/문구/학습자재,58,279708,2026-01-20,4823,공공데이터포털_경기도 수원시_지역화폐 결제 정보_20260120
2025-11,수원시 영통구,망포2동,여,60대 이상,신변잡화,4,5098,2026-01-20,1274,공공데이터포털_경기도 수원시_지역화폐 결제 정보_20260120
2025-11,수원시 영통구,망포2동,여,60대 이상,약국,320,1149117,2026-01-20,3591,공공데이터포털_경기도 수원시_지역화폐 결제 정보_20260120
2025-11,수원시 영통구,망포2동,여,60대 이상,용역서비스,32,140729,2026-01-20,4398,공공데이터포털_경기도 수원시_지역화폐 결제 정보_20260120
2025-11,수원시 영통구,망포2동,여,60대 이상,음료/식품,446,1448570,2026-01-20,3248,공공데이터포털_경기도 수원시_지역화폐 결제 정보_20260120
2025-11,수원시 영통구,망포2동,여,60대 이상,의류,3,33799,2026-01-20,11266,공공데이터포털_경기도 수원시_지역화폐 결제 정보_20260120
2025-11,수원시 영통구,망포2동,여,60대 이상,의원,187,1431885,2026-01-20,7657,공공데이터포털_경기도 수원시_지역화폐 결제 정보_20260120
2025-11,수원시 영통구,망포2동,여,60대 이상,일반/휴게 음식,945,2659063,2026-01-20,2814,공공데이터포털_경기도 수원시_지역화폐 결제 정보_20260120
2025-11,수원시 영통구,망포2동,여,60대 이상,일반유통,346,1120459,2026-01-20,3238,공공데이터포털_경기도 수원시_지역화폐 결제 정보_20260120
2025-11,수원시 영통구,망포2동,여,60대 이상,자동차판매,2,55554,2026-01-20,27777,공공데이터포털_경기도 수원시_지역화폐 결제 정보_20260120
2025-11,수원시 영통구,망포2동,여,60대 이상,전자제품,4,50756,2026-01-20,12689,공공데이터포털_경기도 수원시_지역화폐 결제 정보_20260120
2025-11,수원시 영통구,망포2동,여,60대 이상,직물/침구류,2,31565,2026-01-20,15782,공공데이터포털_경기도 수원시_지역화폐 결제 정보_20260120
2025-11,수원시 영통구,망포2동,여,60대 이상,학원,69,2113258,2026-01-20,30627,공공데이터포털_경기도 수원시_지역화폐 결제 정보_20260120
2025-11,수원시 영통구,망포2동,여,60대 이상,회원정보미상,10,161370,2026-01-20,16137,공공데이터포털_경기도 수원시_지역화폐 결제 정보_20260120
2025-11,수원시 영통구,망포2동,여,60대 이상,회원정보미상,10,161370,2026-01-20,16137,공공데이터포털_경기도 수원시_지역화폐 결제 정보_20260120
2025-11,수원시 영통구,망포2동,여,60대 이상,음료/식품,4,88410,2026-01-20,22102,공공데이터포털_경기도 수원시_지역화폐 결제 정보_20260120
2025-11,수원시 영통구,망포2동,여,60대 이상,일반/휴게 음식,5,24060,2026-01-20,4812,공공데이터포털_경기도 수원시_지역화폐 결제 정보_20260120
2025-11,수원시 영통구,망포2동,여,60대 이상,일반유통,1,48900,2026-01-20,48900,공공데이터포털_경기도 수원시_지역화폐 결제 정보_20260120
2025-11,수원시 영통구,매탄1동,남,10대,기타의료,1,1732,2026-01-20,1732,공공데이터포털_경기도 수원시_지역화폐 결제 정보_20260120
2025-11,수원시 영통구,매탄1동,남,10대,레저/스포츠 서비스,1,6662,2026-01-20,6662,공공데이터포털_경기도 수원시_지역화폐 결제 정보_20260120
2025-11,수원시 영통구,매탄1동,남,10대,미용/위생,1,1605,2026-01-20,1605,공공데이터포털_경기도 수원시_지역화폐 결제 정보_20260120
2025-11,수원시 영통구,매탄1동,남,10대,신변잡화,2,66283,2026-01-20,33142,공공데이터포털_경기도 수원시_지역화폐 결제 정보_20260120
2025-11,수원시 영통구,매탄1동,남,10대,약국,1,1156,2026-01-20,1156,공공데이터포털_경기도 수원시_지역화폐 결제 정보_20260120
2025-11,수원시 영통구,매탄1동,남,10대,음료/식품,23,37539,2026-01-20,1632,공공데이터포털_경기도 수원시_지역화폐 결제 정보_20260120
2025-11,수원시 영통구,매탄1동,남,10대,의원,1,5800,2026-01-20,5800,공공데이터포털_경기도 수원시_지역화폐 결제 정보_20260120
2025-11,수원시 영통구,매탄1동,남,10대,일반/휴게 음식,31,185964,2026-01-20,5999,공공데이터포털_경기도 수원시_지역화폐 결제 정보_20260120
2025-11,수원시 영통구,매탄1동,남,10대,일반유통,5,39139,2026-01-20,7828,공공데이터포털_경기도 수원시_지역화폐 결제 정보_20260120
2025-11,수원시 영통구,매탄1동,남,10대,자동차판매,1,1802,2026-01-20,1802,공공데이터포털_경기도 수원시_지역화폐 결제 정보_20260120
2025-11,수원시 영통구,매탄1동,남,10대,학원,5,186318,2026-01-20,37264,공공데이터포털_경기도 수원시_지역화폐 결제 정보_20260120
2025-11,수원시 영통구,매탄1동,남,20대,기타의료,5,21313,2026-01-20,4263,공공데이터포털_경기도 수원시_지역화폐 결제 정보_20260120
2025-11,수원시 영통구,매탄1동,남,20대,대형유통,3,34182,2026-01-20,11394,공공데이터포털_경기도 수원시_지역화폐 결제 정보_20260120
2025-11,수원시 영통구,매탄1동,남,20대,레저/스포츠 서비스,3,138535,2026-01-20,46178,공공데이터포털_경기도 수원시_지역화폐 결제 정보_20260120
2025-11,수원시 영통구,매탄1동,남,20대,문화/취미,1,12000,2026-01-20,12000,공공데이터포털_경기도 수원시_지역화폐 결제 정보_20260120
2025-11,수원시 영통구,매탄1동,남,20대,미용/위생,23,508734,2026-01-20,22119,공공데이터포털_경기도 수원시_지역화폐 결제 정보_20260120
2025-11,수원시 영통구,매탄1동,남,20대,서적/문구/학습자재,1,500,2026-01-20,500,공공데이터포털_경기도 수원시_지역화폐 결제 정보_20260120
2025-11,수원시 영통구,매탄1동,남,20대,신변잡화,1,31842,2026-01-20,31842,공공데이터포털_경기도 수원시_지역화폐 결제 정보_20260120
2025-11,수원시 영통구,매탄1동,남,20대,약국,21,171308,2026-01-20,8158,공공데이터포털_경기도 수원시_지역화폐 결제 정보_20260120
2025-11,수원시 영통구,매탄1동,남,20대,용역서비스,22,82539,2026-01-20,3752,공공데이터포털_경기도 수원시_지역화폐 결제 정보_20260120
2025-11,수원시 영통구,매탄1동,남,20대,음료/식품,306,3290184,2026-01-20,10752,공공데이터포털_경기도 수원시_지역화폐 결제 정보_20260120
2025-11,수원시 영통구,매탄1동,남,20대,의류,6,515566,2026-01-20,85928,공공데이터포털_경기도 수원시_지역화폐 결제 정보_20260120
2025-11,수원시 영통구,매탄1동,남,20대,의원,32,283244,2026-01-20,8851,공공데이터포털_경기도 수원시_지역화폐 결제 정보_20260120
2025-11,수원시 영통구,매탄1동,남,20대,일반/휴게 음식,311,2089058,2026-01-20,6717,공공데이터포털_경기도 수원시_지역화폐 결제 정보_20260120
2025-11,수원시 영통구,매탄1동,남,20대,일반유통,174,657433,2026-01-20,3778,공공데이터포털_경기도 수원시_지역화폐 결제 정보_20260120
2025-11,수원시 영통구,매탄1동,남,20대,학원,5,225895,2026-01-20,45179,공공데이터포털_경기도 수원시_지역화폐 결제 정보_20260120
2025-11,수원시 영통구,매탄1동,남,30대,기타의료,1,1028,2026-01-20,1028,공공데이터포털_경기도 수원시_지역화폐 결제 정보_20260120
2025-11,수원시 영통구,매탄1동,남,30대,대형유통,4,107661,2026-01-20,26915,공공데이터포털_경기도 수원시_지역화폐 결제 정보_20260120
2025-11,수원시 영통구,매탄1동,남,30대,문화/취미,7,153632,2026-01-20,21947,공공데이터포털_경기도 수원시_지역화폐 결제 정보_20260120
2025-11,수원시 영통구,매탄1동,남,30대,미용/위생,32,312440,2026-01-20,9764,공공데이터포털_경기도 수원시_지역화폐 결제 정보_20260120
2025-11,수원시 영통구,매탄1동,남,30대,신변잡화,1,250000,2026-01-20,250000,공공데이터포털_경기도 수원시_지역화폐 결제 정보_20260120
2025-11,수원시 영통구,매탄1동,남,30대,약국,32,65682,2026-01-20,2053,공공데이터포털_경기도 수원시_지역화폐 결제 정보_20260120
2025-11,수원시 영통구,매탄1동,남,30대,용역서비스,13,123312,2026-01-20,9486,공공데이터포털_경기도 수원시_지역화폐 결제 정보_20260120
2025-11,수원시 영통구,매탄1동,남,30대,음료/식품,408,1681056,2026-01-20,4120,공공데이터포털_경기도 수원시_지역화폐 결제 정보_20260120
2025-11,수원시 영통구,매탄1동,남,30대,의류,9,120804,2026-01-20,13423,공공데이터포털_경기도 수원시_지역화폐 결제 정보_20260120
2025-11,수원시 영통구,매탄1동,남,30대,의원,46,238141,2026-01-20,5177,공공데이터포털_경기도 수원시_지역화폐 결제 정보_20260120
2025-11,수원시 영통구,매탄1동,남,30대,일반/휴게 음식,476,1749662,2026-01-20,3676,공공데이터포털_경기도 수원시_지역화폐 결제 정보_20260120
2025-11,수원시 영통구,매탄1동,남,30대,일반유통,185,438761,2026-01-20,2372,공공데이터포털_경기도 수원시_지역화폐 결제 정보_20260120
2025-11,수원시 영통구,매탄1동,남,30대,자동차 정비/유지,2,1171,2026-01-20,586,공공데이터포털_경기도 수원시_지역화폐 결제 정보_20260120
2025-11,수원시 영통구,매탄1동,남,30대,자동차판매,4,39147,2026-01-20,9787,공공데이터포털_경기도 수원시_지역화폐 결제 정보_20260120
2025-11,수원시 영통구,매탄1동,남,30대,전자제품,1,955,2026-01-20,955,공공데이터포털_경기도 수원시_지역화폐 결제 정보_20260120
2025-11,수원시 영통구,매탄1동,남,30대,학원,16,513133,2026-01-20,32071,공공데이터포털_경기도 수원시_지역화폐 결제 정보_20260120
2025-11,수원시 영통구,매탄1동,남,30대,건축자재,2,18466,2026-01-20,9233,공공데이터포털_경기도 수원시_지역화폐 결제 정보_20260120
2025-11,수원시 영통구,매탄1동,남,30대,기타의료,6,22304,2026-01-20,3717,공공데이터포털_경기도 수원시_지역화폐 결제 정보_20260120
2025-11,수원시 영통구,매탄1동,남,30대,문화/취미,20,593387,2026-01-20,29669,공공데이터포털_경기도 수원시_지역화폐 결제 정보_20260120
2025-11,수원시 영통구,매탄1동,남,30대,미용/위생,69,419373,2026-01-20,6078,공공데이터포털_경기도 수원시_지역화폐 결제 정보_20260120
2025-11,수원시 영통구,매탄1동,남,30대,서적/문구/학습자재,18,13103,2026-01-20,728,공공데이터포털_경기도 수원시_지역화폐 결제 정보_20260120
2025-11,수원시 영통구,매탄1동,남,30대,신변잡화,1,1364,2026-01-20,1364,공공데이터포털_경기도 수원시_지역화폐 결제 정보_20260120
2025-11,수원시 영통구,매탄1동,남,30대,약국,49,117208,2026-01-20,2392,공공데이터포털_경기도 수원시_지역화폐 결제 정보_20260120
2025-11,수원시 영통구,매탄1동,남,30대,용역서비스,27,70235,2026-01-20,2601,공공데이터포털_경기도 수원시_지역화폐 결제 정보_20260120
2025-11,수원시 영통구,매탄1동,남,30대,음료/식품,913,3066184,2026-01-20,3358,공공데이터포털_경기도 수원시_지역화폐 결제 정보_20260120
2025-11,수원시 영통구,매탄1동,남,30대,의류,17,307164,2026-01-20,18068,공공데이터포털_경기도 수원시_지역화폐 결제 정보_20260120
2025-11,수원시 영통구,매탄1동,남,30대,의원,46,236240,2026-01-20,5136,공공데이터포털_경기도 수원시_지역화폐 결제 정보_20260120
2025-11,수원시 영통구,매탄1동,남,30대,일반/휴게 음식,721,2209238,2026-01-20,3064,공공데이터포털_경기도 수원시_지역화폐 결제 정보_20260120
2025-11,수원시 영통구,매탄1동,남,30대,일반유통,293,639864,2026-01-20,2184,공공데이터포털_경기도 수원시_지역화폐 결제 정보_20260120
2025-11,수원시 영통구,매탄1동,남,30대,자동차 정비/유지,2,1312,2026-01-20,656,공공데이터포털_경기도 수원시_지역화폐 결제 정보_20260120
2025-11,수원시 영통구,매탄1동,남,30대,자동차판매,3,17631,2026-01-20,5877,공공데이터포털_경기도 수원시_지역화폐 결제 정보_20260120
2025-11,수원시 영통구,매탄1동,남,30대,전자제품,4,79344,2026-01-20,19836,공공데이터포털_경기도 수원시_지역화폐 결제 정보_20260120
2025-11,수원시 영통구,매탄1동,남,30대,직물/침구류,2,3169,2026-01-20,1584,공공데이터포털_경기도 수원시_지역화폐 결제 정보_20260120
2025-11,수원시 영통구,매탄1동,남,30대,학원,88,2600207,2026-01-20,29548,공공데이터포털_경기도 수원시_지역화폐 결제 정보_20260120
2025-11,수원시 영통구,매탄1동,남,50대,기타의료,19,79537,2026-01-20,4186,공공데이터포털_경기도 수원시_지역화폐 결제 정보_20260120
2025-11,수원시 영통구,매탄1동,남,50대,대형유통,4,22785,2026-01-20,5696,공공데이터포털_경기도 수원시_지역화폐 결제 정보_20260120
2025-11,수원시 영통구,매탄1동,남,50대,레저/스포츠 서비스,3,84846,2026-01-20,28282,공공데이터포털_경기도 수원시_지역화폐 결제 정보_20260120
2025-11,수원시 영통구,매탄1동,남,50대,문화/취미,1,6000,2026-01-20,6000,공공데이터포털_경기도 수원시_지역화폐 결제 정보_20260120
2025-11,수원시 영통구,매탄1동,남,50대,미용/위생,57,671744,2026-01-20,11785,공공데이터포털_경기도 수원시_지역화폐 결제 정보_20260120
2025-11,수원시 영통구,매탄1동,남,50대,서적/문구/학습자재,5,3856,2026-01-20,771,공공데이터포털_경기도 수원시_지역화폐 결제 정보_20260120
2025-11,수원시 영통구,매탄1동,남,50대,신변잡화,7,135424,2026-01-20,19346,공공데이터포털_경기도 수원시_지역화폐 결제 정보_20260120
2025-11,수원시 영통구,매탄1동,남,50대,약국,45,122164,2026-01-20,2715,공공데이터포털_경기도 수원시_지역화폐 결제 정보_20260120
2025-11,수원시 영통구,매탄1동,남,50대,용역서비스,40,166138,2026-01-20,4153,공공데이터포털_경기도 수원시_지역화폐 결제 정보_20260120
2025-11,수원시 영통구,매탄1동,남,50대,음료/식품,1195,4863844,2026-01-20,4070,공공데이터포털_경기도 수원시_지역화폐 결제 정보_20260120
2025-11,수원시 영통구,매탄1동,남,50대,의류,23,105466,2026-01-20,4585,공공데이터포털_경기도 수원시_지역화폐 결제 정보_20260120
2025-11,수원시 영통구,매탄1동,남,50대,의원,54,458346,2026-01-20,8488,공공데이터포털_경기도 수원시_지역화폐 결제 정보_20260120
2025-11,수원시 영통구,매탄1동,남,50대,일반/휴게 음식,700,2670591,2026-01-20,3815,공공데이터포털_경기도 수원시_지역화폐 결제 정보_20260120
2025-11,수원시 영통구,매탄1동,남,50대,일반유통,241,651141,2026-01-20,2702,공공데이터포털_경기도 수원시_지역화폐 결제 정보_20260120
2025-11,수원시 영통구,매탄1동,남,50대,자동차 정비/유지,6,91241,2026-01-20,15207,공공데이터포털_경기도 수원시_지역화폐 결제 정보_20260120
2025-11,수원시 영통구,매탄1동,남,50대,자동차판매,3,3714,2026-01-20,1238,공공데이터포털_경기도 수원시_지역화폐 결제 정보_20260120
2025-11,수원시 영통구,매탄1동,남,50대,전자제품,2,2222,2026-01-20,1111,공공데이터포털_경기도 수원시_지역화폐 결제 정보_20260120
2025-11,수원시 영통구,매탄1동,남,50대,직물/침구류,6,12260,2026-01-20,2043,공공데이터포털_경기도 수원시_지역화폐 결제 정보_20260120
2025-11,수원시 영통구,매탄1동,남,50대,학원,26,1189260,2026-01-20,45741,공공데이터포털_경기도 수원시_지역화폐 결제 정보_20260120
2025-11,수원시 영통구,매탄1동,남,60대 이상,건축자재,1,389,2026-01-20,389,공공데이터포털_경기도 수원시_지역화폐 결제 정보_20260120
2025-11,수원시 영통구,매탄1동,남,60대 이상,기타의료,7,40111,2026-01-20,5730,공공데이터포털_경기도 수원시_지역화폐 결제 정보_20260120
2025-11,수원시 영통구,매탄1동,남,60대 이상,대형유통,6,32651,2026-01-20,5442,공공데이터포털_경기도 수원시_지역화폐 결제 정보_20260120
2025-11,수원시 영통구,매탄1동,남,60대 이상,레저/문화 용품,1,400,2026-01-20,400,공공데이터포털_경기도 수원시_지역화폐 결제 정보_20260120
2025-11,수원시 영통구,매탄1동,남,60대 이상,문화/취미,2,35206,2026-01-20,17603,공공데이터포털_경기도 수원시_지역화폐 결제 정보_20260120
2025-11,수원시 영통구,매탄1동,남,60대 이상,미용/위생,26,488042,2026-01-20,18771,공공데이터포털_경기도 수원시_지역화폐 결제 정보_20260120
2025-11,수원시 영통구,매탄1동,남,60대 이상,서적/문구/학습자재,1,250,2026-01-20,250,공공데이터포털_경기도 수원시_지역화폐 결제 정보_20260120
2025-11,수원시 영통구,매탄1동,남,60대 이상,약국,59,92927,2026-01-20,1575,공공데이터포털_경기도 수원시_지역화폐 결제 정보_20260120
2025-11,수원시 영통구,매탄1동,남,60대 이상,용역서비스,19,45478,2026-01-20,2394,공공데이터포털_경기도 수원시_지역화폐 결제 정보_20260120
2025-11,수원시 영통구,매탄1동,남,60대 이상,음료/식품,1167,4036165,2026-01-20,3459,공공데이터포털_경기도 수원시_지역화폐 결제 정보_20260120
2025-11,수원시 영통구,매탄1동,남,60대 이상,의류,25,142360,2026-01-20,5694,공공데이터포털_경기도 수원시_지역화폐 결제 정보_20260120
2025-11,수원시 영통구,매탄1동,남,60대 이상,의원,70,234812,2026-01-20,3354,공공데이터포털_경기도 수원시_지역화폐 결제 정보_20260120
2025-11,수원시 영통구,매탄1동,남,60대 이상,일반/휴게 음식,512,1690064,2026-01-20,3301,공공데이터포털_경기도 수원시_지역화폐 결제 정보_20260120
2025-11,수원시 영통구,매탄1동,남,60대 이상,일반유통,278,670066,2026-01-20,2410,공공데이터포털_경기도 수원시_지역화폐 결제 정보_20260120
2025-11,수원시 영통구,매탄1동,남,60대 이상,자동차판매,1,5954,2026-01-20,5954,공공데이터포털_경기도 수원시_지역화폐 결제 정보_20260120
2025-11,수원시 영통구,매탄1동,남,60대 이상,전자제품,4,19437,2026-01-20,4859,공공데이터포털_경기도 수원시_지역화폐 결제 정보_20260120
2025-11,수원시 영통구,매탄1동,남,60대 이상,직물/침구류,8,66720,2026-01-20,8340,공공데이터포털_경기도 수원시_지역화폐 결제 정보_20260120
2025-11,수원시 영통구,매탄1동,남,60대 이상,학원,1,16063,2026-01-20,16063,공공데이터포털_경기도 수원시_지역화폐 결제 정보_20260120
2025-11,수원시 영통구,매탄1동,여,10대,미용/위생,3,28308,2026-01-20,9436,공공데이터포털_경기도 수원시_지역화폐 결제 정보_20260120
2025-11,수원시 영통구,매탄1동,여,10대,서적/문구/학습자재,1,2000,2026-01-20,2000,공공데이터포털_경기도 수원시_지역화폐 결제 정보_20260120
2025-11,수원시 영통구,매탄1동,여,10대,약국,5,15139,2026-01-20,3028,공공데이터포털_경기도 수원시_지역화폐 결제 정보_20260120
2025-11,수원시 영통구,매탄1동,여,10대,음료/식품,27,67297,2026-01-20,2492,공공데이터포털_경기도 수원시_지역화폐 결제 정보_20260120
2025-11,수원시 영통구,매탄1동,여,10대,의류,1,814,2026-01-20,814,공공데이터포털_경기도 수원시_지역화폐 결제 정보_20260120
2025-11,수원시 영통구,매탄1동,여,10대,의원,6,12475,2026-01-20,2079,공공데이터포털_경기도 수원시_지역화폐 결제 정보_20260120
2025-11,수원시 영통구,매탄1동,여,10대,일반/휴게 음식,26,75227,2026-01-20,2893,공공데이터포털_경기도 수원시_지역화폐 결제 정보_20260120
2025-11,수원시 영통구,매탄1동,여,10대,일반유통,17,68448,2026-01-20,4026,공공데이터포털_경기도 수원시_지역화폐 결제 정보_20260120
2025-11,수원시 영통구,매탄1동,여,10대,학원,5,11627,2026-01-20,2325,공공데이터포털_경기도 수원시_지역화폐 결제 정보_20260120
2025-11,수원시 영통구,매탄1동,여,20대,기타의료,6,20944,2026-01-20,3491,공공데이터포털_경기도 수원시_지역화폐 결제 정보_20260120
2025-11,수원시 영통구,매탄1동,여,20대,레저/문화 용품,1,21997,2026-01-20,21997,공공데이터포털_경기도 수원시_지역화폐 결제 정보_20260120
2025-11,수원시 영통구,매탄1동,여,20대,레저/스포츠 서비스,2,118488,2026-01-20,59244,공공데이터포털_경기도 수원시_지역화폐 결제 정보_20260120
2025-11,수원시 영통구,매탄1동,여,20대,미용/위생,25,971057,2026-01-20,38842,공공데이터포털_경기도 수원시_지역화폐 결제 정보_20260120
2025-11,수원시 영통구,매탄1동,여,20대,약국,16,54549,2026-01-20,3409,공공데이터포털_경기도 수원시_지역화폐 결제 정보_20260120
2025-11,수원시 영통구,매탄1동,여,20대,용역서비스,7,52632,2026-01-20,7519,공공데이터포털_경기도 수원시_지역화폐 결제 정보_20260120
2025-11,수원시 영통구,매탄1동,여,20대,음료/식품,284,2072070,2026-01-20,7296,공공데이터포털_경기도 수원시_지역화폐 결제 정보_20260120
2025-11,수원시 영통구,매탄1동,여,20대,의류,6,376834,2026-01-20,62806,공공데이터포털_경기도 수원시_지역화폐 결제 정보_20260120
2025-11,수원시 영통구,매탄1동,여,20대,의원,35,360202,2026-01-20,10291,공공데이터포털_경기도 수원시_지역화폐 결제 정보_20260120
2025-11,수원시 영통구,매탄1동,여,20대,일반/휴게 음식,333,2463997,2026-01-20,7399,공공데이터포털_경기도 수원시_지역화폐 결제 정보_20260120
2025-11,수원시 영통구,매탄1동,여,20대,일반유통,142,598890,2026-01-20,4218,공공데이터포털_경기도 수원시_지역화폐 결제 정보_20260120
2025-11,수원시 영통구,매탄1동,여,20대,직물/침구류,2,11390,2026-01-20,5695,공공데이터포털_경기도 수원시_지역화폐 결제 정보_20260120
2025-11,수원시 영통구,매탄1동,여,20대,학원,9,113988,2026-01-20,12665,공공데이터포털_경기도 수원시_지역화폐 결제 정보_20260120
2025-11,수원시 영통구,매탄1동,여,30대,건축자재,1,665,2026-01-20,665,공공데이터포털_경기도 수원시_지역화폐 결제 정보_20260120
2025-11,수원시 영통구,매탄1동,여,30대,기타의료,2,3394,2026-01-20,1697,공공데이터포털_경기도 수원시_지역화폐 결제 정보_20260120
2025-11,수원시 영통구,매탄1동,여,30대,대형유통,10,106051,2026-01-20,10605,공공데이터포털_경기도 수원시_지역화폐 결제 정보_20260120
2025-11,수원시 영통구,매탄1동,여,30대,레저/문화 용품,2,20744,2026-01-20,10372,공공데이터포털_경기도 수원시_지역화폐 결제 정보_20260120
2025-11,수원시 영통구,매탄1동,여,30대,레저/스포츠 서비스,1,1560,2026-01-20,1560,공공데이터포털_경기도 수원시_지역화폐 결제 정보_20260120
2025-11,수원시 영통구,매탄1동,여,30대,문화/취미,9,244384,2026-01-20,27154,공공데이터포털_경기도 수원시_지역화폐 결제 정보_20260120
2025-11,수원시 영통구,매탄1동,여,30대,미용/위생,31,914991,2026-01-20,29516,공공데이터포털_경기도 수원시_지역화폐 결제 정보_20260120
2025-11,수원시 영통구,매탄1동,여,30대,서적/문구/학습자재,9,8116,2026-01-20,902,공공데이터포털_경기도 수원시_지역화폐 결제 정보_20260120
2025-11,수원시 영통구,매탄1동,여,30대,신변잡화,4,82814,2026-01-20,20704,공공데이터포털_경기도 수원시_지역화폐 결제 정보_20260120
2025-11,수원시 영통구,매탄1동,여,30대,약국,44,81347,2026-01-20,1849,공공데이터포털_경기도 수원시_지역화폐 결제 정보_20260120
2025-11,수원시 영통구,매탄1동,여,30대,용역서비스,27,3977868,2026-01-20,147328,공공데이터포털_경기도 수원시_지역화폐 결제 정보_20260120
2025-11,수원시 영통구,매탄1동,여,30대,음료/식품,658,2354796,2026-01-20,3579,공공데이터포털_경기도 수원시_지역화폐 결제 정보_20260120
2025-11,수원시 영통구,매탄1동,여,30대,의류,17,480909,2026-01-20,28289,공공데이터포털_경기도 수원시_지역화폐 결제 정보_20260120
2025-11,수원시 영통구,매탄1동,여,30대,의원,67,720872,2026-01-20,10759,공공데이터포털_경기도 수원시_지역화폐 결제 정보_20260120
2025-11,수원시 영통구,매탄1동,여,30대,일반/휴게 음식,601,2986702,2026-01-20,4970,공공데이터포털_경기도 수원시_지역화폐 결제 정보_20260120
2025-11,수원시 영통구,매탄1동,여,30대,일반유통,142,321863,2026-01-20,2267,공공데이터포털_경기도 수원시_지역화폐 결제 정보_20260120
2025-11,수원시 영통구,매탄1동,여,30대,자동차판매,2,4251,2026-01-20,2126,공공데이터포털_경기도 수원시_지역화폐 결제 정보_20260120
2025-11,수원시 영통구,매탄1동,여,30대,전자제품,4,31401,2026-01-20,7850,공공데이터포털_경기도 수원시_지역화폐 결제 정보_20260120
2025-11,수원시 영통구,매탄1동,여,30대,직물/침구류,5,23951,2026-01-20,4790,공공데이터포털_경기도 수원시_지역화폐 결제 정보_20260120
2025-11,수원시 영통구,매탄1동,여,30대,학원,20,390789,2026-01-20,19539,공공데이터포털_경기도 수원시_지역화폐 결제 정보_20260120
2025-11,수원시 영통구,매탄1동,여,40대,기타의료,2,3517,2026-01-20,1758,공공데이터포털_경기도 수원시_지역화폐 결제 정보_20260120
2025-11,수원시 영통구,매탄1동,여,40대,대형유통,3,11464,2026-01-20,3821,공공데이터포털_경기도 수원시_지역화폐 결제 정보_20260120
2025-11,수원시 영통구,매탄1동,여,40대,레저/문화 용품,2,36596,2026-01-20,18298,공공데이터포털_경기도 수원시_지역화폐 결제 정보_20260120
2025-11,수원시 영통구,매탄1동,여,40대,문화/취미,10,174615,2026-01-20,17462,공공데이터포털_경기도 수원시_지역화폐 결제 정보_20260120
2025-11,수원시 영통구,매탄1동,여,40대,미용/위생,68,998687,2026-01-20,14687,공공데이터포털_경기도 수원시_지역화폐 결제 정보_20260120
2025-11,수원시 영통구,매탄1동,여,40대,서적/문구/학습자재,23,20553,2026-01-20,894,공공데이터포털_경기도 수원시_지역화폐 결제 정보_20260120
2025-11,수원시 영통구,매탄1동,여,40대,신변잡화,1,2770,2026-01-20,2770,공공데이터포털_경기도 수원시_지역화폐 결제 정보_20260120
2025-11,수원시 영통구,매탄1동,여,40대,약국,74,147487,2026-01-20,1993,공공데이터포털_경기도 수원시_지역화폐 결제 정보_20260120
2025-11,수원시 영통구,매탄1동,여,40대,용역서비스,31,184289,2026-01-20,5945,공공데이터포털_경기도 수원시_지역화폐 결제 정보_20260120
2025-11,수원시 영통구,매탄1동,여,40대,음료/식품,1517,6004839,2026-01-20,3958,공공데이터포털_경기도 수원시_지역화폐 결제 정보_20260120
2025-11,수원시 영통구,매탄1동,여,40대,의류,41,164184,2026-01-20,4004,공공데이터포털_경기도 수원시_지역화폐 결제 정보_20260120
2025-11,수원시 영통구,매탄1동,여,40대,의원,109,601658,2026-01-20,5520,공공데이터포털_경기도 수원시_지역화폐 결제 정보_20260120
2025-11,수원시 영통구,매탄1동,여,40대,일반/휴게 음식,1189,3450820,2026-01-20,2902,공공데이터포털_경기도 수원시_지역화폐 결제 정보_20260120
2025-11,수원시 영통구,매탄1동,여,40대,일반유통,218,534417,2026-01-20,2451,공공데이터포털_경기도 수원시_지역화폐 결제 정보_20260120
2025-11,수원시 영통구,매탄1동,여,40대,자동차 정비/유지,4,2998,2026-01-20,750,공공데이터포털_경기도 수원시_지역화폐 결제 정보_20260120
2025-11,수원시 영통구,매탄1동,여,40대,자동차판매,2,49922,2026-01-20,24961,공공데이터포털_경기도 수원시_지역화폐 결제 정보_20260120
2025-11,수원시 영통구,매탄1동,여,40대,전자제품,3,5840,2026-01-20,1947,공공데이터포털_경기도 수원시_지역화폐 결제 정보_20260120
2025-11,수원시 영통구,매탄1동,여,40대,직물/침구류,11,15576,2026-01-20,1416,공공데이터포털_경기도 수원시_지역화폐 결제 정보_20260120
2025-11,수원시 영통구,매탄1동,여,40대,학원,153,4684698,2026-01-20,30619,공공데이터포털_경기도 수원시_지역화폐 결제 정보_20260120
2025-11,수원시 영통구,매탄1동,여,50대,기타의료,8,108068,2026-01-20,13508,공공데이터포털_경기도 수원시_지역화폐 결제 정보_20260120
2025-11,수원시 영통구,매탄1동,여,50대,대형유통,12,57315,2026-01-20,4776,공공데이터포털_경기도 수원시_지역화폐 결제 정보_20260120
2025-11,수원시 영통구,매탄1동,여,50대,레저/문화 용품,9,173024,2026-01-20,19225,공공데이터포털_경기도 수원시_지역화폐 결제 정보_20260120
2025-11,수원시 영통구,매탄1동,여,50대,레저/스포츠 서비스,5,158205,2026-01-20,31641,공공데이터포털_경기도 수원시_지역화폐 결제 정보_20260120
2025-11,수원시 영통구,매탄1동,여,50대,문화/취미,3,10822,2026-01-20,3607,공공데이터포털_경기도 수원시_지역화폐 결제 정보_20260120
2025-11,수원시 영통구,매탄1동,여,50대,미용/위생,79,805041,2026-01-20,10190,공공데이터포털_경기도 수원시_지역화폐 결제 정보_20260120
2025-11,수원시 영통구,매탄1동,여,50대,서적/문구/학습자재,4,5575,2026-01-20,1394,공공데이터포털_경기도 수원시_지역화폐 결제 정보_20260120
2025-11,수원시 영통구,매탄1동,여,50대,신변잡화,7,122762,2026-01-20,17537,공공데이터포털_경기도 수원시_지역화폐 결제 정보_20260120
2025-11,수원시 영통구,매탄1동,여,50대,약국,76,253694,2026-01-20,3338,공공데이터포털_경기도 수원시_지역화폐 결제 정보_20260120
2025-11,수원시 영통구,매탄1동,여,50대,용역서비스,47,144337,2026-01-20,3071,공공데이터포털_경기도 수원시_지역화폐 결제 정보_20260120
2025-11,수원시 영통구,매탄1동,여,50대,음료/식품,2195,8872090,2026-01-20,4042,공공데이터포털_경기도 수원시_지역화폐 결제 정보_20260120
2025-11,수원시 영통구,매탄1동,여,50대,의류,85,456388,2026-01-20,5369,공공데이터포털_경기도 수원시_지역화폐 결제 정보_20260120
2025-11,수원시 영통구,매탄1동,여,50대,의원,99,638435,2026-01-20,6449,공공데이터포털_경기도 수원시_지역화폐 결제 정보_20260120
2025-11,수원시 영통구,매탄1동,여,50대,일반/휴게 음식,1293,3911171,2026-01-20,3025,공공데이터포털_경기도 수원시_지역화폐 결제 정보_20260120
2025-11,수원시 영통구,매탄1동,여,50대,일반유통,214,734493,2026-01-20,3432,공공데이터포털_경기도 수원시_지역화폐 결제 정보_20260120
2025-11,수원시 영통구,매탄1동,여,50대,자동차 정비/유지,5,6212,2026-01-20,1242,공공데이터포털_경기도 수원시_지역화폐 결제 정보_20260120
2025-11,수원시 영통구,매탄1동,여,50대,전자제품,2,1397,2026-01-20,698,공공데이터포털_경기도 수원시_지역화폐 결제 정보_20260120
2025-11,수원시 영통구,매탄1동,여,50대,직물/침구류,10,36575,2026-01-20,3658,공공데이터포털_경기도 수원시_지역화폐 결제 정보_20260120
2025-11,수원시 영통구,매탄1동,여,50대,학원,11,340082,2026-01-20,30917,공공데이터포털_경기도 수원시_지역화폐 결제 정보_20260120
2025-11,수원시 영통구,매탄1동,여,60대 이상,건축자재,1,1230,2026-01-20,1230,공공데이터포털_경기도 수원시_지역화폐 결제 정보_20260120
2025-11,수원시 영통구,매탄1동,여,60대 이상,기타의료,12,25986,2026-01-20,2166,공공데이터포털_경기도 수원시_지역화폐 결제 정보_20260120
2025-11,수원시 영통구,매탄1동,여,60대 이상,대형유통,27,150555,2026-01-20,5576,공공데이터포털_경기도 수원시_지역화폐 결제 정보_20260120
2025-11,수원시 영통구,매탄1동,여,60대 이상,레저/문화 용품,7,85481,2026-01-20,12212,공공데이터포털_경기도 수원시_지역화폐 결제 정보_20260120
2025-11,수원시 영통구,매탄1동,여,60대 이상,문화/취미,2,62509,2026-01-20,31254,공공데이터포털_경기도 수원시_지역화폐 결제 정보_20260120
2025-11,수원시 영통구,매탄1동,여,60대 이상,미용/위생,65,546224,2026-01-20,8403,공공데이터포털_경기도 수원시_지역화폐 결제 정보_20260120
2025-11,수원시 영통구,매탄1동,여,60대 이상,서적/문구/학습자재,5,5570,2026-01-20,1114,공공데이터포털_경기도 수원시_지역화폐 결제 정보_20260120
2025-11,수원시 영통구,매탄1동,여,60대 이상,신변잡화,13,179935,2026-01-20,13841,공공데이터포털_경기도 수원시_지역화폐 결제 정보_20260120
2025-11,수원시 영통구,매탄1동,여,60대 이상,약국,82,330392,2026-01-20,4029,공공데이터포털_경기도 수원시_지역화폐 결제 정보_20260120
2025-11,수원시 영통구,매탄1동,여,60대 이상,용역서비스,27,68250,2026-01-20,2528,공공데이터포털_경기도 수원시_지역화폐 결제 정보_20260120
2025-11,수원시 영통구,매탄1동,여,60대 이상,음료/식품,2897,10544677,2026-01-20,3640,공공데이터포털_경기도 수원시_지역화폐 결제 정보_20260120
2025-11,수원시 영통구,매탄1동,여,60대 이상,의류,120,655431,2026-01-20,5462,공공데이터포털_경기도 수원시_지역화폐 결제 정보_20260120
2025-11,수원시 영통구,매탄1동,여,60대 이상,의원,142,262547,2026-01-20,1849,공공데이터포털_경기도 수원시_지역화폐 결제 정보_20260120
2025-11,수원시 영통구,매탄1동,여,60대 이상,일반/휴게 음식,961,2854773,2026-01-20,2971,공공데이터포털_경기도 수원시_지역화폐 결제 정보_20260120
2025-11,수원시 영통구,매탄1동,여,60대 이상,일반유통,269,1076385,2026-01-20,4001,공공데이터포털_경기도 수원시_지역화폐 결제 정보_20260120
2025-11,수원시 영통구,매탄1동,여,60대 이상,자동차 정비/유지,1,172,2026-01-20,172,공공데이터포털_경기도 수원시_지역화폐 결제 정보_20260120
2025-11,수원시 영통구,매탄1동,여,60대 이상,전자제품,2,2850,2026-01-20,1425,공공데이터포털_경기도 수원시_지역화폐 결제 정보_20260120
2025-11,수원시 영통구,매탄1동,여,60대 이상,직물/침구류,31,134309,2026-01-20,4333,공공데이터포털_경기도 수원시_지역화폐 결제 정보_20260120
2025-11,수원시 영통구,매탄1동,여,60대 이상,학원,6,139121,2026-01-20,23187,공공데이터포털_경기도 수원시_지역화폐 결제 정보_20260120
2025-11,수원시 영통구,매탄1동,여,60대 이상,회원정보미상,50,730620,2026-01-20,14612,공공데이터포털_경기도 수원시_지역화폐 결제 정보_20260120
2025-11,수원시 영통구,매탄1동,여,60대 이상,회원정보미상,50,730620,2026-01-20,14612,공공데이터포털_경기도 수원시_지역화폐 결제 정보_20260120
2025-11,수원시 영통구,매탄1동,여,60대 이상,기타의료,1,4000,2026-01-20,4000,공공데이터포털_경기도 수원시_지역화폐 결제 정보_20260120
2025-11,수원시 영통구,매탄1동,여,60대 이상,약국,1,1000,2026-01-20,1000,공공데이터포털_경기도 수원시_지역화폐 결제 정보_20260120
2025-11,수원시 영통구,매탄1동,여,60대 이상,음료/식품,31,444300,2026-01-20,14332,공공데이터포털_경기도 수원시_지역화폐 결제 정보_20260120
2025-11,수원시 영통구,매탄1동,여,60대 이상,의류,1,5000,2026-01-20,5000,공공데이터포털_경기도 수원시_지역화폐 결제 정보_20260120
2025-11,수원시 영통구,매탄1동,여,60대 이상,의원,1,30900,2026-01-20,30900,공공데이터포털_경기도 수원시_지역화폐 결제 정보_20260120
2025-11,수원시 영통구,매탄1동,여,60대 이상,일반/휴게 음식,5,64900,2026-01-20,12980,공공데이터포털_경기도 수원시_지역화폐 결제 정보_20260120
2025-11,수원시 영통구,매탄1동,여,60대 이상,일반유통,9,170520,2026-01-20,18947,공공데이터포털_경기도 수원시_지역화폐 결제 정보_20260120
2025-11,수원시 영통구,매탄1동,여,60대 이상,직물/침구류,1,10000,2026-01-20,10000,공공데이터포털_경기도 수원시_지역화폐 결제 정보_20260120
2025-11,수원시 영통구,매탄2동,남,10대,레저/스포츠 서비스,4,19800,2026-01-20,4950,공공데이터포털_경기도 수원시_지역화폐 결제 정보_20260120
2025-11,수원시 영통구,매탄2동,남,10대,신변잡화,1,16981,2026-01-20,16981,공공데이터포털_경기도 수원시_지역화폐 결제 정보_20260120
2025-11,수원시 영통구,매탄2동,남,10대,약국,1,455,2026-01-20,455,공공데이터포털_경기도 수원시_지역화폐 결제 정보_20260120
2025-11,수원시 영통구,매탄2동,남,10대,음료/식품,4,2854,2026-01-20,714,공공데이터포털_경기도 수원시_지역화폐 결제 정보_20260120
2025-11,수원시 영통구,매탄2동,남,10대,일반/휴게 음식,10,21082,2026-01-20,2108,공공데이터포털_경기도 수원시_지역화폐 결제 정보_20260120
2025-11,수원시 영통구,매탄2동,남,10대,일반유통,12,41809,2026-01-20,3484,공공데이터포털_경기도 수원시_지역화폐 결제 정보_20260120
2025-11,수원시 영통구,매탄2동,남,10대,학원,2,56138,2026-01-20,28069,공공데이터포털_경기도 수원시_지역화폐 결제 정보_20260120
2025-11,수원시 영통구,매탄2동,남,20대,건축자재,3,110552,2026-01-20,36851,공공데이터포털_경기도 수원시_지역화폐 결제 정보_20260120
2025-11,수원시 영통구,매탄2동,남,20대,레저/문화 용품,2,25766,2026-01-20,12883,공공데이터포털_경기도 수원시_지역화폐 결제 정보_20260120
2025-11,수원시 영통구,매탄2동,남,20대,레저/스포츠 서비스,37,248701,2026-01-20,6722,공공데이터포털_경기도 수원시_지역화폐 결제 정보_20260120
2025-11,수원시 영통구,매탄2동,남,20대,문화/취미,4,47772,2026-01-20,11943,공공데이터포털_경기도 수원시_지역화폐 결제 정보_20260120
2025-11,수원시 영통구,매탄2동,남,20대,미용/위생,20,297200,2026-01-20,14860,공공데이터포털_경기도 수원시_지역화폐 결제 정보_20260120
2025-11,수원시 영통구,매탄2동,남,20대,병원,1,16667,2026-01-20,16667,공공데이터포털_경기도 수원시_지역화폐 결제 정보_20260120
2025-11,수원시 영통구,매탄2동,남,20대,신변잡화,2,600000,2026-01-20,300000,공공데이터포털_경기도 수원시_지역화폐 결제 정보_20260120
2025-11,수원시 영통구,매탄2동,남,20대,약국,10,99164,2026-01-20,9916,공공데이터포털_경기도 수원시_지역화폐 결제 정보_20260120
2025-11,수원시 영통구,매탄2동,남,20대,용역서비스,34,193949,2026-01-20,5704,공공데이터포털_경기도 수원시_지역화폐 결제 정보_20260120
2025-11,수원시 영통구,매탄2동,남,20대,음료/식품,50,755681,2026-01-20,15114,공공데이터포털_경기도 수원시_지역화폐 결제 정보_20260120
2025-11,수원시 영통구,매탄2동,남,20대,의류,1,90860,2026-01-20,90860,공공데이터포털_경기도 수원시_지역화폐 결제 정보_20260120
2025-11,수원시 영통구,매탄2동,남,20대,의원,9,199096,2026-01-20,22122,공공데이터포털_경기도 수원시_지역화폐 결제 정보_20260120
2025-11,수원시 영통구,매탄2동,남,20대,일반/휴게 음식,242,2393435,2026-01-20,9890,공공데이터포털_경기도 수원시_지역화폐 결제 정보_20260120
2025-11,수원시 영통구,매탄2동,남,20대,일반유통,197,792988,2026-01-20,4025,공공데이터포털_경기도 수원시_지역화폐 결제 정보_20260120
2025-11,수원시 영통구,매탄2동,남,20대,자동차 정비/유지,1,18950,2026-01-20,18950,공공데이터포털_경기도 수원시_지역화폐 결제 정보_20260120
2025-11,수원시 영통구,매탄2동,남,20대,직물/침구류,3,246561,2026-01-20,82187,공공데이터포털_경기도 수원시_지역화폐 결제 정보_20260120
2025-11,수원시 영통구,매탄2동,남,20대,학원,2,114901,2026-01-20,57450,공공데이터포털_경기도 수원시_지역화폐 결제 정보_20260120
2025-11,수원시 영통구,매탄2동,남,30대,건축자재,2,9104,2026-01-20,4552,공공데이터포털_경기도 수원시_지역화폐 결제 정보_20260120
2025-11,수원시 영통구,매탄2동,남,30대,기타의료,6,76630,2026-01-20,12772,공공데이터포털_경기도 수원시_지역화폐 결제 정보_20260120
2025-11,수원시 영통구,매탄2동,남,30대,레저/스포츠 서비스,8,3595,2026-01-20,449,공공데이터포털_경기도 수원시_지역화폐 결제 정보_20260120
2025-11,수원시 영통구,매탄2동,남,30대,문화/취미,6,420667,2026-01-20,70111,공공데이터포털_경기도 수원시_지역화폐 결제 정보_20260120
2025-11,수원시 영통구,매탄2동,남,30대,미용/위생,38,230082,2026-01-20,6055,공공데이터포털_경기도 수원시_지역화폐 결제 정보_20260120
2025-11,수원시 영통구,매탄2동,남,30대,비영리유통,2,1846,2026-01-20,923,공공데이터포털_경기도 수원시_지역화폐 결제 정보_20260120
2025-11,수원시 영통구,매탄2동,남,30대,서적/문구/학습자재,11,256536,2026-01-20,23321,공공데이터포털_경기도 수원시_지역화폐 결제 정보_20260120
2025-11,수원시 영통구,매탄2동,남,30대,약국,32,218012,2026-01-20,6813,공공데이터포털_경기도 수원시_지역화폐 결제 정보_20260120
2025-11,수원시 영통구,매탄2동,남,30대,용역서비스,28,658813,2026-01-20,23529,공공데이터포털_경기도 수원시_지역화폐 결제 정보_20260120
2025-11,수원시 영통구,매탄2동,남,30대,음료/식품,77,289571,2026-01-20,3761,공공데이터포털_경기도 수원시_지역화폐 결제 정보_20260120
2025-11,수원시 영통구,매탄2동,남,30대,의원,28,159499,2026-01-20,5696,공공데이터포털_경기도 수원시_지역화폐 결제 정보_20260120
2025-11,수원시 영통구,매탄2동,남,30대,일반/휴게 음식,470,2265912,2026-01-20,4821,공공데이터포털_경기도 수원시_지역화폐 결제 정보_20260120
2025-11,수원시 영통구,매탄2동,남,30대,일반유통,248,594554,2026-01-20,2397,공공데이터포털_경기도 수원시_지역화폐 결제 정보_20260120
2025-11,수원시 영통구,매탄2동,남,30대,자동차판매,1,525,2026-01-20,525,공공데이터포털_경기도 수원시_지역화폐 결제 정보_20260120
2025-11,수원시 영통구,매탄2동,남,30대,직물/침구류,4,356928,2026-01-20,89232,공공데이터포털_경기도 수원시_지역화폐 결제 정보_20260120
2025-11,수원시 영통구,매탄2동,남,30대,학원,11,479571,2026-01-20,43597,공공데이터포털_경기도 수원시_지역화폐 결제 정보_20260120
2025-11,수원시 영통구,매탄2동,남,40대,건축자재,10,60808,2026-01-20,6081,공공데이터포털_경기도 수원시_지역화폐 결제 정보_20260120
2025-11,수원시 영통구,매탄2동,남,40대,기타의료,7,138998,2026-01-20,19857,공공데이터포털_경기도 수원시_지역화폐 결제 정보_20260120
2025-11,수원시 영통구,매탄2동,남,40대,레저/문화 용품,1,50855,2026-01-20,50855,공공데이터포털_경기도 수원시_지역화폐 결제 정보_20260120
2025-11,수원시 영통구,매탄2동,남,40대,레저/스포츠 서비스,42,65265,2026-01-20,1554,공공데이터포털_경기도 수원시_지역화폐 결제 정보_20260120
2025-11,수원시 영통구,매탄2동,남,40대,문화/취미,14,146728,2026-01-20,10481,공공데이터포털_경기도 수원시_지역화폐 결제 정보_20260120
2025-11,수원시 영통구,매탄2동,남,40대,미용/위생,75,453708,2026-01-20,6049,공공데이터포털_경기도 수원시_지역화폐 결제 정보_20260120
2025-11,수원시 영통구,매탄2동,남,40대,병원,14,34822,2026-01-20,2487,공공데이터포털_경기도 수원시_지역화폐 결제 정보_20260120
2025-11,수원시 영통구,매탄2동,남,40대,비영리유통,4,3701,2026-01-20,925,공공데이터포털_경기도 수원시_지역화폐 결제 정보_20260120
2025-11,수원시 영통구,매탄2동,남,40대,서적/문구/학습자재,34,902444,2026-01-20,26542,공공데이터포털_경기도 수원시_지역화폐 결제 정보_20260120
2025-11,수원시 영통구,매탄2동,남,40대,약국,31,147832,2026-01-20,4769,공공데이터포털_경기도 수원시_지역화폐 결제 정보_20260120
2025-11,수원시 영통구,매탄2동,남,40대,용역서비스,33,113468,2026-01-20,3438,공공데이터포털_경기도 수원시_지역화폐 결제 정보_20260120
2025-11,수원시 영통구,매탄2동,남,40대,음료/식품,143,698812,2026-01-20,4887,공공데이터포털_경기도 수원시_지역화폐 결제 정보_20260120
2025-11,수원시 영통구,매탄2동,남,40대,의원,18,101614,2026-01-20,5645,공공데이터포털_경기도 수원시_지역화폐 결제 정보_20260120
2025-11,수원시 영통구,매탄2동,남,40대,일반/휴게 음식,652,2468077,2026-01-20,3785,공공데이터포털_경기도 수원시_지역화폐 결제 정보_20260120
2025-11,수원시 영통구,매탄2동,남,40대,일반유통,524,936874,2026-01-20,1788,공공데이터포털_경기도 수원시_지역화폐 결제 정보_20260120
2025-11,수원시 영통구,매탄2동,남,40대,자동차 정비/유지,6,89547,2026-01-20,14924,공공데이터포털_경기도 수원시_지역화폐 결제 정보_20260120
2025-11,수원시 영통구,매탄2동,남,40대,직물/침구류,5,308322,2026-01-20,61664,공공데이터포털_경기도 수원시_지역화폐 결제 정보_20260120
2025-11,수원시 영통구,매탄2동,남,40대,학원,62,2488844,2026-01-20,40143,공공데이터포털_경기도 수원시_지역화폐 결제 정보_20260120
2025-11,수원시 영통구,매탄2동,남,50대,건축자재,2,2172,2026-01-20,1086,공공데이터포털_경기도 수원시_지역화폐 결제 정보_20260120
2025-11,수원시 영통구,매탄2동,남,50대,기타의료,7,118426,2026-01-20,16918,공공데이터포털_경기도 수원시_지역화폐 결제 정보_20260120
2025-11,수원시 영통구,매탄2동,남,50대,레저/스포츠 서비스,13,52405,2026-01-20,4031,공공데이터포털_경기도 수원시_지역화폐 결제 정보_20260120
2025-11,수원시 영통구,매탄2동,남,50대,문화/취미,8,197165,2026-01-20,24646,공공데이터포털_경기도 수원시_지역화폐 결제 정보_20260120
2025-11,수원시 영통구,매탄2동,남,50대,미용/위생,53,341936,2026-01-20,6452,공공데이터포털_경기도 수원시_지역화폐 결제 정보_20260120
2025-11,수원시 영통구,매탄2동,남,50대,병원,3,32681,2026-01-20,10894,공공데이터포털_경기도 수원시_지역화폐 결제 정보_20260120
2025-11,수원시 영통구,매탄2동,남,50대,서적/문구/학습자재,5,80520,2026-01-20,16104,공공데이터포털_경기도 수원시_지역화폐 결제 정보_20260120
2025-11,수원시 영통구,매탄2동,남,50대,신변잡화,3,81191,2026-01-20,27064,공공데이터포털_경기도 수원시_지역화폐 결제 정보_20260120
2025-11,수원시 영통구,매탄2동,남,50대,약국,53,141001,2026-01-20,2660,공공데이터포털_경기도 수원시_지역화폐 결제 정보_20260120
2025-11,수원시 영통구,매탄2동,남,50대,용역서비스,31,83455,2026-01-20,2692,공공데이터포털_경기도 수원시_지역화폐 결제 정보_20260120
2025-11,수원시 영통구,매탄2동,남,50대,음료/식품,154,589470,2026-01-20,3828,공공데이터포털_경기도 수원시_지역화폐 결제 정보_20260120
2025-11,수원시 영통구,매탄2동,남,50대,의원,55,388969,2026-01-20,7072,공공데이터포털_경기도 수원시_지역화폐 결제 정보_20260120
2025-11,수원시 영통구,매탄2동,남,50대,일반/휴게 음식,665,3332907,2026-01-20,5012,공공데이터포털_경기도 수원시_지역화폐 결제 정보_20260120
2025-11,수원시 영통구,매탄2동,남,50대,일반유통,531,1111032,2026-01-20,2092,공공데이터포털_경기도 수원시_지역화폐 결제 정보_20260120
2025-11,수원시 영통구,매탄2동,남,50대,자동차 정비/유지,1,160933,2026-01-20,160933,공공데이터포털_경기도 수원시_지역화폐 결제 정보_20260120
2025-11,수원시 영통구,매탄2동,남,50대,자동차판매,2,7739,2026-01-20,3870,공공데이터포털_경기도 수원시_지역화폐 결제 정보_20260120
2025-11,수원시 영통구,매탄2동,남,50대,직물/침구류,4,70529,2026-01-20,17632,공공데이터포털_경기도 수원시_지역화폐 결제 정보_20260120
2025-11,수원시 영통구,매탄2동,남,50대,학원,32,1235393,2026-01-20,38606,공공데이터포털_경기도 수원시_지역화폐 결제 정보_20260120
2025-11,수원시 영통구,매탄2동,남,60대 이상,건축자재,5,13649,2026-01-20,2730,공공데이터포털_경기도 수원시_지역화폐 결제 정보_20260120
2025-11,수원시 영통구,매탄2동,남,60대 이상,기타의료,1,14385,2026-01-20,14385,공공데이터포털_경기도 수원시_지역화폐 결제 정보_20260120
2025-11,수원시 영통구,매탄2동,남,60대 이상,레저/스포츠 서비스,31,118310,2026-01-20,3816,공공데이터포털_경기도 수원시_지역화폐 결제 정보_20260120
2025-11,수원시 영통구,매탄2동,남,60대 이상,문화/취미,4,41439,2026-01-20,10360,공공데이터포털_경기도 수원시_지역화폐 결제 정보_20260120
2025-11,수원시 영통구,매탄2동,남,60대 이상,미용/위생,43,301682,2026-01-20,7016,공공데이터포털_경기도 수원시_지역화폐 결제 정보_20260120
2025-11,수원시 영통구,매탄2동,남,60대 이상,비영리유통,1,299,2026-01-20,299,공공데이터포털_경기도 수원시_지역화폐 결제 정보_20260120
2025-11,수원시 영통구,매탄2동,남,60대 이상,서적/문구/학습자재,3,9524,2026-01-20,3175,공공데이터포털_경기도 수원시_지역화폐 결제 정보_20260120
2025-11,수원시 영통구,매탄2동,남,60대 이상,신변잡화,2,7583,2026-01-20,3792,공공데이터포털_경기도 수원시_지역화폐 결제 정보_20260120
2025-11,수원시 영통구,매탄2동,남,60대 이상,약국,59,130452,2026-01-20,2211,공공데이터포털_경기도 수원시_지역화폐 결제 정보_20260120
2025-11,수원시 영통구,매탄2동,남,60대 이상,용역서비스,10,18718,2026-01-20,1872,공공데이터포털_경기도 수원시_지역화폐 결제 정보_20260120
2025-11,수원시 영통구,매탄2동,남,60대 이상,음료/식품,99,323507,2026-01-20,3268,공공데이터포털_경기도 수원시_지역화폐 결제 정보_20260120
2025-11,수원시 영통구,매탄2동,남,60대 이상,의류,1,5666,2026-01-20,5666,공공데이터포털_경기도 수원시_지역화폐 결제 정보_20260120
2025-11,수원시 영통구,매탄2동,남,60대 이상,의원,51,131468,2026-01-20,2578,공공데이터포털_경기도 수원시_지역화폐 결제 정보_20260120
2025-11,수원시 영통구,매탄2동,남,60대 이상,일반/휴게 음식,357,1524184,2026-01-20,4269,공공데이터포털_경기도 수원시_지역화폐 결제 정보_20260120
2025-11,수원시 영통구,매탄2동,남,60대 이상,일반유통,426,1165134,2026-01-20,2735,공공데이터포털_경기도 수원시_지역화폐 결제 정보_20260120
2025-11,수원시 영통구,매탄2동,남,60대 이상,자동차판매,2,19725,2026-01-20,9862,공공데이터포털_경기도 수원시_지역화폐 결제 정보_20260120
2025-11,수원시 영통구,매탄2동,남,60대 이상,전자제품,1,1501,2026-01-20,1501,공공데이터포털_경기도 수원시_지역화폐 결제 정보_20260120
2025-11,수원시 영통구,매탄2동,남,60대 이상,직물/침구류,7,218393,2026-01-20,31199,공공데이터포털_경기도 수원시_지역화폐 결제 정보_20260120
2025-11,수원시 영통구,매탄2동,남,60대 이상,학원,4,211052,2026-01-20,52763,공공데이터포털_경기도 수원시_지역화폐 결제 정보_20260120
2025-11,수원시 영통구,매탄2동,여,10대,미용/위생,1,2046,2026-01-20,2046,공공데이터포털_경기도 수원시_지역화폐 결제 정보_20260120
2025-11,수원시 영통구,매탄2동,여,10대,약국,2,6100,2026-01-20,3050,공공데이터포털_경기도 수원시_지역화폐 결제 정보_20260120
2025-11,수원시 영통구,매탄2동,여,10대,음료/식품,6,16644,2026-01-20,2774,공공데이터포털_경기도 수원시_지역화폐 결제 정보_20260120
2025-11,수원시 영통구,매탄2동,여,10대,의원,1,3900,2026-01-20,3900,공공데이터포털_경기도 수원시_지역화폐 결제 정보_20260120
2025-11,수원시 영통구,매탄2동,여,10대,일반/휴게 음식,15,103248,2026-01-20,6883,공공데이터포털_경기도 수원시_지역화폐 결제 정보_20260120
2025-11,수원시 영통구,매탄2동,여,10대,일반유통,26,68074,2026-01-20,2618,공공데이터포털_경기도 수원시_지역화폐 결제 정보_20260120
2025-11,수원시 영통구,매탄2동,여,10대,학원,3,61535,2026-01-20,20512,공공데이터포털_경기도 수원시_지역화폐 결제 정보_20260120
2025-11,수원시 영통구,매탄2동,여,20대,건축자재,2,14696,2026-01-20,7348,공공데이터포털_경기도 수원시_지역화폐 결제 정보_20260120
2025-11,수원시 영통구,매탄2동,여,20대,기타의료,9,264083,2026-01-20,29343,공공데이터포털_경기도 수원시_지역화폐 결제 정보_20260120
2025-11,수원시 영통구,매탄2동,여,20대,레저/스포츠 서비스,1,317,2026-01-20,317,공공데이터포털_경기도 수원시_지역화폐 결제 정보_20260120
2025-11,수원시 영통구,매탄2동,여,20대,문화/취미,1,1818,2026-01-20,1818,공공데이터포털_경기도 수원시_지역화폐 결제 정보_20260120
2025-11,수원시 영통구,매탄2동,여,20대,미용/위생,8,87094,2026-01-20,10887,공공데이터포털_경기도 수원시_지역화폐 결제 정보_20260120
2025-11,수원시 영통구,매탄2동,여,20대,병원,4,41441,2026-01-20,10360,공공데이터포털_경기도 수원시_지역화폐 결제 정보_20260120
2025-11,수원시 영통구,매탄2동,여,20대,서적/문구/학습자재,2,1632,2026-01-20,816,공공데이터포털_경기도 수원시_지역화폐 결제 정보_20260120
2025-11,수원시 영통구,매탄2동,여,20대,신변잡화,1,25000,2026-01-20,25000,공공데이터포털_경기도 수원시_지역화폐 결제 정보_20260120
2025-11,수원시 영통구,매탄2동,여,20대,약국,17,60212,2026-01-20,3542,공공데이터포털_경기도 수원시_지역화폐 결제 정보_20260120
2025-11,수원시 영통구,매탄2동,여,20대,용역서비스,18,117969,2026-01-20,6554,공공데이터포털_경기도 수원시_지역화폐 결제 정보_20260120
2025-11,수원시 영통구,매탄2동,여,20대,음료/식품,73,495660,2026-01-20,6790,공공데이터포털_경기도 수원시_지역화폐 결제 정보_20260120
2025-11,수원시 영통구,매탄2동,여,20대,의류,1,150000,2026-01-20,150000,공공데이터포털_경기도 수원시_지역화폐 결제 정보_20260120
2025-11,수원시 영통구,매탄2동,여,20대,의원,9,129712,2026-01-20,14412,공공데이터포털_경기도 수원시_지역화폐 결제 정보_20260120
2025-11,수원시 영통구,매탄2동,여,20대,일반/휴게 음식,322,2749633,2026-01-20,8539,공공데이터포털_경기도 수원시_지역화폐 결제 정보_20260120
2025-11,수원시 영통구,매탄2동,여,20대,일반유통,250,663420,2026-01-20,2654,공공데이터포털_경기도 수원시_지역화폐 결제 정보_20260120
2025-11,수원시 영통구,매탄2동,여,20대,직물/침구류,4,112325,2026-01-20,28081,공공데이터포털_경기도 수원시_지역화폐 결제 정보_20260120
2025-11,수원시 영통구,매탄2동,여,20대,학원,9,368299,2026-01-20,40922,공공데이터포털_경기도 수원시_지역화폐 결제 정보_20260120
2025-11,수원시 영통구,매탄2동,여,30대,건축자재,5,47612,2026-01-20,9522,공공데이터포털_경기도 수원시_지역화폐 결제 정보_20260120
2025-11,수원시 영통구,매탄2동,여,30대,기타의료,20,757957,2026-01-20,37898,공공데이터포털_경기도 수원시_지역화폐 결제 정보_20260120
2025-11,수원시 영통구,매탄2동,여,30대,레저/스포츠 서비스,3,144742,2026-01-20,48247,공공데이터포털_경기도 수원시_지역화폐 결제 정보_20260120
2025-11,수원시 영통구,매탄2동,여,30대,문화/취미,18,370939,2026-01-20,20608,공공데이터포털_경기도 수원시_지역화폐 결제 정보_20260120
2025-11,수원시 영통구,매탄2동,여,30대,미용/위생,23,184034,2026-01-20,8001,공공데이터포털_경기도 수원시_지역화폐 결제 정보_20260120
2025-11,수원시 영통구,매탄2동,여,30대,병원,3,61780,2026-01-20,20593,공공데이터포털_경기도 수원시_지역화폐 결제 정보_20260120
2025-11,수원시 영통구,매탄2동,여,30대,비영리유통,1,666,2026-01-20,666,공공데이터포털_경기도 수원시_지역화폐 결제 정보_20260120
2025-11,수원시 영통구,매탄2동,여,30대,서적/문구/학습자재,45,1327777,2026-01-20,29506,공공데이터포털_경기도 수원시_지역화폐 결제 정보_20260120
2025-11,수원시 영통구,매탄2동,여,30대,약국,45,103495,2026-01-20,2300,공공데이터포털_경기도 수원시_지역화폐 결제 정보_20260120
2025-11,수원시 영통구,매탄2동,여,30대,용역서비스,17,1227045,2026-01-20,72179,공공데이터포털_경기도 수원시_지역화폐 결제 정보_20260120
2025-11,수원시 영통구,매탄2동,여,30대,음료/식품,103,799906,2026-01-20,7766,공공데이터포털_경기도 수원시_지역화폐 결제 정보_20260120
2025-11,수원시 영통구,매탄2동,여,30대,의원,13,36695,2026-01-20,2823,공공데이터포털_경기도 수원시_지역화폐 결제 정보_20260120
2025-11,수원시 영통구,매탄2동,여,30대,일반/휴게 음식,591,2441035,2026-01-20,4130,공공데이터포털_경기도 수원시_지역화폐 결제 정보_20260120
2025-11,수원시 영통구,매탄2동,여,30대,일반유통,353,932084,2026-01-20,2640,공공데이터포털_경기도 수원시_지역화폐 결제 정보_20260120
2025-11,수원시 영통구,매탄2동,여,30대,자동차 정비/유지,1,83619,2026-01-20,83619,공공데이터포털_경기도 수원시_지역화폐 결제 정보_20260120
2025-11,수원시 영통구,매탄2동,여,30대,직물/침구류,9,326457,2026-01-20,36273,공공데이터포털_경기도 수원시_지역화폐 결제 정보_20260120
2025-11,수원시 영통구,매탄2동,여,30대,학원,20,615410,2026-01-20,30770,공공데이터포털_경기도 수원시_지역화폐 결제 정보_20260120
2025-11,수원시 영통구,매탄2동,여,40대,건축자재,5,48967,2026-01-20,9793,공공데이터포털_경기도 수원시_지역화폐 결제 정보_20260120
2025-11,수원시 영통구,매탄2동,여,40대,기타의료,16,169504,2026-01-20,10594,공공데이터포털_경기도 수원시_지역화폐 결제 정보_20260120
2025-11,수원시 영통구,매탄2동,여,40대,레저/문화 용품,1,36509,2026-01-20,36509,공공데이터포털_경기도 수원시_지역화폐 결제 정보_20260120
2025-11,수원시 영통구,매탄2동,여,40대,레저/스포츠 서비스,9,23182,2026-01-20,2576,공공데이터포털_경기도 수원시_지역화폐 결제 정보_20260120
2025-11,수원시 영통구,매탄2동,여,40대,문화/취미,16,137332,2026-01-20,8583,공공데이터포털_경기도 수원시_지역화폐 결제 정보_20260120
2025-11,수원시 영통구,매탄2동,여,40대,미용/위생,58,740879,2026-01-20,12774,공공데이터포털_경기도 수원시_지역화폐 결제 정보_20260120
2025-11,수원시 영통구,매탄2동,여,40대,병원,2,21101,2026-01-20,10550,공공데이터포털_경기도 수원시_지역화폐 결제 정보_20260120
2025-11,수원시 영통구,매탄2동,여,40대,서적/문구/학습자재,43,485701,2026-01-20,11295,공공데이터포털_경기도 수원시_지역화폐 결제 정보_20260120
2025-11,수원시 영통구,매탄2동,여,40대,약국,75,182949,2026-01-20,2439,공공데이터포털_경기도 수원시_지역화폐 결제 정보_20260120
2025-11,수원시 영통구,매탄2동,여,40대,용역서비스,26,157510,2026-01-20,6058,공공데이터포털_경기도 수원시_지역화폐 결제 정보_20260120
2025-11,수원시 영통구,매탄2동,여,40대,음료/식품,217,812296,2026-01-20,3743,공공데이터포털_경기도 수원시_지역화폐 결제 정보_20260120
2025-11,수원시 영통구,매탄2동,여,40대,의원,20,80585,2026-01-20,4029,공공데이터포털_경기도 수원시_지역화폐 결제 정보_20260120
2025-11,수원시 영통구,매탄2동,여,40대,일반/휴게 음식,873,3642941,2026-01-20,4173,공공데이터포털_경기도 수원시_지역화폐 결제 정보_20260120
2025-11,수원시 영통구,매탄2동,여,40대,일반유통,503,1371099,2026-01-20,2726,공공데이터포털_경기도 수원시_지역화폐 결제 정보_20260120
2025-11,수원시 영통구,매탄2동,여,40대,자동차 정비/유지,3,43527,2026-01-20,14509,공공데이터포털_경기도 수원시_지역화폐 결제 정보_20260120
2025-11,수원시 영통구,매탄2동,여,40대,직물/침구류,3,178182,2026-01-20,59394,공공데이터포털_경기도 수원시_지역화폐 결제 정보_20260120
2025-11,수원시 영통구,매탄2동,여,40대,학원,99,2814584,2026-01-20,28430,공공데이터포털_경기도 수원시_지역화폐 결제 정보_20260120
2025-11,수원시 영통구,매탄2동,여,50대,건축자재,3,13843,2026-01-20,4614,공공데이터포털_경기도 수원시_지역화폐 결제 정보_20260120
2025-11,수원시 영통구,매탄2동,여,50대,기타의료,14,115108,2026-01-20,8222,공공데이터포털_경기도 수원시_지역화폐 결제 정보_20260120
2025-11,수원시 영통구,매탄2동,여,50대,레저/스포츠 서비스,4,36025,2026-01-20,9006,공공데이터포털_경기도 수원시_지역화폐 결제 정보_20260120
2025-11,수원시 영통구,매탄2동,여,50대,문화/취미,14,183690,2026-01-20,13121,공공데이터포털_경기도 수원시_지역화폐 결제 정보_20260120
2025-11,수원시 영통구,매탄2동,여,50대,미용/위생,56,650284,2026-01-20,11612,공공데이터포털_경기도 수원시_지역화폐 결제 정보_20260120
2025-11,수원시 영통구,매탄2동,여,50대,병원,3,176556,2026-01-20,58852,공공데이터포털_경기도 수원시_지역화폐 결제 정보_20260120
2025-11,수원시 영통구,매탄2동,여,50대,비영리유통,4,22903,2026-01-20,5726,공공데이터포털_경기도 수원시_지역화폐 결제 정보_20260120
2025-11,수원시 영통구,매탄2동,여,50대,서적/문구/학습자재,10,160541,2026-01-20,16054,공공데이터포털_경기도 수원시_지역화폐 결제 정보_20260120
2025-11,수원시 영통구,매탄2동,여,50대,신변잡화,5,194833,2026-01-20,38967,공공데이터포털_경기도 수원시_지역화폐 결제 정보_20260120
2025-11,수원시 영통구,매탄2동,여,50대,약국,89,284617,2026-01-20,3198,공공데이터포털_경기도 수원시_지역화폐 결제 정보_20260120
2025-11,수원시 영통구,매탄2동,여,50대,용역서비스,43,218582,2026-01-20,5083,공공데이터포털_경기도 수원시_지역화폐 결제 정보_20260120
2025-11,수원시 영통구,매탄2동,여,50대,음료/식품,227,1523109,2026-01-20,6710,공공데이터포털_경기도 수원시_지역화폐 결제 정보_20260120
2025-11,수원시 영통구,매탄2동,여,50대,의류,4,16586,2026-01-20,4146,공공데이터포털_경기도 수원시_지역화폐 결제 정보_20260120
2025-11,수원시 영통구,매탄2동,여,50대,의원,75,521040,2026-01-20,6947,공공데이터포털_경기도 수원시_지역화폐 결제 정보_20260120
2025-11,수원시 영통구,매탄2동,여,50대,일반/휴게 음식,826,3117360,2026-01-20,3774,공공데이터포털_경기도 수원시_지역화폐 결제 정보_20260120
2025-11,수원시 영통구,매탄2동,여,50대,일반유통,581,1635100,2026-01-20,2814,공공데이터포털_경기도 수원시_지역화폐 결제 정보_20260120
2025-11,수원시 영통구,매탄2동,여,50대,자동차 정비/유지,7,121657,2026-01-20,17380,공공데이터포털_경기도 수원시_지역화폐 결제 정보_20260120
2025-11,수원시 영통구,매탄2동,여,50대,직물/침구류,21,499908,2026-01-20,23805,공공데이터포털_경기도 수원시_지역화폐 결제 정보_20260120
2025-11,수원시 영통구,매탄2동,여,50대,학교/교육,1,3440,2026-01-20,3440,공공데이터포털_경기도 수원시_지역화폐 결제 정보_20260120
2025-11,수원시 영통구,매탄2동,여,50대,학원,18,539690,2026-01-20,29983,공공데이터포털_경기도 수원시_지역화폐 결제 정보_20260120
2025-11,수원시 영통구,매탄2동,여,60대 이상,건축자재,3,5799,2026-01-20,1933,공공데이터포털_경기도 수원시_지역화폐 결제 정보_20260120
2025-11,수원시 영통구,매탄2동,여,60대 이상,기타유통,2,50741,2026-01-20,25370,공공데이터포털_경기도 수원시_지역화폐 결제 정보_20260120
2025-11,수원시 영통구,매탄2동,여,60대 이상,기타의료,4,27829,2026-01-20,6957,공공데이터포털_경기도 수원시_지역화폐 결제 정보_20260120
2025-11,수원시 영통구,매탄2동,여,60대 이상,레저/스포츠 서비스,6,15513,2026-01-20,2586,공공데이터포털_경기도 수원시_지역화폐 결제 정보_20260120
2025-11,수원시 영통구,매탄2동,여,60대 이상,문화/취미,3,8795,2026-01-20,2932,공공데이터포털_경기도 수원시_지역화폐 결제 정보_20260120
2025-11,수원시 영통구,매탄2동,여,60대 이상,미용/위생,48,528148,2026-01-20,11003,공공데이터포털_경기도 수원시_지역화폐 결제 정보_20260120
2025-11,수원시 영통구,매탄2동,여,60대 이상,비영리유통,4,2645,2026-01-20,661,공공데이터포털_경기도 수원시_지역화폐 결제 정보_20260120
2025-11,수원시 영통구,매탄2동,여,60대 이상,서적/문구/학습자재,4,8276,2026-01-20,2069,공공데이터포털_경기도 수원시_지역화폐 결제 정보_20260120
2025-11,수원시 영통구,매탄2동,여,60대 이상,약국,55,167522,2026-01-20,3046,공공데이터포털_경기도 수원시_지역화폐 결제 정보_20260120
2025-11,수원시 영통구,매탄2동,여,60대 이상,용역서비스,13,52554,2026-01-20,4043,공공데이터포털_경기도 수원시_지역화폐 결제 정보_20260120
2025-11,수원시 영통구,매탄2동,여,60대 이상,음료/식품,164,1101233,2026-01-20,6715,공공데이터포털_경기도 수원시_지역화폐 결제 정보_20260120
2025-11,수원시 영통구,매탄2동,여,60대 이상,의류,6,44470,2026-01-20,7412,공공데이터포털_경기도 수원시_지역화폐 결제 정보_20260120
2025-11,수원시 영통구,매탄2동,여,60대 이상,의원,35,312985,2026-01-20,8942,공공데이터포털_경기도 수원시_지역화폐 결제 정보_20260120
2025-11,수원시 영통구,매탄2동,여,60대 이상,일반/휴게 음식,334,1569350,2026-01-20,4699,공공데이터포털_경기도 수원시_지역화폐 결제 정보_20260120
2025-11,수원시 영통구,매탄2동,여,60대 이상,일반유통,396,1065769,2026-01-20,2691,공공데이터포털_경기도 수원시_지역화폐 결제 정보_20260120
2025-11,수원시 영통구,매탄2동,여,60대 이상,자동차 정비/유지,1,13333,2026-01-20,13333,공공데이터포털_경기도 수원시_지역화폐 결제 정보_20260120
2025-11,수원시 영통구,매탄2동,여,60대 이상,전자제품,1,2562,2026-01-20,2562,공공데이터포털_경기도 수원시_지역화폐 결제 정보_20260120
2025-11,수원시 영통구,매탄2동,여,60대 이상,직물/침구류,10,290865,2026-01-20,29086,공공데이터포털_경기도 수원시_지역화폐 결제 정보_20260120
2025-11,수원시 영통구,매탄2동,여,60대 이상,학원,7,212704,2026-01-20,30386,공공데이터포털_경기도 수원시_지역화폐 결제 정보_20260120
2025-11,수원시 영통구,매탄2동,여,60대 이상,회원정보미상,15,251700,2026-01-20,16780,공공데이터포털_경기도 수원시_지역화폐 결제 정보_20260120
2025-11,수원시 영통구,매탄2동,여,60대 이상,회원정보미상,15,251700,2026-01-20,16780,공공데이터포털_경기도 수원시_지역화폐 결제 정보_20260120
2025-11,수원시 영통구,매탄2동,여,60대 이상,미용/위생,2,28200,2026-01-20,14100,공공데이터포털_경기도 수원시_지역화폐 결제 정보_20260120
2025-11,수원시 영통구,매탄2동,여,60대 이상,약국,2,16500,2026-01-20,8250,공공데이터포털_경기도 수원시_지역화폐 결제 정보_20260120
2025-11,수원시 영통구,매탄2동,여,60대 이상,음료/식품,1,15000,2026-01-20,15000,공공데이터포털_경기도 수원시_지역화폐 결제 정보_20260120
2025-11,수원시 영통구,매탄2동,여,60대 이상,일반/휴게 음식,3,53200,2026-01-20,17733,공공데이터포털_경기도 수원시_지역화폐 결제 정보_20260120
2025-11,수원시 영통구,매탄2동,여,60대 이상,일반유통,7,138800,2026-01-20,19829,공공데이터포털_경기도 수원시_지역화폐 결제 정보_20260120
2025-11,수원시 영통구,매탄3동,남,10대,기타의료,5,10823,2026-01-20,2165,공공데이터포털_경기도 수원시_지역화폐 결제 정보_20260120
2025-11,수원시 영통구,매탄3동,남,10대,레저/스포츠 서비스,83,301841,2026-01-20,3637,공공데이터포털_경기도 수원시_지역화폐 결제 정보_20260120
2025-11,수원시 영통구,매탄3동,남,10대,문화/취미,3,1645,2026-01-20,548,공공데이터포털_경기도 수원시_지역화폐 결제 정보_20260120
2025-11,수원시 영통구,매탄3동,남,10대,미용/위생,13,115154,2026-01-20,8858,공공데이터포털_경기도 수원시_지역화폐 결제 정보_20260120
2025-11,수원시 영통구,매탄3동,남,10대,서적/문구/학습자재,24,60672,2026-01-20,2528,공공데이터포털_경기도 수원시_지역화폐 결제 정보_20260120
2025-11,수원시 영통구,매탄3동,남,10대,약국,13,19950,2026-01-20,1535,공공데이터포털_경기도 수원시_지역화폐 결제 정보_20260120
2025-11,수원시 영통구,매탄3동,남,10대,용역서비스,6,4642,2026-01-20,774,공공데이터포털_경기도 수원시_지역화폐 결제 정보_20260120
2025-11,수원시 영통구,매탄3동,남,10대,음료/식품,38,118112,2026-01-20,3108,공공데이터포털_경기도 수원시_지역화폐 결제 정보_20260120
2025-11,수원시 영통구,매탄3동,남,10대,의원,10,38431,2026-01-20,3843,공공데이터포털_경기도 수원시_지역화폐 결제 정보_20260120
2025-11,수원시 영통구,매탄3동,남,10대,일반/휴게 음식,168,728895,2026-01-20,4339,공공데이터포털_경기도 수원시_지역화폐 결제 정보_20260120
2025-11,수원시 영통구,매탄3동,남,10대,일반유통,118,227607,2026-01-20,1929,공공데이터포털_경기도 수원시_지역화폐 결제 정보_20260120
2025-11,수원시 영통구,매탄3동,남,10대,학원,60,1294747,2026-01-20,21579,공공데이터포털_경기도 수원시_지역화폐 결제 정보_20260120
2025-11,수원시 영통구,매탄3동,남,20대,기타의료,13,144574,2026-01-20,11121,공공데이터포털_경기도 수원시_지역화폐 결제 정보_20260120
2025-11,수원시 영통구,매탄3동,남,20대,레저/문화 용품,5,41818,2026-01-20,8364,공공데이터포털_경기도 수원시_지역화폐 결제 정보_20260120
2025-11,수원시 영통구,매탄3동,남,20대,레저/스포츠 서비스,191,1564997,2026-01-20,8194,공공데이터포털_경기도 수원시_지역화폐 결제 정보_20260120
2025-11,수원시 영통구,매탄3동,남,20대,문화/취미,31,221072,2026-01-20,7131,공공데이터포털_경기도 수원시_지역화폐 결제 정보_20260120
2025-11,수원시 영통구,매탄3동,남,20대,미용/위생,95,1565497,2026-01-20,16479,공공데이터포털_경기도 수원시_지역화폐 결제 정보_20260120
2025-11,수원시 영통구,매탄3동,남,20대,서적/문구/학습자재,31,588734,2026-01-20,18991,공공데이터포털_경기도 수원시_지역화폐 결제 정보_20260120
2025-11,수원시 영통구,매탄3동,남,20대,약국,61,262830,2026-01-20,4309,공공데이터포털_경기도 수원시_지역화폐 결제 정보_20260120
2025-11,수원시 영통구,매탄3동,남,20대,용역서비스,21,211988,2026-01-20,10095,공공데이터포털_경기도 수원시_지역화폐 결제 정보_20260120
2025-11,수원시 영통구,매탄3동,남,20대,음료/식품,320,3260100,2026-01-20,10188,공공데이터포털_경기도 수원시_지역화폐 결제 정보_20260120
2025-11,수원시 영통구,매탄3동,남,20대,의원,22,210388,2026-01-20,9563,공공데이터포털_경기도 수원시_지역화폐 결제 정보_20260120
2025-11,수원시 영통구,매탄3동,남,20대,일반/휴게 음식,1165,9181455,2026-01-20,7881,공공데이터포털_경기도 수원시_지역화폐 결제 정보_20260120
2025-11,수원시 영통구,매탄3동,남,20대,일반유통,581,2000519,2026-01-20,3443,공공데이터포털_경기도 수원시_지역화폐 결제 정보_20260120
2025-11,수원시 영통구,매탄3동,남,20대,자동차 정비/유지,1,9981,2026-01-20,9981,공공데이터포털_경기도 수원시_지역화폐 결제 정보_20260120
2025-11,수원시 영통구,매탄3동,남,20대,자동차판매,1,10000,2026-01-20,10000,공공데이터포털_경기도 수원시_지역화폐 결제 정보_20260120
2025-11,수원시 영통구,매탄3동,남,20대,전자제품,1,10000,2026-01-20,10000,공공데이터포털_경기도 수원시_지역화폐 결제 정보_20260120
2025-11,수원시 영통구,매탄3동,남,20대,주방용품,1,3300,2026-01-20,3300,공공데이터포털_경기도 수원시_지역화폐 결제 정보_20260120
2025-11,수원시 영통구,매탄3동,남,20대,직물/침구류,3,97866,2026-01-20,32622,공공데이터포털_경기도 수원시_지역화폐 결제 정보_20260120
2025-11,수원시 영통구,매탄3동,남,20대,학원,46,1449002,2026-01-20,31500,공공데이터포털_경기도 수원시_지역화폐 결제 정보_20260120
2025-11,수원시 영통구,매탄3동,남,30대,건축자재,1,1158,2026-01-20,1158,공공데이터포털_경기도 수원시_지역화폐 결제 정보_20260120
2025-11,수원시 영통구,매탄3동,남,30대,기타의료,46,460738,2026-01-20,10016,공공데이터포털_경기도 수원시_지역화폐 결제 정보_20260120
2025-11,수원시 영통구,매탄3동,남,30대,레저/문화 용품,30,166961,2026-01-20,5565,공공데이터포털_경기도 수원시_지역화폐 결제 정보_20260120
2025-11,수원시 영통구,매탄3동,남,30대,레저/스포츠 서비스,269,1835826,2026-01-20,6825,공공데이터포털_경기도 수원시_지역화폐 결제 정보_20260120
2025-11,수원시 영통구,매탄3동,남,30대,문화/취미,145,229067,2026-01-20,1580,공공데이터포털_경기도 수원시_지역화폐 결제 정보_20260120
2025-11,수원시 영통구,매탄3동,남,30대,미용/위생,181,1996145,2026-01-20,11028,공공데이터포털_경기도 수원시_지역화폐 결제 정보_20260120
2025-11,수원시 영통구,매탄3동,남,30대,서적/문구/학습자재,59,312018,2026-01-20,5288,공공데이터포털_경기도 수원시_지역화폐 결제 정보_20260120
2025-11,수원시 영통구,매탄3동,남,30대,약국,226,428610,2026-01-20,1897,공공데이터포털_경기도 수원시_지역화폐 결제 정보_20260120
2025-11,수원시 영통구,매탄3동,남,30대,용역서비스,39,266942,2026-01-20,6845,공공데이터포털_경기도 수원시_지역화폐 결제 정보_20260120
2025-11,수원시 영통구,매탄3동,남,30대,음료/식품,670,2343706,2026-01-20,3498,공공데이터포털_경기도 수원시_지역화폐 결제 정보_20260120
2025-11,수원시 영통구,매탄3동,남,30대,의원,86,959711,2026-01-20,11159,공공데이터포털_경기도 수원시_지역화폐 결제 정보_20260120
2025-11,수원시 영통구,매탄3동,남,30대,일반/휴게 음식,2306,9915847,2026-01-20,4300,공공데이터포털_경기도 수원시_지역화폐 결제 정보_20260120
2025-11,수원시 영통구,매탄3동,남,30대,일반유통,1194,2431706,2026-01-20,2037,공공데이터포털_경기도 수원시_지역화폐 결제 정보_20260120
2025-11,수원시 영통구,매탄3동,남,30대,자동차 정비/유지,2,116856,2026-01-20,58428,공공데이터포털_경기도 수원시_지역화폐 결제 정보_20260120
2025-11,수원시 영통구,매탄3동,남,30대,자동차판매,1,7847,2026-01-20,7847,공공데이터포털_경기도 수원시_지역화폐 결제 정보_20260120
2025-11,수원시 영통구,매탄3동,남,30대,학원,62,1612407,2026-01-20,26007,공공데이터포털_경기도 수원시_지역화폐 결제 정보_20260120
2025-11,수원시 영통구,매탄3동,남,40대,기타의료,79,402817,2026-01-20,5099,공공데이터포털_경기도 수원시_지역화폐 결제 정보_20260120
2025-11,수원시 영통구,매탄3동,남,40대,레저/문화 용품,2,303479,2026-01-20,151740,공공데이터포털_경기도 수원시_지역화폐 결제 정보_20260120
2025-11,수원시 영통구,매탄3동,남,40대,레저/스포츠 서비스,544,2772439,2026-01-20,5096,공공데이터포털_경기도 수원시_지역화폐 결제 정보_20260120
2025-11,수원시 영통구,매탄3동,남,40대,문화/취미,277,193734,2026-01-20,699,공공데이터포털_경기도 수원시_지역화폐 결제 정보_20260120
2025-11,수원시 영통구,매탄3동,남,40대,미용/위생,238,2232330,2026-01-20,9380,공공데이터포털_경기도 수원시_지역화폐 결제 정보_20260120
2025-11,수원시 영통구,매탄3동,남,40대,서적/문구/학습자재,290,1362840,2026-01-20,4699,공공데이터포털_경기도 수원시_지역화폐 결제 정보_20260120
2025-11,수원시 영통구,매탄3동,남,40대,약국,407,817678,2026-01-20,2009,공공데이터포털_경기도 수원시_지역화폐 결제 정보_20260120
2025-11,수원시 영통구,매탄3동,남,40대,용역서비스,63,590949,2026-01-20,9380,공공데이터포털_경기도 수원시_지역화폐 결제 정보_20260120
2025-11,수원시 영통구,매탄3동,남,40대,음료/식품,1128,3589564,2026-01-20,3182,공공데이터포털_경기도 수원시_지역화폐 결제 정보_20260120
2025-11,수원시 영통구,매탄3동,남,40대,의류,5,42475,2026-01-20,8495,공공데이터포털_경기도 수원시_지역화폐 결제 정보_20260120
2025-11,수원시 영통구,매탄3동,남,40대,의원,174,1184886,2026-01-20,6810,공공데이터포털_경기도 수원시_지역화폐 결제 정보_20260120
2025-11,수원시 영통구,매탄3동,남,40대,일반/휴게 음식,3477,15327058,2026-01-20,4408,공공데이터포털_경기도 수원시_지역화폐 결제 정보_20260120
2025-11,수원시 영통구,매탄3동,남,40대,일반유통,1405,3073303,2026-01-20,2187,공공데이터포털_경기도 수원시_지역화폐 결제 정보_20260120
2025-11,수원시 영통구,매탄3동,남,40대,자동차 정비/유지,4,95343,2026-01-20,23836,공공데이터포털_경기도 수원시_지역화폐 결제 정보_20260120
2025-11,수원시 영통구,매탄3동,남,40대,자동차판매,4,64651,2026-01-20,16163,공공데이터포털_경기도 수원시_지역화폐 결제 정보_20260120
2025-11,수원시 영통구,매탄3동,남,40대,전자제품,1,400,2026-01-20,400,공공데이터포털_경기도 수원시_지역화폐 결제 정보_20260120
2025-11,수원시 영통구,매탄3동,남,40대,주방용품,1,346,2026-01-20,346,공공데이터포털_경기도 수원시_지역화폐 결제 정보_20260120
2025-11,수원시 영통구,매탄3동,남,40대,직물/침구류,2,59759,2026-01-20,29880,공공데이터포털_경기도 수원시_지역화폐 결제 정보_20260120
2025-11,수원시 영통구,매탄3동,남,40대,학원,665,20308804,2026-01-20,30540,공공데이터포털_경기도 수원시_지역화폐 결제 정보_20260120
2025-11,수원시 영통구,매탄3동,남,50대,건축자재,3,4193,2026-01-20,1398,공공데이터포털_경기도 수원시_지역화폐 결제 정보_20260120
2025-11,수원시 영통구,매탄3동,남,50대,기타의료,59,504355,2026-01-20,8548,공공데이터포털_경기도 수원시_지역화폐 결제 정보_20260120
2025-11,수원시 영통구,매탄3동,남,50대,레저/문화 용품,3,19817,2026-01-20,6606,공공데이터포털_경기도 수원시_지역화폐 결제 정보_20260120
2025-11,수원시 영통구,매탄3동,남,50대,레저/스포츠 서비스,345,3764483,2026-01-20,10912,공공데이터포털_경기도 수원시_지역화폐 결제 정보_20260120
2025-11,수원시 영통구,매탄3동,남,50대,문화/취미,66,289491,2026-01-20,4386,공공데이터포털_경기도 수원시_지역화폐 결제 정보_20260120
2025-11,수원시 영통구,매탄3동,남,50대,미용/위생,191,2023961,2026-01-20,10597,공공데이터포털_경기도 수원시_지역화폐 결제 정보_20260120
2025-11,수원시 영통구,매탄3동,남,50대,서적/문구/학습자재,163,708758,2026-01-20,4348,공공데이터포털_경기도 수원시_지역화폐 결제 정보_20260120
2025-11,수원시 영통구,매탄3동,남,50대,약국,255,802792,2026-01-20,3148,공공데이터포털_경기도 수원시_지역화폐 결제 정보_20260120
2025-11,수원시 영통구,매탄3동,남,50대,용역서비스,88,471855,2026-01-20,5362,공공데이터포털_경기도 수원시_지역화폐 결제 정보_20260120
2025-11,수원시 영통구,매탄3동,남,50대,음료/식품,1031,3972031,2026-01-20,3853,공공데이터포털_경기도 수원시_지역화폐 결제 정보_20260120
2025-11,수원시 영통구,매탄3동,남,50대,의류,3,24068,2026-01-20,8023,공공데이터포털_경기도 수원시_지역화폐 결제 정보_20260120
2025-11,수원시 영통구,매탄3동,남,50대,의원,175,1030117,2026-01-20,5886,공공데이터포털_경기도 수원시_지역화폐 결제 정보_20260120
2025-11,수원시 영통구,매탄3동,남,50대,일반/휴게 음식,3353,13539546,2026-01-20,4038,공공데이터포털_경기도 수원시_지역화폐 결제 정보_20260120
2025-11,수원시 영통구,매탄3동,남,50대,일반유통,1429,3103163,2026-01-20,2172,공공데이터포털_경기도 수원시_지역화폐 결제 정보_20260120
2025-11,수원시 영통구,매탄3동,남,50대,자동차 정비/유지,2,3935,2026-01-20,1968,공공데이터포털_경기도 수원시_지역화폐 결제 정보_20260120
2025-11,수원시 영통구,매탄3동,남,50대,자동차판매,5,18329,2026-01-20,3666,공공데이터포털_경기도 수원시_지역화폐 결제 정보_20260120
2025-11,수원시 영통구,매탄3동,남,50대,전자제품,4,24013,2026-01-20,6003,공공데이터포털_경기도 수원시_지역화폐 결제 정보_20260120
2025-11,수원시 영통구,매탄3동,남,50대,주방용품,2,8972,2026-01-20,4486,공공데이터포털_경기도 수원시_지역화폐 결제 정보_20260120
2025-11,수원시 영통구,매탄3동,남,50대,직물/침구류,2,100382,2026-01-20,50191,공공데이터포털_경기도 수원시_지역화폐 결제 정보_20260120
2025-11,수원시 영통구,매탄3동,남,50대,학원,387,13813866,2026-01-20,35695,공공데이터포털_경기도 수원시_지역화폐 결제 정보_20260120
2025-11,수원시 영통구,매탄3동,남,60대 이상,가구,7,45210,2026-01-20,6459,공공데이터포털_경기도 수원시_지역화폐 결제 정보_20260120
2025-11,수원시 영통구,매탄3동,남,60대 이상,건축자재,5,3847,2026-01-20,769,공공데이터포털_경기도 수원시_지역화폐 결제 정보_20260120
2025-11,수원시 영통구,매탄3동,남,60대 이상,기타의료,32,178171,2026-01-20,5568,공공데이터포털_경기도 수원시_지역화폐 결제 정보_20260120
2025-11,수원시 영통구,매탄3동,남,60대 이상,레저/스포츠 서비스,93,1296637,2026-01-20,13942,공공데이터포털_경기도 수원시_지역화폐 결제 정보_20260120
2025-11,수원시 영통구,매탄3동,남,60대 이상,문화/취미,38,65282,2026-01-20,1718,공공데이터포털_경기도 수원시_지역화폐 결제 정보_20260120
2025-11,수원시 영통구,매탄3동,남,60대 이상,미용/위생,71,572695,2026-01-20,8066,공공데이터포털_경기도 수원시_지역화폐 결제 정보_20260120
2025-11,수원시 영통구,매탄3동,남,60대 이상,서적/문구/학습자재,16,39357,2026-01-20,2460,공공데이터포털_경기도 수원시_지역화폐 결제 정보_20260120
2025-11,수원시 영통구,매탄3동,남,60대 이상,신변잡화,6,5341,2026-01-20,890,공공데이터포털_경기도 수원시_지역화폐 결제 정보_20260120
2025-11,수원시 영통구,매탄3동,남,60대 이상,약국,145,370096,2026-01-20,2552,공공데이터포털_경기도 수원시_지역화폐 결제 정보_20260120
2025-11,수원시 영통구,매탄3동,남,60대 이상,용역서비스,37,85453,2026-01-20,2310,공공데이터포털_경기도 수원시_지역화폐 결제 정보_20260120
2025-11,수원시 영통구,매탄3동,남,60대 이상,음료/식품,583,2087201,2026-01-20,3580,공공데이터포털_경기도 수원시_지역화폐 결제 정보_20260120
2025-11,수원시 영통구,매탄3동,남,60대 이상,의원,140,1114114,2026-01-20,7958,공공데이터포털_경기도 수원시_지역화폐 결제 정보_20260120
2025-11,수원시 영통구,매탄3동,남,60대 이상,일반/휴게 음식,867,3550435,2026-01-20,4095,공공데이터포털_경기도 수원시_지역화폐 결제 정보_20260120
2025-11,수원시 영통구,매탄3동,남,60대 이상,일반유통,424,941319,2026-01-20,2220,공공데이터포털_경기도 수원시_지역화폐 결제 정보_20260120
2025-11,수원시 영통구,매탄3동,남,60대 이상,자동차판매,2,7589,2026-01-20,3794,공공데이터포털_경기도 수원시_지역화폐 결제 정보_20260120
2025-11,수원시 영통구,매탄3동,남,60대 이상,전자제품,6,31385,2026-01-20,5231,공공데이터포털_경기도 수원시_지역화폐 결제 정보_20260120
2025-11,수원시 영통구,매탄3동,남,60대 이상,학원,12,303789,2026-01-20,25316,공공데이터포털_경기도 수원시_지역화폐 결제 정보_20260120
2025-11,수원시 영통구,매탄3동,여,10대,기타의료,5,47182,2026-01-20,9436,공공데이터포털_경기도 수원시_지역화폐 결제 정보_20260120
2025-11,수원시 영통구,매탄3동,여,10대,레저/스포츠 서비스,53,58551,2026-01-20,1105,공공데이터포털_경기도 수원시_지역화폐 결제 정보_20260120
2025-11,수원시 영통구,매탄3동,여,10대,문화/취미,29,4842,2026-01-20,167,공공데이터포털_경기도 수원시_지역화폐 결제 정보_20260120
2025-11,수원시 영통구,매탄3동,여,10대,미용/위생,9,35659,2026-01-20,3962,공공데이터포털_경기도 수원시_지역화폐 결제 정보_20260120
2025-11,수원시 영통구,매탄3동,여,10대,서적/문구/학습자재,57,379182,2026-01-20,6652,공공데이터포털_경기도 수원시_지역화폐 결제 정보_20260120
2025-11,수원시 영통구,매탄3동,여,10대,약국,13,26258,2026-01-20,2020,공공데이터포털_경기도 수원시_지역화폐 결제 정보_20260120
2025-11,수원시 영통구,매탄3동,여,10대,용역서비스,9,27089,2026-01-20,3010,공공데이터포털_경기도 수원시_지역화폐 결제 정보_20260120
2025-11,수원시 영통구,매탄3동,여,10대,음료/식품,95,332354,2026-01-20,3498,공공데이터포털_경기도 수원시_지역화폐 결제 정보_20260120
2025-11,수원시 영통구,매탄3동,여,10대,의원,10,97026,2026-01-20,9703,공공데이터포털_경기도 수원시_지역화폐 결제 정보_20260120
2025-11,수원시 영통구,매탄3동,여,10대,일반/휴게 음식,258,1072178,2026-01-20,4156,공공데이터포털_경기도 수원시_지역화폐 결제 정보_20260120
2025-11,수원시 영통구,매탄3동,여,10대,일반유통,193,232163,2026-01-20,1203,공공데이터포털_경기도 수원시_지역화폐 결제 정보_20260120
2025-11,수원시 영통구,매탄3동,여,10대,학원,76,1863255,2026-01-20,24517,공공데이터포털_경기도 수원시_지역화폐 결제 정보_20260120
2025-11,수원시 영통구,매탄3동,여,20대,건축자재,1,900,2026-01-20,900,공공데이터포털_경기도 수원시_지역화폐 결제 정보_20260120
2025-11,수원시 영통구,매탄3동,여,20대,기타의료,33,612167,2026-01-20,18551,공공데이터포털_경기도 수원시_지역화폐 결제 정보_20260120
2025-11,수원시 영통구,매탄3동,여,20대,레저/문화 용품,6,171849,2026-01-20,28642,공공데이터포털_경기도 수원시_지역화폐 결제 정보_20260120
2025-11,수원시 영통구,매탄3동,여,20대,레저/스포츠 서비스,199,2101804,2026-01-20,10562,공공데이터포털_경기도 수원시_지역화폐 결제 정보_20260120
2025-11,수원시 영통구,매탄3동,여,20대,문화/취미,34,266140,2026-01-20,7828,공공데이터포털_경기도 수원시_지역화폐 결제 정보_20260120
2025-11,수원시 영통구,매탄3동,여,20대,미용/위생,61,2621268,2026-01-20,42972,공공데이터포털_경기도 수원시_지역화폐 결제 정보_20260120
2025-11,수원시 영통구,매탄3동,여,20대,서적/문구/학습자재,66,408424,2026-01-20,6188,공공데이터포털_경기도 수원시_지역화폐 결제 정보_20260120
2025-11,수원시 영통구,매탄3동,여,20대,약국,92,319988,2026-01-20,3478,공공데이터포털_경기도 수원시_지역화폐 결제 정보_20260120
2025-11,수원시 영통구,매탄3동,여,20대,용역서비스,37,251569,2026-01-20,6799,공공데이터포털_경기도 수원시_지역화폐 결제 정보_20260120
2025-11,수원시 영통구,매탄3동,여,20대,음료/식품,283,1662718,2026-01-20,5875,공공데이터포털_경기도 수원시_지역화폐 결제 정보_20260120
2025-11,수원시 영통구,매탄3동,여,20대,의원,51,643479,2026-01-20,12617,공공데이터포털_경기도 수원시_지역화폐 결제 정보_20260120
2025-11,수원시 영통구,매탄3동,여,20대,일반/휴게 음식,1248,8976625,2026-01-20,7193,공공데이터포털_경기도 수원시_지역화폐 결제 정보_20260120
2025-11,수원시 영통구,매탄3동,여,20대,일반유통,495,1704672,2026-01-20,3444,공공데이터포털_경기도 수원시_지역화폐 결제 정보_20260120
2025-11,수원시 영통구,매탄3동,여,20대,주방용품,1,269,2026-01-20,269,공공데이터포털_경기도 수원시_지역화폐 결제 정보_20260120
2025-11,수원시 영통구,매탄3동,여,20대,학원,29,1476733,2026-01-20,50922,공공데이터포털_경기도 수원시_지역화폐 결제 정보_20260120
2025-11,수원시 영통구,매탄3동,여,30대,기타의료,77,583214,2026-01-20,7574,공공데이터포털_경기도 수원시_지역화폐 결제 정보_20260120
2025-11,수원시 영통구,매탄3동,여,30대,레저/문화 용품,7,168875,2026-01-20,24125,공공데이터포털_경기도 수원시_지역화폐 결제 정보_20260120
2025-11,수원시 영통구,매탄3동,여,30대,레저/스포츠 서비스,449,3090315,2026-01-20,6883,공공데이터포털_경기도 수원시_지역화폐 결제 정보_20260120
2025-11,수원시 영통구,매탄3동,여,30대,문화/취미,251,447446,2026-01-20,1783,공공데이터포털_경기도 수원시_지역화폐 결제 정보_20260120
2025-11,수원시 영통구,매탄3동,여,30대,미용/위생,126,2438900,2026-01-20,19356,공공데이터포털_경기도 수원시_지역화폐 결제 정보_20260120
2025-11,수원시 영통구,매탄3동,여,30대,서적/문구/학습자재,195,1179967,2026-01-20,6051,공공데이터포털_경기도 수원시_지역화폐 결제 정보_20260120
2025-11,수원시 영통구,매탄3동,여,30대,약국,339,657020,2026-01-20,1938,공공데이터포털_경기도 수원시_지역화폐 결제 정보_20260120
2025-11,수원시 영통구,매탄3동,여,30대,용역서비스,59,343443,2026-01-20,5821,공공데이터포털_경기도 수원시_지역화폐 결제 정보_20260120
2025-11,수원시 영통구,매탄3동,여,30대,음료/식품,949,3019378,2026-01-20,3182,공공데이터포털_경기도 수원시_지역화폐 결제 정보_20260120
2025-11,수원시 영통구,매탄3동,여,30대,의원,123,2118931,2026-01-20,17227,공공데이터포털_경기도 수원시_지역화폐 결제 정보_20260120
2025-11,수원시 영통구,매탄3동,여,30대,일반/휴게 음식,2916,11351168,2026-01-20,3893,공공데이터포털_경기도 수원시_지역화폐 결제 정보_20260120
2025-11,수원시 영통구,매탄3동,여,30대,일반유통,851,1608561,2026-01-20,1890,공공데이터포털_경기도 수원시_지역화폐 결제 정보_20260120
2025-11,수원시 영통구,매탄3동,여,30대,자동차 정비/유지,3,95596,2026-01-20,31865,공공데이터포털_경기도 수원시_지역화폐 결제 정보_20260120
2025-11,수원시 영통구,매탄3동,여,30대,전자제품,1,1207,2026-01-20,1207,공공데이터포털_경기도 수원시_지역화폐 결제 정보_20260120
2025-11,수원시 영통구,매탄3동,여,30대,직물/침구류,2,54135,2026-01-20,27068,공공데이터포털_경기도 수원시_지역화폐 결제 정보_20260120
2025-11,수원시 영통구,매탄3동,여,30대,학원,155,5100587,2026-01-20,32907,공공데이터포털_경기도 수원시_지역화폐 결제 정보_20260120
2025-11,수원시 영통구,매탄3동,여,40대,건축자재,1,1019,2026-01-20,1019,공공데이터포털_경기도 수원시_지역화폐 결제 정보_20260120
2025-11,수원시 영통구,매탄3동,여,40대,기타의료,147,607368,2026-01-20,4132,공공데이터포털_경기도 수원시_지역화폐 결제 정보_20260120
2025-11,수원시 영통구,매탄3동,여,40대,레저/문화 용품,2,4055,2026-01-20,2028,공공데이터포털_경기도 수원시_지역화폐 결제 정보_20260120
2025-11,수원시 영통구,매탄3동,여,40대,레저/스포츠 서비스,429,3564701,2026-01-20,8309,공공데이터포털_경기도 수원시_지역화폐 결제 정보_20260120
2025-11,수원시 영통구,매탄3동,여,40대,문화/취미,221,276589,2026-01-20,1252,공공데이터포털_경기도 수원시_지역화폐 결제 정보_20260120
2025-11,수원시 영통구,매탄3동,여,40대,미용/위생,313,3741270,2026-01-20,11953,공공데이터포털_경기도 수원시_지역화폐 결제 정보_20260120
2025-11,수원시 영통구,매탄3동,여,40대,서적/문구/학습자재,739,3736434,2026-01-20,5056,공공데이터포털_경기도 수원시_지역화폐 결제 정보_20260120
2025-11,수원시 영통구,매탄3동,여,40대,약국,745,1393582,2026-01-20,1871,공공데이터포털_경기도 수원시_지역화폐 결제 정보_20260120
2025-11,수원시 영통구,매탄3동,여,40대,용역서비스,120,883762,2026-01-20,7365,공공데이터포털_경기도 수원시_지역화폐 결제 정보_20260120
2025-11,수원시 영통구,매탄3동,여,40대,음료/식품,2556,7821997,2026-01-20,3060,공공데이터포털_경기도 수원시_지역화폐 결제 정보_20260120
2025-11,수원시 영통구,매탄3동,여,40대,의류,8,73670,2026-01-20,9209,공공데이터포털_경기도 수원시_지역화폐 결제 정보_20260120
2025-11,수원시 영통구,매탄3동,여,40대,의원,319,1974415,2026-01-20,6189,공공데이터포털_경기도 수원시_지역화폐 결제 정보_20260120
2025-11,수원시 영통구,매탄3동,여,40대,일반/휴게 음식,5924,19308140,2026-01-20,3259,공공데이터포털_경기도 수원시_지역화폐 결제 정보_20260120
2025-11,수원시 영통구,매탄3동,여,40대,일반유통,1349,2293584,2026-01-20,1700,공공데이터포털_경기도 수원시_지역화폐 결제 정보_20260120
2025-11,수원시 영통구,매탄3동,여,40대,자동차 정비/유지,2,21201,2026-01-20,10600,공공데이터포털_경기도 수원시_지역화폐 결제 정보_20260120
2025-11,수원시 영통구,매탄3동,여,40대,자동차판매,3,23373,2026-01-20,7791,공공데이터포털_경기도 수원시_지역화폐 결제 정보_20260120
2025-11,수원시 영통구,매탄3동,여,40대,전자제품,4,29308,2026-01-20,7327,공공데이터포털_경기도 수원시_지역화폐 결제 정보_20260120
2025-11,수원시 영통구,매탄3동,여,40대,직물/침구류,2,42038,2026-01-20,21019,공공데이터포털_경기도 수원시_지역화폐 결제 정보_20260120
2025-11,수원시 영통구,매탄3동,여,40대,학원,989,29313409,2026-01-20,29639,공공데이터포털_경기도 수원시_지역화폐 결제 정보_20260120
2025-11,수원시 영통구,매탄3동,여,50대,건축자재,3,6838,2026-01-20,2279,공공데이터포털_경기도 수원시_지역화폐 결제 정보_20260120
2025-11,수원시 영통구,매탄3동,여,50대,기타의료,114,665554,2026-01-20,5838,공공데이터포털_경기도 수원시_지역화폐 결제 정보_20260120
2025-11,수원시 영통구,매탄3동,여,50대,레저/문화 용품,2,39693,2026-01-20,19846,공공데이터포털_경기도 수원시_지역화폐 결제 정보_20260120
2025-11,수원시 영통구,매탄3동,여,50대,레저/스포츠 서비스,197,4618783,2026-01-20,23446,공공데이터포털_경기도 수원시_지역화폐 결제 정보_20260120
2025-11,수원시 영통구,매탄3동,여,50대,문화/취미,34,142072,2026-01-20,4179,공공데이터포털_경기도 수원시_지역화폐 결제 정보_20260120
2025-11,수원시 영통구,매탄3동,여,50대,미용/위생,205,3278707,2026-01-20,15994,공공데이터포털_경기도 수원시_지역화폐 결제 정보_20260120
2025-11,수원시 영통구,매탄3동,여,50대,사무/통신,1,5000,2026-01-20,5000,공공데이터포털_경기도 수원시_지역화폐 결제 정보_20260120
2025-11,수원시 영통구,매탄3동,여,50대,서적/문구/학습자재,190,927224,2026-01-20,4880,공공데이터포털_경기도 수원시_지역화폐 결제 정보_20260120
2025-11,수원시 영통구,매탄3동,여,50대,약국,360,971023,2026-01-20,2697,공공데이터포털_경기도 수원시_지역화폐 결제 정보_20260120
2025-11,수원시 영통구,매탄3동,여,50대,용역서비스,127,452366,2026-01-20,3562,공공데이터포털_경기도 수원시_지역화폐 결제 정보_20260120
2025-11,수원시 영통구,매탄3동,여,50대,음료/식품,2034,7865946,2026-01-20,3867,공공데이터포털_경기도 수원시_지역화폐 결제 정보_20260120
2025-11,수원시 영통구,매탄3동,여,50대,의류,6,77822,2026-01-20,12970,공공데이터포털_경기도 수원시_지역화폐 결제 정보_20260120
2025-11,수원시 영통구,매탄3동,여,50대,의원,233,1775154,2026-01-20,7619,공공데이터포털_경기도 수원시_지역화폐 결제 정보_20260120
2025-11,수원시 영통구,매탄3동,여,50대,일반/휴게 음식,3749,14402972,2026-01-20,3842,공공데이터포털_경기도 수원시_지역화폐 결제 정보_20260120
2025-11,수원시 영통구,매탄3동,여,50대,일반유통,933,2174314,2026-01-20,2330,공공데이터포털_경기도 수원시_지역화폐 결제 정보_20260120
2025-11,수원시 영통구,매탄3동,여,50대,자동차판매,1,5622,2026-01-20,5622,공공데이터포털_경기도 수원시_지역화폐 결제 정보_20260120
2025-11,수원시 영통구,매탄3동,여,50대,전자상거래,1,1353,2026-01-20,1353,공공데이터포털_경기도 수원시_지역화폐 결제 정보_20260120
2025-11,수원시 영통구,매탄3동,여,50대,전자제품,5,27455,2026-01-20,5491,공공데이터포털_경기도 수원시_지역화폐 결제 정보_20260120
2025-11,수원시 영통구,매탄3동,여,50대,주방용품,1,3478,2026-01-20,3478,공공데이터포털_경기도 수원시_지역화폐 결제 정보_20260120
2025-11,수원시 영통구,매탄3동,여,50대,학원,208,6628463,2026-01-20,31868,공공데이터포털_경기도 수원시_지역화폐 결제 정보_20260120
2025-11,수원시 영통구,매탄3동,여,60대 이상,가구,1,15381,2026-01-20,15381,공공데이터포털_경기도 수원시_지역화폐 결제 정보_20260120
2025-11,수원시 영통구,매탄3동,여,60대 이상,기타의료,42,156640,2026-01-20,3730,공공데이터포털_경기도 수원시_지역화폐 결제 정보_20260120
2025-11,수원시 영통구,매탄3동,여,60대 이상,레저/스포츠 서비스,41,1193777,2026-01-20,29117,공공데이터포털_경기도 수원시_지역화폐 결제 정보_20260120
2025-11,수원시 영통구,매탄3동,여,60대 이상,문화/취미,9,43002,2026-01-20,4778,공공데이터포털_경기도 수원시_지역화폐 결제 정보_20260120
2025-11,수원시 영통구,매탄3동,여,60대 이상,미용/위생,85,679383,2026-01-20,7993,공공데이터포털_경기도 수원시_지역화폐 결제 정보_20260120
2025-11,수원시 영통구,매탄3동,여,60대 이상,사무/통신,1,1545,2026-01-20,1545,공공데이터포털_경기도 수원시_지역화폐 결제 정보_20260120
2025-11,수원시 영통구,매탄3동,여,60대 이상,서적/문구/학습자재,39,246437,2026-01-20,6319,공공데이터포털_경기도 수원시_지역화폐 결제 정보_20260120
2025-11,수원시 영통구,매탄3동,여,60대 이상,약국,215,626419,2026-01-20,2914,공공데이터포털_경기도 수원시_지역화폐 결제 정보_20260120
2025-11,수원시 영통구,매탄3동,여,60대 이상,용역서비스,35,123383,2026-01-20,3525,공공데이터포털_경기도 수원시_지역화폐 결제 정보_20260120
2025-11,수원시 영통구,매탄3동,여,60대 이상,음료/식품,1420,4990579,2026-01-20,3514,공공데이터포털_경기도 수원시_지역화폐 결제 정보_20260120
2025-11,수원시 영통구,매탄3동,여,60대 이상,의류,2,9631,2026-01-20,4816,공공데이터포털_경기도 수원시_지역화폐 결제 정보_20260120
2025-11,수원시 영통구,매탄3동,여,60대 이상,의원,169,996623,2026-01-20,5897,공공데이터포털_경기도 수원시_지역화폐 결제 정보_20260120
2025-11,수원시 영통구,매탄3동,여,60대 이상,일반/휴게 음식,1004,3606580,2026-01-20,3592,공공데이터포털_경기도 수원시_지역화폐 결제 정보_20260120
2025-11,수원시 영통구,매탄3동,여,60대 이상,일반유통,408,1046542,2026-01-20,2565,공공데이터포털_경기도 수원시_지역화폐 결제 정보_20260120
2025-11,수원시 영통구,매탄3동,여,60대 이상,자동차 정비/유지,2,79167,2026-01-20,39584,공공데이터포털_경기도 수원시_지역화폐 결제 정보_20260120
2025-11,수원시 영통구,매탄3동,여,60대 이상,전자제품,4,12972,2026-01-20,3243,공공데이터포털_경기도 수원시_지역화폐 결제 정보_20260120
2025-11,수원시 영통구,매탄3동,여,60대 이상,주방용품,2,7523,2026-01-20,3762,공공데이터포털_경기도 수원시_지역화폐 결제 정보_20260120
2025-11,수원시 영통구,매탄3동,여,60대 이상,직물/침구류,2,56294,2026-01-20,28147,공공데이터포털_경기도 수원시_지역화폐 결제 정보_20260120
2025-11,수원시 영통구,매탄3동,여,60대 이상,학원,29,1033112,2026-01-20,35625,공공데이터포털_경기도 수원시_지역화폐 결제 정보_20260120
2025-11,수원시 영통구,매탄3동,여,60대 이상,회원정보미상,35,501740,2026-01-20,14335,공공데이터포털_경기도 수원시_지역화폐 결제 정보_20260120
2025-11,수원시 영통구,매탄3동,여,60대 이상,회원정보미상,35,501740,2026-01-20,14335,공공데이터포털_경기도 수원시_지역화폐 결제 정보_20260120
2025-11,수원시 영통구,매탄3동,여,60대 이상,미용/위생,1,33000,2026-01-20,33000,공공데이터포털_경기도 수원시_지역화폐 결제 정보_20260120
2025-11,수원시 영통구,매탄3동,여,60대 이상,약국,1,40000,2026-01-20,40000,공공데이터포털_경기도 수원시_지역화폐 결제 정보_20260120
2025-11,수원시 영통구,매탄3동,여,60대 이상,음료/식품,24,261700,2026-01-20,10904,공공데이터포털_경기도 수원시_지역화폐 결제 정보_20260120
2025-11,수원시 영통구,매탄3동,여,60대 이상,일반/휴게 음식,6,135240,2026-01-20,22540,공공데이터포털_경기도 수원시_지역화폐 결제 정보_20260120
2025-11,수원시 영통구,매탄3동,여,60대 이상,일반유통,3,31800,2026-01-20,10600,공공데이터포털_경기도 수원시_지역화폐 결제 정보_20260120
2025-11,수원시 영통구,매탄4동,남,10대,레저/문화 용품,1,3783,2026-01-20,3783,공공데이터포털_경기도 수원시_지역화폐 결제 정보_20260120
2025-11,수원시 영통구,매탄4동,남,10대,미용/위생,2,8756,2026-01-20,4378,공공데이터포털_경기도 수원시_지역화폐 결제 정보_20260120
2025-11,수원시 영통구,매탄4동,남,10대,약국,2,3354,2026-01-20,1677,공공데이터포털_경기도 수원시_지역화폐 결제 정보_20260120
2025-11,수원시 영통구,매탄4동,남,10대,음료/식품,2,4007,2026-01-20,2004,공공데이터포털_경기도 수원시_지역화폐 결제 정보_20260120
2025-11,수원시 영통구,매탄4동,남,10대,의원,1,798,2026-01-20,798,공공데이터포털_경기도 수원시_지역화폐 결제 정보_20260120
2025-11,수원시 영통구,매탄4동,남,10대,일반/휴게 음식,4,96967,2026-01-20,24242,공공데이터포털_경기도 수원시_지역화폐 결제 정보_20260120
2025-11,수원시 영통구,매탄4동,남,10대,일반유통,19,47393,2026-01-20,2494,공공데이터포털_경기도 수원시_지역화폐 결제 정보_20260120
2025-11,수원시 영통구,매탄4동,남,10대,학원,5,13032,2026-01-20,2606,공공데이터포털_경기도 수원시_지역화폐 결제 정보_20260120
2025-11,수원시 영통구,매탄4동,남,20대,기타의료,2,2431,2026-01-20,1216,공공데이터포털_경기도 수원시_지역화폐 결제 정보_20260120
2025-11,수원시 영통구,매탄4동,남,20대,레저/문화 용품,8,197152,2026-01-20,24644,공공데이터포털_경기도 수원시_지역화폐 결제 정보_20260120
2025-11,수원시 영통구,매탄4동,남,20대,레저/스포츠 서비스,2,100808,2026-01-20,50404,공공데이터포털_경기도 수원시_지역화폐 결제 정보_20260120
2025-11,수원시 영통구,매탄4동,남,20대,문화/취미,2,56031,2026-01-20,28016,공공데이터포털_경기도 수원시_지역화폐 결제 정보_20260120
2025-11,수원시 영통구,매탄4동,남,20대,미용/위생,21,196139,2026-01-20,9340,공공데이터포털_경기도 수원시_지역화폐 결제 정보_20260120
2025-11,수원시 영통구,매탄4동,남,20대,약국,11,82339,2026-01-20,7485,공공데이터포털_경기도 수원시_지역화폐 결제 정보_20260120
2025-11,수원시 영통구,매탄4동,남,20대,용역서비스,6,53284,2026-01-20,8881,공공데이터포털_경기도 수원시_지역화폐 결제 정보_20260120
2025-11,수원시 영통구,매탄4동,남,20대,음료/식품,76,455035,2026-01-20,5987,공공데이터포털_경기도 수원시_지역화폐 결제 정보_20260120
2025-11,수원시 영통구,매탄4동,남,20대,의류,3,51247,2026-01-20,17082,공공데이터포털_경기도 수원시_지역화폐 결제 정보_20260120
2025-11,수원시 영통구,매탄4동,남,20대,의원,2,2131,2026-01-20,1066,공공데이터포털_경기도 수원시_지역화폐 결제 정보_20260120
2025-11,수원시 영통구,매탄4동,남,20대,일반/휴게 음식,185,1882548,2026-01-20,10176,공공데이터포털_경기도 수원시_지역화폐 결제 정보_20260120
2025-11,수원시 영통구,매탄4동,남,20대,일반유통,267,1328702,2026-01-20,4976,공공데이터포털_경기도 수원시_지역화폐 결제 정보_20260120
2025-11,수원시 영통구,매탄4동,남,20대,학원,3,30326,2026-01-20,10109,공공데이터포털_경기도 수원시_지역화폐 결제 정보_20260120
2025-11,수원시 영통구,매탄4동,남,30대,가구,1,142410,2026-01-20,142410,공공데이터포털_경기도 수원시_지역화폐 결제 정보_20260120
2025-11,수원시 영통구,매탄4동,남,30대,건축자재,1,86041,2026-01-20,86041,공공데이터포털_경기도 수원시_지역화폐 결제 정보_20260120
2025-11,수원시 영통구,매탄4동,남,30대,레저/문화 용품,4,72828,2026-01-20,18207,공공데이터포털_경기도 수원시_지역화폐 결제 정보_20260120
2025-11,수원시 영통구,매탄4동,남,30대,레저/스포츠 서비스,5,47210,2026-01-20,9442,공공데이터포털_경기도 수원시_지역화폐 결제 정보_20260120
2025-11,수원시 영통구,매탄4동,남,30대,문화/취미,3,17892,2026-01-20,5964,공공데이터포털_경기도 수원시_지역화폐 결제 정보_20260120
2025-11,수원시 영통구,매탄4동,남,30대,미용/위생,26,128723,2026-01-20,4951,공공데이터포털_경기도 수원시_지역화폐 결제 정보_20260120
2025-11,수원시 영통구,매탄4동,남,30대,서적/문구/학습자재,10,21815,2026-01-20,2182,공공데이터포털_경기도 수원시_지역화폐 결제 정보_20260120
2025-11,수원시 영통구,매탄4동,남,30대,약국,66,139710,2026-01-20,2117,공공데이터포털_경기도 수원시_지역화폐 결제 정보_20260120
2025-11,수원시 영통구,매탄4동,남,30대,용역서비스,4,13949,2026-01-20,3487,공공데이터포털_경기도 수원시_지역화폐 결제 정보_20260120
2025-11,수원시 영통구,매탄4동,남,30대,음료/식품,85,281354,2026-01-20,3310,공공데이터포털_경기도 수원시_지역화폐 결제 정보_20260120
2025-11,수원시 영통구,매탄4동,남,30대,의류,1,4053,2026-01-20,4053,공공데이터포털_경기도 수원시_지역화폐 결제 정보_20260120
2025-11,수원시 영통구,매탄4동,남,30대,의원,14,40649,2026-01-20,2904,공공데이터포털_경기도 수원시_지역화폐 결제 정보_20260120
2025-11,수원시 영통구,매탄4동,남,30대,일반/휴게 음식,442,1859895,2026-01-20,4208,공공데이터포털_경기도 수원시_지역화폐 결제 정보_20260120
2025-11,수원시 영통구,매탄4동,남,30대,일반유통,540,1400922,2026-01-20,2594,공공데이터포털_경기도 수원시_지역화폐 결제 정보_20260120
2025-11,수원시 영통구,매탄4동,남,30대,자동차 정비/유지,2,8557,2026-01-20,4278,공공데이터포털_경기도 수원시_지역화폐 결제 정보_20260120
2025-11,수원시 영통구,매탄4동,남,30대,주방용품,1,1273,2026-01-20,1273,공공데이터포털_경기도 수원시_지역화폐 결제 정보_20260120
2025-11,수원시 영통구,매탄4동,남,30대,학원,13,711311,2026-01-20,54716,공공데이터포털_경기도 수원시_지역화폐 결제 정보_20260120
2025-11,수원시 영통구,매탄4동,남,40대,건축자재,1,4519,2026-01-20,4519,공공데이터포털_경기도 수원시_지역화폐 결제 정보_20260120
2025-11,수원시 영통구,매탄4동,남,40대,기타의료,4,8164,2026-01-20,2041,공공데이터포털_경기도 수원시_지역화폐 결제 정보_20260120
2025-11,수원시 영통구,매탄4동,남,40대,레저/문화 용품,18,219904,2026-01-20,12217,공공데이터포털_경기도 수원시_지역화폐 결제 정보_20260120
2025-11,수원시 영통구,매탄4동,남,40대,레저/스포츠 서비스,21,177377,2026-01-20,8447,공공데이터포털_경기도 수원시_지역화폐 결제 정보_20260120
2025-11,수원시 영통구,매탄4동,남,40대,문화/취미,4,10965,2026-01-20,2741,공공데이터포털_경기도 수원시_지역화폐 결제 정보_20260120
2025-11,수원시 영통구,매탄4동,남,40대,미용/위생,54,295482,2026-01-20,5472,공공데이터포털_경기도 수원시_지역화폐 결제 정보_20260120
2025-11,수원시 영통구,매탄4동,남,40대,서적/문구/학습자재,21,65280,2026-01-20,3109,공공데이터포털_경기도 수원시_지역화폐 결제 정보_20260120
2025-11,수원시 영통구,매탄4동,남,40대,약국,142,190489,2026-01-20,1341,공공데이터포털_경기도 수원시_지역화폐 결제 정보_20260120
2025-11,수원시 영통구,매탄4동,남,40대,용역서비스,10,31113,2026-01-20,3111,공공데이터포털_경기도 수원시_지역화폐 결제 정보_20260120
2025-11,수원시 영통구,매탄4동,남,40대,음료/식품,71,176309,2026-01-20,2483,공공데이터포털_경기도 수원시_지역화폐 결제 정보_20260120
2025-11,수원시 영통구,매탄4동,남,40대,의류,4,15622,2026-01-20,3906,공공데이터포털_경기도 수원시_지역화폐 결제 정보_20260120
2025-11,수원시 영통구,매탄4동,남,40대,의원,39,237961,2026-01-20,6102,공공데이터포털_경기도 수원시_지역화폐 결제 정보_20260120
2025-11,수원시 영통구,매탄4동,남,40대,일반/휴게 음식,518,2922836,2026-01-20,5643,공공데이터포털_경기도 수원시_지역화폐 결제 정보_20260120
2025-11,수원시 영통구,매탄4동,남,40대,일반유통,526,1624451,2026-01-20,3088,공공데이터포털_경기도 수원시_지역화폐 결제 정보_20260120
2025-11,수원시 영통구,매탄4동,남,40대,자동차 정비/유지,2,56540,2026-01-20,28270,공공데이터포털_경기도 수원시_지역화폐 결제 정보_20260120
2025-11,수원시 영통구,매탄4동,남,40대,자동차판매,2,5436,2026-01-20,2718,공공데이터포털_경기도 수원시_지역화폐 결제 정보_20260120
2025-11,수원시 영통구,매탄4동,남,40대,전자제품,2,13577,2026-01-20,6788,공공데이터포털_경기도 수원시_지역화폐 결제 정보_20260120
2025-11,수원시 영통구,매탄4동,남,40대,주방용품,1,2981,2026-01-20,2981,공공데이터포털_경기도 수원시_지역화폐 결제 정보_20260120
2025-11,수원시 영통구,매탄4동,남,40대,학원,32,1341946,2026-01-20,41936,공공데이터포털_경기도 수원시_지역화폐 결제 정보_20260120
2025-11,수원시 영통구,매탄4동,남,50대,건축자재,1,1833,2026-01-20,1833,공공데이터포털_경기도 수원시_지역화폐 결제 정보_20260120
2025-11,수원시 영통구,매탄4동,남,50대,기타의료,3,1808,2026-01-20,603,공공데이터포털_경기도 수원시_지역화폐 결제 정보_20260120
2025-11,수원시 영통구,매탄4동,남,50대,레저/문화 용품,29,98923,2026-01-20,3411,공공데이터포털_경기도 수원시_지역화폐 결제 정보_20260120
2025-11,수원시 영통구,매탄4동,남,50대,레저/스포츠 서비스,19,134802,2026-01-20,7095,공공데이터포털_경기도 수원시_지역화폐 결제 정보_20260120
2025-11,수원시 영통구,매탄4동,남,50대,문화/취미,6,50100,2026-01-20,8350,공공데이터포털_경기도 수원시_지역화폐 결제 정보_20260120
2025-11,수원시 영통구,매탄4동,남,50대,미용/위생,44,437176,2026-01-20,9936,공공데이터포털_경기도 수원시_지역화폐 결제 정보_20260120
2025-11,수원시 영통구,매탄4동,남,50대,서적/문구/학습자재,1,6505,2026-01-20,6505,공공데이터포털_경기도 수원시_지역화폐 결제 정보_20260120
2025-11,수원시 영통구,매탄4동,남,50대,약국,101,185598,2026-01-20,1838,공공데이터포털_경기도 수원시_지역화폐 결제 정보_20260120
2025-11,수원시 영통구,매탄4동,남,50대,용역서비스,13,32732,2026-01-20,2518,공공데이터포털_경기도 수원시_지역화폐 결제 정보_20260120
2025-11,수원시 영통구,매탄4동,남,50대,음료/식품,75,325830,2026-01-20,4344,공공데이터포털_경기도 수원시_지역화폐 결제 정보_20260120
2025-11,수원시 영통구,매탄4동,남,50대,의류,10,70668,2026-01-20,7067,공공데이터포털_경기도 수원시_지역화폐 결제 정보_20260120
2025-11,수원시 영통구,매탄4동,남,50대,의원,36,212545,2026-01-20,5904,공공데이터포털_경기도 수원시_지역화폐 결제 정보_20260120
2025-11,수원시 영통구,매탄4동,남,50대,일반/휴게 음식,582,2968806,2026-01-20,5101,공공데이터포털_경기도 수원시_지역화폐 결제 정보_20260120
2025-11,수원시 영통구,매탄4동,남,50대,일반유통,488,1474635,2026-01-20,3022,공공데이터포털_경기도 수원시_지역화폐 결제 정보_20260120
2025-11,수원시 영통구,매탄4동,남,50대,자동차 정비/유지,3,28911,2026-01-20,9637,공공데이터포털_경기도 수원시_지역화폐 결제 정보_20260120
2025-11,수원시 영통구,매탄4동,남,50대,학원,8,812580,2026-01-20,101572,공공데이터포털_경기도 수원시_지역화폐 결제 정보_20260120
2025-11,수원시 영통구,매탄4동,남,60대 이상,기타유통,1,28151,2026-01-20,28151,공공데이터포털_경기도 수원시_지역화폐 결제 정보_20260120
2025-11,수원시 영통구,매탄4동,남,60대 이상,기타의료,7,79137,2026-01-20,11305,공공데이터포털_경기도 수원시_지역화폐 결제 정보_20260120
2025-11,수원시 영통구,매탄4동,남,60대 이상,레저/문화 용품,4,168141,2026-01-20,42035,공공데이터포털_경기도 수원시_지역화폐 결제 정보_20260120
2025-11,수원시 영통구,매탄4동,남,60대 이상,레저/스포츠 서비스,17,53409,2026-01-20,3142,공공데이터포털_경기도 수원시_지역화폐 결제 정보_20260120
2025-11,수원시 영통구,매탄4동,남,60대 이상,문화/취미,4,11521,2026-01-20,2880,공공데이터포털_경기도 수원시_지역화폐 결제 정보_20260120
2025-11,수원시 영통구,매탄4동,남,60대 이상,미용/위생,33,147634,2026-01-20,4474,공공데이터포털_경기도 수원시_지역화폐 결제 정보_20260120
2025-11,수원시 영통구,매탄4동,남,60대 이상,약국,76,124771,2026-01-20,1642,공공데이터포털_경기도 수원시_지역화폐 결제 정보_20260120
2025-11,수원시 영통구,매탄4동,남,60대 이상,용역서비스,13,17826,2026-01-20,1371,공공데이터포털_경기도 수원시_지역화폐 결제 정보_20260120
2025-11,수원시 영통구,매탄4동,남,60대 이상,음료/식품,106,564134,2026-01-20,5322,공공데이터포털_경기도 수원시_지역화폐 결제 정보_20260120
2025-11,수원시 영통구,매탄4동,남,60대 이상,의류,3,9757,2026-01-20,3252,공공데이터포털_경기도 수원시_지역화폐 결제 정보_20260120
2025-11,수원시 영통구,매탄4동,남,60대 이상,의원,40,51713,2026-01-20,1293,공공데이터포털_경기도 수원시_지역화폐 결제 정보_20260120
2025-11,수원시 영통구,매탄4동,남,60대 이상,일반/휴게 음식,261,1155309,2026-01-20,4426,공공데이터포털_경기도 수원시_지역화폐 결제 정보_20260120
2025-11,수원시 영통구,매탄4동,남,60대 이상,일반유통,350,725772,2026-01-20,2074,공공데이터포털_경기도 수원시_지역화폐 결제 정보_20260120
2025-11,수원시 영통구,매탄4동,남,60대 이상,자동차판매,1,1083,2026-01-20,1083,공공데이터포털_경기도 수원시_지역화폐 결제 정보_20260120
2025-11,수원시 영통구,매탄4동,남,60대 이상,전자제품,1,2635,2026-01-20,2635,공공데이터포털_경기도 수원시_지역화폐 결제 정보_20260120
2025-11,수원시 영통구,매탄4동,남,60대 이상,학원,1,75609,2026-01-20,75609,공공데이터포털_경기도 수원시_지역화폐 결제 정보_20260120
2025-11,수원시 영통구,매탄4동,여,10대,레저/문화 용품,1,1481,2026-01-20,1481,공공데이터포털_경기도 수원시_지역화폐 결제 정보_20260120
2025-11,수원시 영통구,매탄4동,여,10대,약국,2,5306,2026-01-20,2653,공공데이터포털_경기도 수원시_지역화폐 결제 정보_20260120
2025-11,수원시 영통구,매탄4동,여,10대,음료/식품,9,25113,2026-01-20,2790,공공데이터포털_경기도 수원시_지역화폐 결제 정보_20260120
2025-11,수원시 영통구,매탄4동,여,10대,일반/휴게 음식,17,73233,2026-01-20,4308,공공데이터포털_경기도 수원시_지역화폐 결제 정보_20260120
2025-11,수원시 영통구,매탄4동,여,10대,일반유통,11,28064,2026-01-20,2551,공공데이터포털_경기도 수원시_지역화폐 결제 정보_20260120
2025-11,수원시 영통구,매탄4동,여,20대,기타유통,2,155671,2026-01-20,77836,공공데이터포털_경기도 수원시_지역화폐 결제 정보_20260120
2025-11,수원시 영통구,매탄4동,여,20대,레저/문화 용품,8,273131,2026-01-20,34141,공공데이터포털_경기도 수원시_지역화폐 결제 정보_20260120
2025-11,수원시 영통구,매탄4동,여,20대,문화/취미,4,41119,2026-01-20,10280,공공데이터포털_경기도 수원시_지역화폐 결제 정보_20260120
2025-11,수원시 영통구,매탄4동,여,20대,미용/위생,5,106435,2026-01-20,21287,공공데이터포털_경기도 수원시_지역화폐 결제 정보_20260120
2025-11,수원시 영통구,매탄4동,여,20대,약국,39,249576,2026-01-20,6399,공공데이터포털_경기도 수원시_지역화폐 결제 정보_20260120
2025-11,수원시 영통구,매탄4동,여,20대,용역서비스,4,29751,2026-01-20,7438,공공데이터포털_경기도 수원시_지역화폐 결제 정보_20260120
2025-11,수원시 영통구,매탄4동,여,20대,음료/식품,31,389106,2026-01-20,12552,공공데이터포털_경기도 수원시_지역화폐 결제 정보_20260120
2025-11,수원시 영통구,매탄4동,여,20대,의류,1,2418,2026-01-20,2418,공공데이터포털_경기도 수원시_지역화폐 결제 정보_20260120
2025-11,수원시 영통구,매탄4동,여,20대,의원,10,48360,2026-01-20,4836,공공데이터포털_경기도 수원시_지역화폐 결제 정보_20260120
2025-11,수원시 영통구,매탄4동,여,20대,일반/휴게 음식,245,2276177,2026-01-20,9291,공공데이터포털_경기도 수원시_지역화폐 결제 정보_20260120
2025-11,수원시 영통구,매탄4동,여,20대,일반유통,222,1023285,2026-01-20,4609,공공데이터포털_경기도 수원시_지역화폐 결제 정보_20260120
2025-11,수원시 영통구,매탄4동,여,20대,자동차 정비/유지,1,5454,2026-01-20,5454,공공데이터포털_경기도 수원시_지역화폐 결제 정보_20260120
2025-11,수원시 영통구,매탄4동,여,20대,학원,2,3810,2026-01-20,1905,공공데이터포털_경기도 수원시_지역화폐 결제 정보_20260120
2025-11,수원시 영통구,매탄4동,여,30대,건축자재,1,65060,2026-01-20,65060,공공데이터포털_경기도 수원시_지역화폐 결제 정보_20260120
2025-11,수원시 영통구,매탄4동,여,30대,기타의료,1,966,2026-01-20,966,공공데이터포털_경기도 수원시_지역화폐 결제 정보_20260120
2025-11,수원시 영통구,매탄4동,여,30대,레저/문화 용품,9,55309,2026-01-20,6145,공공데이터포털_경기도 수원시_지역화폐 결제 정보_20260120
2025-11,수원시 영통구,매탄4동,여,30대,레저/스포츠 서비스,4,73006,2026-01-20,18252,공공데이터포털_경기도 수원시_지역화폐 결제 정보_20260120
2025-11,수원시 영통구,매탄4동,여,30대,문화/취미,1,8250,2026-01-20,8250,공공데이터포털_경기도 수원시_지역화폐 결제 정보_20260120
2025-11,수원시 영통구,매탄4동,여,30대,미용/위생,17,122125,2026-01-20,7184,공공데이터포털_경기도 수원시_지역화폐 결제 정보_20260120
2025-11,수원시 영통구,매탄4동,여,30대,서적/문구/학습자재,12,58479,2026-01-20,4873,공공데이터포털_경기도 수원시_지역화폐 결제 정보_20260120
2025-11,수원시 영통구,매탄4동,여,30대,약국,94,126455,2026-01-20,1345,공공데이터포털_경기도 수원시_지역화폐 결제 정보_20260120
2025-11,수원시 영통구,매탄4동,여,30대,용역서비스,7,9822,2026-01-20,1403,공공데이터포털_경기도 수원시_지역화폐 결제 정보_20260120
2025-11,수원시 영통구,매탄4동,여,30대,음료/식품,77,236549,2026-01-20,3072,공공데이터포털_경기도 수원시_지역화폐 결제 정보_20260120
2025-11,수원시 영통구,매탄4동,여,30대,의원,23,369587,2026-01-20,16069,공공데이터포털_경기도 수원시_지역화폐 결제 정보_20260120
2025-11,수원시 영통구,매탄4동,여,30대,일반/휴게 음식,598,2543360,2026-01-20,4253,공공데이터포털_경기도 수원시_지역화폐 결제 정보_20260120
2025-11,수원시 영통구,매탄4동,여,30대,일반유통,417,906242,2026-01-20,2173,공공데이터포털_경기도 수원시_지역화폐 결제 정보_20260120
2025-11,수원시 영통구,매탄4동,여,30대,자동차 정비/유지,3,157452,2026-01-20,52484,공공데이터포털_경기도 수원시_지역화폐 결제 정보_20260120
2025-11,수원시 영통구,매탄4동,여,30대,주방용품,1,2224,2026-01-20,2224,공공데이터포털_경기도 수원시_지역화폐 결제 정보_20260120
2025-11,수원시 영통구,매탄4동,여,30대,직물/침구류,1,50000,2026-01-20,50000,공공데이터포털_경기도 수원시_지역화폐 결제 정보_20260120
2025-11,수원시 영통구,매탄4동,여,30대,학원,11,279581,2026-01-20,25416,공공데이터포털_경기도 수원시_지역화폐 결제 정보_20260120
2025-11,수원시 영통구,매탄4동,여,40대,기타의료,8,20966,2026-01-20,2621,공공데이터포털_경기도 수원시_지역화폐 결제 정보_20260120
2025-11,수원시 영통구,매탄4동,여,40대,레저/문화 용품,17,187336,2026-01-20,11020,공공데이터포털_경기도 수원시_지역화폐 결제 정보_20260120
2025-11,수원시 영통구,매탄4동,여,40대,레저/스포츠 서비스,3,92666,2026-01-20,30889,공공데이터포털_경기도 수원시_지역화폐 결제 정보_20260120
2025-11,수원시 영통구,매탄4동,여,40대,문화/취미,12,164768,2026-01-20,13731,공공데이터포털_경기도 수원시_지역화폐 결제 정보_20260120
2025-11,수원시 영통구,매탄4동,여,40대,미용/위생,39,440822,2026-01-20,11303,공공데이터포털_경기도 수원시_지역화폐 결제 정보_20260120
2025-11,수원시 영통구,매탄4동,여,40대,서적/문구/학습자재,31,139045,2026-01-20,4485,공공데이터포털_경기도 수원시_지역화폐 결제 정보_20260120
2025-11,수원시 영통구,매탄4동,여,40대,신변잡화,1,1410,2026-01-20,1410,공공데이터포털_경기도 수원시_지역화폐 결제 정보_20260120
2025-11,수원시 영통구,매탄4동,여,40대,약국,249,438330,2026-01-20,1760,공공데이터포털_경기도 수원시_지역화폐 결제 정보_20260120
2025-11,수원시 영통구,매탄4동,여,40대,용역서비스,24,55197,2026-01-20,2300,공공데이터포털_경기도 수원시_지역화폐 결제 정보_20260120
2025-11,수원시 영통구,매탄4동,여,40대,음료/식품,130,515825,2026-01-20,3968,공공데이터포털_경기도 수원시_지역화폐 결제 정보_20260120
2025-11,수원시 영통구,매탄4동,여,40대,의류,2,9785,2026-01-20,4892,공공데이터포털_경기도 수원시_지역화폐 결제 정보_20260120
2025-11,수원시 영통구,매탄4동,여,40대,의원,41,88905,2026-01-20,2168,공공데이터포털_경기도 수원시_지역화폐 결제 정보_20260120
2025-11,수원시 영통구,매탄4동,여,40대,일반/휴게 음식,675,3300852,2026-01-20,4890,공공데이터포털_경기도 수원시_지역화폐 결제 정보_20260120
2025-11,수원시 영통구,매탄4동,여,40대,일반유통,420,1231515,2026-01-20,2932,공공데이터포털_경기도 수원시_지역화폐 결제 정보_20260120
2025-11,수원시 영통구,매탄4동,여,40대,자동차 정비/유지,2,6896,2026-01-20,3448,공공데이터포털_경기도 수원시_지역화폐 결제 정보_20260120
2025-11,수원시 영통구,매탄4동,여,40대,전자상거래,1,6336,2026-01-20,6336,공공데이터포털_경기도 수원시_지역화폐 결제 정보_20260120
2025-11,수원시 영통구,매탄4동,여,40대,주방용품,1,1821,2026-01-20,1821,공공데이터포털_경기도 수원시_지역화폐 결제 정보_20260120
2025-11,수원시 영통구,매탄4동,여,40대,학원,53,1611207,2026-01-20,30400,공공데이터포털_경기도 수원시_지역화폐 결제 정보_20260120
2025-11,수원시 영통구,매탄4동,여,50대,기타의료,6,25115,2026-01-20,4186,공공데이터포털_경기도 수원시_지역화폐 결제 정보_20260120
2025-11,수원시 영통구,매탄4동,여,50대,레저/문화 용품,15,78377,2026-01-20,5225,공공데이터포털_경기도 수원시_지역화폐 결제 정보_20260120
2025-11,수원시 영통구,매탄4동,여,50대,레저/스포츠 서비스,10,153812,2026-01-20,15381,공공데이터포털_경기도 수원시_지역화폐 결제 정보_20260120
2025-11,수원시 영통구,매탄4동,여,50대,문화/취미,8,97941,2026-01-20,12243,공공데이터포털_경기도 수원시_지역화폐 결제 정보_20260120
2025-11,수원시 영통구,매탄4동,여,50대,미용/위생,64,560333,2026-01-20,8755,공공데이터포털_경기도 수원시_지역화폐 결제 정보_20260120
2025-11,수원시 영통구,매탄4동,여,50대,서적/문구/학습자재,3,21563,2026-01-20,7188,공공데이터포털_경기도 수원시_지역화폐 결제 정보_20260120
2025-11,수원시 영통구,매탄4동,여,50대,신변잡화,1,4934,2026-01-20,4934,공공데이터포털_경기도 수원시_지역화폐 결제 정보_20260120
2025-11,수원시 영통구,매탄4동,여,50대,약국,146,249520,2026-01-20,1709,공공데이터포털_경기도 수원시_지역화폐 결제 정보_20260120
2025-11,수원시 영통구,매탄4동,여,50대,용역서비스,23,107373,2026-01-20,4668,공공데이터포털_경기도 수원시_지역화폐 결제 정보_20260120
2025-11,수원시 영통구,매탄4동,여,50대,음료/식품,289,951013,2026-01-20,3291,공공데이터포털_경기도 수원시_지역화폐 결제 정보_20260120
2025-11,수원시 영통구,매탄4동,여,50대,의류,4,7284,2026-01-20,1821,공공데이터포털_경기도 수원시_지역화폐 결제 정보_20260120
2025-11,수원시 영통구,매탄4동,여,50대,의원,39,228172,2026-01-20,5851,공공데이터포털_경기도 수원시_지역화폐 결제 정보_20260120
2025-11,수원시 영통구,매탄4동,여,50대,일반/휴게 음식,567,2575173,2026-01-20,4542,공공데이터포털_경기도 수원시_지역화폐 결제 정보_20260120
2025-11,수원시 영통구,매탄4동,여,50대,일반유통,469,1683416,2026-01-20,3589,공공데이터포털_경기도 수원시_지역화폐 결제 정보_20260120
2025-11,수원시 영통구,매탄4동,여,50대,자동차 정비/유지,1,18182,2026-01-20,18182,공공데이터포털_경기도 수원시_지역화폐 결제 정보_20260120
2025-11,수원시 영통구,매탄4동,여,50대,전자제품,1,5644,2026-01-20,5644,공공데이터포털_경기도 수원시_지역화폐 결제 정보_20260120
2025-11,수원시 영통구,매탄4동,여,50대,주방용품,3,23372,2026-01-20,7791,공공데이터포털_경기도 수원시_지역화폐 결제 정보_20260120
2025-11,수원시 영통구,매탄4동,여,50대,학원,3,84649,2026-01-20,28216,공공데이터포털_경기도 수원시_지역화폐 결제 정보_20260120
2025-11,수원시 영통구,매탄4동,여,60대 이상,기타의료,7,82739,2026-01-20,11820,공공데이터포털_경기도 수원시_지역화폐 결제 정보_20260120
2025-11,수원시 영통구,매탄4동,여,60대 이상,레저/문화 용품,2,24323,2026-01-20,12162,공공데이터포털_경기도 수원시_지역화폐 결제 정보_20260120
2025-11,수원시 영통구,매탄4동,여,60대 이상,레저/스포츠 서비스,3,8621,2026-01-20,2874,공공데이터포털_경기도 수원시_지역화폐 결제 정보_20260120
2025-11,수원시 영통구,매탄4동,여,60대 이상,문화/취미,5,12452,2026-01-20,2490,공공데이터포털_경기도 수원시_지역화폐 결제 정보_20260120
2025-11,수원시 영통구,매탄4동,여,60대 이상,미용/위생,62,390335,2026-01-20,6296,공공데이터포털_경기도 수원시_지역화폐 결제 정보_20260120
2025-11,수원시 영통구,매탄4동,여,60대 이상,서적/문구/학습자재,1,3028,2026-01-20,3028,공공데이터포털_경기도 수원시_지역화폐 결제 정보_20260120
2025-11,수원시 영통구,매탄4동,여,60대 이상,약국,111,294103,2026-01-20,2650,공공데이터포털_경기도 수원시_지역화폐 결제 정보_20260120
2025-11,수원시 영통구,매탄4동,여,60대 이상,용역서비스,13,26018,2026-01-20,2001,공공데이터포털_경기도 수원시_지역화폐 결제 정보_20260120
2025-11,수원시 영통구,매탄4동,여,60대 이상,음료/식품,191,1288606,2026-01-20,6747,공공데이터포털_경기도 수원시_지역화폐 결제 정보_20260120
2025-11,수원시 영통구,매탄4동,여,60대 이상,의류,7,28043,2026-01-20,4006,공공데이터포털_경기도 수원시_지역화폐 결제 정보_20260120
2025-11,수원시 영통구,매탄4동,여,60대 이상,의원,36,61192,2026-01-20,1700,공공데이터포털_경기도 수원시_지역화폐 결제 정보_20260120
2025-11,수원시 영통구,매탄4동,여,60대 이상,일반/휴게 음식,232,1261857,2026-01-20,5439,공공데이터포털_경기도 수원시_지역화폐 결제 정보_20260120
2025-11,수원시 영통구,매탄4동,여,60대 이상,일반유통,381,1196481,2026-01-20,3140,공공데이터포털_경기도 수원시_지역화폐 결제 정보_20260120
2025-11,수원시 영통구,매탄4동,여,60대 이상,전자제품,2,4666,2026-01-20,2333,공공데이터포털_경기도 수원시_지역화폐 결제 정보_20260120
2025-11,수원시 영통구,매탄4동,여,60대 이상,학원,7,108019,2026-01-20,15431,공공데이터포털_경기도 수원시_지역화폐 결제 정보_20260120
2025-11,수원시 영통구,매탄4동,여,60대 이상,회원정보미상,9,156920,2026-01-20,17436,공공데이터포털_경기도 수원시_지역화폐 결제 정보_20260120
2025-11,수원시 영통구,매탄4동,여,60대 이상,회원정보미상,9,156920,2026-01-20,17436,공공데이터포털_경기도 수원시_지역화폐 결제 정보_20260120
2025-11,수원시 영통구,매탄4동,여,60대 이상,약국,1,60000,2026-01-20,60000,공공데이터포털_경기도 수원시_지역화폐 결제 정보_20260120
2025-11,수원시 영통구,매탄4동,여,60대 이상,음료/식품,3,38860,2026-01-20,12953,공공데이터포털_경기도 수원시_지역화폐 결제 정보_20260120
2025-11,수원시 영통구,매탄4동,여,60대 이상,일반/휴게 음식,2,20000,2026-01-20,10000,공공데이터포털_경기도 수원시_지역화폐 결제 정보_20260120
2025-11,수원시 영통구,매탄4동,여,60대 이상,일반유통,3,38060,2026-01-20,12687,공공데이터포털_경기도 수원시_지역화폐 결제 정보_20260120
2025-11,수원시 권선구,서둔동,남,10대,기타의료,1,5500,2026-01-20,5500,공공데이터포털_경기도 수원시_지역화폐 결제 정보_20260120
2025-11,수원시 권선구,서둔동,남,10대,레저/문화 용품,1,2928,2026-01-20,2928,공공데이터포털_경기도 수원시_지역화폐 결제 정보_20260120
2025-11,수원시 권선구,서둔동,남,10대,레저/스포츠 서비스,29,123545,2026-01-20,4260,공공데이터포털_경기도 수원시_지역화폐 결제 정보_20260120
2025-11,수원시 권선구,서둔동,남,10대,신변잡화,2,457,2026-01-20,228,공공데이터포털_경기도 수원시_지역화폐 결제 정보_20260120
2025-11,수원시 권선구,서둔동,남,10대,약국,1,3500,2026-01-20,3500,공공데이터포털_경기도 수원시_지역화폐 결제 정보_20260120
2025-11,수원시 권선구,서둔동,남,10대,음료/식품,7,24700,2026-01-20,3529,공공데이터포털_경기도 수원시_지역화폐 결제 정보_20260120
2025-11,수원시 권선구,서둔동,남,10대,의류,1,33000,2026-01-20,33000,공공데이터포털_경기도 수원시_지역화폐 결제 정보_20260120
2025-11,수원시 권선구,서둔동,남,10대,의원,1,1510,2026-01-20,1510,공공데이터포털_경기도 수원시_지역화폐 결제 정보_20260120
2025-11,수원시 권선구,서둔동,남,10대,일반/휴게 음식,38,423500,2026-01-20,11145,공공데이터포털_경기도 수원시_지역화폐 결제 정보_20260120
2025-11,수원시 권선구,서둔동,남,10대,일반유통,47,178273,2026-01-20,3793,공공데이터포털_경기도 수원시_지역화폐 결제 정보_20260120
2025-11,수원시 권선구,서둔동,남,10대,학원,3,83514,2026-01-20,27838,공공데이터포털_경기도 수원시_지역화폐 결제 정보_20260120
2025-11,수원시 권선구,서둔동,남,20대,기타의료,7,265918,2026-01-20,37988,공공데이터포털_경기도 수원시_지역화폐 결제 정보_20260120
2025-11,수원시 권선구,서둔동,남,20대,레저/문화 용품,28,354733,2026-01-20,12669,공공데이터포털_경기도 수원시_지역화폐 결제 정보_20260120
2025-11,수원시 권선구,서둔동,남,20대,레저/스포츠 서비스,46,407270,2026-01-20,8854,공공데이터포털_경기도 수원시_지역화폐 결제 정보_20260120
2025-11,수원시 권선구,서둔동,남,20대,문화/취미,1,10000,2026-01-20,10000,공공데이터포털_경기도 수원시_지역화폐 결제 정보_20260120
2025-11,수원시 권선구,서둔동,남,20대,미용/위생,37,732415,2026-01-20,19795,공공데이터포털_경기도 수원시_지역화폐 결제 정보_20260120
2025-11,수원시 권선구,서둔동,남,20대,서적/문구/학습자재,1,1500,2026-01-20,1500,공공데이터포털_경기도 수원시_지역화폐 결제 정보_20260120
2025-11,수원시 권선구,서둔동,남,20대,신변잡화,1,4734,2026-01-20,4734,공공데이터포털_경기도 수원시_지역화폐 결제 정보_20260120
2025-11,수원시 권선구,서둔동,남,20대,약국,19,113905,2026-01-20,5995,공공데이터포털_경기도 수원시_지역화폐 결제 정보_20260120
2025-11,수원시 권선구,서둔동,남,20대,용역서비스,13,81993,2026-01-20,6307,공공데이터포털_경기도 수원시_지역화폐 결제 정보_20260120
2025-11,수원시 권선구,서둔동,남,20대,음료/식품,168,1188328,2026-01-20,7073,공공데이터포털_경기도 수원시_지역화폐 결제 정보_20260120
2025-11,수원시 권선구,서둔동,남,20대,의류,4,239000,2026-01-20,59750,공공데이터포털_경기도 수원시_지역화폐 결제 정보_20260120
2025-11,수원시 권선구,서둔동,남,20대,의원,24,27980,2026-01-20,1166,공공데이터포털_경기도 수원시_지역화폐 결제 정보_20260120
2025-11,수원시 권선구,서둔동,남,20대,일반/휴게 음식,536,5929512,2026-01-20,11063,공공데이터포털_경기도 수원시_지역화폐 결제 정보_20260120
2025-11,수원시 권선구,서둔동,남,20대,일반유통,469,2114959,2026-01-20,4510,공공데이터포털_경기도 수원시_지역화폐 결제 정보_20260120
2025-11,수원시 권선구,서둔동,남,20대,자동차 정비/유지,13,50987,2026-01-20,3922,공공데이터포털_경기도 수원시_지역화폐 결제 정보_20260120
2025-11,수원시 권선구,서둔동,남,20대,주방용품,2,63700,2026-01-20,31850,공공데이터포털_경기도 수원시_지역화폐 결제 정보_20260120
2025-11,수원시 권선구,서둔동,남,20대,직물/침구류,5,5170,2026-01-20,1034,공공데이터포털_경기도 수원시_지역화폐 결제 정보_20260120
2025-11,수원시 권선구,서둔동,남,20대,학원,3,119000,2026-01-20,39667,공공데이터포털_경기도 수원시_지역화폐 결제 정보_20260120
2025-11,수원시 권선구,서둔동,남,30대,기타의료,10,72132,2026-01-20,7213,공공데이터포털_경기도 수원시_지역화폐 결제 정보_20260120
2025-11,수원시 권선구,서둔동,남,30대,레저/문화 용품,28,302562,2026-01-20,10806,공공데이터포털_경기도 수원시_지역화폐 결제 정보_20260120
2025-11,수원시 권선구,서둔동,남,30대,레저/스포츠 서비스,100,177347,2026-01-20,1773,공공데이터포털_경기도 수원시_지역화폐 결제 정보_20260120
2025-11,수원시 권선구,서둔동,남,30대,문화/취미,6,421377,2026-01-20,70230,공공데이터포털_경기도 수원시_지역화폐 결제 정보_20260120
2025-11,수원시 권선구,서둔동,남,30대,미용/위생,69,617271,2026-01-20,8946,공공데이터포털_경기도 수원시_지역화폐 결제 정보_20260120
2025-11,수원시 권선구,서둔동,남,30대,서적/문구/학습자재,3,58464,2026-01-20,19488,공공데이터포털_경기도 수원시_지역화폐 결제 정보_20260120
2025-11,수원시 권선구,서둔동,남,30대,신변잡화,3,2533,2026-01-20,844,공공데이터포털_경기도 수원시_지역화폐 결제 정보_20260120
2025-11,수원시 권선구,서둔동,남,30대,약국,43,141407,2026-01-20,3289,공공데이터포털_경기도 수원시_지역화폐 결제 정보_20260120
2025-11,수원시 권선구,서둔동,남,30대,용역서비스,25,85674,2026-01-20,3427,공공데이터포털_경기도 수원시_지역화폐 결제 정보_20260120
2025-11,수원시 권선구,서둔동,남,30대,음료/식품,191,437508,2026-01-20,2291,공공데이터포털_경기도 수원시_지역화폐 결제 정보_20260120
2025-11,수원시 권선구,서둔동,남,30대,의류,1,1272,2026-01-20,1272,공공데이터포털_경기도 수원시_지역화폐 결제 정보_20260120
2025-11,수원시 권선구,서둔동,남,30대,의원,40,135111,2026-01-20,3378,공공데이터포털_경기도 수원시_지역화폐 결제 정보_20260120
2025-11,수원시 권선구,서둔동,남,30대,일반/휴게 음식,971,4986788,2026-01-20,5136,공공데이터포털_경기도 수원시_지역화폐 결제 정보_20260120
2025-11,수원시 권선구,서둔동,남,30대,일반유통,668,1524954,2026-01-20,2283,공공데이터포털_경기도 수원시_지역화폐 결제 정보_20260120
2025-11,수원시 권선구,서둔동,남,30대,자동차 정비/유지,36,801181,2026-01-20,22255,공공데이터포털_경기도 수원시_지역화폐 결제 정보_20260120
2025-11,수원시 권선구,서둔동,남,30대,주방용품,7,36670,2026-01-20,5239,공공데이터포털_경기도 수원시_지역화폐 결제 정보_20260120
2025-11,수원시 권선구,서둔동,남,30대,학원,18,284997,2026-01-20,15833,공공데이터포털_경기도 수원시_지역화폐 결제 정보_20260120
2025-11,수원시 권선구,서둔동,남,40대,기타의료,17,130254,2026-01-20,7662,공공데이터포털_경기도 수원시_지역화폐 결제 정보_20260120
2025-11,수원시 권선구,서둔동,남,40대,레저/문화 용품,2,14742,2026-01-20,7371,공공데이터포털_경기도 수원시_지역화폐 결제 정보_20260120
2025-11,수원시 권선구,서둔동,남,40대,레저/스포츠 서비스,84,391774,2026-01-20,4664,공공데이터포털_경기도 수원시_지역화폐 결제 정보_20260120
2025-11,수원시 권선구,서둔동,남,40대,문화/취미,11,32276,2026-01-20,2934,공공데이터포털_경기도 수원시_지역화폐 결제 정보_20260120
2025-11,수원시 권선구,서둔동,남,40대,미용/위생,80,464315,2026-01-20,5804,공공데이터포털_경기도 수원시_지역화폐 결제 정보_20260120
2025-11,수원시 권선구,서둔동,남,40대,서적/문구/학습자재,2,4948,2026-01-20,2474,공공데이터포털_경기도 수원시_지역화폐 결제 정보_20260120
2025-11,수원시 권선구,서둔동,남,40대,신변잡화,11,62148,2026-01-20,5650,공공데이터포털_경기도 수원시_지역화폐 결제 정보_20260120
2025-11,수원시 권선구,서둔동,남,40대,약국,87,297297,2026-01-20,3417,공공데이터포털_경기도 수원시_지역화폐 결제 정보_20260120
2025-11,수원시 권선구,서둔동,남,40대,용역서비스,20,63258,2026-01-20,3163,공공데이터포털_경기도 수원시_지역화폐 결제 정보_20260120
2025-11,수원시 권선구,서둔동,남,40대,음료/식품,263,1392323,2026-01-20,5294,공공데이터포털_경기도 수원시_지역화폐 결제 정보_20260120
2025-11,수원시 권선구,서둔동,남,40대,의류,3,7338,2026-01-20,2446,공공데이터포털_경기도 수원시_지역화폐 결제 정보_20260120
2025-11,수원시 권선구,서둔동,남,40대,의원,63,218454,2026-01-20,3468,공공데이터포털_경기도 수원시_지역화폐 결제 정보_20260120
2025-11,수원시 권선구,서둔동,남,40대,일반/휴게 음식,1416,7371490,2026-01-20,5206,공공데이터포털_경기도 수원시_지역화폐 결제 정보_20260120
2025-11,수원시 권선구,서둔동,남,40대,일반유통,1051,2395231,2026-01-20,2279,공공데이터포털_경기도 수원시_지역화폐 결제 정보_20260120
2025-11,수원시 권선구,서둔동,남,40대,자동차 정비/유지,63,710643,2026-01-20,11280,공공데이터포털_경기도 수원시_지역화폐 결제 정보_20260120
2025-11,수원시 권선구,서둔동,남,40대,전자상거래,1,6503,2026-01-20,6503,공공데이터포털_경기도 수원시_지역화폐 결제 정보_20260120
2025-11,수원시 권선구,서둔동,남,40대,전자제품,2,3191,2026-01-20,1596,공공데이터포털_경기도 수원시_지역화폐 결제 정보_20260120
2025-11,수원시 권선구,서둔동,남,40대,주방용품,13,139795,2026-01-20,10753,공공데이터포털_경기도 수원시_지역화폐 결제 정보_20260120
2025-11,수원시 권선구,서둔동,남,40대,학원,84,2996024,2026-01-20,35667,공공데이터포털_경기도 수원시_지역화폐 결제 정보_20260120
2025-11,수원시 권선구,서둔동,남,50대,건축자재,2,27786,2026-01-20,13893,공공데이터포털_경기도 수원시_지역화폐 결제 정보_20260120
2025-11,수원시 권선구,서둔동,남,50대,기타의료,7,48589,2026-01-20,6941,공공데이터포털_경기도 수원시_지역화폐 결제 정보_20260120
2025-11,수원시 권선구,서둔동,남,50대,레저/문화 용품,12,221880,2026-01-20,18490,공공데이터포털_경기도 수원시_지역화폐 결제 정보_20260120
2025-11,수원시 권선구,서둔동,남,50대,레저/스포츠 서비스,129,603360,2026-01-20,4677,공공데이터포털_경기도 수원시_지역화폐 결제 정보_20260120
2025-11,수원시 권선구,서둔동,남,50대,문화/취미,5,60232,2026-01-20,12046,공공데이터포털_경기도 수원시_지역화폐 결제 정보_20260120
2025-11,수원시 권선구,서둔동,남,50대,미용/위생,80,544760,2026-01-20,6810,공공데이터포털_경기도 수원시_지역화폐 결제 정보_20260120
2025-11,수원시 권선구,서둔동,남,50대,서적/문구/학습자재,3,6621,2026-01-20,2207,공공데이터포털_경기도 수원시_지역화폐 결제 정보_20260120
2025-11,수원시 권선구,서둔동,남,50대,신변잡화,14,12048,2026-01-20,861,공공데이터포털_경기도 수원시_지역화폐 결제 정보_20260120
2025-11,수원시 권선구,서둔동,남,50대,약국,61,190945,2026-01-20,3130,공공데이터포털_경기도 수원시_지역화폐 결제 정보_20260120
2025-11,수원시 권선구,서둔동,남,50대,용역서비스,37,163630,2026-01-20,4422,공공데이터포털_경기도 수원시_지역화폐 결제 정보_20260120
2025-11,수원시 권선구,서둔동,남,50대,음료/식품,193,936475,2026-01-20,4852,공공데이터포털_경기도 수원시_지역화폐 결제 정보_20260120
2025-11,수원시 권선구,서둔동,남,50대,의류,3,8153,2026-01-20,2718,공공데이터포털_경기도 수원시_지역화폐 결제 정보_20260120
2025-11,수원시 권선구,서둔동,남,50대,의원,47,282402,2026-01-20,6009,공공데이터포털_경기도 수원시_지역화폐 결제 정보_20260120
2025-11,수원시 권선구,서둔동,남,50대,일반/휴게 음식,1233,6873676,2026-01-20,5575,공공데이터포털_경기도 수원시_지역화폐 결제 정보_20260120
2025-11,수원시 권선구,서둔동,남,50대,일반유통,874,2073581,2026-01-20,2373,공공데이터포털_경기도 수원시_지역화폐 결제 정보_20260120
2025-11,수원시 권선구,서둔동,남,50대,자동차 정비/유지,22,237708,2026-01-20,10805,공공데이터포털_경기도 수원시_지역화폐 결제 정보_20260120
2025-11,수원시 권선구,서둔동,남,50대,주방용품,21,137822,2026-01-20,6563,공공데이터포털_경기도 수원시_지역화폐 결제 정보_20260120
2025-11,수원시 권선구,서둔동,남,50대,직물/침구류,2,3300,2026-01-20,1650,공공데이터포털_경기도 수원시_지역화폐 결제 정보_20260120
2025-11,수원시 권선구,서둔동,남,50대,학원,15,484866,2026-01-20,32324,공공데이터포털_경기도 수원시_지역화폐 결제 정보_20260120
2025-11,수원시 권선구,서둔동,남,60대 이상,건축자재,6,84613,2026-01-20,14102,공공데이터포털_경기도 수원시_지역화폐 결제 정보_20260120
2025-11,수원시 권선구,서둔동,남,60대 이상,기타유통,1,715,2026-01-20,715,공공데이터포털_경기도 수원시_지역화폐 결제 정보_20260120
2025-11,수원시 권선구,서둔동,남,60대 이상,기타의료,14,152697,2026-01-20,10907,공공데이터포털_경기도 수원시_지역화폐 결제 정보_20260120
2025-11,수원시 권선구,서둔동,남,60대 이상,레저/문화 용품,14,173585,2026-01-20,12399,공공데이터포털_경기도 수원시_지역화폐 결제 정보_20260120
2025-11,수원시 권선구,서둔동,남,60대 이상,레저/스포츠 서비스,82,255473,2026-01-20,3116,공공데이터포털_경기도 수원시_지역화폐 결제 정보_20260120
2025-11,수원시 권선구,서둔동,남,60대 이상,문화/취미,2,25395,2026-01-20,12698,공공데이터포털_경기도 수원시_지역화폐 결제 정보_20260120
2025-11,수원시 권선구,서둔동,남,60대 이상,미용/위생,74,215034,2026-01-20,2906,공공데이터포털_경기도 수원시_지역화폐 결제 정보_20260120
2025-11,수원시 권선구,서둔동,남,60대 이상,서적/문구/학습자재,9,6447,2026-01-20,716,공공데이터포털_경기도 수원시_지역화폐 결제 정보_20260120
2025-11,수원시 권선구,서둔동,남,60대 이상,약국,104,436795,2026-01-20,4200,공공데이터포털_경기도 수원시_지역화폐 결제 정보_20260120
2025-11,수원시 권선구,서둔동,남,60대 이상,용역서비스,21,151323,2026-01-20,7206,공공데이터포털_경기도 수원시_지역화폐 결제 정보_20260120
2025-11,수원시 권선구,서둔동,남,60대 이상,음료/식품,257,1221916,2026-01-20,4755,공공데이터포털_경기도 수원시_지역화폐 결제 정보_20260120
2025-11,수원시 권선구,서둔동,남,60대 이상,의류,6,9625,2026-01-20,1604,공공데이터포털_경기도 수원시_지역화폐 결제 정보_20260120
2025-11,수원시 권선구,서둔동,남,60대 이상,의원,68,208517,2026-01-20,3066,공공데이터포털_경기도 수원시_지역화폐 결제 정보_20260120
2025-11,수원시 권선구,서둔동,남,60대 이상,일반/휴게 음식,880,4215861,2026-01-20,4791,공공데이터포털_경기도 수원시_지역화폐 결제 정보_20260120
2025-11,수원시 권선구,서둔동,남,60대 이상,일반유통,567,1360093,2026-01-20,2399,공공데이터포털_경기도 수원시_지역화폐 결제 정보_20260120
2025-11,수원시 권선구,서둔동,남,60대 이상,자동차 정비/유지,15,102989,2026-01-20,6866,공공데이터포털_경기도 수원시_지역화폐 결제 정보_20260120
2025-11,수원시 권선구,서둔동,남,60대 이상,전자제품,2,18484,2026-01-20,9242,공공데이터포털_경기도 수원시_지역화폐 결제 정보_20260120
2025-11,수원시 권선구,서둔동,남,60대 이상,주방용품,41,51443,2026-01-20,1255,공공데이터포털_경기도 수원시_지역화폐 결제 정보_20260120
2025-11,수원시 권선구,서둔동,남,60대 이상,직물/침구류,8,10066,2026-01-20,1258,공공데이터포털_경기도 수원시_지역화폐 결제 정보_20260120
2025-11,수원시 권선구,서둔동,남,60대 이상,학원,2,91180,2026-01-20,45590,공공데이터포털_경기도 수원시_지역화폐 결제 정보_20260120
2025-11,수원시 권선구,서둔동,여,10대,레저/스포츠 서비스,13,71100,2026-01-20,5469,공공데이터포털_경기도 수원시_지역화폐 결제 정보_20260120
2025-11,수원시 권선구,서둔동,여,10대,미용/위생,2,19685,2026-01-20,9842,공공데이터포털_경기도 수원시_지역화폐 결제 정보_20260120
2025-11,수원시 권선구,서둔동,여,10대,약국,5,10078,2026-01-20,2016,공공데이터포털_경기도 수원시_지역화폐 결제 정보_20260120
2025-11,수원시 권선구,서둔동,여,10대,음료/식품,17,122153,2026-01-20,7185,공공데이터포털_경기도 수원시_지역화폐 결제 정보_20260120
2025-11,수원시 권선구,서둔동,여,10대,의류,1,4331,2026-01-20,4331,공공데이터포털_경기도 수원시_지역화폐 결제 정보_20260120
2025-11,수원시 권선구,서둔동,여,10대,의원,4,6914,2026-01-20,1728,공공데이터포털_경기도 수원시_지역화폐 결제 정보_20260120
2025-11,수원시 권선구,서둔동,여,10대,일반/휴게 음식,40,453440,2026-01-20,11336,공공데이터포털_경기도 수원시_지역화폐 결제 정보_20260120
2025-11,수원시 권선구,서둔동,여,10대,일반유통,40,166291,2026-01-20,4157,공공데이터포털_경기도 수원시_지역화폐 결제 정보_20260120
2025-11,수원시 권선구,서둔동,여,10대,학원,1,38709,2026-01-20,38709,공공데이터포털_경기도 수원시_지역화폐 결제 정보_20260120
2025-11,수원시 권선구,서둔동,여,20대,기타의료,6,44508,2026-01-20,7418,공공데이터포털_경기도 수원시_지역화폐 결제 정보_20260120
2025-11,수원시 권선구,서둔동,여,20대,레저/문화 용품,15,336723,2026-01-20,22448,공공데이터포털_경기도 수원시_지역화폐 결제 정보_20260120
2025-11,수원시 권선구,서둔동,여,20대,레저/스포츠 서비스,42,416492,2026-01-20,9916,공공데이터포털_경기도 수원시_지역화폐 결제 정보_20260120
2025-11,수원시 권선구,서둔동,여,20대,문화/취미,1,2216,2026-01-20,2216,공공데이터포털_경기도 수원시_지역화폐 결제 정보_20260120
2025-11,수원시 권선구,서둔동,여,20대,미용/위생,32,802909,2026-01-20,25091,공공데이터포털_경기도 수원시_지역화폐 결제 정보_20260120
2025-11,수원시 권선구,서둔동,여,20대,서적/문구/학습자재,7,11200,2026-01-20,1600,공공데이터포털_경기도 수원시_지역화폐 결제 정보_20260120
2025-11,수원시 권선구,서둔동,여,20대,신변잡화,2,13000,2026-01-20,6500,공공데이터포털_경기도 수원시_지역화폐 결제 정보_20260120
2025-11,수원시 권선구,서둔동,여,20대,약국,36,184339,2026-01-20,5121,공공데이터포털_경기도 수원시_지역화폐 결제 정보_20260120
2025-11,수원시 권선구,서둔동,여,20대,용역서비스,16,78640,2026-01-20,4915,공공데이터포털_경기도 수원시_지역화폐 결제 정보_20260120
2025-11,수원시 권선구,서둔동,여,20대,음료/식품,163,925586,2026-01-20,5678,공공데이터포털_경기도 수원시_지역화폐 결제 정보_20260120
2025-11,수원시 권선구,서둔동,여,20대,의류,1,75000,2026-01-20,75000,공공데이터포털_경기도 수원시_지역화폐 결제 정보_20260120
2025-11,수원시 권선구,서둔동,여,20대,의원,13,146075,2026-01-20,11237,공공데이터포털_경기도 수원시_지역화폐 결제 정보_20260120
2025-11,수원시 권선구,서둔동,여,20대,일반/휴게 음식,575,5555746,2026-01-20,9662,공공데이터포털_경기도 수원시_지역화폐 결제 정보_20260120
2025-11,수원시 권선구,서둔동,여,20대,일반유통,549,2718436,2026-01-20,4952,공공데이터포털_경기도 수원시_지역화폐 결제 정보_20260120
2025-11,수원시 권선구,서둔동,여,20대,자동차 정비/유지,6,1272305,2026-01-20,212051,공공데이터포털_경기도 수원시_지역화폐 결제 정보_20260120
2025-11,수원시 권선구,서둔동,여,20대,전자제품,1,50000,2026-01-20,50000,공공데이터포털_경기도 수원시_지역화폐 결제 정보_20260120
2025-11,수원시 권선구,서둔동,여,20대,주방용품,4,6798,2026-01-20,1700,공공데이터포털_경기도 수원시_지역화폐 결제 정보_20260120
2025-11,수원시 권선구,서둔동,여,20대,직물/침구류,1,1510,2026-01-20,1510,공공데이터포털_경기도 수원시_지역화폐 결제 정보_20260120
2025-11,수원시 권선구,서둔동,여,20대,학원,6,330613,2026-01-20,55102,공공데이터포털_경기도 수원시_지역화폐 결제 정보_20260120
2025-11,수원시 권선구,서둔동,여,30대,기타의료,6,150331,2026-01-20,25055,공공데이터포털_경기도 수원시_지역화폐 결제 정보_20260120
2025-11,수원시 권선구,서둔동,여,30대,레저/문화 용품,19,414617,2026-01-20,21822,공공데이터포털_경기도 수원시_지역화폐 결제 정보_20260120
2025-11,수원시 권선구,서둔동,여,30대,레저/스포츠 서비스,23,582664,2026-01-20,25333,공공데이터포털_경기도 수원시_지역화폐 결제 정보_20260120
2025-11,수원시 권선구,서둔동,여,30대,문화/취미,22,697201,2026-01-20,31691,공공데이터포털_경기도 수원시_지역화폐 결제 정보_20260120
2025-11,수원시 권선구,서둔동,여,30대,미용/위생,60,479552,2026-01-20,7993,공공데이터포털_경기도 수원시_지역화폐 결제 정보_20260120
2025-11,수원시 권선구,서둔동,여,30대,서적/문구/학습자재,9,110409,2026-01-20,12268,공공데이터포털_경기도 수원시_지역화폐 결제 정보_20260120
2025-11,수원시 권선구,서둔동,여,30대,약국,75,219313,2026-01-20,2924,공공데이터포털_경기도 수원시_지역화폐 결제 정보_20260120
2025-11,수원시 권선구,서둔동,여,30대,용역서비스,20,103053,2026-01-20,5153,공공데이터포털_경기도 수원시_지역화폐 결제 정보_20260120
2025-11,수원시 권선구,서둔동,여,30대,음료/식품,224,1216763,2026-01-20,5432,공공데이터포털_경기도 수원시_지역화폐 결제 정보_20260120
2025-11,수원시 권선구,서둔동,여,30대,의류,9,223693,2026-01-20,24855,공공데이터포털_경기도 수원시_지역화폐 결제 정보_20260120
2025-11,수원시 권선구,서둔동,여,30대,의원,38,343059,2026-01-20,9028,공공데이터포털_경기도 수원시_지역화폐 결제 정보_20260120
2025-11,수원시 권선구,서둔동,여,30대,일반/휴게 음식,1293,6911670,2026-01-20,5345,공공데이터포털_경기도 수원시_지역화폐 결제 정보_20260120
2025-11,수원시 권선구,서둔동,여,30대,일반유통,717,2279004,2026-01-20,3179,공공데이터포털_경기도 수원시_지역화폐 결제 정보_20260120
2025-11,수원시 권선구,서둔동,여,30대,자동차 정비/유지,20,515151,2026-01-20,25758,공공데이터포털_경기도 수원시_지역화폐 결제 정보_20260120
2025-11,수원시 권선구,서둔동,여,30대,전자상거래,1,5190,2026-01-20,5190,공공데이터포털_경기도 수원시_지역화폐 결제 정보_20260120
2025-11,수원시 권선구,서둔동,여,30대,주방용품,7,13003,2026-01-20,1858,공공데이터포털_경기도 수원시_지역화폐 결제 정보_20260120
2025-11,수원시 권선구,서둔동,여,30대,학원,31,930266,2026-01-20,30009,공공데이터포털_경기도 수원시_지역화폐 결제 정보_20260120
2025-11,수원시 권선구,서둔동,여,40대,가구,1,18700,2026-01-20,18700,공공데이터포털_경기도 수원시_지역화폐 결제 정보_20260120
2025-11,수원시 권선구,서둔동,여,40대,기타의료,20,121549,2026-01-20,6077,공공데이터포털_경기도 수원시_지역화폐 결제 정보_20260120
2025-11,수원시 권선구,서둔동,여,40대,레저/문화 용품,9,118245,2026-01-20,13138,공공데이터포털_경기도 수원시_지역화폐 결제 정보_20260120
2025-11,수원시 권선구,서둔동,여,40대,레저/스포츠 서비스,35,423476,2026-01-20,12099,공공데이터포털_경기도 수원시_지역화폐 결제 정보_20260120
2025-11,수원시 권선구,서둔동,여,40대,문화/취미,16,152890,2026-01-20,9556,공공데이터포털_경기도 수원시_지역화폐 결제 정보_20260120
2025-11,수원시 권선구,서둔동,여,40대,미용/위생,104,1321235,2026-01-20,12704,공공데이터포털_경기도 수원시_지역화폐 결제 정보_20260120
2025-11,수원시 권선구,서둔동,여,40대,서적/문구/학습자재,10,6647,2026-01-20,665,공공데이터포털_경기도 수원시_지역화폐 결제 정보_20260120
2025-11,수원시 권선구,서둔동,여,40대,신변잡화,5,3689,2026-01-20,738,공공데이터포털_경기도 수원시_지역화폐 결제 정보_20260120
2025-11,수원시 권선구,서둔동,여,40대,약국,132,259700,2026-01-20,1967,공공데이터포털_경기도 수원시_지역화폐 결제 정보_20260120
2025-11,수원시 권선구,서둔동,여,40대,용역서비스,52,277463,2026-01-20,5336,공공데이터포털_경기도 수원시_지역화폐 결제 정보_20260120
2025-11,수원시 권선구,서둔동,여,40대,음료/식품,448,1831640,2026-01-20,4088,공공데이터포털_경기도 수원시_지역화폐 결제 정보_20260120
2025-11,수원시 권선구,서둔동,여,40대,의류,11,29022,2026-01-20,2638,공공데이터포털_경기도 수원시_지역화폐 결제 정보_20260120
2025-11,수원시 권선구,서둔동,여,40대,의원,95,906558,2026-01-20,9543,공공데이터포털_경기도 수원시_지역화폐 결제 정보_20260120
2025-11,수원시 권선구,서둔동,여,40대,일반/휴게 음식,1744,9312339,2026-01-20,5340,공공데이터포털_경기도 수원시_지역화폐 결제 정보_20260120
2025-11,수원시 권선구,서둔동,여,40대,일반유통,955,3365362,2026-01-20,3524,공공데이터포털_경기도 수원시_지역화폐 결제 정보_20260120
2025-11,수원시 권선구,서둔동,여,40대,자동차 정비/유지,42,292968,2026-01-20,6975,공공데이터포털_경기도 수원시_지역화폐 결제 정보_20260120
2025-11,수원시 권선구,서둔동,여,40대,주방용품,11,42100,2026-01-20,3827,공공데이터포털_경기도 수원시_지역화폐 결제 정보_20260120
2025-11,수원시 권선구,서둔동,여,40대,직물/침구류,3,4070,2026-01-20,1357,공공데이터포털_경기도 수원시_지역화폐 결제 정보_20260120
2025-11,수원시 권선구,서둔동,여,40대,학원,120,3732413,2026-01-20,31103,공공데이터포털_경기도 수원시_지역화폐 결제 정보_20260120
2025-11,수원시 권선구,서둔동,여,50대,기타의료,26,332763,2026-01-20,12799,공공데이터포털_경기도 수원시_지역화폐 결제 정보_20260120
2025-11,수원시 권선구,서둔동,여,50대,레저/문화 용품,21,279307,2026-01-20,13300,공공데이터포털_경기도 수원시_지역화폐 결제 정보_20260120
2025-11,수원시 권선구,서둔동,여,50대,레저/스포츠 서비스,33,88905,2026-01-20,2694,공공데이터포털_경기도 수원시_지역화폐 결제 정보_20260120
2025-11,수원시 권선구,서둔동,여,50대,문화/취미,12,84457,2026-01-20,7038,공공데이터포털_경기도 수원시_지역화폐 결제 정보_20260120
2025-11,수원시 권선구,서둔동,여,50대,미용/위생,140,1441084,2026-01-20,10293,공공데이터포털_경기도 수원시_지역화폐 결제 정보_20260120
2025-11,수원시 권선구,서둔동,여,50대,서적/문구/학습자재,4,3941,2026-01-20,985,공공데이터포털_경기도 수원시_지역화폐 결제 정보_20260120
2025-11,수원시 권선구,서둔동,여,50대,신변잡화,11,9961,2026-01-20,906,공공데이터포털_경기도 수원시_지역화폐 결제 정보_20260120
2025-11,수원시 권선구,서둔동,여,50대,약국,119,561326,2026-01-20,4717,공공데이터포털_경기도 수원시_지역화폐 결제 정보_20260120
2025-11,수원시 권선구,서둔동,여,50대,용역서비스,41,223923,2026-01-20,5462,공공데이터포털_경기도 수원시_지역화폐 결제 정보_20260120
2025-11,수원시 권선구,서둔동,여,50대,음료/식품,488,2245148,2026-01-20,4601,공공데이터포털_경기도 수원시_지역화폐 결제 정보_20260120
2025-11,수원시 권선구,서둔동,여,50대,의류,36,288961,2026-01-20,8027,공공데이터포털_경기도 수원시_지역화폐 결제 정보_20260120
2025-11,수원시 권선구,서둔동,여,50대,의원,81,526878,2026-01-20,6505,공공데이터포털_경기도 수원시_지역화폐 결제 정보_20260120
2025-11,수원시 권선구,서둔동,여,50대,일반/휴게 음식,1596,8217446,2026-01-20,5149,공공데이터포털_경기도 수원시_지역화폐 결제 정보_20260120
2025-11,수원시 권선구,서둔동,여,50대,일반유통,760,2224239,2026-01-20,2927,공공데이터포털_경기도 수원시_지역화폐 결제 정보_20260120
2025-11,수원시 권선구,서둔동,여,50대,자동차 정비/유지,18,177196,2026-01-20,9844,공공데이터포털_경기도 수원시_지역화폐 결제 정보_20260120
2025-11,수원시 권선구,서둔동,여,50대,전자제품,1,2609,2026-01-20,2609,공공데이터포털_경기도 수원시_지역화폐 결제 정보_20260120
2025-11,수원시 권선구,서둔동,여,50대,주방용품,32,103233,2026-01-20,3226,공공데이터포털_경기도 수원시_지역화폐 결제 정보_20260120
2025-11,수원시 권선구,서둔동,여,50대,직물/침구류,1,1821,2026-01-20,1821,공공데이터포털_경기도 수원시_지역화폐 결제 정보_20260120
2025-11,수원시 권선구,서둔동,여,50대,학원,12,350743,2026-01-20,29229,공공데이터포털_경기도 수원시_지역화폐 결제 정보_20260120
2025-11,수원시 권선구,서둔동,여,60대 이상,가구,1,27887,2026-01-20,27887,공공데이터포털_경기도 수원시_지역화폐 결제 정보_20260120
2025-11,수원시 권선구,서둔동,여,60대 이상,건축자재,2,9780,2026-01-20,4890,공공데이터포털_경기도 수원시_지역화폐 결제 정보_20260120
2025-11,수원시 권선구,서둔동,여,60대 이상,기타유통,2,1552,2026-01-20,776,공공데이터포털_경기도 수원시_지역화폐 결제 정보_20260120
2025-11,수원시 권선구,서둔동,여,60대 이상,기타의료,45,317763,2026-01-20,7061,공공데이터포털_경기도 수원시_지역화폐 결제 정보_20260120
2025-11,수원시 권선구,서둔동,여,60대 이상,레저/문화 용품,28,372048,2026-01-20,13287,공공데이터포털_경기도 수원시_지역화폐 결제 정보_20260120
2025-11,수원시 권선구,서둔동,여,60대 이상,레저/스포츠 서비스,38,143701,2026-01-20,3782,공공데이터포털_경기도 수원시_지역화폐 결제 정보_20260120
2025-11,수원시 권선구,서둔동,여,60대 이상,문화/취미,3,50307,2026-01-20,16769,공공데이터포털_경기도 수원시_지역화폐 결제 정보_20260120
2025-11,수원시 권선구,서둔동,여,60대 이상,미용/위생,115,1133029,2026-01-20,9852,공공데이터포털_경기도 수원시_지역화폐 결제 정보_20260120
2025-11,수원시 권선구,서둔동,여,60대 이상,신변잡화,16,27604,2026-01-20,1725,공공데이터포털_경기도 수원시_지역화폐 결제 정보_20260120
2025-11,수원시 권선구,서둔동,여,60대 이상,약국,184,770875,2026-01-20,4190,공공데이터포털_경기도 수원시_지역화폐 결제 정보_20260120
2025-11,수원시 권선구,서둔동,여,60대 이상,용역서비스,27,113721,2026-01-20,4212,공공데이터포털_경기도 수원시_지역화폐 결제 정보_20260120
2025-11,수원시 권선구,서둔동,여,60대 이상,음료/식품,473,2313235,2026-01-20,4891,공공데이터포털_경기도 수원시_지역화폐 결제 정보_20260120
2025-11,수원시 권선구,서둔동,여,60대 이상,의류,30,266306,2026-01-20,8877,공공데이터포털_경기도 수원시_지역화폐 결제 정보_20260120
2025-11,수원시 권선구,서둔동,여,60대 이상,의원,184,536720,2026-01-20,2917,공공데이터포털_경기도 수원시_지역화폐 결제 정보_20260120
2025-11,수원시 권선구,서둔동,여,60대 이상,일반/휴게 음식,880,5239545,2026-01-20,5954,공공데이터포털_경기도 수원시_지역화폐 결제 정보_20260120
2025-11,수원시 권선구,서둔동,여,60대 이상,일반유통,482,1914480,2026-01-20,3972,공공데이터포털_경기도 수원시_지역화폐 결제 정보_20260120
2025-11,수원시 권선구,서둔동,여,60대 이상,자동차 정비/유지,10,138655,2026-01-20,13866,공공데이터포털_경기도 수원시_지역화폐 결제 정보_20260120
2025-11,수원시 권선구,서둔동,여,60대 이상,전자제품,2,15935,2026-01-20,7968,공공데이터포털_경기도 수원시_지역화폐 결제 정보_20260120
2025-11,수원시 권선구,서둔동,여,60대 이상,주방용품,42,66325,2026-01-20,1579,공공데이터포털_경기도 수원시_지역화폐 결제 정보_20260120
2025-11,수원시 권선구,서둔동,여,60대 이상,직물/침구류,3,6401,2026-01-20,2134,공공데이터포털_경기도 수원시_지역화폐 결제 정보_20260120
2025-11,수원시 권선구,서둔동,여,60대 이상,학원,5,272110,2026-01-20,54422,공공데이터포털_경기도 수원시_지역화폐 결제 정보_20260120
2025-11,수원시 권선구,서둔동,여,60대 이상,회원정보미상,13,265400,2026-01-20,20415,공공데이터포털_경기도 수원시_지역화폐 결제 정보_20260120
2025-11,수원시 권선구,서둔동,여,60대 이상,회원정보미상,13,265400,2026-01-20,20415,공공데이터포털_경기도 수원시_지역화폐 결제 정보_20260120
2025-11,수원시 권선구,서둔동,여,60대 이상,약국,2,15000,2026-01-20,7500,공공데이터포털_경기도 수원시_지역화폐 결제 정보_20260120
2025-11,수원시 권선구,서둔동,여,60대 이상,음료/식품,6,191700,2026-01-20,31950,공공데이터포털_경기도 수원시_지역화폐 결제 정보_20260120
2025-11,수원시 권선구,서둔동,여,60대 이상,의류,1,25500,2026-01-20,25500,공공데이터포털_경기도 수원시_지역화폐 결제 정보_20260120
2025-11,수원시 권선구,서둔동,여,60대 이상,일반/휴게 음식,1,19900,2026-01-20,19900,공공데이터포털_경기도 수원시_지역화폐 결제 정보_20260120
2025-11,수원시 권선구,서둔동,여,60대 이상,일반유통,3,13300,2026-01-20,4433,공공데이터포털_경기도 수원시_지역화폐 결제 정보_20260120
2025-11,수원시 권선구,세류1동,남,10대,미용/위생,4,20931,2026-01-20,5233,공공데이터포털_경기도 수원시_지역화폐 결제 정보_20260120
2025-11,수원시 권선구,세류1동,남,10대,서적/문구/학습자재,2,9500,2026-01-20,4750,공공데이터포털_경기도 수원시_지역화폐 결제 정보_20260120
2025-11,수원시 권선구,세류1동,남,10대,음료/식품,1,1000,2026-01-20,1000,공공데이터포털_경기도 수원시_지역화폐 결제 정보_20260120
2025-11,수원시 권선구,세류1동,남,10대,의원,1,1243,2026-01-20,1243,공공데이터포털_경기도 수원시_지역화폐 결제 정보_20260120
2025-11,수원시 권선구,세류1동,남,10대,일반유통,10,37730,2026-01-20,3773,공공데이터포털_경기도 수원시_지역화폐 결제 정보_20260120
2025-11,수원시 권선구,세류1동,남,10대,학원,6,13161,2026-01-20,2194,공공데이터포털_경기도 수원시_지역화폐 결제 정보_20260120
2025-11,수원시 권선구,세류1동,남,20대,기타의료,2,6257,2026-01-20,3128,공공데이터포털_경기도 수원시_지역화폐 결제 정보_20260120
2025-11,수원시 권선구,세류1동,남,20대,레저/스포츠 서비스,2,109421,2026-01-20,54710,공공데이터포털_경기도 수원시_지역화폐 결제 정보_20260120
2025-11,수원시 권선구,세류1동,남,20대,문화/취미,1,1279,2026-01-20,1279,공공데이터포털_경기도 수원시_지역화폐 결제 정보_20260120
2025-11,수원시 권선구,세류1동,남,20대,미용/위생,23,475789,2026-01-20,20686,공공데이터포털_경기도 수원시_지역화폐 결제 정보_20260120
2025-11,수원시 권선구,세류1동,남,20대,서적/문구/학습자재,4,1854,2026-01-20,464,공공데이터포털_경기도 수원시_지역화폐 결제 정보_20260120
2025-11,수원시 권선구,세류1동,남,20대,약국,11,107267,2026-01-20,9752,공공데이터포털_경기도 수원시_지역화폐 결제 정보_20260120
2025-11,수원시 권선구,세류1동,남,20대,용역서비스,2,9206,2026-01-20,4603,공공데이터포털_경기도 수원시_지역화폐 결제 정보_20260120
2025-11,수원시 권선구,세류1동,남,20대,음료/식품,13,19105,2026-01-20,1470,공공데이터포털_경기도 수원시_지역화폐 결제 정보_20260120
2025-11,수원시 권선구,세류1동,남,20대,의원,7,23859,2026-01-20,3408,공공데이터포털_경기도 수원시_지역화폐 결제 정보_20260120
2025-11,수원시 권선구,세류1동,남,20대,일반/휴게 음식,60,407223,2026-01-20,6787,공공데이터포털_경기도 수원시_지역화폐 결제 정보_20260120
2025-11,수원시 권선구,세류1동,남,20대,일반유통,84,364498,2026-01-20,4339,공공데이터포털_경기도 수원시_지역화폐 결제 정보_20260120
2025-11,수원시 권선구,세류1동,남,20대,학원,5,132467,2026-01-20,26493,공공데이터포털_경기도 수원시_지역화폐 결제 정보_20260120
2025-11,수원시 권선구,세류1동,남,30대,기타의료,6,84640,2026-01-20,14107,공공데이터포털_경기도 수원시_지역화폐 결제 정보_20260120
2025-11,수원시 권선구,세류1동,남,30대,레저/스포츠 서비스,9,62355,2026-01-20,6928,공공데이터포털_경기도 수원시_지역화폐 결제 정보_20260120
2025-11,수원시 권선구,세류1동,남,30대,문화/취미,4,69148,2026-01-20,17287,공공데이터포털_경기도 수원시_지역화폐 결제 정보_20260120
2025-11,수원시 권선구,세류1동,남,30대,미용/위생,52,495013,2026-01-20,9519,공공데이터포털_경기도 수원시_지역화폐 결제 정보_20260120
2025-11,수원시 권선구,세류1동,남,30대,서적/문구/학습자재,17,83195,2026-01-20,4894,공공데이터포털_경기도 수원시_지역화폐 결제 정보_20260120
2025-11,수원시 권선구,세류1동,남,30대,약국,87,152873,2026-01-20,1757,공공데이터포털_경기도 수원시_지역화폐 결제 정보_20260120
2025-11,수원시 권선구,세류1동,남,30대,용역서비스,7,18625,2026-01-20,2661,공공데이터포털_경기도 수원시_지역화폐 결제 정보_20260120
2025-11,수원시 권선구,세류1동,남,30대,음료/식품,72,161189,2026-01-20,2239,공공데이터포털_경기도 수원시_지역화폐 결제 정보_20260120
2025-11,수원시 권선구,세류1동,남,30대,의원,92,499810,2026-01-20,5433,공공데이터포털_경기도 수원시_지역화폐 결제 정보_20260120
2025-11,수원시 권선구,세류1동,남,30대,일반/휴게 음식,278,480348,2026-01-20,1728,공공데이터포털_경기도 수원시_지역화폐 결제 정보_20260120
2025-11,수원시 권선구,세류1동,남,30대,일반유통,233,440110,2026-01-20,1889,공공데이터포털_경기도 수원시_지역화폐 결제 정보_20260120
2025-11,수원시 권선구,세류1동,남,30대,자동차 정비/유지,1,51257,2026-01-20,51257,공공데이터포털_경기도 수원시_지역화폐 결제 정보_20260120
2025-11,수원시 권선구,세류1동,남,30대,자동차판매,2,103222,2026-01-20,51611,공공데이터포털_경기도 수원시_지역화폐 결제 정보_20260120
2025-11,수원시 권선구,세류1동,남,30대,학원,15,413042,2026-01-20,27536,공공데이터포털_경기도 수원시_지역화폐 결제 정보_20260120
2025-11,수원시 권선구,세류1동,남,30대,기타유통,2,13358,2026-01-20,6679,공공데이터포털_경기도 수원시_지역화폐 결제 정보_20260120
2025-11,수원시 권선구,세류1동,남,30대,기타의료,1,6820,2026-01-20,6820,공공데이터포털_경기도 수원시_지역화폐 결제 정보_20260120
2025-11,수원시 권선구,세류1동,남,30대,레저/스포츠 서비스,22,659868,2026-01-20,29994,공공데이터포털_경기도 수원시_지역화폐 결제 정보_20260120
2025-11,수원시 권선구,세류1동,남,30대,문화/취미,2,14177,2026-01-20,7088,공공데이터포털_경기도 수원시_지역화폐 결제 정보_20260120
2025-11,수원시 권선구,세류1동,남,30대,미용/위생,48,328481,2026-01-20,6843,공공데이터포털_경기도 수원시_지역화폐 결제 정보_20260120
2025-11,수원시 권선구,세류1동,남,30대,서적/문구/학습자재,36,80486,2026-01-20,2236,공공데이터포털_경기도 수원시_지역화폐 결제 정보_20260120
2025-11,수원시 권선구,세류1동,남,30대,약국,112,221715,2026-01-20,1980,공공데이터포털_경기도 수원시_지역화폐 결제 정보_20260120
2025-11,수원시 권선구,세류1동,남,30대,용역서비스,15,413276,2026-01-20,27552,공공데이터포털_경기도 수원시_지역화폐 결제 정보_20260120
2025-11,수원시 권선구,세류1동,남,30대,음료/식품,109,156112,2026-01-20,1432,공공데이터포털_경기도 수원시_지역화폐 결제 정보_20260120
2025-11,수원시 권선구,세류1동,남,30대,의원,67,249640,2026-01-20,3726,공공데이터포털_경기도 수원시_지역화폐 결제 정보_20260120
2025-11,수원시 권선구,세류1동,남,30대,일반/휴게 음식,367,781589,2026-01-20,2130,공공데이터포털_경기도 수원시_지역화폐 결제 정보_20260120
2025-11,수원시 권선구,세류1동,남,30대,일반유통,191,369760,2026-01-20,1936,공공데이터포털_경기도 수원시_지역화폐 결제 정보_20260120
2025-11,수원시 권선구,세류1동,남,30대,자동차 정비/유지,1,43756,2026-01-20,43756,공공데이터포털_경기도 수원시_지역화폐 결제 정보_20260120
2025-11,수원시 권선구,세류1동,남,30대,학원,80,2093858,2026-01-20,26173,공공데이터포털_경기도 수원시_지역화폐 결제 정보_20260120
2025-11,수원시 권선구,세류1동,남,50대,기타의료,1,3166,2026-01-20,3166,공공데이터포털_경기도 수원시_지역화폐 결제 정보_20260120
2025-11,수원시 권선구,세류1동,남,50대,레저/스포츠 서비스,4,230235,2026-01-20,57559,공공데이터포털_경기도 수원시_지역화폐 결제 정보_20260120
2025-11,수원시 권선구,세류1동,남,50대,문화/취미,1,8538,2026-01-20,8538,공공데이터포털_경기도 수원시_지역화폐 결제 정보_20260120
2025-11,수원시 권선구,세류1동,남,50대,미용/위생,29,162617,2026-01-20,5607,공공데이터포털_경기도 수원시_지역화폐 결제 정보_20260120
2025-11,수원시 권선구,세류1동,남,50대,서적/문구/학습자재,4,7170,2026-01-20,1792,공공데이터포털_경기도 수원시_지역화폐 결제 정보_20260120
2025-11,수원시 권선구,세류1동,남,50대,약국,30,62003,2026-01-20,2067,공공데이터포털_경기도 수원시_지역화폐 결제 정보_20260120
2025-11,수원시 권선구,세류1동,남,50대,용역서비스,8,59599,2026-01-20,7450,공공데이터포털_경기도 수원시_지역화폐 결제 정보_20260120
2025-11,수원시 권선구,세류1동,남,50대,음료/식품,40,70807,2026-01-20,1770,공공데이터포털_경기도 수원시_지역화폐 결제 정보_20260120
2025-11,수원시 권선구,세류1동,남,50대,의원,30,293754,2026-01-20,9792,공공데이터포털_경기도 수원시_지역화폐 결제 정보_20260120
2025-11,수원시 권선구,세류1동,남,50대,일반/휴게 음식,188,639177,2026-01-20,3400,공공데이터포털_경기도 수원시_지역화폐 결제 정보_20260120
2025-11,수원시 권선구,세류1동,남,50대,일반유통,83,124719,2026-01-20,1503,공공데이터포털_경기도 수원시_지역화폐 결제 정보_20260120
2025-11,수원시 권선구,세류1동,남,50대,학원,12,289081,2026-01-20,24090,공공데이터포털_경기도 수원시_지역화폐 결제 정보_20260120
2025-11,수원시 권선구,세류1동,남,60대 이상,건축자재,3,23479,2026-01-20,7826,공공데이터포털_경기도 수원시_지역화폐 결제 정보_20260120
2025-11,수원시 권선구,세류1동,남,60대 이상,기타유통,1,2652,2026-01-20,2652,공공데이터포털_경기도 수원시_지역화폐 결제 정보_20260120
2025-11,수원시 권선구,세류1동,남,60대 이상,기타의료,2,32000,2026-01-20,16000,공공데이터포털_경기도 수원시_지역화폐 결제 정보_20260120
2025-11,수원시 권선구,세류1동,남,60대 이상,미용/위생,20,155398,2026-01-20,7770,공공데이터포털_경기도 수원시_지역화폐 결제 정보_20260120
2025-11,수원시 권선구,세류1동,남,60대 이상,약국,61,286693,2026-01-20,4700,공공데이터포털_경기도 수원시_지역화폐 결제 정보_20260120
2025-11,수원시 권선구,세류1동,남,60대 이상,용역서비스,5,54155,2026-01-20,10831,공공데이터포털_경기도 수원시_지역화폐 결제 정보_20260120
2025-11,수원시 권선구,세류1동,남,60대 이상,음료/식품,37,118710,2026-01-20,3208,공공데이터포털_경기도 수원시_지역화폐 결제 정보_20260120
2025-11,수원시 권선구,세류1동,남,60대 이상,의원,56,244414,2026-01-20,4365,공공데이터포털_경기도 수원시_지역화폐 결제 정보_20260120
2025-11,수원시 권선구,세류1동,남,60대 이상,일반/휴게 음식,144,369309,2026-01-20,2565,공공데이터포털_경기도 수원시_지역화폐 결제 정보_20260120
2025-11,수원시 권선구,세류1동,남,60대 이상,일반유통,89,226162,2026-01-20,2541,공공데이터포털_경기도 수원시_지역화폐 결제 정보_20260120
2025-11,수원시 권선구,세류1동,남,60대 이상,학원,4,130147,2026-01-20,32537,공공데이터포털_경기도 수원시_지역화폐 결제 정보_20260120
2025-11,수원시 권선구,세류1동,여,10대,서적/문구/학습자재,1,9000,2026-01-20,9000,공공데이터포털_경기도 수원시_지역화폐 결제 정보_20260120
2025-11,수원시 권선구,세류1동,여,10대,음료/식품,13,28200,2026-01-20,2169,공공데이터포털_경기도 수원시_지역화폐 결제 정보_20260120
2025-11,수원시 권선구,세류1동,여,10대,일반/휴게 음식,7,27441,2026-01-20,3920,공공데이터포털_경기도 수원시_지역화폐 결제 정보_20260120
2025-11,수원시 권선구,세류1동,여,10대,일반유통,17,44100,2026-01-20,2594,공공데이터포털_경기도 수원시_지역화폐 결제 정보_20260120
2025-11,수원시 권선구,세류1동,여,10대,학원,2,7000,2026-01-20,3500,공공데이터포털_경기도 수원시_지역화폐 결제 정보_20260120
2025-11,수원시 권선구,세류1동,여,20대,기타의료,4,246893,2026-01-20,61723,공공데이터포털_경기도 수원시_지역화폐 결제 정보_20260120
2025-11,수원시 권선구,세류1동,여,20대,레저/스포츠 서비스,2,178715,2026-01-20,89358,공공데이터포털_경기도 수원시_지역화폐 결제 정보_20260120
2025-11,수원시 권선구,세류1동,여,20대,문화/취미,2,32253,2026-01-20,16126,공공데이터포털_경기도 수원시_지역화폐 결제 정보_20260120
2025-11,수원시 권선구,세류1동,여,20대,미용/위생,19,682026,2026-01-20,35896,공공데이터포털_경기도 수원시_지역화폐 결제 정보_20260120
2025-11,수원시 권선구,세류1동,여,20대,약국,31,159246,2026-01-20,5137,공공데이터포털_경기도 수원시_지역화폐 결제 정보_20260120
2025-11,수원시 권선구,세류1동,여,20대,용역서비스,1,10370,2026-01-20,10370,공공데이터포털_경기도 수원시_지역화폐 결제 정보_20260120
2025-11,수원시 권선구,세류1동,여,20대,음료/식품,36,90080,2026-01-20,2502,공공데이터포털_경기도 수원시_지역화폐 결제 정보_20260120
2025-11,수원시 권선구,세류1동,여,20대,의원,14,125587,2026-01-20,8970,공공데이터포털_경기도 수원시_지역화폐 결제 정보_20260120
2025-11,수원시 권선구,세류1동,여,20대,일반/휴게 음식,125,417669,2026-01-20,3341,공공데이터포털_경기도 수원시_지역화폐 결제 정보_20260120
2025-11,수원시 권선구,세류1동,여,20대,일반유통,87,357025,2026-01-20,4104,공공데이터포털_경기도 수원시_지역화폐 결제 정보_20260120
2025-11,수원시 권선구,세류1동,여,20대,자동차 정비/유지,1,24898,2026-01-20,24898,공공데이터포털_경기도 수원시_지역화폐 결제 정보_20260120
2025-11,수원시 권선구,세류1동,여,20대,학원,8,110891,2026-01-20,13861,공공데이터포털_경기도 수원시_지역화폐 결제 정보_20260120
2025-11,수원시 권선구,세류1동,여,30대,기타의료,7,85609,2026-01-20,12230,공공데이터포털_경기도 수원시_지역화폐 결제 정보_20260120
2025-11,수원시 권선구,세류1동,여,30대,레저/스포츠 서비스,14,586405,2026-01-20,41886,공공데이터포털_경기도 수원시_지역화폐 결제 정보_20260120
2025-11,수원시 권선구,세류1동,여,30대,문화/취미,8,214919,2026-01-20,26865,공공데이터포털_경기도 수원시_지역화폐 결제 정보_20260120
2025-11,수원시 권선구,세류1동,여,30대,미용/위생,45,661620,2026-01-20,14703,공공데이터포털_경기도 수원시_지역화폐 결제 정보_20260120
2025-11,수원시 권선구,세류1동,여,30대,서적/문구/학습자재,12,91004,2026-01-20,7584,공공데이터포털_경기도 수원시_지역화폐 결제 정보_20260120
2025-11,수원시 권선구,세류1동,여,30대,약국,180,397492,2026-01-20,2208,공공데이터포털_경기도 수원시_지역화폐 결제 정보_20260120
2025-11,수원시 권선구,세류1동,여,30대,용역서비스,2,7299,2026-01-20,3650,공공데이터포털_경기도 수원시_지역화폐 결제 정보_20260120
2025-11,수원시 권선구,세류1동,여,30대,음료/식품,86,189989,2026-01-20,2209,공공데이터포털_경기도 수원시_지역화폐 결제 정보_20260120
2025-11,수원시 권선구,세류1동,여,30대,의원,97,494066,2026-01-20,5093,공공데이터포털_경기도 수원시_지역화폐 결제 정보_20260120
2025-11,수원시 권선구,세류1동,여,30대,일반/휴게 음식,417,1150415,2026-01-20,2759,공공데이터포털_경기도 수원시_지역화폐 결제 정보_20260120
2025-11,수원시 권선구,세류1동,여,30대,일반유통,212,391579,2026-01-20,1847,공공데이터포털_경기도 수원시_지역화폐 결제 정보_20260120
2025-11,수원시 권선구,세류1동,여,30대,자동차판매,1,99783,2026-01-20,99783,공공데이터포털_경기도 수원시_지역화폐 결제 정보_20260120
2025-11,수원시 권선구,세류1동,여,30대,학원,35,1389618,2026-01-20,39703,공공데이터포털_경기도 수원시_지역화폐 결제 정보_20260120
2025-11,수원시 권선구,세류1동,여,40대,기타의료,3,36848,2026-01-20,12283,공공데이터포털_경기도 수원시_지역화폐 결제 정보_20260120
2025-11,수원시 권선구,세류1동,여,40대,레저/스포츠 서비스,18,484980,2026-01-20,26943,공공데이터포털_경기도 수원시_지역화폐 결제 정보_20260120
2025-11,수원시 권선구,세류1동,여,40대,문화/취미,4,12643,2026-01-20,3161,공공데이터포털_경기도 수원시_지역화폐 결제 정보_20260120
2025-11,수원시 권선구,세류1동,여,40대,미용/위생,39,579798,2026-01-20,14867,공공데이터포털_경기도 수원시_지역화폐 결제 정보_20260120
2025-11,수원시 권선구,세류1동,여,40대,서적/문구/학습자재,74,72780,2026-01-20,984,공공데이터포털_경기도 수원시_지역화폐 결제 정보_20260120
2025-11,수원시 권선구,세류1동,여,40대,약국,166,304997,2026-01-20,1837,공공데이터포털_경기도 수원시_지역화폐 결제 정보_20260120
2025-11,수원시 권선구,세류1동,여,40대,용역서비스,12,95535,2026-01-20,7961,공공데이터포털_경기도 수원시_지역화폐 결제 정보_20260120
2025-11,수원시 권선구,세류1동,여,40대,음료/식품,99,212046,2026-01-20,2142,공공데이터포털_경기도 수원시_지역화폐 결제 정보_20260120
2025-11,수원시 권선구,세류1동,여,40대,의원,106,650198,2026-01-20,6134,공공데이터포털_경기도 수원시_지역화폐 결제 정보_20260120
2025-11,수원시 권선구,세류1동,여,40대,일반/휴게 음식,549,1092485,2026-01-20,1990,공공데이터포털_경기도 수원시_지역화폐 결제 정보_20260120
2025-11,수원시 권선구,세류1동,여,40대,일반유통,167,269811,2026-01-20,1616,공공데이터포털_경기도 수원시_지역화폐 결제 정보_20260120
2025-11,수원시 권선구,세류1동,여,40대,자동차 정비/유지,1,89530,2026-01-20,89530,공공데이터포털_경기도 수원시_지역화폐 결제 정보_20260120
2025-11,수원시 권선구,세류1동,여,40대,자동차판매,1,5635,2026-01-20,5635,공공데이터포털_경기도 수원시_지역화폐 결제 정보_20260120
2025-11,수원시 권선구,세류1동,여,40대,학원,116,2880294,2026-01-20,24830,공공데이터포털_경기도 수원시_지역화폐 결제 정보_20260120
2025-11,수원시 권선구,세류1동,여,50대,기타의료,6,40111,2026-01-20,6685,공공데이터포털_경기도 수원시_지역화폐 결제 정보_20260120
2025-11,수원시 권선구,세류1동,여,50대,레저/스포츠 서비스,7,113205,2026-01-20,16172,공공데이터포털_경기도 수원시_지역화폐 결제 정보_20260120
2025-11,수원시 권선구,세류1동,여,50대,문화/취미,4,58625,2026-01-20,14656,공공데이터포털_경기도 수원시_지역화폐 결제 정보_20260120
2025-11,수원시 권선구,세류1동,여,50대,미용/위생,39,456845,2026-01-20,11714,공공데이터포털_경기도 수원시_지역화폐 결제 정보_20260120
2025-11,수원시 권선구,세류1동,여,50대,서적/문구/학습자재,5,355,2026-01-20,71,공공데이터포털_경기도 수원시_지역화폐 결제 정보_20260120
2025-11,수원시 권선구,세류1동,여,50대,약국,47,102007,2026-01-20,2170,공공데이터포털_경기도 수원시_지역화폐 결제 정보_20260120
2025-11,수원시 권선구,세류1동,여,50대,용역서비스,7,28226,2026-01-20,4032,공공데이터포털_경기도 수원시_지역화폐 결제 정보_20260120
2025-11,수원시 권선구,세류1동,여,50대,음료/식품,61,119015,2026-01-20,1951,공공데이터포털_경기도 수원시_지역화폐 결제 정보_20260120
2025-11,수원시 권선구,세류1동,여,50대,의원,48,242406,2026-01-20,5050,공공데이터포털_경기도 수원시_지역화폐 결제 정보_20260120
2025-11,수원시 권선구,세류1동,여,50대,일반/휴게 음식,332,756639,2026-01-20,2279,공공데이터포털_경기도 수원시_지역화폐 결제 정보_20260120
2025-11,수원시 권선구,세류1동,여,50대,일반유통,102,214329,2026-01-20,2101,공공데이터포털_경기도 수원시_지역화폐 결제 정보_20260120
2025-11,수원시 권선구,세류1동,여,50대,학원,12,202626,2026-01-20,16886,공공데이터포털_경기도 수원시_지역화폐 결제 정보_20260120
2025-11,수원시 권선구,세류1동,여,60대 이상,레저/스포츠 서비스,3,26844,2026-01-20,8948,공공데이터포털_경기도 수원시_지역화폐 결제 정보_20260120
2025-11,수원시 권선구,세류1동,여,60대 이상,문화/취미,1,18000,2026-01-20,18000,공공데이터포털_경기도 수원시_지역화폐 결제 정보_20260120
2025-11,수원시 권선구,세류1동,여,60대 이상,미용/위생,33,313815,2026-01-20,9510,공공데이터포털_경기도 수원시_지역화폐 결제 정보_20260120
2025-11,수원시 권선구,세류1동,여,60대 이상,서적/문구/학습자재,2,32431,2026-01-20,16216,공공데이터포털_경기도 수원시_지역화폐 결제 정보_20260120
2025-11,수원시 권선구,세류1동,여,60대 이상,약국,94,200651,2026-01-20,2135,공공데이터포털_경기도 수원시_지역화폐 결제 정보_20260120
2025-11,수원시 권선구,세류1동,여,60대 이상,용역서비스,7,23913,2026-01-20,3416,공공데이터포털_경기도 수원시_지역화폐 결제 정보_20260120
2025-11,수원시 권선구,세류1동,여,60대 이상,음료/식품,38,161177,2026-01-20,4242,공공데이터포털_경기도 수원시_지역화폐 결제 정보_20260120
2025-11,수원시 권선구,세류1동,여,60대 이상,의원,72,208735,2026-01-20,2899,공공데이터포털_경기도 수원시_지역화폐 결제 정보_20260120
2025-11,수원시 권선구,세류1동,여,60대 이상,일반/휴게 음식,180,536367,2026-01-20,2980,공공데이터포털_경기도 수원시_지역화폐 결제 정보_20260120
2025-11,수원시 권선구,세류1동,여,60대 이상,일반유통,58,117553,2026-01-20,2027,공공데이터포털_경기도 수원시_지역화폐 결제 정보_20260120
2025-11,수원시 권선구,세류1동,여,60대 이상,학원,7,189232,2026-01-20,27033,공공데이터포털_경기도 수원시_지역화폐 결제 정보_20260120
2025-11,수원시 권선구,세류1동,여,60대 이상,회원정보미상,4,34040,2026-01-20,8510,공공데이터포털_경기도 수원시_지역화폐 결제 정보_20260120
2025-11,수원시 권선구,세류1동,여,60대 이상,회원정보미상,4,34040,2026-01-20,8510,공공데이터포털_경기도 수원시_지역화폐 결제 정보_20260120
2025-11,수원시 권선구,세류1동,여,60대 이상,미용/위생,1,19000,2026-01-20,19000,공공데이터포털_경기도 수원시_지역화폐 결제 정보_20260120
2025-11,수원시 권선구,세류1동,여,60대 이상,일반/휴게 음식,1,6000,2026-01-20,6000,공공데이터포털_경기도 수원시_지역화폐 결제 정보_20260120
2025-11,수원시 권선구,세류1동,여,60대 이상,일반유통,2,9040,2026-01-20,4520,공공데이터포털_경기도 수원시_지역화폐 결제 정보_20260120
2025-11,수원시 권선구,세류2동,남,10대,용역서비스,2,36900,2026-01-20,18450,공공데이터포털_경기도 수원시_지역화폐 결제 정보_20260120
2025-11,수원시 권선구,세류2동,남,10대,일반/휴게 음식,4,13572,2026-01-20,3393,공공데이터포털_경기도 수원시_지역화폐 결제 정보_20260120
2025-11,수원시 권선구,세류2동,남,10대,일반유통,23,105082,2026-01-20,4569,공공데이터포털_경기도 수원시_지역화폐 결제 정보_20260120
2025-11,수원시 권선구,세류2동,남,10대,주유/충전소,2,11248,2026-01-20,5624,공공데이터포털_경기도 수원시_지역화폐 결제 정보_20260120
2025-11,수원시 권선구,세류2동,남,20대,기타유통,1,120000,2026-01-20,120000,공공데이터포털_경기도 수원시_지역화폐 결제 정보_20260120
2025-11,수원시 권선구,세류2동,남,20대,기타의료,1,955,2026-01-20,955,공공데이터포털_경기도 수원시_지역화폐 결제 정보_20260120
2025-11,수원시 권선구,세류2동,남,20대,레저/스포츠 서비스,11,314711,2026-01-20,28610,공공데이터포털_경기도 수원시_지역화폐 결제 정보_20260120
2025-11,수원시 권선구,세류2동,남,20대,문화/취미,3,50597,2026-01-20,16866,공공데이터포털_경기도 수원시_지역화폐 결제 정보_20260120
2025-11,수원시 권선구,세류2동,남,20대,미용/위생,7,94478,2026-01-20,13497,공공데이터포털_경기도 수원시_지역화폐 결제 정보_20260120
2025-11,수원시 권선구,세류2동,남,20대,서적/문구/학습자재,2,187000,2026-01-20,93500,공공데이터포털_경기도 수원시_지역화폐 결제 정보_20260120
2025-11,수원시 권선구,세류2동,남,20대,약국,9,25142,2026-01-20,2794,공공데이터포털_경기도 수원시_지역화폐 결제 정보_20260120
2025-11,수원시 권선구,세류2동,남,20대,용역서비스,1,1281,2026-01-20,1281,공공데이터포털_경기도 수원시_지역화폐 결제 정보_20260120
2025-11,수원시 권선구,세류2동,남,20대,음료/식품,36,518277,2026-01-20,14397,공공데이터포털_경기도 수원시_지역화폐 결제 정보_20260120
2025-11,수원시 권선구,세류2동,남,20대,의원,3,31100,2026-01-20,10367,공공데이터포털_경기도 수원시_지역화폐 결제 정보_20260120
2025-11,수원시 권선구,세류2동,남,20대,일반/휴게 음식,197,1647862,2026-01-20,8365,공공데이터포털_경기도 수원시_지역화폐 결제 정보_20260120
2025-11,수원시 권선구,세류2동,남,20대,일반유통,264,1644096,2026-01-20,6228,공공데이터포털_경기도 수원시_지역화폐 결제 정보_20260120
2025-11,수원시 권선구,세류2동,남,20대,자동차 정비/유지,7,110649,2026-01-20,15807,공공데이터포털_경기도 수원시_지역화폐 결제 정보_20260120
2025-11,수원시 권선구,세류2동,남,20대,전자제품,2,89000,2026-01-20,44500,공공데이터포털_경기도 수원시_지역화폐 결제 정보_20260120
2025-11,수원시 권선구,세류2동,남,20대,주방용품,16,23060,2026-01-20,1441,공공데이터포털_경기도 수원시_지역화폐 결제 정보_20260120
2025-11,수원시 권선구,세류2동,남,20대,주유/충전소,146,2653871,2026-01-20,18177,공공데이터포털_경기도 수원시_지역화폐 결제 정보_20260120
2025-11,수원시 권선구,세류2동,남,30대,건축자재,1,1158,2026-01-20,1158,공공데이터포털_경기도 수원시_지역화폐 결제 정보_20260120
2025-11,수원시 권선구,세류2동,남,30대,기타의료,4,14993,2026-01-20,3748,공공데이터포털_경기도 수원시_지역화폐 결제 정보_20260120
2025-11,수원시 권선구,세류2동,남,30대,레저/문화 용품,2,14366,2026-01-20,7183,공공데이터포털_경기도 수원시_지역화폐 결제 정보_20260120
2025-11,수원시 권선구,세류2동,남,30대,레저/스포츠 서비스,20,38061,2026-01-20,1903,공공데이터포털_경기도 수원시_지역화폐 결제 정보_20260120
2025-11,수원시 권선구,세류2동,남,30대,문화/취미,12,88059,2026-01-20,7338,공공데이터포털_경기도 수원시_지역화폐 결제 정보_20260120
2025-11,수원시 권선구,세류2동,남,30대,미용/위생,26,188206,2026-01-20,7239,공공데이터포털_경기도 수원시_지역화폐 결제 정보_20260120
2025-11,수원시 권선구,세류2동,남,30대,서적/문구/학습자재,2,15322,2026-01-20,7661,공공데이터포털_경기도 수원시_지역화폐 결제 정보_20260120
2025-11,수원시 권선구,세류2동,남,30대,숙박업,1,5047,2026-01-20,5047,공공데이터포털_경기도 수원시_지역화폐 결제 정보_20260120
2025-11,수원시 권선구,세류2동,남,30대,약국,35,85402,2026-01-20,2440,공공데이터포털_경기도 수원시_지역화폐 결제 정보_20260120
2025-11,수원시 권선구,세류2동,남,30대,용역서비스,32,1754329,2026-01-20,54823,공공데이터포털_경기도 수원시_지역화폐 결제 정보_20260120
2025-11,수원시 권선구,세류2동,남,30대,음료/식품,67,570613,2026-01-20,8517,공공데이터포털_경기도 수원시_지역화폐 결제 정보_20260120
2025-11,수원시 권선구,세류2동,남,30대,의원,1,283,2026-01-20,283,공공데이터포털_경기도 수원시_지역화폐 결제 정보_20260120
2025-11,수원시 권선구,세류2동,남,30대,일반/휴게 음식,397,2064761,2026-01-20,5201,공공데이터포털_경기도 수원시_지역화폐 결제 정보_20260120
2025-11,수원시 권선구,세류2동,남,30대,일반유통,512,1242340,2026-01-20,2426,공공데이터포털_경기도 수원시_지역화폐 결제 정보_20260120
2025-11,수원시 권선구,세류2동,남,30대,자동차 정비/유지,15,48331,2026-01-20,3222,공공데이터포털_경기도 수원시_지역화폐 결제 정보_20260120
2025-11,수원시 권선구,세류2동,남,30대,전자제품,1,688,2026-01-20,688,공공데이터포털_경기도 수원시_지역화폐 결제 정보_20260120
2025-11,수원시 권선구,세류2동,남,30대,주방용품,1,895,2026-01-20,895,공공데이터포털_경기도 수원시_지역화폐 결제 정보_20260120
2025-11,수원시 권선구,세류2동,남,30대,주유/충전소,655,7154559,2026-01-20,10923,공공데이터포털_경기도 수원시_지역화폐 결제 정보_20260120
2025-11,수원시 권선구,세류2동,남,30대,학원,6,431293,2026-01-20,71882,공공데이터포털_경기도 수원시_지역화폐 결제 정보_20260120
2025-11,수원시 권선구,세류2동,남,40대,기타의료,2,5120,2026-01-20,2560,공공데이터포털_경기도 수원시_지역화폐 결제 정보_20260120
2025-11,수원시 권선구,세류2동,남,40대,레저/문화 용품,4,70953,2026-01-20,17738,공공데이터포털_경기도 수원시_지역화폐 결제 정보_20260120
2025-11,수원시 권선구,세류2동,남,40대,레저/스포츠 서비스,10,30425,2026-01-20,3042,공공데이터포털_경기도 수원시_지역화폐 결제 정보_20260120
2025-11,수원시 권선구,세류2동,남,40대,문화/취미,20,148806,2026-01-20,7440,공공데이터포털_경기도 수원시_지역화폐 결제 정보_20260120
2025-11,수원시 권선구,세류2동,남,40대,미용/위생,17,73367,2026-01-20,4316,공공데이터포털_경기도 수원시_지역화폐 결제 정보_20260120
2025-11,수원시 권선구,세류2동,남,40대,서적/문구/학습자재,21,24166,2026-01-20,1151,공공데이터포털_경기도 수원시_지역화폐 결제 정보_20260120
2025-11,수원시 권선구,세류2동,남,40대,숙박업,2,10216,2026-01-20,5108,공공데이터포털_경기도 수원시_지역화폐 결제 정보_20260120
2025-11,수원시 권선구,세류2동,남,40대,약국,35,95617,2026-01-20,2732,공공데이터포털_경기도 수원시_지역화폐 결제 정보_20260120
2025-11,수원시 권선구,세류2동,남,40대,용역서비스,24,81423,2026-01-20,3393,공공데이터포털_경기도 수원시_지역화폐 결제 정보_20260120
2025-11,수원시 권선구,세류2동,남,40대,음료/식품,73,350592,2026-01-20,4803,공공데이터포털_경기도 수원시_지역화폐 결제 정보_20260120
2025-11,수원시 권선구,세류2동,남,40대,의원,15,102134,2026-01-20,6809,공공데이터포털_경기도 수원시_지역화폐 결제 정보_20260120
2025-11,수원시 권선구,세류2동,남,40대,일반/휴게 음식,436,2189694,2026-01-20,5022,공공데이터포털_경기도 수원시_지역화폐 결제 정보_20260120
2025-11,수원시 권선구,세류2동,남,40대,일반유통,436,871043,2026-01-20,1998,공공데이터포털_경기도 수원시_지역화폐 결제 정보_20260120
2025-11,수원시 권선구,세류2동,남,40대,자동차 정비/유지,18,589943,2026-01-20,32775,공공데이터포털_경기도 수원시_지역화폐 결제 정보_20260120
2025-11,수원시 권선구,세류2동,남,40대,전자제품,1,4012,2026-01-20,4012,공공데이터포털_경기도 수원시_지역화폐 결제 정보_20260120
2025-11,수원시 권선구,세류2동,남,40대,주방용품,2,4666,2026-01-20,2333,공공데이터포털_경기도 수원시_지역화폐 결제 정보_20260120
2025-11,수원시 권선구,세류2동,남,40대,주유/충전소,553,5162454,2026-01-20,9335,공공데이터포털_경기도 수원시_지역화폐 결제 정보_20260120
2025-11,수원시 권선구,세류2동,남,40대,학원,25,573987,2026-01-20,22959,공공데이터포털_경기도 수원시_지역화폐 결제 정보_20260120
2025-11,수원시 권선구,세류2동,남,50대,가구,1,3516,2026-01-20,3516,공공데이터포털_경기도 수원시_지역화폐 결제 정보_20260120
2025-11,수원시 권선구,세류2동,남,50대,건축자재,1,3367,2026-01-20,3367,공공데이터포털_경기도 수원시_지역화폐 결제 정보_20260120
2025-11,수원시 권선구,세류2동,남,50대,기타의료,2,2202,2026-01-20,1101,공공데이터포털_경기도 수원시_지역화폐 결제 정보_20260120
2025-11,수원시 권선구,세류2동,남,50대,대형유통,2,2918,2026-01-20,1459,공공데이터포털_경기도 수원시_지역화폐 결제 정보_20260120
2025-11,수원시 권선구,세류2동,남,50대,레저/문화 용품,8,27950,2026-01-20,3494,공공데이터포털_경기도 수원시_지역화폐 결제 정보_20260120
2025-11,수원시 권선구,세류2동,남,50대,레저/스포츠 서비스,27,20901,2026-01-20,774,공공데이터포털_경기도 수원시_지역화폐 결제 정보_20260120
2025-11,수원시 권선구,세류2동,남,50대,문화/취미,11,96289,2026-01-20,8754,공공데이터포털_경기도 수원시_지역화폐 결제 정보_20260120
2025-11,수원시 권선구,세류2동,남,50대,미용/위생,20,146321,2026-01-20,7316,공공데이터포털_경기도 수원시_지역화폐 결제 정보_20260120
2025-11,수원시 권선구,세류2동,남,50대,서적/문구/학습자재,19,6353,2026-01-20,334,공공데이터포털_경기도 수원시_지역화폐 결제 정보_20260120
2025-11,수원시 권선구,세류2동,남,50대,약국,37,213798,2026-01-20,5778,공공데이터포털_경기도 수원시_지역화폐 결제 정보_20260120
2025-11,수원시 권선구,세류2동,남,50대,용역서비스,10,74801,2026-01-20,7480,공공데이터포털_경기도 수원시_지역화폐 결제 정보_20260120
2025-11,수원시 권선구,세류2동,남,50대,음료/식품,58,466190,2026-01-20,8038,공공데이터포털_경기도 수원시_지역화폐 결제 정보_20260120
2025-11,수원시 권선구,세류2동,남,50대,의류,1,2728,2026-01-20,2728,공공데이터포털_경기도 수원시_지역화폐 결제 정보_20260120
2025-11,수원시 권선구,세류2동,남,50대,의원,9,156829,2026-01-20,17425,공공데이터포털_경기도 수원시_지역화폐 결제 정보_20260120
2025-11,수원시 권선구,세류2동,남,50대,일반/휴게 음식,438,1863515,2026-01-20,4255,공공데이터포털_경기도 수원시_지역화폐 결제 정보_20260120
2025-11,수원시 권선구,세류2동,남,50대,일반유통,483,956559,2026-01-20,1980,공공데이터포털_경기도 수원시_지역화폐 결제 정보_20260120
2025-11,수원시 권선구,세류2동,남,50대,자동차 정비/유지,12,148796,2026-01-20,12400,공공데이터포털_경기도 수원시_지역화폐 결제 정보_20260120
2025-11,수원시 권선구,세류2동,남,50대,전자제품,2,58436,2026-01-20,29218,공공데이터포털_경기도 수원시_지역화폐 결제 정보_20260120
2025-11,수원시 권선구,세류2동,남,50대,주방용품,1,1505,2026-01-20,1505,공공데이터포털_경기도 수원시_지역화폐 결제 정보_20260120
2025-11,수원시 권선구,세류2동,남,50대,주유/충전소,401,3851785,2026-01-20,9605,공공데이터포털_경기도 수원시_지역화폐 결제 정보_20260120
2025-11,수원시 권선구,세류2동,남,50대,학원,11,295291,2026-01-20,26845,공공데이터포털_경기도 수원시_지역화폐 결제 정보_20260120
2025-11,수원시 권선구,세류2동,남,60대 이상,건축자재,1,43371,2026-01-20,43371,공공데이터포털_경기도 수원시_지역화폐 결제 정보_20260120
2025-11,수원시 권선구,세류2동,남,60대 이상,기타유통,2,10301,2026-01-20,5150,공공데이터포털_경기도 수원시_지역화폐 결제 정보_20260120
2025-11,수원시 권선구,세류2동,남,60대 이상,기타의료,8,35567,2026-01-20,4446,공공데이터포털_경기도 수원시_지역화폐 결제 정보_20260120
2025-11,수원시 권선구,세류2동,남,60대 이상,대형유통,2,9019,2026-01-20,4510,공공데이터포털_경기도 수원시_지역화폐 결제 정보_20260120
2025-11,수원시 권선구,세류2동,남,60대 이상,레저/스포츠 서비스,9,54349,2026-01-20,6039,공공데이터포털_경기도 수원시_지역화폐 결제 정보_20260120
2025-11,수원시 권선구,세류2동,남,60대 이상,문화/취미,3,18806,2026-01-20,6269,공공데이터포털_경기도 수원시_지역화폐 결제 정보_20260120
2025-11,수원시 권선구,세류2동,남,60대 이상,미용/위생,15,43820,2026-01-20,2921,공공데이터포털_경기도 수원시_지역화폐 결제 정보_20260120
2025-11,수원시 권선구,세류2동,남,60대 이상,사무/통신,1,1069,2026-01-20,1069,공공데이터포털_경기도 수원시_지역화폐 결제 정보_20260120
2025-11,수원시 권선구,세류2동,남,60대 이상,서적/문구/학습자재,2,11649,2026-01-20,5824,공공데이터포털_경기도 수원시_지역화폐 결제 정보_20260120
2025-11,수원시 권선구,세류2동,남,60대 이상,약국,59,225067,2026-01-20,3815,공공데이터포털_경기도 수원시_지역화폐 결제 정보_20260120
2025-11,수원시 권선구,세류2동,남,60대 이상,용역서비스,14,39315,2026-01-20,2808,공공데이터포털_경기도 수원시_지역화폐 결제 정보_20260120
2025-11,수원시 권선구,세류2동,남,60대 이상,음료/식품,103,539600,2026-01-20,5239,공공데이터포털_경기도 수원시_지역화폐 결제 정보_20260120
2025-11,수원시 권선구,세류2동,남,60대 이상,의류,4,93123,2026-01-20,23281,공공데이터포털_경기도 수원시_지역화폐 결제 정보_20260120
2025-11,수원시 권선구,세류2동,남,60대 이상,의원,51,240600,2026-01-20,4718,공공데이터포털_경기도 수원시_지역화폐 결제 정보_20260120
2025-11,수원시 권선구,세류2동,남,60대 이상,일반/휴게 음식,378,1522770,2026-01-20,4028,공공데이터포털_경기도 수원시_지역화폐 결제 정보_20260120
2025-11,수원시 권선구,세류2동,남,60대 이상,일반유통,281,621345,2026-01-20,2211,공공데이터포털_경기도 수원시_지역화폐 결제 정보_20260120
2025-11,수원시 권선구,세류2동,남,60대 이상,자동차 정비/유지,5,52764,2026-01-20,10553,공공데이터포털_경기도 수원시_지역화폐 결제 정보_20260120
2025-11,수원시 권선구,세류2동,남,60대 이상,주방용품,5,19699,2026-01-20,3940,공공데이터포털_경기도 수원시_지역화폐 결제 정보_20260120
2025-11,수원시 권선구,세류2동,남,60대 이상,주유/충전소,301,3592628,2026-01-20,11936,공공데이터포털_경기도 수원시_지역화폐 결제 정보_20260120
2025-11,수원시 권선구,세류2동,남,60대 이상,학원,1,25339,2026-01-20,25339,공공데이터포털_경기도 수원시_지역화폐 결제 정보_20260120
2025-11,수원시 권선구,세류2동,여,10대,미용/위생,1,18000,2026-01-20,18000,공공데이터포털_경기도 수원시_지역화폐 결제 정보_20260120
2025-11,수원시 권선구,세류2동,여,10대,서적/문구/학습자재,1,1372,2026-01-20,1372,공공데이터포털_경기도 수원시_지역화폐 결제 정보_20260120
2025-11,수원시 권선구,세류2동,여,10대,일반/휴게 음식,12,100172,2026-01-20,8348,공공데이터포털_경기도 수원시_지역화폐 결제 정보_20260120
2025-11,수원시 권선구,세류2동,여,10대,일반유통,11,56580,2026-01-20,5144,공공데이터포털_경기도 수원시_지역화폐 결제 정보_20260120
2025-11,수원시 권선구,세류2동,여,10대,주유/충전소,4,7393,2026-01-20,1848,공공데이터포털_경기도 수원시_지역화폐 결제 정보_20260120
2025-11,수원시 권선구,세류2동,여,10대,학원,1,91094,2026-01-20,91094,공공데이터포털_경기도 수원시_지역화폐 결제 정보_20260120
2025-11,수원시 권선구,세류2동,여,20대,기타의료,5,17905,2026-01-20,3581,공공데이터포털_경기도 수원시_지역화폐 결제 정보_20260120
2025-11,수원시 권선구,세류2동,여,20대,레저/스포츠 서비스,6,36376,2026-01-20,6063,공공데이터포털_경기도 수원시_지역화폐 결제 정보_20260120
2025-11,수원시 권선구,세류2동,여,20대,문화/취미,3,122107,2026-01-20,40702,공공데이터포털_경기도 수원시_지역화폐 결제 정보_20260120
2025-11,수원시 권선구,세류2동,여,20대,미용/위생,13,508822,2026-01-20,39140,공공데이터포털_경기도 수원시_지역화폐 결제 정보_20260120
2025-11,수원시 권선구,세류2동,여,20대,서적/문구/학습자재,1,1888,2026-01-20,1888,공공데이터포털_경기도 수원시_지역화폐 결제 정보_20260120
2025-11,수원시 권선구,세류2동,여,20대,약국,27,78108,2026-01-20,2893,공공데이터포털_경기도 수원시_지역화폐 결제 정보_20260120
2025-11,수원시 권선구,세류2동,여,20대,용역서비스,22,88966,2026-01-20,4044,공공데이터포털_경기도 수원시_지역화폐 결제 정보_20260120
2025-11,수원시 권선구,세류2동,여,20대,음료/식품,55,773629,2026-01-20,14066,공공데이터포털_경기도 수원시_지역화폐 결제 정보_20260120
2025-11,수원시 권선구,세류2동,여,20대,의원,3,150599,2026-01-20,50200,공공데이터포털_경기도 수원시_지역화폐 결제 정보_20260120
2025-11,수원시 권선구,세류2동,여,20대,일반/휴게 음식,173,1391032,2026-01-20,8041,공공데이터포털_경기도 수원시_지역화폐 결제 정보_20260120
2025-11,수원시 권선구,세류2동,여,20대,일반유통,218,1010860,2026-01-20,4637,공공데이터포털_경기도 수원시_지역화폐 결제 정보_20260120
2025-11,수원시 권선구,세류2동,여,20대,자동차 정비/유지,1,454,2026-01-20,454,공공데이터포털_경기도 수원시_지역화폐 결제 정보_20260120
2025-11,수원시 권선구,세류2동,여,20대,주유/충전소,90,1377689,2026-01-20,15308,공공데이터포털_경기도 수원시_지역화폐 결제 정보_20260120
2025-11,수원시 권선구,세류2동,여,30대,건축자재,1,5318,2026-01-20,5318,공공데이터포털_경기도 수원시_지역화폐 결제 정보_20260120
2025-11,수원시 권선구,세류2동,여,30대,기타의료,3,22974,2026-01-20,7658,공공데이터포털_경기도 수원시_지역화폐 결제 정보_20260120
2025-11,수원시 권선구,세류2동,여,30대,대형유통,1,369,2026-01-20,369,공공데이터포털_경기도 수원시_지역화폐 결제 정보_20260120
2025-11,수원시 권선구,세류2동,여,30대,레저/문화 용품,2,126759,2026-01-20,63380,공공데이터포털_경기도 수원시_지역화폐 결제 정보_20260120
2025-11,수원시 권선구,세류2동,여,30대,레저/스포츠 서비스,1,187000,2026-01-20,187000,공공데이터포털_경기도 수원시_지역화폐 결제 정보_20260120
2025-11,수원시 권선구,세류2동,여,30대,문화/취미,5,74863,2026-01-20,14973,공공데이터포털_경기도 수원시_지역화폐 결제 정보_20260120
2025-11,수원시 권선구,세류2동,여,30대,미용/위생,31,405827,2026-01-20,13091,공공데이터포털_경기도 수원시_지역화폐 결제 정보_20260120
2025-11,수원시 권선구,세류2동,여,30대,서적/문구/학습자재,2,39510,2026-01-20,19755,공공데이터포털_경기도 수원시_지역화폐 결제 정보_20260120
2025-11,수원시 권선구,세류2동,여,30대,약국,76,378832,2026-01-20,4985,공공데이터포털_경기도 수원시_지역화폐 결제 정보_20260120
2025-11,수원시 권선구,세류2동,여,30대,용역서비스,46,5189714,2026-01-20,112820,공공데이터포털_경기도 수원시_지역화폐 결제 정보_20260120
2025-11,수원시 권선구,세류2동,여,30대,음료/식품,100,515911,2026-01-20,5159,공공데이터포털_경기도 수원시_지역화폐 결제 정보_20260120
2025-11,수원시 권선구,세류2동,여,30대,의원,4,14694,2026-01-20,3674,공공데이터포털_경기도 수원시_지역화폐 결제 정보_20260120
2025-11,수원시 권선구,세류2동,여,30대,일반/휴게 음식,396,2047055,2026-01-20,5169,공공데이터포털_경기도 수원시_지역화폐 결제 정보_20260120
2025-11,수원시 권선구,세류2동,여,30대,일반유통,301,1019894,2026-01-20,3388,공공데이터포털_경기도 수원시_지역화폐 결제 정보_20260120
2025-11,수원시 권선구,세류2동,여,30대,자동차 정비/유지,6,161729,2026-01-20,26955,공공데이터포털_경기도 수원시_지역화폐 결제 정보_20260120
2025-11,수원시 권선구,세류2동,여,30대,전자제품,10,59629,2026-01-20,5963,공공데이터포털_경기도 수원시_지역화폐 결제 정보_20260120
2025-11,수원시 권선구,세류2동,여,30대,주유/충전소,316,3406612,2026-01-20,10780,공공데이터포털_경기도 수원시_지역화폐 결제 정보_20260120
2025-11,수원시 권선구,세류2동,여,30대,학원,7,687962,2026-01-20,98280,공공데이터포털_경기도 수원시_지역화폐 결제 정보_20260120
2025-11,수원시 권선구,세류2동,여,40대,기타의료,3,8657,2026-01-20,2886,공공데이터포털_경기도 수원시_지역화폐 결제 정보_20260120
2025-11,수원시 권선구,세류2동,여,40대,대형유통,3,11858,2026-01-20,3953,공공데이터포털_경기도 수원시_지역화폐 결제 정보_20260120
2025-11,수원시 권선구,세류2동,여,40대,레저/스포츠 서비스,4,14632,2026-01-20,3658,공공데이터포털_경기도 수원시_지역화폐 결제 정보_20260120
2025-11,수원시 권선구,세류2동,여,40대,문화/취미,8,112225,2026-01-20,14028,공공데이터포털_경기도 수원시_지역화폐 결제 정보_20260120
2025-11,수원시 권선구,세류2동,여,40대,미용/위생,15,150830,2026-01-20,10055,공공데이터포털_경기도 수원시_지역화폐 결제 정보_20260120
2025-11,수원시 권선구,세류2동,여,40대,서적/문구/학습자재,12,52175,2026-01-20,4348,공공데이터포털_경기도 수원시_지역화폐 결제 정보_20260120
2025-11,수원시 권선구,세류2동,여,40대,약국,67,239932,2026-01-20,3581,공공데이터포털_경기도 수원시_지역화폐 결제 정보_20260120
2025-11,수원시 권선구,세류2동,여,40대,용역서비스,30,651649,2026-01-20,21722,공공데이터포털_경기도 수원시_지역화폐 결제 정보_20260120
2025-11,수원시 권선구,세류2동,여,40대,음료/식품,110,704416,2026-01-20,6404,공공데이터포털_경기도 수원시_지역화폐 결제 정보_20260120
2025-11,수원시 권선구,세류2동,여,40대,의류,3,58104,2026-01-20,19368,공공데이터포털_경기도 수원시_지역화폐 결제 정보_20260120
2025-11,수원시 권선구,세류2동,여,40대,의원,16,61558,2026-01-20,3847,공공데이터포털_경기도 수원시_지역화폐 결제 정보_20260120
2025-11,수원시 권선구,세류2동,여,40대,일반/휴게 음식,538,2662055,2026-01-20,4948,공공데이터포털_경기도 수원시_지역화폐 결제 정보_20260120
2025-11,수원시 권선구,세류2동,여,40대,일반유통,410,1165593,2026-01-20,2843,공공데이터포털_경기도 수원시_지역화폐 결제 정보_20260120
2025-11,수원시 권선구,세류2동,여,40대,자동차 정비/유지,11,82626,2026-01-20,7511,공공데이터포털_경기도 수원시_지역화폐 결제 정보_20260120
2025-11,수원시 권선구,세류2동,여,40대,전자제품,1,3220,2026-01-20,3220,공공데이터포털_경기도 수원시_지역화폐 결제 정보_20260120
2025-11,수원시 권선구,세류2동,여,40대,주방용품,5,9391,2026-01-20,1878,공공데이터포털_경기도 수원시_지역화폐 결제 정보_20260120
2025-11,수원시 권선구,세류2동,여,40대,주유/충전소,324,2819910,2026-01-20,8703,공공데이터포털_경기도 수원시_지역화폐 결제 정보_20260120
2025-11,수원시 권선구,세류2동,여,40대,학원,30,954610,2026-01-20,31820,공공데이터포털_경기도 수원시_지역화폐 결제 정보_20260120
2025-11,수원시 권선구,세류2동,여,50대,기타의료,6,13317,2026-01-20,2220,공공데이터포털_경기도 수원시_지역화폐 결제 정보_20260120
2025-11,수원시 권선구,세류2동,여,50대,대형유통,2,4384,2026-01-20,2192,공공데이터포털_경기도 수원시_지역화폐 결제 정보_20260120
2025-11,수원시 권선구,세류2동,여,50대,레저/스포츠 서비스,6,61989,2026-01-20,10332,공공데이터포털_경기도 수원시_지역화폐 결제 정보_20260120
2025-11,수원시 권선구,세류2동,여,50대,문화/취미,7,66962,2026-01-20,9566,공공데이터포털_경기도 수원시_지역화폐 결제 정보_20260120
2025-11,수원시 권선구,세류2동,여,50대,미용/위생,52,661019,2026-01-20,12712,공공데이터포털_경기도 수원시_지역화폐 결제 정보_20260120
2025-11,수원시 권선구,세류2동,여,50대,서적/문구/학습자재,3,14319,2026-01-20,4773,공공데이터포털_경기도 수원시_지역화폐 결제 정보_20260120
2025-11,수원시 권선구,세류2동,여,50대,약국,71,386237,2026-01-20,5440,공공데이터포털_경기도 수원시_지역화폐 결제 정보_20260120
2025-11,수원시 권선구,세류2동,여,50대,용역서비스,25,149535,2026-01-20,5981,공공데이터포털_경기도 수원시_지역화폐 결제 정보_20260120
2025-11,수원시 권선구,세류2동,여,50대,음료/식품,163,919147,2026-01-20,5639,공공데이터포털_경기도 수원시_지역화폐 결제 정보_20260120
2025-11,수원시 권선구,세류2동,여,50대,의류,2,1387,2026-01-20,694,공공데이터포털_경기도 수원시_지역화폐 결제 정보_20260120
2025-11,수원시 권선구,세류2동,여,50대,의원,25,308227,2026-01-20,12329,공공데이터포털_경기도 수원시_지역화폐 결제 정보_20260120
2025-11,수원시 권선구,세류2동,여,50대,일반/휴게 음식,488,2080317,2026-01-20,4263,공공데이터포털_경기도 수원시_지역화폐 결제 정보_20260120
2025-11,수원시 권선구,세류2동,여,50대,일반유통,368,1239372,2026-01-20,3368,공공데이터포털_경기도 수원시_지역화폐 결제 정보_20260120
2025-11,수원시 권선구,세류2동,여,50대,자동차 정비/유지,9,326882,2026-01-20,36320,공공데이터포털_경기도 수원시_지역화폐 결제 정보_20260120
2025-11,수원시 권선구,세류2동,여,50대,주방용품,1,14000,2026-01-20,14000,공공데이터포털_경기도 수원시_지역화폐 결제 정보_20260120
2025-11,수원시 권선구,세류2동,여,50대,주유/충전소,270,2336993,2026-01-20,8656,공공데이터포털_경기도 수원시_지역화폐 결제 정보_20260120
2025-11,수원시 권선구,세류2동,여,50대,학원,1,34862,2026-01-20,34862,공공데이터포털_경기도 수원시_지역화폐 결제 정보_20260120
2025-11,수원시 권선구,세류2동,여,60대 이상,기타유통,1,10000,2026-01-20,10000,공공데이터포털_경기도 수원시_지역화폐 결제 정보_20260120
2025-11,수원시 권선구,세류2동,여,60대 이상,기타의료,6,11965,2026-01-20,1994,공공데이터포털_경기도 수원시_지역화폐 결제 정보_20260120
2025-11,수원시 권선구,세류2동,여,60대 이상,대형유통,1,1249,2026-01-20,1249,공공데이터포털_경기도 수원시_지역화폐 결제 정보_20260120
2025-11,수원시 권선구,세류2동,여,60대 이상,레저/스포츠 서비스,4,10908,2026-01-20,2727,공공데이터포털_경기도 수원시_지역화폐 결제 정보_20260120
2025-11,수원시 권선구,세류2동,여,60대 이상,문화/취미,2,10483,2026-01-20,5242,공공데이터포털_경기도 수원시_지역화폐 결제 정보_20260120
2025-11,수원시 권선구,세류2동,여,60대 이상,미용/위생,48,361867,2026-01-20,7539,공공데이터포털_경기도 수원시_지역화폐 결제 정보_20260120
2025-11,수원시 권선구,세류2동,여,60대 이상,숙박업,1,2879,2026-01-20,2879,공공데이터포털_경기도 수원시_지역화폐 결제 정보_20260120
2025-11,수원시 권선구,세류2동,여,60대 이상,약국,61,256853,2026-01-20,4211,공공데이터포털_경기도 수원시_지역화폐 결제 정보_20260120
2025-11,수원시 권선구,세류2동,여,60대 이상,용역서비스,12,157233,2026-01-20,13103,공공데이터포털_경기도 수원시_지역화폐 결제 정보_20260120
2025-11,수원시 권선구,세류2동,여,60대 이상,음료/식품,197,911493,2026-01-20,4627,공공데이터포털_경기도 수원시_지역화폐 결제 정보_20260120
2025-11,수원시 권선구,세류2동,여,60대 이상,의류,1,69929,2026-01-20,69929,공공데이터포털_경기도 수원시_지역화폐 결제 정보_20260120
2025-11,수원시 권선구,세류2동,여,60대 이상,의원,84,296458,2026-01-20,3529,공공데이터포털_경기도 수원시_지역화폐 결제 정보_20260120
2025-11,수원시 권선구,세류2동,여,60대 이상,일반/휴게 음식,253,1648293,2026-01-20,6515,공공데이터포털_경기도 수원시_지역화폐 결제 정보_20260120
2025-11,수원시 권선구,세류2동,여,60대 이상,일반유통,235,742101,2026-01-20,3158,공공데이터포털_경기도 수원시_지역화폐 결제 정보_20260120
2025-11,수원시 권선구,세류2동,여,60대 이상,전자제품,4,13367,2026-01-20,3342,공공데이터포털_경기도 수원시_지역화폐 결제 정보_20260120
2025-11,수원시 권선구,세류2동,여,60대 이상,주방용품,6,11561,2026-01-20,1927,공공데이터포털_경기도 수원시_지역화폐 결제 정보_20260120
2025-11,수원시 권선구,세류2동,여,60대 이상,주유/충전소,144,1565276,2026-01-20,10870,공공데이터포털_경기도 수원시_지역화폐 결제 정보_20260120
2025-11,수원시 권선구,세류2동,여,60대 이상,회원정보미상,20,370950,2026-01-20,18548,공공데이터포털_경기도 수원시_지역화폐 결제 정보_20260120
2025-11,수원시 권선구,세류2동,여,60대 이상,회원정보미상,20,370950,2026-01-20,18548,공공데이터포털_경기도 수원시_지역화폐 결제 정보_20260120
2025-11,수원시 권선구,세류2동,여,60대 이상,대형유통,1,65000,2026-01-20,65000,공공데이터포털_경기도 수원시_지역화폐 결제 정보_20260120
2025-11,수원시 권선구,세류2동,여,60대 이상,문화/취미,1,50000,2026-01-20,50000,공공데이터포털_경기도 수원시_지역화폐 결제 정보_20260120
2025-11,수원시 권선구,세류2동,여,60대 이상,미용/위생,2,18000,2026-01-20,9000,공공데이터포털_경기도 수원시_지역화폐 결제 정보_20260120
2025-11,수원시 권선구,세류2동,여,60대 이상,약국,2,44500,2026-01-20,22250,공공데이터포털_경기도 수원시_지역화폐 결제 정보_20260120
2025-11,수원시 권선구,세류2동,여,60대 이상,용역서비스,2,11000,2026-01-20,5500,공공데이터포털_경기도 수원시_지역화폐 결제 정보_20260120
2025-11,수원시 권선구,세류2동,여,60대 이상,음료/식품,4,22000,2026-01-20,5500,공공데이터포털_경기도 수원시_지역화폐 결제 정보_20260120
2025-11,수원시 권선구,세류2동,여,60대 이상,일반/휴게 음식,3,43300,2026-01-20,14433,공공데이터포털_경기도 수원시_지역화폐 결제 정보_20260120
2025-11,수원시 권선구,세류2동,여,60대 이상,일반유통,4,95750,2026-01-20,23938,공공데이터포털_경기도 수원시_지역화폐 결제 정보_20260120
2025-11,수원시 권선구,세류2동,여,60대 이상,주유/충전소,1,21400,2026-01-20,21400,공공데이터포털_경기도 수원시_지역화폐 결제 정보_20260120
2025-11,수원시 권선구,세류3동,남,10대,레저/스포츠 서비스,2,1661,2026-01-20,830,공공데이터포털_경기도 수원시_지역화폐 결제 정보_20260120
2025-11,수원시 권선구,세류3동,남,10대,일반/휴게 음식,12,78277,2026-01-20,6523,공공데이터포털_경기도 수원시_지역화폐 결제 정보_20260120
2025-11,수원시 권선구,세류3동,남,10대,일반유통,6,34082,2026-01-20,5680,공공데이터포털_경기도 수원시_지역화폐 결제 정보_20260120
2025-11,수원시 권선구,세류3동,남,10대,학원,1,6000,2026-01-20,6000,공공데이터포털_경기도 수원시_지역화폐 결제 정보_20260120
2025-11,수원시 권선구,세류3동,남,20대,레저/스포츠 서비스,22,108866,2026-01-20,4948,공공데이터포털_경기도 수원시_지역화폐 결제 정보_20260120
2025-11,수원시 권선구,세류3동,남,20대,문화/취미,1,7400,2026-01-20,7400,공공데이터포털_경기도 수원시_지역화폐 결제 정보_20260120
2025-11,수원시 권선구,세류3동,남,20대,미용/위생,19,363338,2026-01-20,19123,공공데이터포털_경기도 수원시_지역화폐 결제 정보_20260120
2025-11,수원시 권선구,세류3동,남,20대,약국,16,42828,2026-01-20,2677,공공데이터포털_경기도 수원시_지역화폐 결제 정보_20260120
2025-11,수원시 권선구,세류3동,남,20대,용역서비스,1,30000,2026-01-20,30000,공공데이터포털_경기도 수원시_지역화폐 결제 정보_20260120
2025-11,수원시 권선구,세류3동,남,20대,음료/식품,41,272932,2026-01-20,6657,공공데이터포털_경기도 수원시_지역화폐 결제 정보_20260120
2025-11,수원시 권선구,세류3동,남,20대,의류,7,214111,2026-01-20,30587,공공데이터포털_경기도 수원시_지역화폐 결제 정보_20260120
2025-11,수원시 권선구,세류3동,남,20대,의원,4,14100,2026-01-20,3525,공공데이터포털_경기도 수원시_지역화폐 결제 정보_20260120
2025-11,수원시 권선구,세류3동,남,20대,일반/휴게 음식,185,2103763,2026-01-20,11372,공공데이터포털_경기도 수원시_지역화폐 결제 정보_20260120
2025-11,수원시 권선구,세류3동,남,20대,일반유통,169,1057642,2026-01-20,6258,공공데이터포털_경기도 수원시_지역화폐 결제 정보_20260120
2025-11,수원시 권선구,세류3동,남,20대,자동차 정비/유지,2,71144,2026-01-20,35572,공공데이터포털_경기도 수원시_지역화폐 결제 정보_20260120
2025-11,수원시 권선구,세류3동,남,20대,직물/침구류,1,10623,2026-01-20,10623,공공데이터포털_경기도 수원시_지역화폐 결제 정보_20260120
2025-11,수원시 권선구,세류3동,남,20대,학원,6,40091,2026-01-20,6682,공공데이터포털_경기도 수원시_지역화폐 결제 정보_20260120
2025-11,수원시 권선구,세류3동,남,30대,레저/문화 용품,1,363,2026-01-20,363,공공데이터포털_경기도 수원시_지역화폐 결제 정보_20260120
2025-11,수원시 권선구,세류3동,남,30대,레저/스포츠 서비스,26,450705,2026-01-20,17335,공공데이터포털_경기도 수원시_지역화폐 결제 정보_20260120
2025-11,수원시 권선구,세류3동,남,30대,문화/취미,2,18470,2026-01-20,9235,공공데이터포털_경기도 수원시_지역화폐 결제 정보_20260120
2025-11,수원시 권선구,세류3동,남,30대,미용/위생,61,422617,2026-01-20,6928,공공데이터포털_경기도 수원시_지역화폐 결제 정보_20260120
2025-11,수원시 권선구,세류3동,남,30대,약국,13,30048,2026-01-20,2311,공공데이터포털_경기도 수원시_지역화폐 결제 정보_20260120
2025-11,수원시 권선구,세류3동,남,30대,용역서비스,2,1378,2026-01-20,689,공공데이터포털_경기도 수원시_지역화폐 결제 정보_20260120
2025-11,수원시 권선구,세류3동,남,30대,음료/식품,168,591413,2026-01-20,3520,공공데이터포털_경기도 수원시_지역화폐 결제 정보_20260120
2025-11,수원시 권선구,세류3동,남,30대,의류,18,256326,2026-01-20,14240,공공데이터포털_경기도 수원시_지역화폐 결제 정보_20260120
2025-11,수원시 권선구,세류3동,남,30대,의원,14,62919,2026-01-20,4494,공공데이터포털_경기도 수원시_지역화폐 결제 정보_20260120
2025-11,수원시 권선구,세류3동,남,30대,일반/휴게 음식,405,2182993,2026-01-20,5390,공공데이터포털_경기도 수원시_지역화폐 결제 정보_20260120
2025-11,수원시 권선구,세류3동,남,30대,일반유통,318,900420,2026-01-20,2832,공공데이터포털_경기도 수원시_지역화폐 결제 정보_20260120
2025-11,수원시 권선구,세류3동,남,30대,자동차 정비/유지,23,305473,2026-01-20,13281,공공데이터포털_경기도 수원시_지역화폐 결제 정보_20260120
2025-11,수원시 권선구,세류3동,남,30대,전자상거래,6,33618,2026-01-20,5603,공공데이터포털_경기도 수원시_지역화폐 결제 정보_20260120
2025-11,수원시 권선구,세류3동,남,30대,직물/침구류,1,60115,2026-01-20,60115,공공데이터포털_경기도 수원시_지역화폐 결제 정보_20260120
2025-11,수원시 권선구,세류3동,남,30대,학원,12,354414,2026-01-20,29534,공공데이터포털_경기도 수원시_지역화폐 결제 정보_20260120
2025-11,수원시 권선구,세류3동,남,40대,레저/문화 용품,1,2163,2026-01-20,2163,공공데이터포털_경기도 수원시_지역화폐 결제 정보_20260120
2025-11,수원시 권선구,세류3동,남,40대,레저/스포츠 서비스,53,757649,2026-01-20,14295,공공데이터포털_경기도 수원시_지역화폐 결제 정보_20260120
2025-11,수원시 권선구,세류3동,남,40대,문화/취미,6,228161,2026-01-20,38027,공공데이터포털_경기도 수원시_지역화폐 결제 정보_20260120
2025-11,수원시 권선구,세류3동,남,40대,미용/위생,47,309324,2026-01-20,6581,공공데이터포털_경기도 수원시_지역화폐 결제 정보_20260120
2025-11,수원시 권선구,세류3동,남,40대,서적/문구/학습자재,2,593,2026-01-20,296,공공데이터포털_경기도 수원시_지역화폐 결제 정보_20260120
2025-11,수원시 권선구,세류3동,남,40대,약국,19,42933,2026-01-20,2260,공공데이터포털_경기도 수원시_지역화폐 결제 정보_20260120
2025-11,수원시 권선구,세류3동,남,40대,용역서비스,2,7375,2026-01-20,3688,공공데이터포털_경기도 수원시_지역화폐 결제 정보_20260120
2025-11,수원시 권선구,세류3동,남,40대,음료/식품,110,454604,2026-01-20,4133,공공데이터포털_경기도 수원시_지역화폐 결제 정보_20260120
2025-11,수원시 권선구,세류3동,남,40대,의류,8,51740,2026-01-20,6468,공공데이터포털_경기도 수원시_지역화폐 결제 정보_20260120
2025-11,수원시 권선구,세류3동,남,40대,의원,5,5762,2026-01-20,1152,공공데이터포털_경기도 수원시_지역화폐 결제 정보_20260120
2025-11,수원시 권선구,세류3동,남,40대,일반/휴게 음식,418,2149285,2026-01-20,5142,공공데이터포털_경기도 수원시_지역화폐 결제 정보_20260120
2025-11,수원시 권선구,세류3동,남,40대,일반유통,431,1009880,2026-01-20,2343,공공데이터포털_경기도 수원시_지역화폐 결제 정보_20260120
2025-11,수원시 권선구,세류3동,남,40대,자동차 정비/유지,19,352862,2026-01-20,18572,공공데이터포털_경기도 수원시_지역화폐 결제 정보_20260120
2025-11,수원시 권선구,세류3동,남,40대,전자상거래,9,59908,2026-01-20,6656,공공데이터포털_경기도 수원시_지역화폐 결제 정보_20260120
2025-11,수원시 권선구,세류3동,남,40대,주유/충전소,2,75474,2026-01-20,37737,공공데이터포털_경기도 수원시_지역화폐 결제 정보_20260120
2025-11,수원시 권선구,세류3동,남,40대,학원,23,675304,2026-01-20,29361,공공데이터포털_경기도 수원시_지역화폐 결제 정보_20260120
2025-11,수원시 권선구,세류3동,남,50대,가구,1,18000,2026-01-20,18000,공공데이터포털_경기도 수원시_지역화폐 결제 정보_20260120
2025-11,수원시 권선구,세류3동,남,50대,레저/문화 용품,1,19556,2026-01-20,19556,공공데이터포털_경기도 수원시_지역화폐 결제 정보_20260120
2025-11,수원시 권선구,세류3동,남,50대,레저/스포츠 서비스,22,137307,2026-01-20,6241,공공데이터포털_경기도 수원시_지역화폐 결제 정보_20260120
2025-11,수원시 권선구,세류3동,남,50대,문화/취미,3,3495,2026-01-20,1165,공공데이터포털_경기도 수원시_지역화폐 결제 정보_20260120
2025-11,수원시 권선구,세류3동,남,50대,미용/위생,31,232390,2026-01-20,7496,공공데이터포털_경기도 수원시_지역화폐 결제 정보_20260120
2025-11,수원시 권선구,세류3동,남,50대,서적/문구/학습자재,1,5,2026-01-20,5,공공데이터포털_경기도 수원시_지역화폐 결제 정보_20260120
2025-11,수원시 권선구,세류3동,남,50대,약국,36,137838,2026-01-20,3829,공공데이터포털_경기도 수원시_지역화폐 결제 정보_20260120
2025-11,수원시 권선구,세류3동,남,50대,용역서비스,2,3967,2026-01-20,1984,공공데이터포털_경기도 수원시_지역화폐 결제 정보_20260120
2025-11,수원시 권선구,세류3동,남,50대,음료/식품,152,864346,2026-01-20,5686,공공데이터포털_경기도 수원시_지역화폐 결제 정보_20260120
2025-11,수원시 권선구,세류3동,남,50대,의류,3,54087,2026-01-20,18029,공공데이터포털_경기도 수원시_지역화폐 결제 정보_20260120
2025-11,수원시 권선구,세류3동,남,50대,의원,15,69973,2026-01-20,4665,공공데이터포털_경기도 수원시_지역화폐 결제 정보_20260120
2025-11,수원시 권선구,세류3동,남,50대,일반/휴게 음식,411,1832908,2026-01-20,4460,공공데이터포털_경기도 수원시_지역화폐 결제 정보_20260120
2025-11,수원시 권선구,세류3동,남,50대,일반유통,434,1012099,2026-01-20,2332,공공데이터포털_경기도 수원시_지역화폐 결제 정보_20260120
2025-11,수원시 권선구,세류3동,남,50대,자동차 정비/유지,15,164342,2026-01-20,10956,공공데이터포털_경기도 수원시_지역화폐 결제 정보_20260120
2025-11,수원시 권선구,세류3동,남,50대,전자상거래,5,42081,2026-01-20,8416,공공데이터포털_경기도 수원시_지역화폐 결제 정보_20260120
2025-11,수원시 권선구,세류3동,남,50대,주방용품,1,9161,2026-01-20,9161,공공데이터포털_경기도 수원시_지역화폐 결제 정보_20260120
2025-11,수원시 권선구,세류3동,남,50대,주유/충전소,1,65000,2026-01-20,65000,공공데이터포털_경기도 수원시_지역화폐 결제 정보_20260120
2025-11,수원시 권선구,세류3동,남,50대,직물/침구류,1,22682,2026-01-20,22682,공공데이터포털_경기도 수원시_지역화폐 결제 정보_20260120
2025-11,수원시 권선구,세류3동,남,50대,학원,18,150505,2026-01-20,8361,공공데이터포털_경기도 수원시_지역화폐 결제 정보_20260120
2025-11,수원시 권선구,세류3동,남,60대 이상,기타유통,2,2991,2026-01-20,1496,공공데이터포털_경기도 수원시_지역화폐 결제 정보_20260120
2025-11,수원시 권선구,세류3동,남,60대 이상,레저/문화 용품,1,4612,2026-01-20,4612,공공데이터포털_경기도 수원시_지역화폐 결제 정보_20260120
2025-11,수원시 권선구,세류3동,남,60대 이상,레저/스포츠 서비스,11,101643,2026-01-20,9240,공공데이터포털_경기도 수원시_지역화폐 결제 정보_20260120
2025-11,수원시 권선구,세류3동,남,60대 이상,미용/위생,36,155959,2026-01-20,4332,공공데이터포털_경기도 수원시_지역화폐 결제 정보_20260120
2025-11,수원시 권선구,세류3동,남,60대 이상,약국,57,349061,2026-01-20,6124,공공데이터포털_경기도 수원시_지역화폐 결제 정보_20260120
2025-11,수원시 권선구,세류3동,남,60대 이상,용역서비스,3,12481,2026-01-20,4160,공공데이터포털_경기도 수원시_지역화폐 결제 정보_20260120
2025-11,수원시 권선구,세류3동,남,60대 이상,음료/식품,183,857414,2026-01-20,4685,공공데이터포털_경기도 수원시_지역화폐 결제 정보_20260120
2025-11,수원시 권선구,세류3동,남,60대 이상,의류,1,18000,2026-01-20,18000,공공데이터포털_경기도 수원시_지역화폐 결제 정보_20260120
2025-11,수원시 권선구,세류3동,남,60대 이상,의원,61,159510,2026-01-20,2615,공공데이터포털_경기도 수원시_지역화폐 결제 정보_20260120
2025-11,수원시 권선구,세류3동,남,60대 이상,일반/휴게 음식,299,1193962,2026-01-20,3993,공공데이터포털_경기도 수원시_지역화폐 결제 정보_20260120
2025-11,수원시 권선구,세류3동,남,60대 이상,일반유통,293,1089940,2026-01-20,3720,공공데이터포털_경기도 수원시_지역화폐 결제 정보_20260120
2025-11,수원시 권선구,세류3동,남,60대 이상,자동차 정비/유지,11,142065,2026-01-20,12915,공공데이터포털_경기도 수원시_지역화폐 결제 정보_20260120
2025-11,수원시 권선구,세류3동,남,60대 이상,전자상거래,1,12604,2026-01-20,12604,공공데이터포털_경기도 수원시_지역화폐 결제 정보_20260120
2025-11,수원시 권선구,세류3동,남,60대 이상,전자제품,1,11578,2026-01-20,11578,공공데이터포털_경기도 수원시_지역화폐 결제 정보_20260120
2025-11,수원시 권선구,세류3동,남,60대 이상,주유/충전소,4,306447,2026-01-20,76612,공공데이터포털_경기도 수원시_지역화폐 결제 정보_20260120
2025-11,수원시 권선구,세류3동,남,60대 이상,직물/침구류,1,3224,2026-01-20,3224,공공데이터포털_경기도 수원시_지역화폐 결제 정보_20260120
2025-11,수원시 권선구,세류3동,남,60대 이상,학원,3,74365,2026-01-20,24788,공공데이터포털_경기도 수원시_지역화폐 결제 정보_20260120
2025-11,수원시 권선구,세류3동,여,10대,서적/문구/학습자재,1,1500,2026-01-20,1500,공공데이터포털_경기도 수원시_지역화폐 결제 정보_20260120
2025-11,수원시 권선구,세류3동,여,10대,음료/식품,6,22800,2026-01-20,3800,공공데이터포털_경기도 수원시_지역화폐 결제 정보_20260120
2025-11,수원시 권선구,세류3동,여,10대,일반/휴게 음식,8,112500,2026-01-20,14062,공공데이터포털_경기도 수원시_지역화폐 결제 정보_20260120
2025-11,수원시 권선구,세류3동,여,10대,일반유통,26,106430,2026-01-20,4093,공공데이터포털_경기도 수원시_지역화폐 결제 정보_20260120
2025-11,수원시 권선구,세류3동,여,10대,학원,7,54318,2026-01-20,7760,공공데이터포털_경기도 수원시_지역화폐 결제 정보_20260120
2025-11,수원시 권선구,세류3동,여,20대,레저/스포츠 서비스,15,232487,2026-01-20,15499,공공데이터포털_경기도 수원시_지역화폐 결제 정보_20260120
2025-11,수원시 권선구,세류3동,여,20대,문화/취미,1,6900,2026-01-20,6900,공공데이터포털_경기도 수원시_지역화폐 결제 정보_20260120
2025-11,수원시 권선구,세류3동,여,20대,미용/위생,11,266673,2026-01-20,24243,공공데이터포털_경기도 수원시_지역화폐 결제 정보_20260120
2025-11,수원시 권선구,세류3동,여,20대,약국,4,10322,2026-01-20,2580,공공데이터포털_경기도 수원시_지역화폐 결제 정보_20260120
2025-11,수원시 권선구,세류3동,여,20대,용역서비스,4,46527,2026-01-20,11632,공공데이터포털_경기도 수원시_지역화폐 결제 정보_20260120
2025-11,수원시 권선구,세류3동,여,20대,음료/식품,41,317209,2026-01-20,7737,공공데이터포털_경기도 수원시_지역화폐 결제 정보_20260120
2025-11,수원시 권선구,세류3동,여,20대,의원,5,96989,2026-01-20,19398,공공데이터포털_경기도 수원시_지역화폐 결제 정보_20260120
2025-11,수원시 권선구,세류3동,여,20대,일반/휴게 음식,195,1547335,2026-01-20,7935,공공데이터포털_경기도 수원시_지역화폐 결제 정보_20260120
2025-11,수원시 권선구,세류3동,여,20대,일반유통,234,1095748,2026-01-20,4683,공공데이터포털_경기도 수원시_지역화폐 결제 정보_20260120
2025-11,수원시 권선구,세류3동,여,20대,자동차 정비/유지,2,278163,2026-01-20,139082,공공데이터포털_경기도 수원시_지역화폐 결제 정보_20260120
2025-11,수원시 권선구,세류3동,여,20대,전자상거래,1,25000,2026-01-20,25000,공공데이터포털_경기도 수원시_지역화폐 결제 정보_20260120
2025-11,수원시 권선구,세류3동,여,20대,학원,4,203235,2026-01-20,50809,공공데이터포털_경기도 수원시_지역화폐 결제 정보_20260120
2025-11,수원시 권선구,세류3동,여,30대,레저/문화 용품,1,22000,2026-01-20,22000,공공데이터포털_경기도 수원시_지역화폐 결제 정보_20260120
2025-11,수원시 권선구,세류3동,여,30대,레저/스포츠 서비스,37,933407,2026-01-20,25227,공공데이터포털_경기도 수원시_지역화폐 결제 정보_20260120
2025-11,수원시 권선구,세류3동,여,30대,문화/취미,6,51321,2026-01-20,8554,공공데이터포털_경기도 수원시_지역화폐 결제 정보_20260120
2025-11,수원시 권선구,세류3동,여,30대,미용/위생,37,452731,2026-01-20,12236,공공데이터포털_경기도 수원시_지역화폐 결제 정보_20260120
2025-11,수원시 권선구,세류3동,여,30대,서적/문구/학습자재,6,7523,2026-01-20,1254,공공데이터포털_경기도 수원시_지역화폐 결제 정보_20260120
2025-11,수원시 권선구,세류3동,여,30대,약국,26,65669,2026-01-20,2526,공공데이터포털_경기도 수원시_지역화폐 결제 정보_20260120
2025-11,수원시 권선구,세류3동,여,30대,용역서비스,8,89721,2026-01-20,11215,공공데이터포털_경기도 수원시_지역화폐 결제 정보_20260120
2025-11,수원시 권선구,세류3동,여,30대,음료/식품,184,994377,2026-01-20,5404,공공데이터포털_경기도 수원시_지역화폐 결제 정보_20260120
2025-11,수원시 권선구,세류3동,여,30대,의류,8,107526,2026-01-20,13441,공공데이터포털_경기도 수원시_지역화폐 결제 정보_20260120
2025-11,수원시 권선구,세류3동,여,30대,의원,14,66006,2026-01-20,4715,공공데이터포털_경기도 수원시_지역화폐 결제 정보_20260120
2025-11,수원시 권선구,세류3동,여,30대,일반/휴게 음식,395,2387722,2026-01-20,6045,공공데이터포털_경기도 수원시_지역화폐 결제 정보_20260120
2025-11,수원시 권선구,세류3동,여,30대,일반유통,342,1352764,2026-01-20,3955,공공데이터포털_경기도 수원시_지역화폐 결제 정보_20260120
2025-11,수원시 권선구,세류3동,여,30대,자동차 정비/유지,17,836970,2026-01-20,49234,공공데이터포털_경기도 수원시_지역화폐 결제 정보_20260120
2025-11,수원시 권선구,세류3동,여,30대,전자상거래,1,46444,2026-01-20,46444,공공데이터포털_경기도 수원시_지역화폐 결제 정보_20260120
2025-11,수원시 권선구,세류3동,여,30대,직물/침구류,1,59999,2026-01-20,59999,공공데이터포털_경기도 수원시_지역화폐 결제 정보_20260120
2025-11,수원시 권선구,세류3동,여,30대,학원,17,513881,2026-01-20,30228,공공데이터포털_경기도 수원시_지역화폐 결제 정보_20260120
2025-11,수원시 권선구,세류3동,여,40대,레저/스포츠 서비스,92,702474,2026-01-20,7636,공공데이터포털_경기도 수원시_지역화폐 결제 정보_20260120
2025-11,수원시 권선구,세류3동,여,40대,문화/취미,9,25357,2026-01-20,2817,공공데이터포털_경기도 수원시_지역화폐 결제 정보_20260120
2025-11,수원시 권선구,세류3동,여,40대,미용/위생,70,424286,2026-01-20,6061,공공데이터포털_경기도 수원시_지역화폐 결제 정보_20260120
2025-11,수원시 권선구,세류3동,여,40대,서적/문구/학습자재,18,17750,2026-01-20,986,공공데이터포털_경기도 수원시_지역화폐 결제 정보_20260120
2025-11,수원시 권선구,세류3동,여,40대,약국,48,238870,2026-01-20,4976,공공데이터포털_경기도 수원시_지역화폐 결제 정보_20260120
2025-11,수원시 권선구,세류3동,여,40대,용역서비스,6,25749,2026-01-20,4292,공공데이터포털_경기도 수원시_지역화폐 결제 정보_20260120
2025-11,수원시 권선구,세류3동,여,40대,음료/식품,287,1339009,2026-01-20,4666,공공데이터포털_경기도 수원시_지역화폐 결제 정보_20260120
2025-11,수원시 권선구,세류3동,여,40대,의류,8,99726,2026-01-20,12466,공공데이터포털_경기도 수원시_지역화폐 결제 정보_20260120
2025-11,수원시 권선구,세류3동,여,40대,의원,31,216524,2026-01-20,6985,공공데이터포털_경기도 수원시_지역화폐 결제 정보_20260120
2025-11,수원시 권선구,세류3동,여,40대,일반/휴게 음식,587,2435137,2026-01-20,4148,공공데이터포털_경기도 수원시_지역화폐 결제 정보_20260120
2025-11,수원시 권선구,세류3동,여,40대,일반유통,505,1458451,2026-01-20,2888,공공데이터포털_경기도 수원시_지역화폐 결제 정보_20260120
2025-11,수원시 권선구,세류3동,여,40대,자동차 정비/유지,7,59884,2026-01-20,8555,공공데이터포털_경기도 수원시_지역화폐 결제 정보_20260120
2025-11,수원시 권선구,세류3동,여,40대,전자상거래,6,120517,2026-01-20,20086,공공데이터포털_경기도 수원시_지역화폐 결제 정보_20260120
2025-11,수원시 권선구,세류3동,여,40대,학원,24,508438,2026-01-20,21185,공공데이터포털_경기도 수원시_지역화폐 결제 정보_20260120
2025-11,수원시 권선구,세류3동,여,50대,기타의료,4,22753,2026-01-20,5688,공공데이터포털_경기도 수원시_지역화폐 결제 정보_20260120
2025-11,수원시 권선구,세류3동,여,50대,레저/문화 용품,1,6849,2026-01-20,6849,공공데이터포털_경기도 수원시_지역화폐 결제 정보_20260120
2025-11,수원시 권선구,세류3동,여,50대,레저/스포츠 서비스,26,215181,2026-01-20,8276,공공데이터포털_경기도 수원시_지역화폐 결제 정보_20260120
2025-11,수원시 권선구,세류3동,여,50대,문화/취미,6,15462,2026-01-20,2577,공공데이터포털_경기도 수원시_지역화폐 결제 정보_20260120
2025-11,수원시 권선구,세류3동,여,50대,미용/위생,70,532362,2026-01-20,7605,공공데이터포털_경기도 수원시_지역화폐 결제 정보_20260120
2025-11,수원시 권선구,세류3동,여,50대,사무/통신,1,66130,2026-01-20,66130,공공데이터포털_경기도 수원시_지역화폐 결제 정보_20260120
2025-11,수원시 권선구,세류3동,여,50대,약국,59,251372,2026-01-20,4261,공공데이터포털_경기도 수원시_지역화폐 결제 정보_20260120
2025-11,수원시 권선구,세류3동,여,50대,용역서비스,5,18966,2026-01-20,3793,공공데이터포털_경기도 수원시_지역화폐 결제 정보_20260120
2025-11,수원시 권선구,세류3동,여,50대,음료/식품,280,1057816,2026-01-20,3778,공공데이터포털_경기도 수원시_지역화폐 결제 정보_20260120
2025-11,수원시 권선구,세류3동,여,50대,의류,3,40767,2026-01-20,13589,공공데이터포털_경기도 수원시_지역화폐 결제 정보_20260120
2025-11,수원시 권선구,세류3동,여,50대,의원,25,212590,2026-01-20,8504,공공데이터포털_경기도 수원시_지역화폐 결제 정보_20260120
2025-11,수원시 권선구,세류3동,여,50대,일반/휴게 음식,449,2435853,2026-01-20,5425,공공데이터포털_경기도 수원시_지역화폐 결제 정보_20260120
2025-11,수원시 권선구,세류3동,여,50대,일반유통,498,1359165,2026-01-20,2729,공공데이터포털_경기도 수원시_지역화폐 결제 정보_20260120
2025-11,수원시 권선구,세류3동,여,50대,자동차 정비/유지,4,86507,2026-01-20,21627,공공데이터포털_경기도 수원시_지역화폐 결제 정보_20260120
2025-11,수원시 권선구,세류3동,여,50대,전자상거래,3,8893,2026-01-20,2964,공공데이터포털_경기도 수원시_지역화폐 결제 정보_20260120
2025-11,수원시 권선구,세류3동,여,50대,주유/충전소,1,3026,2026-01-20,3026,공공데이터포털_경기도 수원시_지역화폐 결제 정보_20260120
2025-11,수원시 권선구,세류3동,여,50대,학원,15,154503,2026-01-20,10300,공공데이터포털_경기도 수원시_지역화폐 결제 정보_20260120
2025-11,수원시 권선구,세류3동,여,60대 이상,기타유통,1,532,2026-01-20,532,공공데이터포털_경기도 수원시_지역화폐 결제 정보_20260120
2025-11,수원시 권선구,세류3동,여,60대 이상,레저/스포츠 서비스,56,274654,2026-01-20,4905,공공데이터포털_경기도 수원시_지역화폐 결제 정보_20260120
2025-11,수원시 권선구,세류3동,여,60대 이상,문화/취미,1,2497,2026-01-20,2497,공공데이터포털_경기도 수원시_지역화폐 결제 정보_20260120
2025-11,수원시 권선구,세류3동,여,60대 이상,미용/위생,49,439802,2026-01-20,8976,공공데이터포털_경기도 수원시_지역화폐 결제 정보_20260120
2025-11,수원시 권선구,세류3동,여,60대 이상,서적/문구/학습자재,4,1678,2026-01-20,420,공공데이터포털_경기도 수원시_지역화폐 결제 정보_20260120
2025-11,수원시 권선구,세류3동,여,60대 이상,약국,45,263611,2026-01-20,5858,공공데이터포털_경기도 수원시_지역화폐 결제 정보_20260120
2025-11,수원시 권선구,세류3동,여,60대 이상,용역서비스,2,36000,2026-01-20,18000,공공데이터포털_경기도 수원시_지역화폐 결제 정보_20260120
2025-11,수원시 권선구,세류3동,여,60대 이상,음료/식품,366,1398531,2026-01-20,3821,공공데이터포털_경기도 수원시_지역화폐 결제 정보_20260120
2025-11,수원시 권선구,세류3동,여,60대 이상,의류,2,172800,2026-01-20,86400,공공데이터포털_경기도 수원시_지역화폐 결제 정보_20260120
2025-11,수원시 권선구,세류3동,여,60대 이상,의원,28,168230,2026-01-20,6008,공공데이터포털_경기도 수원시_지역화폐 결제 정보_20260120
2025-11,수원시 권선구,세류3동,여,60대 이상,일반/휴게 음식,226,1010101,2026-01-20,4469,공공데이터포털_경기도 수원시_지역화폐 결제 정보_20260120
2025-11,수원시 권선구,세류3동,여,60대 이상,일반유통,177,795223,2026-01-20,4493,공공데이터포털_경기도 수원시_지역화폐 결제 정보_20260120
2025-11,수원시 권선구,세류3동,여,60대 이상,자동차 정비/유지,3,29160,2026-01-20,9720,공공데이터포털_경기도 수원시_지역화폐 결제 정보_20260120
2025-11,수원시 권선구,세류3동,여,60대 이상,전자상거래,2,7555,2026-01-20,3778,공공데이터포털_경기도 수원시_지역화폐 결제 정보_20260120
2025-11,수원시 권선구,세류3동,여,60대 이상,주방용품,2,2737,2026-01-20,1368,공공데이터포털_경기도 수원시_지역화폐 결제 정보_20260120
2025-11,수원시 권선구,세류3동,여,60대 이상,주유/충전소,3,163921,2026-01-20,54640,공공데이터포털_경기도 수원시_지역화폐 결제 정보_20260120
2025-11,수원시 권선구,세류3동,여,60대 이상,직물/침구류,2,34372,2026-01-20,17186,공공데이터포털_경기도 수원시_지역화폐 결제 정보_20260120
2025-11,수원시 권선구,세류3동,여,60대 이상,학원,1,39222,2026-01-20,39222,공공데이터포털_경기도 수원시_지역화폐 결제 정보_20260120
2025-11,수원시 권선구,세류3동,여,60대 이상,회원정보미상,15,249990,2026-01-20,16666,공공데이터포털_경기도 수원시_지역화폐 결제 정보_20260120
2025-11,수원시 권선구,세류3동,여,60대 이상,회원정보미상,15,249990,2026-01-20,16666,공공데이터포털_경기도 수원시_지역화폐 결제 정보_20260120
2025-11,수원시 권선구,세류3동,여,60대 이상,약국,2,9700,2026-01-20,4850,공공데이터포털_경기도 수원시_지역화폐 결제 정보_20260120
2025-11,수원시 권선구,세류3동,여,60대 이상,음료/식품,3,110600,2026-01-20,36867,공공데이터포털_경기도 수원시_지역화폐 결제 정보_20260120
2025-11,수원시 권선구,세류3동,여,60대 이상,일반/휴게 음식,2,15000,2026-01-20,7500,공공데이터포털_경기도 수원시_지역화폐 결제 정보_20260120
2025-11,수원시 권선구,세류3동,여,60대 이상,일반유통,8,114690,2026-01-20,14336,공공데이터포털_경기도 수원시_지역화폐 결제 정보_20260120
2025-11,수원시 영통구,영통1동,남,10대,기타의료,1,3182,2026-01-20,3182,공공데이터포털_경기도 수원시_지역화폐 결제 정보_20260120
2025-11,수원시 영통구,영통1동,남,10대,레저/스포츠 서비스,4,98949,2026-01-20,24737,공공데이터포털_경기도 수원시_지역화폐 결제 정보_20260120
2025-11,수원시 영통구,영통1동,남,10대,미용/위생,5,21706,2026-01-20,4341,공공데이터포털_경기도 수원시_지역화폐 결제 정보_20260120
2025-11,수원시 영통구,영통1동,남,10대,서적/문구/학습자재,5,5950,2026-01-20,1190,공공데이터포털_경기도 수원시_지역화폐 결제 정보_20260120
2025-11,수원시 영통구,영통1동,남,10대,약국,3,19385,2026-01-20,6462,공공데이터포털_경기도 수원시_지역화폐 결제 정보_20260120
2025-11,수원시 영통구,영통1동,남,10대,용역서비스,1,1198,2026-01-20,1198,공공데이터포털_경기도 수원시_지역화폐 결제 정보_20260120
2025-11,수원시 영통구,영통1동,남,10대,음료/식품,65,104444,2026-01-20,1607,공공데이터포털_경기도 수원시_지역화폐 결제 정보_20260120
2025-11,수원시 영통구,영통1동,남,10대,의원,5,43240,2026-01-20,8648,공공데이터포털_경기도 수원시_지역화폐 결제 정보_20260120
2025-11,수원시 영통구,영통1동,남,10대,일반/휴게 음식,25,107906,2026-01-20,4316,공공데이터포털_경기도 수원시_지역화폐 결제 정보_20260120
2025-11,수원시 영통구,영통1동,남,10대,일반유통,86,77537,2026-01-20,902,공공데이터포털_경기도 수원시_지역화폐 결제 정보_20260120
2025-11,수원시 영통구,영통1동,남,10대,학원,12,316859,2026-01-20,26405,공공데이터포털_경기도 수원시_지역화폐 결제 정보_20260120
2025-11,수원시 영통구,영통1동,남,20대,기타의료,2,5593,2026-01-20,2796,공공데이터포털_경기도 수원시_지역화폐 결제 정보_20260120
2025-11,수원시 영통구,영통1동,남,20대,레저/스포츠 서비스,45,248456,2026-01-20,5521,공공데이터포털_경기도 수원시_지역화폐 결제 정보_20260120
2025-11,수원시 영통구,영통1동,남,20대,문화/취미,3,19200,2026-01-20,6400,공공데이터포털_경기도 수원시_지역화폐 결제 정보_20260120
2025-11,수원시 영통구,영통1동,남,20대,미용/위생,25,600454,2026-01-20,24018,공공데이터포털_경기도 수원시_지역화폐 결제 정보_20260120
2025-11,수원시 영통구,영통1동,남,20대,서적/문구/학습자재,3,276,2026-01-20,92,공공데이터포털_경기도 수원시_지역화폐 결제 정보_20260120
2025-11,수원시 영통구,영통1동,남,20대,신변잡화,1,65000,2026-01-20,65000,공공데이터포털_경기도 수원시_지역화폐 결제 정보_20260120
2025-11,수원시 영통구,영통1동,남,20대,약국,12,36641,2026-01-20,3053,공공데이터포털_경기도 수원시_지역화폐 결제 정보_20260120
2025-11,수원시 영통구,영통1동,남,20대,용역서비스,14,278722,2026-01-20,19909,공공데이터포털_경기도 수원시_지역화폐 결제 정보_20260120
2025-11,수원시 영통구,영통1동,남,20대,음료/식품,154,1320848,2026-01-20,8577,공공데이터포털_경기도 수원시_지역화폐 결제 정보_20260120
2025-11,수원시 영통구,영통1동,남,20대,의원,11,50184,2026-01-20,4562,공공데이터포털_경기도 수원시_지역화폐 결제 정보_20260120
2025-11,수원시 영통구,영통1동,남,20대,일반/휴게 음식,298,2352962,2026-01-20,7896,공공데이터포털_경기도 수원시_지역화폐 결제 정보_20260120
2025-11,수원시 영통구,영통1동,남,20대,일반유통,354,1418101,2026-01-20,4006,공공데이터포털_경기도 수원시_지역화폐 결제 정보_20260120
2025-11,수원시 영통구,영통1동,남,20대,학원,8,251630,2026-01-20,31454,공공데이터포털_경기도 수원시_지역화폐 결제 정보_20260120
2025-11,수원시 영통구,영통1동,남,30대,기타의료,29,70817,2026-01-20,2442,공공데이터포털_경기도 수원시_지역화폐 결제 정보_20260120
2025-11,수원시 영통구,영통1동,남,30대,레저/스포츠 서비스,52,546958,2026-01-20,10518,공공데이터포털_경기도 수원시_지역화폐 결제 정보_20260120
2025-11,수원시 영통구,영통1동,남,30대,문화/취미,14,108536,2026-01-20,7753,공공데이터포털_경기도 수원시_지역화폐 결제 정보_20260120
2025-11,수원시 영통구,영통1동,남,30대,미용/위생,52,296989,2026-01-20,5711,공공데이터포털_경기도 수원시_지역화폐 결제 정보_20260120
2025-11,수원시 영통구,영통1동,남,30대,서적/문구/학습자재,12,83387,2026-01-20,6949,공공데이터포털_경기도 수원시_지역화폐 결제 정보_20260120
2025-11,수원시 영통구,영통1동,남,30대,신변잡화,8,11978,2026-01-20,1497,공공데이터포털_경기도 수원시_지역화폐 결제 정보_20260120
2025-11,수원시 영통구,영통1동,남,30대,약국,108,196576,2026-01-20,1820,공공데이터포털_경기도 수원시_지역화폐 결제 정보_20260120
2025-11,수원시 영통구,영통1동,남,30대,용역서비스,25,80443,2026-01-20,3218,공공데이터포털_경기도 수원시_지역화폐 결제 정보_20260120
2025-11,수원시 영통구,영통1동,남,30대,음료/식품,386,1585475,2026-01-20,4107,공공데이터포털_경기도 수원시_지역화폐 결제 정보_20260120
2025-11,수원시 영통구,영통1동,남,30대,의류,2,25706,2026-01-20,12853,공공데이터포털_경기도 수원시_지역화폐 결제 정보_20260120
2025-11,수원시 영통구,영통1동,남,30대,의원,90,1217261,2026-01-20,13525,공공데이터포털_경기도 수원시_지역화폐 결제 정보_20260120
2025-11,수원시 영통구,영통1동,남,30대,일반/휴게 음식,901,3428695,2026-01-20,3805,공공데이터포털_경기도 수원시_지역화폐 결제 정보_20260120
2025-11,수원시 영통구,영통1동,남,30대,일반유통,855,2019291,2026-01-20,2362,공공데이터포털_경기도 수원시_지역화폐 결제 정보_20260120
2025-11,수원시 영통구,영통1동,남,30대,전자상거래,1,6059,2026-01-20,6059,공공데이터포털_경기도 수원시_지역화폐 결제 정보_20260120
2025-11,수원시 영통구,영통1동,남,30대,학원,44,1429402,2026-01-20,32486,공공데이터포털_경기도 수원시_지역화폐 결제 정보_20260120
2025-11,수원시 영통구,영통1동,남,40대,기타의료,92,410255,2026-01-20,4459,공공데이터포털_경기도 수원시_지역화폐 결제 정보_20260120
2025-11,수원시 영통구,영통1동,남,40대,레저/스포츠 서비스,28,320872,2026-01-20,11460,공공데이터포털_경기도 수원시_지역화폐 결제 정보_20260120
2025-11,수원시 영통구,영통1동,남,40대,문화/취미,9,58868,2026-01-20,6541,공공데이터포털_경기도 수원시_지역화폐 결제 정보_20260120
2025-11,수원시 영통구,영통1동,남,40대,미용/위생,84,635495,2026-01-20,7565,공공데이터포털_경기도 수원시_지역화폐 결제 정보_20260120
2025-11,수원시 영통구,영통1동,남,40대,서적/문구/학습자재,25,277608,2026-01-20,11104,공공데이터포털_경기도 수원시_지역화폐 결제 정보_20260120
2025-11,수원시 영통구,영통1동,남,40대,신변잡화,1,909,2026-01-20,909,공공데이터포털_경기도 수원시_지역화폐 결제 정보_20260120
2025-11,수원시 영통구,영통1동,남,40대,약국,143,250020,2026-01-20,1748,공공데이터포털_경기도 수원시_지역화폐 결제 정보_20260120
2025-11,수원시 영통구,영통1동,남,40대,용역서비스,51,532303,2026-01-20,10437,공공데이터포털_경기도 수원시_지역화폐 결제 정보_20260120
2025-11,수원시 영통구,영통1동,남,40대,음료/식품,500,1382813,2026-01-20,2766,공공데이터포털_경기도 수원시_지역화폐 결제 정보_20260120
2025-11,수원시 영통구,영통1동,남,40대,의류,2,20936,2026-01-20,10468,공공데이터포털_경기도 수원시_지역화폐 결제 정보_20260120
2025-11,수원시 영통구,영통1동,남,40대,의원,190,3160548,2026-01-20,16634,공공데이터포털_경기도 수원시_지역화폐 결제 정보_20260120
2025-11,수원시 영통구,영통1동,남,40대,일반/휴게 음식,1252,4315082,2026-01-20,3447,공공데이터포털_경기도 수원시_지역화폐 결제 정보_20260120
2025-11,수원시 영통구,영통1동,남,40대,일반유통,1451,3258784,2026-01-20,2246,공공데이터포털_경기도 수원시_지역화폐 결제 정보_20260120
2025-11,수원시 영통구,영통1동,남,40대,전자상거래,1,3132,2026-01-20,3132,공공데이터포털_경기도 수원시_지역화폐 결제 정보_20260120
2025-11,수원시 영통구,영통1동,남,40대,학원,423,11788980,2026-01-20,27870,공공데이터포털_경기도 수원시_지역화폐 결제 정보_20260120
2025-11,수원시 영통구,영통1동,남,50대,기타의료,24,67903,2026-01-20,2829,공공데이터포털_경기도 수원시_지역화폐 결제 정보_20260120
2025-11,수원시 영통구,영통1동,남,50대,레저/스포츠 서비스,41,923354,2026-01-20,22521,공공데이터포털_경기도 수원시_지역화폐 결제 정보_20260120
2025-11,수원시 영통구,영통1동,남,50대,문화/취미,2,5908,2026-01-20,2954,공공데이터포털_경기도 수원시_지역화폐 결제 정보_20260120
2025-11,수원시 영통구,영통1동,남,50대,미용/위생,104,566059,2026-01-20,5443,공공데이터포털_경기도 수원시_지역화폐 결제 정보_20260120
2025-11,수원시 영통구,영통1동,남,50대,서적/문구/학습자재,10,34478,2026-01-20,3448,공공데이터포털_경기도 수원시_지역화폐 결제 정보_20260120
2025-11,수원시 영통구,영통1동,남,50대,신변잡화,2,4272,2026-01-20,2136,공공데이터포털_경기도 수원시_지역화폐 결제 정보_20260120
2025-11,수원시 영통구,영통1동,남,50대,약국,67,184278,2026-01-20,2750,공공데이터포털_경기도 수원시_지역화폐 결제 정보_20260120
2025-11,수원시 영통구,영통1동,남,50대,용역서비스,61,456069,2026-01-20,7477,공공데이터포털_경기도 수원시_지역화폐 결제 정보_20260120
2025-11,수원시 영통구,영통1동,남,50대,음료/식품,400,1688653,2026-01-20,4222,공공데이터포털_경기도 수원시_지역화폐 결제 정보_20260120
2025-11,수원시 영통구,영통1동,남,50대,의원,70,937191,2026-01-20,13388,공공데이터포털_경기도 수원시_지역화폐 결제 정보_20260120
2025-11,수원시 영통구,영통1동,남,50대,일반/휴게 음식,873,3356228,2026-01-20,3844,공공데이터포털_경기도 수원시_지역화폐 결제 정보_20260120
2025-11,수원시 영통구,영통1동,남,50대,일반유통,1254,2838743,2026-01-20,2264,공공데이터포털_경기도 수원시_지역화폐 결제 정보_20260120
2025-11,수원시 영통구,영통1동,남,50대,자동차 정비/유지,2,56689,2026-01-20,28344,공공데이터포털_경기도 수원시_지역화폐 결제 정보_20260120
2025-11,수원시 영통구,영통1동,남,50대,전자상거래,3,17782,2026-01-20,5927,공공데이터포털_경기도 수원시_지역화폐 결제 정보_20260120
2025-11,수원시 영통구,영통1동,남,50대,학원,124,3110262,2026-01-20,25083,공공데이터포털_경기도 수원시_지역화폐 결제 정보_20260120
2025-11,수원시 영통구,영통1동,남,60대 이상,기타유통,2,6075,2026-01-20,3038,공공데이터포털_경기도 수원시_지역화폐 결제 정보_20260120
2025-11,수원시 영통구,영통1동,남,60대 이상,기타의료,15,45666,2026-01-20,3044,공공데이터포털_경기도 수원시_지역화폐 결제 정보_20260120
2025-11,수원시 영통구,영통1동,남,60대 이상,레저/스포츠 서비스,27,100093,2026-01-20,3707,공공데이터포털_경기도 수원시_지역화폐 결제 정보_20260120
2025-11,수원시 영통구,영통1동,남,60대 이상,문화/취미,2,15852,2026-01-20,7926,공공데이터포털_경기도 수원시_지역화폐 결제 정보_20260120
2025-11,수원시 영통구,영통1동,남,60대 이상,미용/위생,27,152172,2026-01-20,5636,공공데이터포털_경기도 수원시_지역화폐 결제 정보_20260120
2025-11,수원시 영통구,영통1동,남,60대 이상,서적/문구/학습자재,1,15792,2026-01-20,15792,공공데이터포털_경기도 수원시_지역화폐 결제 정보_20260120
2025-11,수원시 영통구,영통1동,남,60대 이상,약국,50,212835,2026-01-20,4257,공공데이터포털_경기도 수원시_지역화폐 결제 정보_20260120
2025-11,수원시 영통구,영통1동,남,60대 이상,용역서비스,16,35031,2026-01-20,2189,공공데이터포털_경기도 수원시_지역화폐 결제 정보_20260120
2025-11,수원시 영통구,영통1동,남,60대 이상,음료/식품,132,864485,2026-01-20,6549,공공데이터포털_경기도 수원시_지역화폐 결제 정보_20260120
2025-11,수원시 영통구,영통1동,남,60대 이상,의류,1,6000,2026-01-20,6000,공공데이터포털_경기도 수원시_지역화폐 결제 정보_20260120
2025-11,수원시 영통구,영통1동,남,60대 이상,의원,48,538861,2026-01-20,11226,공공데이터포털_경기도 수원시_지역화폐 결제 정보_20260120
2025-11,수원시 영통구,영통1동,남,60대 이상,일반/휴게 음식,422,1489817,2026-01-20,3530,공공데이터포털_경기도 수원시_지역화폐 결제 정보_20260120
2025-11,수원시 영통구,영통1동,남,60대 이상,일반유통,460,1487144,2026-01-20,3233,공공데이터포털_경기도 수원시_지역화폐 결제 정보_20260120
2025-11,수원시 영통구,영통1동,남,60대 이상,전자상거래,2,15000,2026-01-20,7500,공공데이터포털_경기도 수원시_지역화폐 결제 정보_20260120
2025-11,수원시 영통구,영통1동,남,60대 이상,학원,13,457636,2026-01-20,35203,공공데이터포털_경기도 수원시_지역화폐 결제 정보_20260120
2025-11,수원시 영통구,영통1동,여,10대,기타의료,1,1738,2026-01-20,1738,공공데이터포털_경기도 수원시_지역화폐 결제 정보_20260120
2025-11,수원시 영통구,영통1동,여,10대,레저/스포츠 서비스,5,72245,2026-01-20,14449,공공데이터포털_경기도 수원시_지역화폐 결제 정보_20260120
2025-11,수원시 영통구,영통1동,여,10대,약국,4,4634,2026-01-20,1158,공공데이터포털_경기도 수원시_지역화폐 결제 정보_20260120
2025-11,수원시 영통구,영통1동,여,10대,용역서비스,2,8267,2026-01-20,4134,공공데이터포털_경기도 수원시_지역화폐 결제 정보_20260120
2025-11,수원시 영통구,영통1동,여,10대,음료/식품,31,74638,2026-01-20,2408,공공데이터포털_경기도 수원시_지역화폐 결제 정보_20260120
2025-11,수원시 영통구,영통1동,여,10대,의원,2,33102,2026-01-20,16551,공공데이터포털_경기도 수원시_지역화폐 결제 정보_20260120
2025-11,수원시 영통구,영통1동,여,10대,일반/휴게 음식,21,110681,2026-01-20,5271,공공데이터포털_경기도 수원시_지역화폐 결제 정보_20260120
2025-11,수원시 영통구,영통1동,여,10대,일반유통,87,140781,2026-01-20,1618,공공데이터포털_경기도 수원시_지역화폐 결제 정보_20260120
2025-11,수원시 영통구,영통1동,여,10대,학원,11,136930,2026-01-20,12448,공공데이터포털_경기도 수원시_지역화폐 결제 정보_20260120
2025-11,수원시 영통구,영통1동,여,20대,기타의료,3,43000,2026-01-20,14333,공공데이터포털_경기도 수원시_지역화폐 결제 정보_20260120
2025-11,수원시 영통구,영통1동,여,20대,레저/스포츠 서비스,14,1127459,2026-01-20,80533,공공데이터포털_경기도 수원시_지역화폐 결제 정보_20260120
2025-11,수원시 영통구,영통1동,여,20대,문화/취미,10,52839,2026-01-20,5284,공공데이터포털_경기도 수원시_지역화폐 결제 정보_20260120
2025-11,수원시 영통구,영통1동,여,20대,미용/위생,17,567553,2026-01-20,33385,공공데이터포털_경기도 수원시_지역화폐 결제 정보_20260120
2025-11,수원시 영통구,영통1동,여,20대,신변잡화,1,3000,2026-01-20,3000,공공데이터포털_경기도 수원시_지역화폐 결제 정보_20260120
2025-11,수원시 영통구,영통1동,여,20대,약국,22,64410,2026-01-20,2928,공공데이터포털_경기도 수원시_지역화폐 결제 정보_20260120
2025-11,수원시 영통구,영통1동,여,20대,용역서비스,10,52224,2026-01-20,5222,공공데이터포털_경기도 수원시_지역화폐 결제 정보_20260120
2025-11,수원시 영통구,영통1동,여,20대,음료/식품,133,857775,2026-01-20,6449,공공데이터포털_경기도 수원시_지역화폐 결제 정보_20260120
2025-11,수원시 영통구,영통1동,여,20대,의원,26,367003,2026-01-20,14116,공공데이터포털_경기도 수원시_지역화폐 결제 정보_20260120
2025-11,수원시 영통구,영통1동,여,20대,일반/휴게 음식,319,2208151,2026-01-20,6922,공공데이터포털_경기도 수원시_지역화폐 결제 정보_20260120
2025-11,수원시 영통구,영통1동,여,20대,일반유통,344,1314806,2026-01-20,3822,공공데이터포털_경기도 수원시_지역화폐 결제 정보_20260120
2025-11,수원시 영통구,영통1동,여,20대,학원,23,382712,2026-01-20,16640,공공데이터포털_경기도 수원시_지역화폐 결제 정보_20260120
2025-11,수원시 영통구,영통1동,여,30대,기타의료,55,792162,2026-01-20,14403,공공데이터포털_경기도 수원시_지역화폐 결제 정보_20260120
2025-11,수원시 영통구,영통1동,여,30대,레저/스포츠 서비스,16,570289,2026-01-20,35643,공공데이터포털_경기도 수원시_지역화폐 결제 정보_20260120
2025-11,수원시 영통구,영통1동,여,30대,문화/취미,12,27694,2026-01-20,2308,공공데이터포털_경기도 수원시_지역화폐 결제 정보_20260120
2025-11,수원시 영통구,영통1동,여,30대,미용/위생,51,748636,2026-01-20,14679,공공데이터포털_경기도 수원시_지역화폐 결제 정보_20260120
2025-11,수원시 영통구,영통1동,여,30대,서적/문구/학습자재,28,251447,2026-01-20,8980,공공데이터포털_경기도 수원시_지역화폐 결제 정보_20260120
2025-11,수원시 영통구,영통1동,여,30대,신변잡화,8,13702,2026-01-20,1713,공공데이터포털_경기도 수원시_지역화폐 결제 정보_20260120
2025-11,수원시 영통구,영통1동,여,30대,약국,215,485232,2026-01-20,2257,공공데이터포털_경기도 수원시_지역화폐 결제 정보_20260120
2025-11,수원시 영통구,영통1동,여,30대,용역서비스,49,326290,2026-01-20,6659,공공데이터포털_경기도 수원시_지역화폐 결제 정보_20260120
2025-11,수원시 영통구,영통1동,여,30대,음료/식품,491,1746945,2026-01-20,3558,공공데이터포털_경기도 수원시_지역화폐 결제 정보_20260120
2025-11,수원시 영통구,영통1동,여,30대,의류,8,54478,2026-01-20,6810,공공데이터포털_경기도 수원시_지역화폐 결제 정보_20260120
2025-11,수원시 영통구,영통1동,여,30대,의원,212,3043247,2026-01-20,14355,공공데이터포털_경기도 수원시_지역화폐 결제 정보_20260120
2025-11,수원시 영통구,영통1동,여,30대,일반/휴게 음식,1327,4896659,2026-01-20,3690,공공데이터포털_경기도 수원시_지역화폐 결제 정보_20260120
2025-11,수원시 영통구,영통1동,여,30대,일반유통,901,2028665,2026-01-20,2252,공공데이터포털_경기도 수원시_지역화폐 결제 정보_20260120
2025-11,수원시 영통구,영통1동,여,30대,학원,136,3470147,2026-01-20,25516,공공데이터포털_경기도 수원시_지역화폐 결제 정보_20260120
2025-11,수원시 영통구,영통1동,여,40대,기타의료,136,628310,2026-01-20,4620,공공데이터포털_경기도 수원시_지역화폐 결제 정보_20260120
2025-11,수원시 영통구,영통1동,여,40대,레저/문화 용품,4,25896,2026-01-20,6474,공공데이터포털_경기도 수원시_지역화폐 결제 정보_20260120
2025-11,수원시 영통구,영통1동,여,40대,레저/스포츠 서비스,29,642904,2026-01-20,22169,공공데이터포털_경기도 수원시_지역화폐 결제 정보_20260120
2025-11,수원시 영통구,영통1동,여,40대,문화/취미,13,46477,2026-01-20,3575,공공데이터포털_경기도 수원시_지역화폐 결제 정보_20260120
2025-11,수원시 영통구,영통1동,여,40대,미용/위생,112,1277522,2026-01-20,11406,공공데이터포털_경기도 수원시_지역화폐 결제 정보_20260120
2025-11,수원시 영통구,영통1동,여,40대,서적/문구/학습자재,59,294942,2026-01-20,4999,공공데이터포털_경기도 수원시_지역화폐 결제 정보_20260120
2025-11,수원시 영통구,영통1동,여,40대,신변잡화,12,30999,2026-01-20,2583,공공데이터포털_경기도 수원시_지역화폐 결제 정보_20260120
2025-11,수원시 영통구,영통1동,여,40대,약국,290,606171,2026-01-20,2090,공공데이터포털_경기도 수원시_지역화폐 결제 정보_20260120
2025-11,수원시 영통구,영통1동,여,40대,용역서비스,108,1216198,2026-01-20,11261,공공데이터포털_경기도 수원시_지역화폐 결제 정보_20260120
2025-11,수원시 영통구,영통1동,여,40대,음료/식품,911,2990898,2026-01-20,3283,공공데이터포털_경기도 수원시_지역화폐 결제 정보_20260120
2025-11,수원시 영통구,영통1동,여,40대,의류,3,7559,2026-01-20,2520,공공데이터포털_경기도 수원시_지역화폐 결제 정보_20260120
2025-11,수원시 영통구,영통1동,여,40대,의원,359,3980556,2026-01-20,11088,공공데이터포털_경기도 수원시_지역화폐 결제 정보_20260120
2025-11,수원시 영통구,영통1동,여,40대,일반/휴게 음식,2270,7192840,2026-01-20,3169,공공데이터포털_경기도 수원시_지역화폐 결제 정보_20260120
2025-11,수원시 영통구,영통1동,여,40대,일반유통,1812,4444467,2026-01-20,2453,공공데이터포털_경기도 수원시_지역화폐 결제 정보_20260120
2025-11,수원시 영통구,영통1동,여,40대,학원,531,12643786,2026-01-20,23811,공공데이터포털_경기도 수원시_지역화폐 결제 정보_20260120
2025-11,수원시 영통구,영통1동,여,50대,기타유통,1,17460,2026-01-20,17460,공공데이터포털_경기도 수원시_지역화폐 결제 정보_20260120
2025-11,수원시 영통구,영통1동,여,50대,기타의료,47,168994,2026-01-20,3596,공공데이터포털_경기도 수원시_지역화폐 결제 정보_20260120
2025-11,수원시 영통구,영통1동,여,50대,레저/문화 용품,4,19942,2026-01-20,4986,공공데이터포털_경기도 수원시_지역화폐 결제 정보_20260120
2025-11,수원시 영통구,영통1동,여,50대,레저/스포츠 서비스,16,161713,2026-01-20,10107,공공데이터포털_경기도 수원시_지역화폐 결제 정보_20260120
2025-11,수원시 영통구,영통1동,여,50대,문화/취미,5,26131,2026-01-20,5226,공공데이터포털_경기도 수원시_지역화폐 결제 정보_20260120
2025-11,수원시 영통구,영통1동,여,50대,미용/위생,91,979107,2026-01-20,10759,공공데이터포털_경기도 수원시_지역화폐 결제 정보_20260120
2025-11,수원시 영통구,영통1동,여,50대,서적/문구/학습자재,17,70517,2026-01-20,4148,공공데이터포털_경기도 수원시_지역화폐 결제 정보_20260120
2025-11,수원시 영통구,영통1동,여,50대,신변잡화,8,36318,2026-01-20,4540,공공데이터포털_경기도 수원시_지역화폐 결제 정보_20260120
2025-11,수원시 영통구,영통1동,여,50대,약국,113,270910,2026-01-20,2397,공공데이터포털_경기도 수원시_지역화폐 결제 정보_20260120
2025-11,수원시 영통구,영통1동,여,50대,용역서비스,74,364374,2026-01-20,4924,공공데이터포털_경기도 수원시_지역화폐 결제 정보_20260120
2025-11,수원시 영통구,영통1동,여,50대,음료/식품,550,2530032,2026-01-20,4600,공공데이터포털_경기도 수원시_지역화폐 결제 정보_20260120
2025-11,수원시 영통구,영통1동,여,50대,의원,116,1320531,2026-01-20,11384,공공데이터포털_경기도 수원시_지역화폐 결제 정보_20260120
2025-11,수원시 영통구,영통1동,여,50대,일반/휴게 음식,1467,4903398,2026-01-20,3342,공공데이터포털_경기도 수원시_지역화폐 결제 정보_20260120
2025-11,수원시 영통구,영통1동,여,50대,일반유통,1149,3198578,2026-01-20,2784,공공데이터포털_경기도 수원시_지역화폐 결제 정보_20260120
2025-11,수원시 영통구,영통1동,여,50대,학원,108,1607248,2026-01-20,14882,공공데이터포털_경기도 수원시_지역화폐 결제 정보_20260120
2025-11,수원시 영통구,영통1동,여,60대 이상,기타의료,27,107495,2026-01-20,3981,공공데이터포털_경기도 수원시_지역화폐 결제 정보_20260120
2025-11,수원시 영통구,영통1동,여,60대 이상,레저/문화 용품,3,14894,2026-01-20,4965,공공데이터포털_경기도 수원시_지역화폐 결제 정보_20260120
2025-11,수원시 영통구,영통1동,여,60대 이상,레저/스포츠 서비스,3,21320,2026-01-20,7107,공공데이터포털_경기도 수원시_지역화폐 결제 정보_20260120
2025-11,수원시 영통구,영통1동,여,60대 이상,문화/취미,1,737,2026-01-20,737,공공데이터포털_경기도 수원시_지역화폐 결제 정보_20260120
2025-11,수원시 영통구,영통1동,여,60대 이상,미용/위생,39,408701,2026-01-20,10480,공공데이터포털_경기도 수원시_지역화폐 결제 정보_20260120
2025-11,수원시 영통구,영통1동,여,60대 이상,서적/문구/학습자재,4,22140,2026-01-20,5535,공공데이터포털_경기도 수원시_지역화폐 결제 정보_20260120
2025-11,수원시 영통구,영통1동,여,60대 이상,신변잡화,7,26573,2026-01-20,3796,공공데이터포털_경기도 수원시_지역화폐 결제 정보_20260120
2025-11,수원시 영통구,영통1동,여,60대 이상,약국,81,251833,2026-01-20,3109,공공데이터포털_경기도 수원시_지역화폐 결제 정보_20260120
2025-11,수원시 영통구,영통1동,여,60대 이상,용역서비스,20,238689,2026-01-20,11934,공공데이터포털_경기도 수원시_지역화폐 결제 정보_20260120
2025-11,수원시 영통구,영통1동,여,60대 이상,음료/식품,304,1475201,2026-01-20,4853,공공데이터포털_경기도 수원시_지역화폐 결제 정보_20260120
2025-11,수원시 영통구,영통1동,여,60대 이상,의류,3,3355,2026-01-20,1118,공공데이터포털_경기도 수원시_지역화폐 결제 정보_20260120
2025-11,수원시 영통구,영통1동,여,60대 이상,의원,71,1084726,2026-01-20,15278,공공데이터포털_경기도 수원시_지역화폐 결제 정보_20260120
2025-11,수원시 영통구,영통1동,여,60대 이상,일반/휴게 음식,441,1690547,2026-01-20,3833,공공데이터포털_경기도 수원시_지역화폐 결제 정보_20260120
2025-11,수원시 영통구,영통1동,여,60대 이상,일반유통,399,1153333,2026-01-20,2891,공공데이터포털_경기도 수원시_지역화폐 결제 정보_20260120
2025-11,수원시 영통구,영통1동,여,60대 이상,학원,33,801006,2026-01-20,24273,공공데이터포털_경기도 수원시_지역화폐 결제 정보_20260120
2025-11,수원시 영통구,영통1동,여,60대 이상,회원정보미상,4,12280,2026-01-20,3070,공공데이터포털_경기도 수원시_지역화폐 결제 정보_20260120
2025-11,수원시 영통구,영통1동,여,60대 이상,회원정보미상,4,12280,2026-01-20,3070,공공데이터포털_경기도 수원시_지역화폐 결제 정보_20260120
2025-11,수원시 영통구,영통1동,여,60대 이상,의원,2,3800,2026-01-20,1900,공공데이터포털_경기도 수원시_지역화폐 결제 정보_20260120
2025-11,수원시 영통구,영통1동,여,60대 이상,일반유통,2,8480,2026-01-20,4240,공공데이터포털_경기도 수원시_지역화폐 결제 정보_20260120
2025-11,수원시 영통구,영통2동,남,10대,기타의료,5,13272,2026-01-20,2654,공공데이터포털_경기도 수원시_지역화폐 결제 정보_20260120
2025-11,수원시 영통구,영통2동,남,10대,레저/문화 용품,1,2026,2026-01-20,2026,공공데이터포털_경기도 수원시_지역화폐 결제 정보_20260120
2025-11,수원시 영통구,영통2동,남,10대,레저/스포츠 서비스,13,25061,2026-01-20,1928,공공데이터포털_경기도 수원시_지역화폐 결제 정보_20260120
2025-11,수원시 영통구,영통2동,남,10대,문화/취미,1,50000,2026-01-20,50000,공공데이터포털_경기도 수원시_지역화폐 결제 정보_20260120
2025-11,수원시 영통구,영통2동,남,10대,미용/위생,17,122605,2026-01-20,7212,공공데이터포털_경기도 수원시_지역화폐 결제 정보_20260120
2025-11,수원시 영통구,영통2동,남,10대,약국,7,22608,2026-01-20,3230,공공데이터포털_경기도 수원시_지역화폐 결제 정보_20260120
2025-11,수원시 영통구,영통2동,남,10대,용역서비스,11,22536,2026-01-20,2049,공공데이터포털_경기도 수원시_지역화폐 결제 정보_20260120
2025-11,수원시 영통구,영통2동,남,10대,음료/식품,59,82933,2026-01-20,1406,공공데이터포털_경기도 수원시_지역화폐 결제 정보_20260120
2025-11,수원시 영통구,영통2동,남,10대,의원,11,90160,2026-01-20,8196,공공데이터포털_경기도 수원시_지역화폐 결제 정보_20260120
2025-11,수원시 영통구,영통2동,남,10대,일반/휴게 음식,127,496961,2026-01-20,3913,공공데이터포털_경기도 수원시_지역화폐 결제 정보_20260120
2025-11,수원시 영통구,영통2동,남,10대,일반유통,52,153585,2026-01-20,2954,공공데이터포털_경기도 수원시_지역화폐 결제 정보_20260120
2025-11,수원시 영통구,영통2동,남,10대,자동차판매,1,696,2026-01-20,696,공공데이터포털_경기도 수원시_지역화폐 결제 정보_20260120
2025-11,수원시 영통구,영통2동,남,10대,학원,21,431153,2026-01-20,20531,공공데이터포털_경기도 수원시_지역화폐 결제 정보_20260120
2025-11,수원시 영통구,영통2동,남,20대,기타의료,13,88785,2026-01-20,6830,공공데이터포털_경기도 수원시_지역화폐 결제 정보_20260120
2025-11,수원시 영통구,영통2동,남,20대,레저/문화 용품,9,537403,2026-01-20,59711,공공데이터포털_경기도 수원시_지역화폐 결제 정보_20260120
2025-11,수원시 영통구,영통2동,남,20대,레저/스포츠 서비스,87,314307,2026-01-20,3613,공공데이터포털_경기도 수원시_지역화폐 결제 정보_20260120
2025-11,수원시 영통구,영통2동,남,20대,문화/취미,14,313280,2026-01-20,22377,공공데이터포털_경기도 수원시_지역화폐 결제 정보_20260120
2025-11,수원시 영통구,영통2동,남,20대,미용/위생,105,2218389,2026-01-20,21128,공공데이터포털_경기도 수원시_지역화폐 결제 정보_20260120
2025-11,수원시 영통구,영통2동,남,20대,서적/문구/학습자재,1,2000,2026-01-20,2000,공공데이터포털_경기도 수원시_지역화폐 결제 정보_20260120
2025-11,수원시 영통구,영통2동,남,20대,신변잡화,1,447,2026-01-20,447,공공데이터포털_경기도 수원시_지역화폐 결제 정보_20260120
2025-11,수원시 영통구,영통2동,남,20대,약국,87,743157,2026-01-20,8542,공공데이터포털_경기도 수원시_지역화폐 결제 정보_20260120
2025-11,수원시 영통구,영통2동,남,20대,용역서비스,93,474701,2026-01-20,5104,공공데이터포털_경기도 수원시_지역화폐 결제 정보_20260120
2025-11,수원시 영통구,영통2동,남,20대,음료/식품,143,1234407,2026-01-20,8632,공공데이터포털_경기도 수원시_지역화폐 결제 정보_20260120
2025-11,수원시 영통구,영통2동,남,20대,의류,2,217000,2026-01-20,108500,공공데이터포털_경기도 수원시_지역화폐 결제 정보_20260120
2025-11,수원시 영통구,영통2동,남,20대,의원,30,603796,2026-01-20,20127,공공데이터포털_경기도 수원시_지역화폐 결제 정보_20260120
2025-11,수원시 영통구,영통2동,남,20대,일반/휴게 음식,1530,12729372,2026-01-20,8320,공공데이터포털_경기도 수원시_지역화폐 결제 정보_20260120
2025-11,수원시 영통구,영통2동,남,20대,일반유통,677,2596131,2026-01-20,3835,공공데이터포털_경기도 수원시_지역화폐 결제 정보_20260120
2025-11,수원시 영통구,영통2동,남,20대,자동차 정비/유지,4,44570,2026-01-20,11142,공공데이터포털_경기도 수원시_지역화폐 결제 정보_20260120
2025-11,수원시 영통구,영통2동,남,20대,자동차판매,1,4478,2026-01-20,4478,공공데이터포털_경기도 수원시_지역화폐 결제 정보_20260120
2025-11,수원시 영통구,영통2동,남,20대,주방용품,1,6291,2026-01-20,6291,공공데이터포털_경기도 수원시_지역화폐 결제 정보_20260120
2025-11,수원시 영통구,영통2동,남,20대,학원,26,841364,2026-01-20,32360,공공데이터포털_경기도 수원시_지역화폐 결제 정보_20260120
2025-11,수원시 영통구,영통2동,남,30대,가구,1,1907,2026-01-20,1907,공공데이터포털_경기도 수원시_지역화폐 결제 정보_20260120
2025-11,수원시 영통구,영통2동,남,30대,기타의료,54,367985,2026-01-20,6815,공공데이터포털_경기도 수원시_지역화폐 결제 정보_20260120
2025-11,수원시 영통구,영통2동,남,30대,레저/문화 용품,24,594902,2026-01-20,24788,공공데이터포털_경기도 수원시_지역화폐 결제 정보_20260120
2025-11,수원시 영통구,영통2동,남,30대,레저/스포츠 서비스,167,1478732,2026-01-20,8855,공공데이터포털_경기도 수원시_지역화폐 결제 정보_20260120
2025-11,수원시 영통구,영통2동,남,30대,문화/취미,75,462120,2026-01-20,6162,공공데이터포털_경기도 수원시_지역화폐 결제 정보_20260120
2025-11,수원시 영통구,영통2동,남,30대,미용/위생,326,2807512,2026-01-20,8612,공공데이터포털_경기도 수원시_지역화폐 결제 정보_20260120
2025-11,수원시 영통구,영통2동,남,30대,병원,1,7400,2026-01-20,7400,공공데이터포털_경기도 수원시_지역화폐 결제 정보_20260120
2025-11,수원시 영통구,영통2동,남,30대,서적/문구/학습자재,9,325414,2026-01-20,36157,공공데이터포털_경기도 수원시_지역화폐 결제 정보_20260120
2025-11,수원시 영통구,영통2동,남,30대,신변잡화,4,11057,2026-01-20,2764,공공데이터포털_경기도 수원시_지역화폐 결제 정보_20260120
2025-11,수원시 영통구,영통2동,남,30대,약국,463,1216275,2026-01-20,2627,공공데이터포털_경기도 수원시_지역화폐 결제 정보_20260120
2025-11,수원시 영통구,영통2동,남,30대,용역서비스,246,931249,2026-01-20,3786,공공데이터포털_경기도 수원시_지역화폐 결제 정보_20260120
2025-11,수원시 영통구,영통2동,남,30대,음료/식품,886,4116582,2026-01-20,4646,공공데이터포털_경기도 수원시_지역화폐 결제 정보_20260120
2025-11,수원시 영통구,영통2동,남,30대,의류,5,51206,2026-01-20,10241,공공데이터포털_경기도 수원시_지역화폐 결제 정보_20260120
2025-11,수원시 영통구,영통2동,남,30대,의원,188,1735546,2026-01-20,9232,공공데이터포털_경기도 수원시_지역화폐 결제 정보_20260120
2025-11,수원시 영통구,영통2동,남,30대,일반/휴게 음식,6699,27317639,2026-01-20,4078,공공데이터포털_경기도 수원시_지역화폐 결제 정보_20260120
2025-11,수원시 영통구,영통2동,남,30대,일반유통,2629,4506781,2026-01-20,1714,공공데이터포털_경기도 수원시_지역화폐 결제 정보_20260120
2025-11,수원시 영통구,영통2동,남,30대,자동차 정비/유지,44,772934,2026-01-20,17567,공공데이터포털_경기도 수원시_지역화폐 결제 정보_20260120
2025-11,수원시 영통구,영통2동,남,30대,자동차판매,4,99461,2026-01-20,24865,공공데이터포털_경기도 수원시_지역화폐 결제 정보_20260120
2025-11,수원시 영통구,영통2동,남,30대,주방용품,11,49493,2026-01-20,4499,공공데이터포털_경기도 수원시_지역화폐 결제 정보_20260120
2025-11,수원시 영통구,영통2동,남,30대,직물/침구류,1,2661,2026-01-20,2661,공공데이터포털_경기도 수원시_지역화폐 결제 정보_20260120
2025-11,수원시 영통구,영통2동,남,30대,학원,95,2474850,2026-01-20,26051,공공데이터포털_경기도 수원시_지역화폐 결제 정보_20260120
2025-11,수원시 영통구,영통2동,남,40대,가구,2,38576,2026-01-20,19288,공공데이터포털_경기도 수원시_지역화폐 결제 정보_20260120
2025-11,수원시 영통구,영통2동,남,40대,건축자재,2,10267,2026-01-20,5134,공공데이터포털_경기도 수원시_지역화폐 결제 정보_20260120
2025-11,수원시 영통구,영통2동,남,40대,기타의료,96,496688,2026-01-20,5174,공공데이터포털_경기도 수원시_지역화폐 결제 정보_20260120
2025-11,수원시 영통구,영통2동,남,40대,레저/문화 용품,31,393332,2026-01-20,12688,공공데이터포털_경기도 수원시_지역화폐 결제 정보_20260120
2025-11,수원시 영통구,영통2동,남,40대,레저/스포츠 서비스,176,1725548,2026-01-20,9804,공공데이터포털_경기도 수원시_지역화폐 결제 정보_20260120
2025-11,수원시 영통구,영통2동,남,40대,문화/취미,74,392131,2026-01-20,5299,공공데이터포털_경기도 수원시_지역화폐 결제 정보_20260120
2025-11,수원시 영통구,영통2동,남,40대,미용/위생,323,2919540,2026-01-20,9039,공공데이터포털_경기도 수원시_지역화폐 결제 정보_20260120
2025-11,수원시 영통구,영통2동,남,40대,서적/문구/학습자재,10,356004,2026-01-20,35600,공공데이터포털_경기도 수원시_지역화폐 결제 정보_20260120
2025-11,수원시 영통구,영통2동,남,40대,신변잡화,10,15244,2026-01-20,1524,공공데이터포털_경기도 수원시_지역화폐 결제 정보_20260120
2025-11,수원시 영통구,영통2동,남,40대,약국,552,1379557,2026-01-20,2499,공공데이터포털_경기도 수원시_지역화폐 결제 정보_20260120
2025-11,수원시 영통구,영통2동,남,40대,용역서비스,248,1960744,2026-01-20,7906,공공데이터포털_경기도 수원시_지역화폐 결제 정보_20260120
2025-11,수원시 영통구,영통2동,남,40대,음료/식품,1209,4657449,2026-01-20,3852,공공데이터포털_경기도 수원시_지역화폐 결제 정보_20260120
2025-11,수원시 영통구,영통2동,남,40대,의류,8,372614,2026-01-20,46577,공공데이터포털_경기도 수원시_지역화폐 결제 정보_20260120
2025-11,수원시 영통구,영통2동,남,40대,의원,301,1983980,2026-01-20,6591,공공데이터포털_경기도 수원시_지역화폐 결제 정보_20260120
2025-11,수원시 영통구,영통2동,남,40대,일반/휴게 음식,7753,29717610,2026-01-20,3833,공공데이터포털_경기도 수원시_지역화폐 결제 정보_20260120
2025-11,수원시 영통구,영통2동,남,40대,일반유통,1785,3857384,2026-01-20,2161,공공데이터포털_경기도 수원시_지역화폐 결제 정보_20260120
2025-11,수원시 영통구,영통2동,남,40대,자동차 정비/유지,59,981822,2026-01-20,16641,공공데이터포털_경기도 수원시_지역화폐 결제 정보_20260120
2025-11,수원시 영통구,영통2동,남,40대,자동차판매,10,355055,2026-01-20,35506,공공데이터포털_경기도 수원시_지역화폐 결제 정보_20260120
2025-11,수원시 영통구,영통2동,남,40대,주방용품,13,73953,2026-01-20,5689,공공데이터포털_경기도 수원시_지역화폐 결제 정보_20260120
2025-11,수원시 영통구,영통2동,남,40대,직물/침구류,6,65194,2026-01-20,10866,공공데이터포털_경기도 수원시_지역화폐 결제 정보_20260120
2025-11,수원시 영통구,영통2동,남,40대,학원,444,13463783,2026-01-20,30324,공공데이터포털_경기도 수원시_지역화폐 결제 정보_20260120
2025-11,수원시 영통구,영통2동,남,50대,기타의료,36,91710,2026-01-20,2548,공공데이터포털_경기도 수원시_지역화폐 결제 정보_20260120
2025-11,수원시 영통구,영통2동,남,50대,레저/문화 용품,30,528903,2026-01-20,17630,공공데이터포털_경기도 수원시_지역화폐 결제 정보_20260120
2025-11,수원시 영통구,영통2동,남,50대,레저/스포츠 서비스,144,676563,2026-01-20,4698,공공데이터포털_경기도 수원시_지역화폐 결제 정보_20260120
2025-11,수원시 영통구,영통2동,남,50대,문화/취미,16,122489,2026-01-20,7656,공공데이터포털_경기도 수원시_지역화폐 결제 정보_20260120
2025-11,수원시 영통구,영통2동,남,50대,미용/위생,207,2641305,2026-01-20,12760,공공데이터포털_경기도 수원시_지역화폐 결제 정보_20260120
2025-11,수원시 영통구,영통2동,남,50대,서적/문구/학습자재,1,1712,2026-01-20,1712,공공데이터포털_경기도 수원시_지역화폐 결제 정보_20260120
2025-11,수원시 영통구,영통2동,남,50대,신변잡화,10,27212,2026-01-20,2721,공공데이터포털_경기도 수원시_지역화폐 결제 정보_20260120
2025-11,수원시 영통구,영통2동,남,50대,약국,161,450364,2026-01-20,2797,공공데이터포털_경기도 수원시_지역화폐 결제 정보_20260120
2025-11,수원시 영통구,영통2동,남,50대,용역서비스,91,588103,2026-01-20,6463,공공데이터포털_경기도 수원시_지역화폐 결제 정보_20260120
2025-11,수원시 영통구,영통2동,남,50대,음료/식품,456,1934205,2026-01-20,4242,공공데이터포털_경기도 수원시_지역화폐 결제 정보_20260120
2025-11,수원시 영통구,영통2동,남,50대,의류,1,19283,2026-01-20,19283,공공데이터포털_경기도 수원시_지역화폐 결제 정보_20260120
2025-11,수원시 영통구,영통2동,남,50대,의원,116,1016438,2026-01-20,8762,공공데이터포털_경기도 수원시_지역화폐 결제 정보_20260120
2025-11,수원시 영통구,영통2동,남,50대,일반/휴게 음식,3599,15687863,2026-01-20,4359,공공데이터포털_경기도 수원시_지역화폐 결제 정보_20260120
2025-11,수원시 영통구,영통2동,남,50대,일반유통,1190,2716908,2026-01-20,2283,공공데이터포털_경기도 수원시_지역화폐 결제 정보_20260120
2025-11,수원시 영통구,영통2동,남,50대,자동차 정비/유지,28,630818,2026-01-20,22529,공공데이터포털_경기도 수원시_지역화폐 결제 정보_20260120
2025-11,수원시 영통구,영통2동,남,50대,자동차판매,3,6325,2026-01-20,2108,공공데이터포털_경기도 수원시_지역화폐 결제 정보_20260120
2025-11,수원시 영통구,영통2동,남,50대,주방용품,5,25374,2026-01-20,5075,공공데이터포털_경기도 수원시_지역화폐 결제 정보_20260120
2025-11,수원시 영통구,영통2동,남,50대,학원,142,5452007,2026-01-20,38394,공공데이터포털_경기도 수원시_지역화폐 결제 정보_20260120
2025-11,수원시 영통구,영통2동,남,60대 이상,가구,2,97362,2026-01-20,48681,공공데이터포털_경기도 수원시_지역화폐 결제 정보_20260120
2025-11,수원시 영통구,영통2동,남,60대 이상,건축자재,1,4142,2026-01-20,4142,공공데이터포털_경기도 수원시_지역화폐 결제 정보_20260120
2025-11,수원시 영통구,영통2동,남,60대 이상,기타의료,27,215462,2026-01-20,7980,공공데이터포털_경기도 수원시_지역화폐 결제 정보_20260120
2025-11,수원시 영통구,영통2동,남,60대 이상,레저/문화 용품,36,161873,2026-01-20,4496,공공데이터포털_경기도 수원시_지역화폐 결제 정보_20260120
2025-11,수원시 영통구,영통2동,남,60대 이상,레저/스포츠 서비스,61,225008,2026-01-20,3689,공공데이터포털_경기도 수원시_지역화폐 결제 정보_20260120
2025-11,수원시 영통구,영통2동,남,60대 이상,문화/취미,8,82253,2026-01-20,10282,공공데이터포털_경기도 수원시_지역화폐 결제 정보_20260120
2025-11,수원시 영통구,영통2동,남,60대 이상,미용/위생,47,556612,2026-01-20,11843,공공데이터포털_경기도 수원시_지역화폐 결제 정보_20260120
2025-11,수원시 영통구,영통2동,남,60대 이상,서적/문구/학습자재,1,50019,2026-01-20,50019,공공데이터포털_경기도 수원시_지역화폐 결제 정보_20260120
2025-11,수원시 영통구,영통2동,남,60대 이상,신변잡화,2,14054,2026-01-20,7027,공공데이터포털_경기도 수원시_지역화폐 결제 정보_20260120
2025-11,수원시 영통구,영통2동,남,60대 이상,약국,109,342311,2026-01-20,3140,공공데이터포털_경기도 수원시_지역화폐 결제 정보_20260120
2025-11,수원시 영통구,영통2동,남,60대 이상,용역서비스,23,100782,2026-01-20,4382,공공데이터포털_경기도 수원시_지역화폐 결제 정보_20260120
2025-11,수원시 영통구,영통2동,남,60대 이상,음료/식품,164,883228,2026-01-20,5386,공공데이터포털_경기도 수원시_지역화폐 결제 정보_20260120
2025-11,수원시 영통구,영통2동,남,60대 이상,의류,1,9467,2026-01-20,9467,공공데이터포털_경기도 수원시_지역화폐 결제 정보_20260120
2025-11,수원시 영통구,영통2동,남,60대 이상,의원,73,628215,2026-01-20,8606,공공데이터포털_경기도 수원시_지역화폐 결제 정보_20260120
2025-11,수원시 영통구,영통2동,남,60대 이상,일반/휴게 음식,1297,5873651,2026-01-20,4529,공공데이터포털_경기도 수원시_지역화폐 결제 정보_20260120
2025-11,수원시 영통구,영통2동,남,60대 이상,일반유통,568,1622749,2026-01-20,2857,공공데이터포털_경기도 수원시_지역화폐 결제 정보_20260120
2025-11,수원시 영통구,영통2동,남,60대 이상,자동차 정비/유지,16,303379,2026-01-20,18961,공공데이터포털_경기도 수원시_지역화폐 결제 정보_20260120
2025-11,수원시 영통구,영통2동,남,60대 이상,자동차판매,3,36019,2026-01-20,12006,공공데이터포털_경기도 수원시_지역화폐 결제 정보_20260120
2025-11,수원시 영통구,영통2동,남,60대 이상,주방용품,1,27996,2026-01-20,27996,공공데이터포털_경기도 수원시_지역화폐 결제 정보_20260120
2025-11,수원시 영통구,영통2동,남,60대 이상,학원,8,128731,2026-01-20,16091,공공데이터포털_경기도 수원시_지역화폐 결제 정보_20260120
2025-11,수원시 영통구,영통2동,여,10대,기타의료,4,2634,2026-01-20,658,공공데이터포털_경기도 수원시_지역화폐 결제 정보_20260120
2025-11,수원시 영통구,영통2동,여,10대,레저/스포츠 서비스,4,13188,2026-01-20,3297,공공데이터포털_경기도 수원시_지역화폐 결제 정보_20260120
2025-11,수원시 영통구,영통2동,여,10대,문화/취미,1,3725,2026-01-20,3725,공공데이터포털_경기도 수원시_지역화폐 결제 정보_20260120
2025-11,수원시 영통구,영통2동,여,10대,미용/위생,7,84632,2026-01-20,12090,공공데이터포털_경기도 수원시_지역화폐 결제 정보_20260120
2025-11,수원시 영통구,영통2동,여,10대,약국,11,12342,2026-01-20,1122,공공데이터포털_경기도 수원시_지역화폐 결제 정보_20260120
2025-11,수원시 영통구,영통2동,여,10대,용역서비스,6,59415,2026-01-20,9902,공공데이터포털_경기도 수원시_지역화폐 결제 정보_20260120
2025-11,수원시 영통구,영통2동,여,10대,음료/식품,59,71675,2026-01-20,1215,공공데이터포털_경기도 수원시_지역화폐 결제 정보_20260120
2025-11,수원시 영통구,영통2동,여,10대,의원,11,128463,2026-01-20,11678,공공데이터포털_경기도 수원시_지역화폐 결제 정보_20260120
2025-11,수원시 영통구,영통2동,여,10대,일반/휴게 음식,126,558349,2026-01-20,4431,공공데이터포털_경기도 수원시_지역화폐 결제 정보_20260120
2025-11,수원시 영통구,영통2동,여,10대,일반유통,61,100284,2026-01-20,1644,공공데이터포털_경기도 수원시_지역화폐 결제 정보_20260120
2025-11,수원시 영통구,영통2동,여,10대,학원,12,306661,2026-01-20,25555,공공데이터포털_경기도 수원시_지역화폐 결제 정보_20260120
2025-11,수원시 영통구,영통2동,여,20대,가구,3,7427,2026-01-20,2476,공공데이터포털_경기도 수원시_지역화폐 결제 정보_20260120
2025-11,수원시 영통구,영통2동,여,20대,기타의료,14,183632,2026-01-20,13117,공공데이터포털_경기도 수원시_지역화폐 결제 정보_20260120
2025-11,수원시 영통구,영통2동,여,20대,레저/문화 용품,18,1008341,2026-01-20,56019,공공데이터포털_경기도 수원시_지역화폐 결제 정보_20260120
2025-11,수원시 영통구,영통2동,여,20대,레저/스포츠 서비스,98,1715875,2026-01-20,17509,공공데이터포털_경기도 수원시_지역화폐 결제 정보_20260120
2025-11,수원시 영통구,영통2동,여,20대,문화/취미,14,166678,2026-01-20,11906,공공데이터포털_경기도 수원시_지역화폐 결제 정보_20260120
2025-11,수원시 영통구,영통2동,여,20대,미용/위생,89,3915555,2026-01-20,43995,공공데이터포털_경기도 수원시_지역화폐 결제 정보_20260120
2025-11,수원시 영통구,영통2동,여,20대,병원,4,39200,2026-01-20,9800,공공데이터포털_경기도 수원시_지역화폐 결제 정보_20260120
2025-11,수원시 영통구,영통2동,여,20대,신변잡화,1,3455,2026-01-20,3455,공공데이터포털_경기도 수원시_지역화폐 결제 정보_20260120
2025-11,수원시 영통구,영통2동,여,20대,약국,131,851592,2026-01-20,6501,공공데이터포털_경기도 수원시_지역화폐 결제 정보_20260120
2025-11,수원시 영통구,영통2동,여,20대,용역서비스,58,1053975,2026-01-20,18172,공공데이터포털_경기도 수원시_지역화폐 결제 정보_20260120
2025-11,수원시 영통구,영통2동,여,20대,음료/식품,250,1582970,2026-01-20,6332,공공데이터포털_경기도 수원시_지역화폐 결제 정보_20260120
2025-11,수원시 영통구,영통2동,여,20대,의류,2,99700,2026-01-20,49850,공공데이터포털_경기도 수원시_지역화폐 결제 정보_20260120
2025-11,수원시 영통구,영통2동,여,20대,의원,32,455659,2026-01-20,14239,공공데이터포털_경기도 수원시_지역화폐 결제 정보_20260120
2025-11,수원시 영통구,영통2동,여,20대,일반/휴게 음식,2139,17555484,2026-01-20,8207,공공데이터포털_경기도 수원시_지역화폐 결제 정보_20260120
2025-11,수원시 영통구,영통2동,여,20대,일반유통,609,2188654,2026-01-20,3594,공공데이터포털_경기도 수원시_지역화폐 결제 정보_20260120
2025-11,수원시 영통구,영통2동,여,20대,자동차 정비/유지,5,98446,2026-01-20,19689,공공데이터포털_경기도 수원시_지역화폐 결제 정보_20260120
2025-11,수원시 영통구,영통2동,여,20대,주방용품,5,96597,2026-01-20,19319,공공데이터포털_경기도 수원시_지역화폐 결제 정보_20260120
2025-11,수원시 영통구,영통2동,여,20대,학원,49,1779282,2026-01-20,36312,공공데이터포털_경기도 수원시_지역화폐 결제 정보_20260120
2025-11,수원시 영통구,영통2동,여,30대,가구,10,80576,2026-01-20,8058,공공데이터포털_경기도 수원시_지역화폐 결제 정보_20260120
2025-11,수원시 영통구,영통2동,여,30대,기타유통,4,66515,2026-01-20,16629,공공데이터포털_경기도 수원시_지역화폐 결제 정보_20260120
2025-11,수원시 영통구,영통2동,여,30대,기타의료,100,902247,2026-01-20,9022,공공데이터포털_경기도 수원시_지역화폐 결제 정보_20260120
2025-11,수원시 영통구,영통2동,여,30대,레저/문화 용품,19,250665,2026-01-20,13193,공공데이터포털_경기도 수원시_지역화폐 결제 정보_20260120
2025-11,수원시 영통구,영통2동,여,30대,레저/스포츠 서비스,168,3463283,2026-01-20,20615,공공데이터포털_경기도 수원시_지역화폐 결제 정보_20260120
2025-11,수원시 영통구,영통2동,여,30대,문화/취미,63,470100,2026-01-20,7462,공공데이터포털_경기도 수원시_지역화폐 결제 정보_20260120
2025-11,수원시 영통구,영통2동,여,30대,미용/위생,272,4693828,2026-01-20,17257,공공데이터포털_경기도 수원시_지역화폐 결제 정보_20260120
2025-11,수원시 영통구,영통2동,여,30대,서적/문구/학습자재,22,958181,2026-01-20,43554,공공데이터포털_경기도 수원시_지역화폐 결제 정보_20260120
2025-11,수원시 영통구,영통2동,여,30대,신변잡화,4,17322,2026-01-20,4330,공공데이터포털_경기도 수원시_지역화폐 결제 정보_20260120
2025-11,수원시 영통구,영통2동,여,30대,약국,965,3654524,2026-01-20,3787,공공데이터포털_경기도 수원시_지역화폐 결제 정보_20260120
2025-11,수원시 영통구,영통2동,여,30대,용역서비스,201,5350703,2026-01-20,26620,공공데이터포털_경기도 수원시_지역화폐 결제 정보_20260120
2025-11,수원시 영통구,영통2동,여,30대,음료/식품,1369,6221715,2026-01-20,4545,공공데이터포털_경기도 수원시_지역화폐 결제 정보_20260120
2025-11,수원시 영통구,영통2동,여,30대,의류,7,55385,2026-01-20,7912,공공데이터포털_경기도 수원시_지역화폐 결제 정보_20260120
2025-11,수원시 영통구,영통2동,여,30대,의원,405,3531006,2026-01-20,8719,공공데이터포털_경기도 수원시_지역화폐 결제 정보_20260120
2025-11,수원시 영통구,영통2동,여,30대,일반/휴게 음식,7351,32294127,2026-01-20,4393,공공데이터포털_경기도 수원시_지역화폐 결제 정보_20260120
2025-11,수원시 영통구,영통2동,여,30대,일반유통,1802,4291967,2026-01-20,2382,공공데이터포털_경기도 수원시_지역화폐 결제 정보_20260120
2025-11,수원시 영통구,영통2동,여,30대,자동차 정비/유지,35,882918,2026-01-20,25226,공공데이터포털_경기도 수원시_지역화폐 결제 정보_20260120
2025-11,수원시 영통구,영통2동,여,30대,자동차판매,2,31385,2026-01-20,15692,공공데이터포털_경기도 수원시_지역화폐 결제 정보_20260120
2025-11,수원시 영통구,영통2동,여,30대,전자상거래,2,5705,2026-01-20,2852,공공데이터포털_경기도 수원시_지역화폐 결제 정보_20260120
2025-11,수원시 영통구,영통2동,여,30대,주방용품,16,76697,2026-01-20,4794,공공데이터포털_경기도 수원시_지역화폐 결제 정보_20260120
2025-11,수원시 영통구,영통2동,여,30대,직물/침구류,6,43309,2026-01-20,7218,공공데이터포털_경기도 수원시_지역화폐 결제 정보_20260120
2025-11,수원시 영통구,영통2동,여,30대,학원,161,5637334,2026-01-20,35014,공공데이터포털_경기도 수원시_지역화폐 결제 정보_20260120
2025-11,수원시 영통구,영통2동,여,40대,가구,3,8675,2026-01-20,2892,공공데이터포털_경기도 수원시_지역화폐 결제 정보_20260120
2025-11,수원시 영통구,영통2동,여,40대,건축자재,2,11285,2026-01-20,5642,공공데이터포털_경기도 수원시_지역화폐 결제 정보_20260120
2025-11,수원시 영통구,영통2동,여,40대,기타의료,200,636602,2026-01-20,3183,공공데이터포털_경기도 수원시_지역화폐 결제 정보_20260120
2025-11,수원시 영통구,영통2동,여,40대,레저/문화 용품,24,526177,2026-01-20,21924,공공데이터포털_경기도 수원시_지역화폐 결제 정보_20260120
2025-11,수원시 영통구,영통2동,여,40대,레저/스포츠 서비스,152,1836261,2026-01-20,12081,공공데이터포털_경기도 수원시_지역화폐 결제 정보_20260120
2025-11,수원시 영통구,영통2동,여,40대,문화/취미,106,973963,2026-01-20,9188,공공데이터포털_경기도 수원시_지역화폐 결제 정보_20260120
2025-11,수원시 영통구,영통2동,여,40대,미용/위생,300,4187999,2026-01-20,13960,공공데이터포털_경기도 수원시_지역화폐 결제 정보_20260120
2025-11,수원시 영통구,영통2동,여,40대,서적/문구/학습자재,16,469078,2026-01-20,29317,공공데이터포털_경기도 수원시_지역화폐 결제 정보_20260120
2025-11,수원시 영통구,영통2동,여,40대,신변잡화,6,13977,2026-01-20,2330,공공데이터포털_경기도 수원시_지역화폐 결제 정보_20260120
2025-11,수원시 영통구,영통2동,여,40대,약국,894,2159322,2026-01-20,2415,공공데이터포털_경기도 수원시_지역화폐 결제 정보_20260120
2025-11,수원시 영통구,영통2동,여,40대,용역서비스,380,2156841,2026-01-20,5676,공공데이터포털_경기도 수원시_지역화폐 결제 정보_20260120
2025-11,수원시 영통구,영통2동,여,40대,음료/식품,2036,7904810,2026-01-20,3883,공공데이터포털_경기도 수원시_지역화폐 결제 정보_20260120
2025-11,수원시 영통구,영통2동,여,40대,의류,13,244087,2026-01-20,18776,공공데이터포털_경기도 수원시_지역화폐 결제 정보_20260120
2025-11,수원시 영통구,영통2동,여,40대,의원,447,2321276,2026-01-20,5193,공공데이터포털_경기도 수원시_지역화폐 결제 정보_20260120
2025-11,수원시 영통구,영통2동,여,40대,일반/휴게 음식,7940,30419931,2026-01-20,3831,공공데이터포털_경기도 수원시_지역화폐 결제 정보_20260120
2025-11,수원시 영통구,영통2동,여,40대,일반유통,1702,3708348,2026-01-20,2179,공공데이터포털_경기도 수원시_지역화폐 결제 정보_20260120
2025-11,수원시 영통구,영통2동,여,40대,자동차 정비/유지,26,1019966,2026-01-20,39229,공공데이터포털_경기도 수원시_지역화폐 결제 정보_20260120
2025-11,수원시 영통구,영통2동,여,40대,자동차판매,8,83737,2026-01-20,10467,공공데이터포털_경기도 수원시_지역화폐 결제 정보_20260120
2025-11,수원시 영통구,영통2동,여,40대,전자상거래,2,34086,2026-01-20,17043,공공데이터포털_경기도 수원시_지역화폐 결제 정보_20260120
2025-11,수원시 영통구,영통2동,여,40대,주방용품,16,71006,2026-01-20,4438,공공데이터포털_경기도 수원시_지역화폐 결제 정보_20260120
2025-11,수원시 영통구,영통2동,여,40대,직물/침구류,14,148217,2026-01-20,10587,공공데이터포털_경기도 수원시_지역화폐 결제 정보_20260120
2025-11,수원시 영통구,영통2동,여,40대,학원,532,14968737,2026-01-20,28137,공공데이터포털_경기도 수원시_지역화폐 결제 정보_20260120
2025-11,수원시 영통구,영통2동,여,50대,기타의료,70,365858,2026-01-20,5227,공공데이터포털_경기도 수원시_지역화폐 결제 정보_20260120
2025-11,수원시 영통구,영통2동,여,50대,레저/문화 용품,20,416009,2026-01-20,20800,공공데이터포털_경기도 수원시_지역화폐 결제 정보_20260120
2025-11,수원시 영통구,영통2동,여,50대,레저/스포츠 서비스,34,304929,2026-01-20,8968,공공데이터포털_경기도 수원시_지역화폐 결제 정보_20260120
2025-11,수원시 영통구,영통2동,여,50대,문화/취미,32,152093,2026-01-20,4753,공공데이터포털_경기도 수원시_지역화폐 결제 정보_20260120
2025-11,수원시 영통구,영통2동,여,50대,미용/위생,166,2595886,2026-01-20,15638,공공데이터포털_경기도 수원시_지역화폐 결제 정보_20260120
2025-11,수원시 영통구,영통2동,여,50대,병원,4,8482,2026-01-20,2120,공공데이터포털_경기도 수원시_지역화폐 결제 정보_20260120
2025-11,수원시 영통구,영통2동,여,50대,서적/문구/학습자재,6,141486,2026-01-20,23581,공공데이터포털_경기도 수원시_지역화폐 결제 정보_20260120
2025-11,수원시 영통구,영통2동,여,50대,신변잡화,9,15696,2026-01-20,1744,공공데이터포털_경기도 수원시_지역화폐 결제 정보_20260120
2025-11,수원시 영통구,영통2동,여,50대,약국,301,828258,2026-01-20,2752,공공데이터포털_경기도 수원시_지역화폐 결제 정보_20260120
2025-11,수원시 영통구,영통2동,여,50대,용역서비스,139,609896,2026-01-20,4388,공공데이터포털_경기도 수원시_지역화폐 결제 정보_20260120
2025-11,수원시 영통구,영통2동,여,50대,음료/식품,678,2965196,2026-01-20,4373,공공데이터포털_경기도 수원시_지역화폐 결제 정보_20260120
2025-11,수원시 영통구,영통2동,여,50대,의류,14,205329,2026-01-20,14666,공공데이터포털_경기도 수원시_지역화폐 결제 정보_20260120
2025-11,수원시 영통구,영통2동,여,50대,의원,139,1405272,2026-01-20,10110,공공데이터포털_경기도 수원시_지역화폐 결제 정보_20260120
2025-11,수원시 영통구,영통2동,여,50대,일반/휴게 음식,3761,16094199,2026-01-20,4279,공공데이터포털_경기도 수원시_지역화폐 결제 정보_20260120
2025-11,수원시 영통구,영통2동,여,50대,일반유통,1195,3429178,2026-01-20,2870,공공데이터포털_경기도 수원시_지역화폐 결제 정보_20260120
2025-11,수원시 영통구,영통2동,여,50대,자동차 정비/유지,12,217368,2026-01-20,18114,공공데이터포털_경기도 수원시_지역화폐 결제 정보_20260120
2025-11,수원시 영통구,영통2동,여,50대,주방용품,11,57322,2026-01-20,5211,공공데이터포털_경기도 수원시_지역화폐 결제 정보_20260120
2025-11,수원시 영통구,영통2동,여,50대,학원,104,3200564,2026-01-20,30775,공공데이터포털_경기도 수원시_지역화폐 결제 정보_20260120
2025-11,수원시 영통구,영통2동,여,60대 이상,가구,2,117632,2026-01-20,58816,공공데이터포털_경기도 수원시_지역화폐 결제 정보_20260120
2025-11,수원시 영통구,영통2동,여,60대 이상,기타유통,2,71838,2026-01-20,35919,공공데이터포털_경기도 수원시_지역화폐 결제 정보_20260120
2025-11,수원시 영통구,영통2동,여,60대 이상,기타의료,28,74525,2026-01-20,2662,공공데이터포털_경기도 수원시_지역화폐 결제 정보_20260120
2025-11,수원시 영통구,영통2동,여,60대 이상,레저/문화 용품,15,635340,2026-01-20,42356,공공데이터포털_경기도 수원시_지역화폐 결제 정보_20260120
2025-11,수원시 영통구,영통2동,여,60대 이상,레저/스포츠 서비스,3,89108,2026-01-20,29703,공공데이터포털_경기도 수원시_지역화폐 결제 정보_20260120
2025-11,수원시 영통구,영통2동,여,60대 이상,문화/취미,14,136597,2026-01-20,9757,공공데이터포털_경기도 수원시_지역화폐 결제 정보_20260120
2025-11,수원시 영통구,영통2동,여,60대 이상,미용/위생,82,1574543,2026-01-20,19202,공공데이터포털_경기도 수원시_지역화폐 결제 정보_20260120
2025-11,수원시 영통구,영통2동,여,60대 이상,병원,16,26642,2026-01-20,1665,공공데이터포털_경기도 수원시_지역화폐 결제 정보_20260120
2025-11,수원시 영통구,영통2동,여,60대 이상,서적/문구/학습자재,3,59456,2026-01-20,19819,공공데이터포털_경기도 수원시_지역화폐 결제 정보_20260120
2025-11,수원시 영통구,영통2동,여,60대 이상,신변잡화,8,43804,2026-01-20,5476,공공데이터포털_경기도 수원시_지역화폐 결제 정보_20260120
2025-11,수원시 영통구,영통2동,여,60대 이상,약국,136,490186,2026-01-20,3604,공공데이터포털_경기도 수원시_지역화폐 결제 정보_20260120
2025-11,수원시 영통구,영통2동,여,60대 이상,용역서비스,32,133268,2026-01-20,4165,공공데이터포털_경기도 수원시_지역화폐 결제 정보_20260120
2025-11,수원시 영통구,영통2동,여,60대 이상,음료/식품,283,1296635,2026-01-20,4582,공공데이터포털_경기도 수원시_지역화폐 결제 정보_20260120
2025-11,수원시 영통구,영통2동,여,60대 이상,의류,6,94831,2026-01-20,15805,공공데이터포털_경기도 수원시_지역화폐 결제 정보_20260120
2025-11,수원시 영통구,영통2동,여,60대 이상,의원,131,695638,2026-01-20,5310,공공데이터포털_경기도 수원시_지역화폐 결제 정보_20260120
2025-11,수원시 영통구,영통2동,여,60대 이상,일반/휴게 음식,1234,6192771,2026-01-20,5018,공공데이터포털_경기도 수원시_지역화폐 결제 정보_20260120
2025-11,수원시 영통구,영통2동,여,60대 이상,일반유통,747,2344671,2026-01-20,3139,공공데이터포털_경기도 수원시_지역화폐 결제 정보_20260120
2025-11,수원시 영통구,영통2동,여,60대 이상,자동차 정비/유지,7,90657,2026-01-20,12951,공공데이터포털_경기도 수원시_지역화폐 결제 정보_20260120
2025-11,수원시 영통구,영통2동,여,60대 이상,주방용품,1,8416,2026-01-20,8416,공공데이터포털_경기도 수원시_지역화폐 결제 정보_20260120
2025-11,수원시 영통구,영통2동,여,60대 이상,학원,22,618368,2026-01-20,28108,공공데이터포털_경기도 수원시_지역화폐 결제 정보_20260120
2025-11,수원시 영통구,영통2동,여,60대 이상,회원정보미상,18,283360,2026-01-20,15742,공공데이터포털_경기도 수원시_지역화폐 결제 정보_20260120
2025-11,수원시 영통구,영통2동,여,60대 이상,회원정보미상,18,283360,2026-01-20,15742,공공데이터포털_경기도 수원시_지역화폐 결제 정보_20260120
2025-11,수원시 영통구,영통2동,여,60대 이상,미용/위생,2,45000,2026-01-20,22500,공공데이터포털_경기도 수원시_지역화폐 결제 정보_20260120
2025-11,수원시 영통구,영통2동,여,60대 이상,음료/식품,5,168580,2026-01-20,33716,공공데이터포털_경기도 수원시_지역화폐 결제 정보_20260120
2025-11,수원시 영통구,영통2동,여,60대 이상,일반/휴게 음식,6,47000,2026-01-20,7833,공공데이터포털_경기도 수원시_지역화폐 결제 정보_20260120
2025-11,수원시 영통구,영통2동,여,60대 이상,일반유통,5,22780,2026-01-20,4556,공공데이터포털_경기도 수원시_지역화폐 결제 정보_20260120
2025-11,수원시 영통구,영통3동,남,10대,레저/스포츠 서비스,25,79036,2026-01-20,3161,공공데이터포털_경기도 수원시_지역화폐 결제 정보_20260120
2025-11,수원시 영통구,영통3동,남,10대,문화/취미,14,44212,2026-01-20,3158,공공데이터포털_경기도 수원시_지역화폐 결제 정보_20260120
2025-11,수원시 영통구,영통3동,남,10대,미용/위생,24,200072,2026-01-20,8336,공공데이터포털_경기도 수원시_지역화폐 결제 정보_20260120
2025-11,수원시 영통구,영통3동,남,10대,서적/문구/학습자재,25,93785,2026-01-20,3751,공공데이터포털_경기도 수원시_지역화폐 결제 정보_20260120
2025-11,수원시 영통구,영통3동,남,10대,약국,15,31794,2026-01-20,2120,공공데이터포털_경기도 수원시_지역화폐 결제 정보_20260120
2025-11,수원시 영통구,영통3동,남,10대,용역서비스,19,102748,2026-01-20,5408,공공데이터포털_경기도 수원시_지역화폐 결제 정보_20260120
2025-11,수원시 영통구,영통3동,남,10대,음료/식품,98,368840,2026-01-20,3764,공공데이터포털_경기도 수원시_지역화폐 결제 정보_20260120
2025-11,수원시 영통구,영통3동,남,10대,의원,25,175128,2026-01-20,7005,공공데이터포털_경기도 수원시_지역화폐 결제 정보_20260120
2025-11,수원시 영통구,영통3동,남,10대,일반/휴게 음식,484,1703750,2026-01-20,3520,공공데이터포털_경기도 수원시_지역화폐 결제 정보_20260120
2025-11,수원시 영통구,영통3동,남,10대,일반유통,246,257522,2026-01-20,1047,공공데이터포털_경기도 수원시_지역화폐 결제 정보_20260120
2025-11,수원시 영통구,영통3동,남,10대,주유/충전소,8,52615,2026-01-20,6577,공공데이터포털_경기도 수원시_지역화폐 결제 정보_20260120
2025-11,수원시 영통구,영통3동,남,10대,학원,139,3450903,2026-01-20,24827,공공데이터포털_경기도 수원시_지역화폐 결제 정보_20260120
2025-11,수원시 영통구,영통3동,남,20대,건축자재,2,3559,2026-01-20,1780,공공데이터포털_경기도 수원시_지역화폐 결제 정보_20260120
2025-11,수원시 영통구,영통3동,남,20대,기타유통,1,1744,2026-01-20,1744,공공데이터포털_경기도 수원시_지역화폐 결제 정보_20260120
2025-11,수원시 영통구,영통3동,남,20대,기타의료,8,52722,2026-01-20,6590,공공데이터포털_경기도 수원시_지역화폐 결제 정보_20260120
2025-11,수원시 영통구,영통3동,남,20대,대형유통,5,4738,2026-01-20,948,공공데이터포털_경기도 수원시_지역화폐 결제 정보_20260120
2025-11,수원시 영통구,영통3동,남,20대,레저/문화 용품,4,145372,2026-01-20,36343,공공데이터포털_경기도 수원시_지역화폐 결제 정보_20260120
2025-11,수원시 영통구,영통3동,남,20대,레저/스포츠 서비스,349,1691224,2026-01-20,4846,공공데이터포털_경기도 수원시_지역화폐 결제 정보_20260120
2025-11,수원시 영통구,영통3동,남,20대,문화/취미,104,248496,2026-01-20,2389,공공데이터포털_경기도 수원시_지역화폐 결제 정보_20260120
2025-11,수원시 영통구,영통3동,남,20대,미용/위생,198,4159218,2026-01-20,21006,공공데이터포털_경기도 수원시_지역화폐 결제 정보_20260120
2025-11,수원시 영통구,영통3동,남,20대,서적/문구/학습자재,27,114518,2026-01-20,4241,공공데이터포털_경기도 수원시_지역화폐 결제 정보_20260120
2025-11,수원시 영통구,영통3동,남,20대,숙박업,2,60000,2026-01-20,30000,공공데이터포털_경기도 수원시_지역화폐 결제 정보_20260120
2025-11,수원시 영통구,영통3동,남,20대,신변잡화,18,48956,2026-01-20,2720,공공데이터포털_경기도 수원시_지역화폐 결제 정보_20260120
2025-11,수원시 영통구,영통3동,남,20대,약국,144,698587,2026-01-20,4851,공공데이터포털_경기도 수원시_지역화폐 결제 정보_20260120
2025-11,수원시 영통구,영통3동,남,20대,용역서비스,80,945706,2026-01-20,11821,공공데이터포털_경기도 수원시_지역화폐 결제 정보_20260120
2025-11,수원시 영통구,영통3동,남,20대,음료/식품,329,3674535,2026-01-20,11169,공공데이터포털_경기도 수원시_지역화폐 결제 정보_20260120
2025-11,수원시 영통구,영통3동,남,20대,의류,1,110000,2026-01-20,110000,공공데이터포털_경기도 수원시_지역화폐 결제 정보_20260120
2025-11,수원시 영통구,영통3동,남,20대,의원,93,939994,2026-01-20,10107,공공데이터포털_경기도 수원시_지역화폐 결제 정보_20260120
2025-11,수원시 영통구,영통3동,남,20대,일반/휴게 음식,2515,21951051,2026-01-20,8728,공공데이터포털_경기도 수원시_지역화폐 결제 정보_20260120
2025-11,수원시 영통구,영통3동,남,20대,일반유통,891,2981984,2026-01-20,3347,공공데이터포털_경기도 수원시_지역화폐 결제 정보_20260120
2025-11,수원시 영통구,영통3동,남,20대,자동차 정비/유지,6,285933,2026-01-20,47656,공공데이터포털_경기도 수원시_지역화폐 결제 정보_20260120
2025-11,수원시 영통구,영통3동,남,20대,자동차판매,1,288000,2026-01-20,288000,공공데이터포털_경기도 수원시_지역화폐 결제 정보_20260120
2025-11,수원시 영통구,영통3동,남,20대,전자상거래,1,500000,2026-01-20,500000,공공데이터포털_경기도 수원시_지역화폐 결제 정보_20260120
2025-11,수원시 영통구,영통3동,남,20대,주유/충전소,93,1189586,2026-01-20,12791,공공데이터포털_경기도 수원시_지역화폐 결제 정보_20260120
2025-11,수원시 영통구,영통3동,남,20대,직물/침구류,3,91420,2026-01-20,30473,공공데이터포털_경기도 수원시_지역화폐 결제 정보_20260120
2025-11,수원시 영통구,영통3동,남,20대,학원,72,1387405,2026-01-20,19270,공공데이터포털_경기도 수원시_지역화폐 결제 정보_20260120
2025-11,수원시 영통구,영통3동,남,30대,가구,1,50000,2026-01-20,50000,공공데이터포털_경기도 수원시_지역화폐 결제 정보_20260120
2025-11,수원시 영통구,영통3동,남,30대,건축자재,2,1518,2026-01-20,759,공공데이터포털_경기도 수원시_지역화폐 결제 정보_20260120
2025-11,수원시 영통구,영통3동,남,30대,기타유통,1,8496,2026-01-20,8496,공공데이터포털_경기도 수원시_지역화폐 결제 정보_20260120
2025-11,수원시 영통구,영통3동,남,30대,기타의료,106,8261437,2026-01-20,77938,공공데이터포털_경기도 수원시_지역화폐 결제 정보_20260120
2025-11,수원시 영통구,영통3동,남,30대,레저/문화 용품,8,97366,2026-01-20,12171,공공데이터포털_경기도 수원시_지역화폐 결제 정보_20260120
2025-11,수원시 영통구,영통3동,남,30대,레저/스포츠 서비스,257,1067375,2026-01-20,4153,공공데이터포털_경기도 수원시_지역화폐 결제 정보_20260120
2025-11,수원시 영통구,영통3동,남,30대,문화/취미,446,633568,2026-01-20,1421,공공데이터포털_경기도 수원시_지역화폐 결제 정보_20260120
2025-11,수원시 영통구,영통3동,남,30대,미용/위생,409,5385505,2026-01-20,13167,공공데이터포털_경기도 수원시_지역화폐 결제 정보_20260120
2025-11,수원시 영통구,영통3동,남,30대,사무/통신,1,57227,2026-01-20,57227,공공데이터포털_경기도 수원시_지역화폐 결제 정보_20260120
2025-11,수원시 영통구,영통3동,남,30대,서적/문구/학습자재,245,6555612,2026-01-20,26758,공공데이터포털_경기도 수원시_지역화폐 결제 정보_20260120
2025-11,수원시 영통구,영통3동,남,30대,숙박업,1,12000,2026-01-20,12000,공공데이터포털_경기도 수원시_지역화폐 결제 정보_20260120
2025-11,수원시 영통구,영통3동,남,30대,신변잡화,121,57581,2026-01-20,476,공공데이터포털_경기도 수원시_지역화폐 결제 정보_20260120
2025-11,수원시 영통구,영통3동,남,30대,약국,371,1037068,2026-01-20,2795,공공데이터포털_경기도 수원시_지역화폐 결제 정보_20260120
2025-11,수원시 영통구,영통3동,남,30대,용역서비스,116,1408663,2026-01-20,12144,공공데이터포털_경기도 수원시_지역화폐 결제 정보_20260120
2025-11,수원시 영통구,영통3동,남,30대,음료/식품,662,7883557,2026-01-20,11909,공공데이터포털_경기도 수원시_지역화폐 결제 정보_20260120
2025-11,수원시 영통구,영통3동,남,30대,의류,2,103611,2026-01-20,51806,공공데이터포털_경기도 수원시_지역화폐 결제 정보_20260120
2025-11,수원시 영통구,영통3동,남,30대,의원,297,2437502,2026-01-20,8207,공공데이터포털_경기도 수원시_지역화폐 결제 정보_20260120
2025-11,수원시 영통구,영통3동,남,30대,일반/휴게 음식,4597,26441532,2026-01-20,5752,공공데이터포털_경기도 수원시_지역화폐 결제 정보_20260120
2025-11,수원시 영통구,영통3동,남,30대,일반유통,1560,2664844,2026-01-20,1708,공공데이터포털_경기도 수원시_지역화폐 결제 정보_20260120
2025-11,수원시 영통구,영통3동,남,30대,자동차 정비/유지,37,556238,2026-01-20,15033,공공데이터포털_경기도 수원시_지역화폐 결제 정보_20260120
2025-11,수원시 영통구,영통3동,남,30대,자동차판매,2,22716,2026-01-20,11358,공공데이터포털_경기도 수원시_지역화폐 결제 정보_20260120
2025-11,수원시 영통구,영통3동,남,30대,전자상거래,2,830146,2026-01-20,415073,공공데이터포털_경기도 수원시_지역화폐 결제 정보_20260120
2025-11,수원시 영통구,영통3동,남,30대,주방용품,3,69752,2026-01-20,23251,공공데이터포털_경기도 수원시_지역화폐 결제 정보_20260120
2025-11,수원시 영통구,영통3동,남,30대,주유/충전소,506,5377463,2026-01-20,10627,공공데이터포털_경기도 수원시_지역화폐 결제 정보_20260120
2025-11,수원시 영통구,영통3동,남,30대,직물/침구류,1,27767,2026-01-20,27767,공공데이터포털_경기도 수원시_지역화폐 결제 정보_20260120
2025-11,수원시 영통구,영통3동,남,30대,학교/교육,1,34000,2026-01-20,34000,공공데이터포털_경기도 수원시_지역화폐 결제 정보_20260120
2025-11,수원시 영통구,영통3동,남,30대,학원,86,3531075,2026-01-20,41059,공공데이터포털_경기도 수원시_지역화폐 결제 정보_20260120
2025-11,수원시 영통구,영통3동,남,40대,건축자재,3,6516,2026-01-20,2172,공공데이터포털_경기도 수원시_지역화폐 결제 정보_20260120
2025-11,수원시 영통구,영통3동,남,40대,기타유통,2,6805,2026-01-20,3402,공공데이터포털_경기도 수원시_지역화폐 결제 정보_20260120
2025-11,수원시 영통구,영통3동,남,40대,기타의료,36,1293218,2026-01-20,35923,공공데이터포털_경기도 수원시_지역화폐 결제 정보_20260120
2025-11,수원시 영통구,영통3동,남,40대,대형유통,5,18698,2026-01-20,3740,공공데이터포털_경기도 수원시_지역화폐 결제 정보_20260120
2025-11,수원시 영통구,영통3동,남,40대,레저/문화 용품,17,398893,2026-01-20,23464,공공데이터포털_경기도 수원시_지역화폐 결제 정보_20260120
2025-11,수원시 영통구,영통3동,남,40대,레저/스포츠 서비스,513,2295864,2026-01-20,4475,공공데이터포털_경기도 수원시_지역화폐 결제 정보_20260120
2025-11,수원시 영통구,영통3동,남,40대,문화/취미,725,536872,2026-01-20,741,공공데이터포털_경기도 수원시_지역화폐 결제 정보_20260120
2025-11,수원시 영통구,영통3동,남,40대,미용/위생,549,4677646,2026-01-20,8520,공공데이터포털_경기도 수원시_지역화폐 결제 정보_20260120
2025-11,수원시 영통구,영통3동,남,40대,서적/문구/학습자재,424,6005231,2026-01-20,14163,공공데이터포털_경기도 수원시_지역화폐 결제 정보_20260120
2025-11,수원시 영통구,영통3동,남,40대,숙박업,1,1088,2026-01-20,1088,공공데이터포털_경기도 수원시_지역화폐 결제 정보_20260120
2025-11,수원시 영통구,영통3동,남,40대,신변잡화,179,86232,2026-01-20,482,공공데이터포털_경기도 수원시_지역화폐 결제 정보_20260120
2025-11,수원시 영통구,영통3동,남,40대,약국,662,2201183,2026-01-20,3325,공공데이터포털_경기도 수원시_지역화폐 결제 정보_20260120
2025-11,수원시 영통구,영통3동,남,40대,용역서비스,194,2532698,2026-01-20,13055,공공데이터포털_경기도 수원시_지역화폐 결제 정보_20260120
2025-11,수원시 영통구,영통3동,남,40대,음료/식품,1252,9099301,2026-01-20,7268,공공데이터포털_경기도 수원시_지역화폐 결제 정보_20260120
2025-11,수원시 영통구,영통3동,남,40대,의류,6,53548,2026-01-20,8925,공공데이터포털_경기도 수원시_지역화폐 결제 정보_20260120
2025-11,수원시 영통구,영통3동,남,40대,의원,636,7097253,2026-01-20,11159,공공데이터포털_경기도 수원시_지역화폐 결제 정보_20260120
2025-11,수원시 영통구,영통3동,남,40대,일반/휴게 음식,7161,32113356,2026-01-20,4484,공공데이터포털_경기도 수원시_지역화폐 결제 정보_20260120
2025-11,수원시 영통구,영통3동,남,40대,일반유통,2191,3729716,2026-01-20,1702,공공데이터포털_경기도 수원시_지역화폐 결제 정보_20260120
2025-11,수원시 영통구,영통3동,남,40대,자동차 정비/유지,60,862251,2026-01-20,14371,공공데이터포털_경기도 수원시_지역화폐 결제 정보_20260120
2025-11,수원시 영통구,영통3동,남,40대,자동차판매,8,376390,2026-01-20,47049,공공데이터포털_경기도 수원시_지역화폐 결제 정보_20260120
2025-11,수원시 영통구,영통3동,남,40대,전자상거래,4,79959,2026-01-20,19990,공공데이터포털_경기도 수원시_지역화폐 결제 정보_20260120
2025-11,수원시 영통구,영통3동,남,40대,전자제품,2,10501,2026-01-20,5250,공공데이터포털_경기도 수원시_지역화폐 결제 정보_20260120
2025-11,수원시 영통구,영통3동,남,40대,주방용품,2,6947,2026-01-20,3474,공공데이터포털_경기도 수원시_지역화폐 결제 정보_20260120
2025-11,수원시 영통구,영통3동,남,40대,주유/충전소,563,5366501,2026-01-20,9532,공공데이터포털_경기도 수원시_지역화폐 결제 정보_20260120
2025-11,수원시 영통구,영통3동,남,40대,직물/침구류,3,44047,2026-01-20,14682,공공데이터포털_경기도 수원시_지역화폐 결제 정보_20260120
2025-11,수원시 영통구,영통3동,남,40대,학교/교육,9,43299,2026-01-20,4811,공공데이터포털_경기도 수원시_지역화폐 결제 정보_20260120
2025-11,수원시 영통구,영통3동,남,40대,학원,1221,42730271,2026-01-20,34996,공공데이터포털_경기도 수원시_지역화폐 결제 정보_20260120
2025-11,수원시 영통구,영통3동,남,50대,건축자재,10,37561,2026-01-20,3756,공공데이터포털_경기도 수원시_지역화폐 결제 정보_20260120
2025-11,수원시 영통구,영통3동,남,50대,기타유통,2,9944,2026-01-20,4972,공공데이터포털_경기도 수원시_지역화폐 결제 정보_20260120
2025-11,수원시 영통구,영통3동,남,50대,기타의료,37,273936,2026-01-20,7404,공공데이터포털_경기도 수원시_지역화폐 결제 정보_20260120
2025-11,수원시 영통구,영통3동,남,50대,대형유통,2,3633,2026-01-20,1816,공공데이터포털_경기도 수원시_지역화폐 결제 정보_20260120
2025-11,수원시 영통구,영통3동,남,50대,레저/문화 용품,14,150403,2026-01-20,10743,공공데이터포털_경기도 수원시_지역화폐 결제 정보_20260120
2025-11,수원시 영통구,영통3동,남,50대,레저/스포츠 서비스,252,2146005,2026-01-20,8516,공공데이터포털_경기도 수원시_지역화폐 결제 정보_20260120
2025-11,수원시 영통구,영통3동,남,50대,문화/취미,115,204348,2026-01-20,1777,공공데이터포털_경기도 수원시_지역화폐 결제 정보_20260120
2025-11,수원시 영통구,영통3동,남,50대,미용/위생,512,4238671,2026-01-20,8279,공공데이터포털_경기도 수원시_지역화폐 결제 정보_20260120
2025-11,수원시 영통구,영통3동,남,50대,서적/문구/학습자재,146,608766,2026-01-20,4170,공공데이터포털_경기도 수원시_지역화폐 결제 정보_20260120
2025-11,수원시 영통구,영통3동,남,50대,신변잡화,7,3447,2026-01-20,492,공공데이터포털_경기도 수원시_지역화폐 결제 정보_20260120
2025-11,수원시 영통구,영통3동,남,50대,약국,522,1590856,2026-01-20,3048,공공데이터포털_경기도 수원시_지역화폐 결제 정보_20260120
2025-11,수원시 영통구,영통3동,남,50대,용역서비스,139,1156858,2026-01-20,8323,공공데이터포털_경기도 수원시_지역화폐 결제 정보_20260120
2025-11,수원시 영통구,영통3동,남,50대,음료/식품,1003,4984260,2026-01-20,4969,공공데이터포털_경기도 수원시_지역화폐 결제 정보_20260120
2025-11,수원시 영통구,영통3동,남,50대,의류,4,21183,2026-01-20,5296,공공데이터포털_경기도 수원시_지역화폐 결제 정보_20260120
2025-11,수원시 영통구,영통3동,남,50대,의원,500,3852173,2026-01-20,7704,공공데이터포털_경기도 수원시_지역화폐 결제 정보_20260120
2025-11,수원시 영통구,영통3동,남,50대,일반/휴게 음식,5957,24991436,2026-01-20,4195,공공데이터포털_경기도 수원시_지역화폐 결제 정보_20260120
2025-11,수원시 영통구,영통3동,남,50대,일반유통,1904,3619953,2026-01-20,1901,공공데이터포털_경기도 수원시_지역화폐 결제 정보_20260120
2025-11,수원시 영통구,영통3동,남,50대,자동차 정비/유지,46,682221,2026-01-20,14831,공공데이터포털_경기도 수원시_지역화폐 결제 정보_20260120
2025-11,수원시 영통구,영통3동,남,50대,자동차판매,11,129536,2026-01-20,11776,공공데이터포털_경기도 수원시_지역화폐 결제 정보_20260120
2025-11,수원시 영통구,영통3동,남,50대,전자상거래,1,25789,2026-01-20,25789,공공데이터포털_경기도 수원시_지역화폐 결제 정보_20260120
2025-11,수원시 영통구,영통3동,남,50대,전자제품,2,16185,2026-01-20,8092,공공데이터포털_경기도 수원시_지역화폐 결제 정보_20260120
2025-11,수원시 영통구,영통3동,남,50대,주방용품,2,47500,2026-01-20,23750,공공데이터포털_경기도 수원시_지역화폐 결제 정보_20260120
2025-11,수원시 영통구,영통3동,남,50대,주유/충전소,346,3248833,2026-01-20,9390,공공데이터포털_경기도 수원시_지역화폐 결제 정보_20260120
2025-11,수원시 영통구,영통3동,남,50대,직물/침구류,8,83609,2026-01-20,10451,공공데이터포털_경기도 수원시_지역화폐 결제 정보_20260120
2025-11,수원시 영통구,영통3동,남,50대,학교/교육,3,99115,2026-01-20,33038,공공데이터포털_경기도 수원시_지역화폐 결제 정보_20260120
2025-11,수원시 영통구,영통3동,남,50대,학원,581,19623743,2026-01-20,33776,공공데이터포털_경기도 수원시_지역화폐 결제 정보_20260120
2025-11,수원시 영통구,영통3동,남,60대 이상,건축자재,6,15682,2026-01-20,2614,공공데이터포털_경기도 수원시_지역화폐 결제 정보_20260120
2025-11,수원시 영통구,영통3동,남,60대 이상,기타의료,20,141438,2026-01-20,7072,공공데이터포털_경기도 수원시_지역화폐 결제 정보_20260120
2025-11,수원시 영통구,영통3동,남,60대 이상,대형유통,1,180,2026-01-20,180,공공데이터포털_경기도 수원시_지역화폐 결제 정보_20260120
2025-11,수원시 영통구,영통3동,남,60대 이상,레저/문화 용품,7,152855,2026-01-20,21836,공공데이터포털_경기도 수원시_지역화폐 결제 정보_20260120
2025-11,수원시 영통구,영통3동,남,60대 이상,레저/스포츠 서비스,101,661014,2026-01-20,6545,공공데이터포털_경기도 수원시_지역화폐 결제 정보_20260120
2025-11,수원시 영통구,영통3동,남,60대 이상,문화/취미,19,139437,2026-01-20,7339,공공데이터포털_경기도 수원시_지역화폐 결제 정보_20260120
2025-11,수원시 영통구,영통3동,남,60대 이상,미용/위생,171,1669404,2026-01-20,9763,공공데이터포털_경기도 수원시_지역화폐 결제 정보_20260120
2025-11,수원시 영통구,영통3동,남,60대 이상,서적/문구/학습자재,20,269837,2026-01-20,13492,공공데이터포털_경기도 수원시_지역화폐 결제 정보_20260120
2025-11,수원시 영통구,영통3동,남,60대 이상,신변잡화,2,6557,2026-01-20,3278,공공데이터포털_경기도 수원시_지역화폐 결제 정보_20260120
2025-11,수원시 영통구,영통3동,남,60대 이상,약국,206,694660,2026-01-20,3372,공공데이터포털_경기도 수원시_지역화폐 결제 정보_20260120
2025-11,수원시 영통구,영통3동,남,60대 이상,용역서비스,32,199174,2026-01-20,6224,공공데이터포털_경기도 수원시_지역화폐 결제 정보_20260120
2025-11,수원시 영통구,영통3동,남,60대 이상,음료/식품,495,2973043,2026-01-20,6006,공공데이터포털_경기도 수원시_지역화폐 결제 정보_20260120
2025-11,수원시 영통구,영통3동,남,60대 이상,의류,4,12186,2026-01-20,3046,공공데이터포털_경기도 수원시_지역화폐 결제 정보_20260120
2025-11,수원시 영통구,영통3동,남,60대 이상,의원,284,1727172,2026-01-20,6082,공공데이터포털_경기도 수원시_지역화폐 결제 정보_20260120
2025-11,수원시 영통구,영통3동,남,60대 이상,일반/휴게 음식,1867,7500156,2026-01-20,4017,공공데이터포털_경기도 수원시_지역화폐 결제 정보_20260120
2025-11,수원시 영통구,영통3동,남,60대 이상,일반유통,585,1431310,2026-01-20,2447,공공데이터포털_경기도 수원시_지역화폐 결제 정보_20260120
2025-11,수원시 영통구,영통3동,남,60대 이상,자동차 정비/유지,29,544515,2026-01-20,18776,공공데이터포털_경기도 수원시_지역화폐 결제 정보_20260120
2025-11,수원시 영통구,영통3동,남,60대 이상,자동차판매,1,8779,2026-01-20,8779,공공데이터포털_경기도 수원시_지역화폐 결제 정보_20260120
2025-11,수원시 영통구,영통3동,남,60대 이상,전자제품,1,15074,2026-01-20,15074,공공데이터포털_경기도 수원시_지역화폐 결제 정보_20260120
2025-11,수원시 영통구,영통3동,남,60대 이상,주방용품,2,80702,2026-01-20,40351,공공데이터포털_경기도 수원시_지역화폐 결제 정보_20260120
2025-11,수원시 영통구,영통3동,남,60대 이상,주유/충전소,150,1337536,2026-01-20,8917,공공데이터포털_경기도 수원시_지역화폐 결제 정보_20260120
2025-11,수원시 영통구,영통3동,남,60대 이상,학교/교육,1,3187,2026-01-20,3187,공공데이터포털_경기도 수원시_지역화폐 결제 정보_20260120
2025-11,수원시 영통구,영통3동,남,60대 이상,학원,35,1810613,2026-01-20,51732,공공데이터포털_경기도 수원시_지역화폐 결제 정보_20260120
2025-11,수원시 영통구,영통3동,여,10대,기타의료,1,2387,2026-01-20,2387,공공데이터포털_경기도 수원시_지역화폐 결제 정보_20260120
2025-11,수원시 영통구,영통3동,여,10대,레저/스포츠 서비스,15,33125,2026-01-20,2208,공공데이터포털_경기도 수원시_지역화폐 결제 정보_20260120
2025-11,수원시 영통구,영통3동,여,10대,문화/취미,15,5595,2026-01-20,373,공공데이터포털_경기도 수원시_지역화폐 결제 정보_20260120
2025-11,수원시 영통구,영통3동,여,10대,미용/위생,11,153596,2026-01-20,13963,공공데이터포털_경기도 수원시_지역화폐 결제 정보_20260120
2025-11,수원시 영통구,영통3동,여,10대,서적/문구/학습자재,41,212261,2026-01-20,5177,공공데이터포털_경기도 수원시_지역화폐 결제 정보_20260120
2025-11,수원시 영통구,영통3동,여,10대,신변잡화,2,42000,2026-01-20,21000,공공데이터포털_경기도 수원시_지역화폐 결제 정보_20260120
2025-11,수원시 영통구,영통3동,여,10대,약국,36,65066,2026-01-20,1807,공공데이터포털_경기도 수원시_지역화폐 결제 정보_20260120
2025-11,수원시 영통구,영통3동,여,10대,용역서비스,29,112670,2026-01-20,3885,공공데이터포털_경기도 수원시_지역화폐 결제 정보_20260120
2025-11,수원시 영통구,영통3동,여,10대,음료/식품,127,285060,2026-01-20,2245,공공데이터포털_경기도 수원시_지역화폐 결제 정보_20260120
2025-11,수원시 영통구,영통3동,여,10대,의류,2,19806,2026-01-20,9903,공공데이터포털_경기도 수원시_지역화폐 결제 정보_20260120
2025-11,수원시 영통구,영통3동,여,10대,의원,31,418676,2026-01-20,13506,공공데이터포털_경기도 수원시_지역화폐 결제 정보_20260120
2025-11,수원시 영통구,영통3동,여,10대,일반/휴게 음식,563,1806502,2026-01-20,3209,공공데이터포털_경기도 수원시_지역화폐 결제 정보_20260120
2025-11,수원시 영통구,영통3동,여,10대,일반유통,198,275961,2026-01-20,1394,공공데이터포털_경기도 수원시_지역화폐 결제 정보_20260120
2025-11,수원시 영통구,영통3동,여,10대,자동차 정비/유지,2,23132,2026-01-20,11566,공공데이터포털_경기도 수원시_지역화폐 결제 정보_20260120
2025-11,수원시 영통구,영통3동,여,10대,주방용품,4,198817,2026-01-20,49704,공공데이터포털_경기도 수원시_지역화폐 결제 정보_20260120
2025-11,수원시 영통구,영통3동,여,10대,주유/충전소,10,103059,2026-01-20,10306,공공데이터포털_경기도 수원시_지역화폐 결제 정보_20260120
2025-11,수원시 영통구,영통3동,여,10대,학교/교육,1,54521,2026-01-20,54521,공공데이터포털_경기도 수원시_지역화폐 결제 정보_20260120
2025-11,수원시 영통구,영통3동,여,10대,학원,102,2950145,2026-01-20,28923,공공데이터포털_경기도 수원시_지역화폐 결제 정보_20260120
2025-11,수원시 영통구,영통3동,여,20대,건축자재,1,16000,2026-01-20,16000,공공데이터포털_경기도 수원시_지역화폐 결제 정보_20260120
2025-11,수원시 영통구,영통3동,여,20대,기타유통,2,3594,2026-01-20,1797,공공데이터포털_경기도 수원시_지역화폐 결제 정보_20260120
2025-11,수원시 영통구,영통3동,여,20대,기타의료,16,122750,2026-01-20,7672,공공데이터포털_경기도 수원시_지역화폐 결제 정보_20260120
2025-11,수원시 영통구,영통3동,여,20대,대형유통,5,6150,2026-01-20,1230,공공데이터포털_경기도 수원시_지역화폐 결제 정보_20260120
2025-11,수원시 영통구,영통3동,여,20대,레저/문화 용품,3,123945,2026-01-20,41315,공공데이터포털_경기도 수원시_지역화폐 결제 정보_20260120
2025-11,수원시 영통구,영통3동,여,20대,레저/스포츠 서비스,221,2310603,2026-01-20,10455,공공데이터포털_경기도 수원시_지역화폐 결제 정보_20260120
2025-11,수원시 영통구,영통3동,여,20대,문화/취미,304,310475,2026-01-20,1021,공공데이터포털_경기도 수원시_지역화폐 결제 정보_20260120
2025-11,수원시 영통구,영통3동,여,20대,미용/위생,206,5154289,2026-01-20,25021,공공데이터포털_경기도 수원시_지역화폐 결제 정보_20260120
2025-11,수원시 영통구,영통3동,여,20대,서적/문구/학습자재,90,745675,2026-01-20,8285,공공데이터포털_경기도 수원시_지역화폐 결제 정보_20260120
2025-11,수원시 영통구,영통3동,여,20대,숙박업,1,691,2026-01-20,691,공공데이터포털_경기도 수원시_지역화폐 결제 정보_20260120
2025-11,수원시 영통구,영통3동,여,20대,신변잡화,31,21792,2026-01-20,703,공공데이터포털_경기도 수원시_지역화폐 결제 정보_20260120
2025-11,수원시 영통구,영통3동,여,20대,약국,188,1345066,2026-01-20,7155,공공데이터포털_경기도 수원시_지역화폐 결제 정보_20260120
2025-11,수원시 영통구,영통3동,여,20대,용역서비스,71,512009,2026-01-20,7211,공공데이터포털_경기도 수원시_지역화폐 결제 정보_20260120
2025-11,수원시 영통구,영통3동,여,20대,음료/식품,283,1743704,2026-01-20,6161,공공데이터포털_경기도 수원시_지역화폐 결제 정보_20260120
2025-11,수원시 영통구,영통3동,여,20대,의류,4,60583,2026-01-20,15146,공공데이터포털_경기도 수원시_지역화폐 결제 정보_20260120
2025-11,수원시 영통구,영통3동,여,20대,의원,117,1889586,2026-01-20,16150,공공데이터포털_경기도 수원시_지역화폐 결제 정보_20260120
2025-11,수원시 영통구,영통3동,여,20대,일반/휴게 음식,2936,23887859,2026-01-20,8136,공공데이터포털_경기도 수원시_지역화폐 결제 정보_20260120
2025-11,수원시 영통구,영통3동,여,20대,일반유통,769,3019699,2026-01-20,3927,공공데이터포털_경기도 수원시_지역화폐 결제 정보_20260120
2025-11,수원시 영통구,영통3동,여,20대,자동차 정비/유지,6,36475,2026-01-20,6079,공공데이터포털_경기도 수원시_지역화폐 결제 정보_20260120
2025-11,수원시 영통구,영통3동,여,20대,자동차판매,1,33460,2026-01-20,33460,공공데이터포털_경기도 수원시_지역화폐 결제 정보_20260120
2025-11,수원시 영통구,영통3동,여,20대,전자상거래,1,170000,2026-01-20,170000,공공데이터포털_경기도 수원시_지역화폐 결제 정보_20260120
2025-11,수원시 영통구,영통3동,여,20대,주방용품,1,150000,2026-01-20,150000,공공데이터포털_경기도 수원시_지역화폐 결제 정보_20260120
2025-11,수원시 영통구,영통3동,여,20대,주유/충전소,67,1011649,2026-01-20,15099,공공데이터포털_경기도 수원시_지역화폐 결제 정보_20260120
2025-11,수원시 영통구,영통3동,여,20대,학교/교육,1,163329,2026-01-20,163329,공공데이터포털_경기도 수원시_지역화폐 결제 정보_20260120
2025-11,수원시 영통구,영통3동,여,20대,학원,52,1928804,2026-01-20,37092,공공데이터포털_경기도 수원시_지역화폐 결제 정보_20260120
2025-11,수원시 영통구,영통3동,여,30대,가구,1,63218,2026-01-20,63218,공공데이터포털_경기도 수원시_지역화폐 결제 정보_20260120
2025-11,수원시 영통구,영통3동,여,30대,건축자재,2,7401,2026-01-20,3700,공공데이터포털_경기도 수원시_지역화폐 결제 정보_20260120
2025-11,수원시 영통구,영통3동,여,30대,기타의료,150,13026904,2026-01-20,86846,공공데이터포털_경기도 수원시_지역화폐 결제 정보_20260120
2025-11,수원시 영통구,영통3동,여,30대,대형유통,1,20710,2026-01-20,20710,공공데이터포털_경기도 수원시_지역화폐 결제 정보_20260120
2025-11,수원시 영통구,영통3동,여,30대,레저/문화 용품,6,69675,2026-01-20,11612,공공데이터포털_경기도 수원시_지역화폐 결제 정보_20260120
2025-11,수원시 영통구,영통3동,여,30대,레저/스포츠 서비스,259,4058615,2026-01-20,15670,공공데이터포털_경기도 수원시_지역화폐 결제 정보_20260120
2025-11,수원시 영통구,영통3동,여,30대,문화/취미,424,569668,2026-01-20,1344,공공데이터포털_경기도 수원시_지역화폐 결제 정보_20260120
2025-11,수원시 영통구,영통3동,여,30대,미용/위생,402,7369619,2026-01-20,18332,공공데이터포털_경기도 수원시_지역화폐 결제 정보_20260120
2025-11,수원시 영통구,영통3동,여,30대,서적/문구/학습자재,401,11815070,2026-01-20,29464,공공데이터포털_경기도 수원시_지역화폐 결제 정보_20260120
2025-11,수원시 영통구,영통3동,여,30대,숙박업,1,6000,2026-01-20,6000,공공데이터포털_경기도 수원시_지역화폐 결제 정보_20260120
2025-11,수원시 영통구,영통3동,여,30대,신변잡화,106,55887,2026-01-20,527,공공데이터포털_경기도 수원시_지역화폐 결제 정보_20260120
2025-11,수원시 영통구,영통3동,여,30대,약국,646,2034882,2026-01-20,3150,공공데이터포털_경기도 수원시_지역화폐 결제 정보_20260120
2025-11,수원시 영통구,영통3동,여,30대,용역서비스,125,3483798,2026-01-20,27870,공공데이터포털_경기도 수원시_지역화폐 결제 정보_20260120
2025-11,수원시 영통구,영통3동,여,30대,음료/식품,932,5940720,2026-01-20,6374,공공데이터포털_경기도 수원시_지역화폐 결제 정보_20260120
2025-11,수원시 영통구,영통3동,여,30대,의류,12,245363,2026-01-20,20447,공공데이터포털_경기도 수원시_지역화폐 결제 정보_20260120
2025-11,수원시 영통구,영통3동,여,30대,의원,555,5863144,2026-01-20,10564,공공데이터포털_경기도 수원시_지역화폐 결제 정보_20260120
2025-11,수원시 영통구,영통3동,여,30대,일반/휴게 음식,5380,25393103,2026-01-20,4720,공공데이터포털_경기도 수원시_지역화폐 결제 정보_20260120
2025-11,수원시 영통구,영통3동,여,30대,일반유통,1020,2206674,2026-01-20,2163,공공데이터포털_경기도 수원시_지역화폐 결제 정보_20260120
2025-11,수원시 영통구,영통3동,여,30대,자동차 정비/유지,21,459488,2026-01-20,21880,공공데이터포털_경기도 수원시_지역화폐 결제 정보_20260120
2025-11,수원시 영통구,영통3동,여,30대,자동차판매,9,175825,2026-01-20,19536,공공데이터포털_경기도 수원시_지역화폐 결제 정보_20260120
2025-11,수원시 영통구,영통3동,여,30대,전자상거래,1,4826,2026-01-20,4826,공공데이터포털_경기도 수원시_지역화폐 결제 정보_20260120
2025-11,수원시 영통구,영통3동,여,30대,주방용품,6,254802,2026-01-20,42467,공공데이터포털_경기도 수원시_지역화폐 결제 정보_20260120
2025-11,수원시 영통구,영통3동,여,30대,주유/충전소,340,3682654,2026-01-20,10831,공공데이터포털_경기도 수원시_지역화폐 결제 정보_20260120
2025-11,수원시 영통구,영통3동,여,30대,직물/침구류,2,111185,2026-01-20,55592,공공데이터포털_경기도 수원시_지역화폐 결제 정보_20260120
2025-11,수원시 영통구,영통3동,여,30대,학교/교육,5,139325,2026-01-20,27865,공공데이터포털_경기도 수원시_지역화폐 결제 정보_20260120
2025-11,수원시 영통구,영통3동,여,30대,학원,284,10192354,2026-01-20,35889,공공데이터포털_경기도 수원시_지역화폐 결제 정보_20260120
2025-11,수원시 영통구,영통3동,여,40대,가구,1,2139,2026-01-20,2139,공공데이터포털_경기도 수원시_지역화폐 결제 정보_20260120
2025-11,수원시 영통구,영통3동,여,40대,건축자재,9,24427,2026-01-20,2714,공공데이터포털_경기도 수원시_지역화폐 결제 정보_20260120
2025-11,수원시 영통구,영통3동,여,40대,기타유통,1,4636,2026-01-20,4636,공공데이터포털_경기도 수원시_지역화폐 결제 정보_20260120
2025-11,수원시 영통구,영통3동,여,40대,기타의료,60,846651,2026-01-20,14111,공공데이터포털_경기도 수원시_지역화폐 결제 정보_20260120
2025-11,수원시 영통구,영통3동,여,40대,대형유통,4,5612,2026-01-20,1403,공공데이터포털_경기도 수원시_지역화폐 결제 정보_20260120
2025-11,수원시 영통구,영통3동,여,40대,레저/문화 용품,21,281540,2026-01-20,13407,공공데이터포털_경기도 수원시_지역화폐 결제 정보_20260120
2025-11,수원시 영통구,영통3동,여,40대,레저/스포츠 서비스,429,2858703,2026-01-20,6664,공공데이터포털_경기도 수원시_지역화폐 결제 정보_20260120
2025-11,수원시 영통구,영통3동,여,40대,문화/취미,918,924961,2026-01-20,1008,공공데이터포털_경기도 수원시_지역화폐 결제 정보_20260120
2025-11,수원시 영통구,영통3동,여,40대,미용/위생,650,7149005,2026-01-20,10998,공공데이터포털_경기도 수원시_지역화폐 결제 정보_20260120
2025-11,수원시 영통구,영통3동,여,40대,사무/통신,1,25198,2026-01-20,25198,공공데이터포털_경기도 수원시_지역화폐 결제 정보_20260120
2025-11,수원시 영통구,영통3동,여,40대,서적/문구/학습자재,703,6771283,2026-01-20,9632,공공데이터포털_경기도 수원시_지역화폐 결제 정보_20260120
2025-11,수원시 영통구,영통3동,여,40대,신변잡화,142,181590,2026-01-20,1279,공공데이터포털_경기도 수원시_지역화폐 결제 정보_20260120
2025-11,수원시 영통구,영통3동,여,40대,약국,1159,3204567,2026-01-20,2765,공공데이터포털_경기도 수원시_지역화폐 결제 정보_20260120
2025-11,수원시 영통구,영통3동,여,40대,용역서비스,286,4480849,2026-01-20,15667,공공데이터포털_경기도 수원시_지역화폐 결제 정보_20260120
2025-11,수원시 영통구,영통3동,여,40대,음료/식품,2504,9365964,2026-01-20,3740,공공데이터포털_경기도 수원시_지역화폐 결제 정보_20260120
2025-11,수원시 영통구,영통3동,여,40대,의류,19,215523,2026-01-20,11343,공공데이터포털_경기도 수원시_지역화폐 결제 정보_20260120
2025-11,수원시 영통구,영통3동,여,40대,의원,1267,10542089,2026-01-20,8321,공공데이터포털_경기도 수원시_지역화폐 결제 정보_20260120
2025-11,수원시 영통구,영통3동,여,40대,일반/휴게 음식,11312,39717320,2026-01-20,3511,공공데이터포털_경기도 수원시_지역화폐 결제 정보_20260120
2025-11,수원시 영통구,영통3동,여,40대,일반유통,1898,3144320,2026-01-20,1657,공공데이터포털_경기도 수원시_지역화폐 결제 정보_20260120
2025-11,수원시 영통구,영통3동,여,40대,자동차 정비/유지,57,1084814,2026-01-20,19032,공공데이터포털_경기도 수원시_지역화폐 결제 정보_20260120
2025-11,수원시 영통구,영통3동,여,40대,자동차판매,15,293176,2026-01-20,19545,공공데이터포털_경기도 수원시_지역화폐 결제 정보_20260120
2025-11,수원시 영통구,영통3동,여,40대,전자상거래,10,217504,2026-01-20,21750,공공데이터포털_경기도 수원시_지역화폐 결제 정보_20260120
2025-11,수원시 영통구,영통3동,여,40대,전자제품,2,21982,2026-01-20,10991,공공데이터포털_경기도 수원시_지역화폐 결제 정보_20260120
2025-11,수원시 영통구,영통3동,여,40대,주방용품,6,103161,2026-01-20,17194,공공데이터포털_경기도 수원시_지역화폐 결제 정보_20260120
2025-11,수원시 영통구,영통3동,여,40대,주유/충전소,300,2899551,2026-01-20,9665,공공데이터포털_경기도 수원시_지역화폐 결제 정보_20260120
2025-11,수원시 영통구,영통3동,여,40대,직물/침구류,6,119702,2026-01-20,19950,공공데이터포털_경기도 수원시_지역화폐 결제 정보_20260120
2025-11,수원시 영통구,영통3동,여,40대,학교/교육,9,280066,2026-01-20,31118,공공데이터포털_경기도 수원시_지역화폐 결제 정보_20260120
2025-11,수원시 영통구,영통3동,여,40대,학원,1602,49375144,2026-01-20,30821,공공데이터포털_경기도 수원시_지역화폐 결제 정보_20260120
2025-11,수원시 영통구,영통3동,여,50대,건축자재,8,45367,2026-01-20,5671,공공데이터포털_경기도 수원시_지역화폐 결제 정보_20260120
2025-11,수원시 영통구,영통3동,여,50대,기타유통,1,5174,2026-01-20,5174,공공데이터포털_경기도 수원시_지역화폐 결제 정보_20260120
2025-11,수원시 영통구,영통3동,여,50대,기타의료,46,645856,2026-01-20,14040,공공데이터포털_경기도 수원시_지역화폐 결제 정보_20260120
2025-11,수원시 영통구,영통3동,여,50대,대형유통,3,6820,2026-01-20,2273,공공데이터포털_경기도 수원시_지역화폐 결제 정보_20260120
2025-11,수원시 영통구,영통3동,여,50대,레저/문화 용품,9,209145,2026-01-20,23238,공공데이터포털_경기도 수원시_지역화폐 결제 정보_20260120
2025-11,수원시 영통구,영통3동,여,50대,레저/스포츠 서비스,146,2151372,2026-01-20,14735,공공데이터포털_경기도 수원시_지역화폐 결제 정보_20260120
2025-11,수원시 영통구,영통3동,여,50대,문화/취미,122,341011,2026-01-20,2795,공공데이터포털_경기도 수원시_지역화폐 결제 정보_20260120
2025-11,수원시 영통구,영통3동,여,50대,미용/위생,545,6445177,2026-01-20,11826,공공데이터포털_경기도 수원시_지역화폐 결제 정보_20260120
2025-11,수원시 영통구,영통3동,여,50대,서적/문구/학습자재,175,1052331,2026-01-20,6013,공공데이터포털_경기도 수원시_지역화폐 결제 정보_20260120
2025-11,수원시 영통구,영통3동,여,50대,숙박업,1,166,2026-01-20,166,공공데이터포털_경기도 수원시_지역화폐 결제 정보_20260120
2025-11,수원시 영통구,영통3동,여,50대,신변잡화,13,45557,2026-01-20,3504,공공데이터포털_경기도 수원시_지역화폐 결제 정보_20260120
2025-11,수원시 영통구,영통3동,여,50대,약국,660,2021046,2026-01-20,3062,공공데이터포털_경기도 수원시_지역화폐 결제 정보_20260120
2025-11,수원시 영통구,영통3동,여,50대,용역서비스,171,1545588,2026-01-20,9039,공공데이터포털_경기도 수원시_지역화폐 결제 정보_20260120
2025-11,수원시 영통구,영통3동,여,50대,음료/식품,1603,6412046,2026-01-20,4000,공공데이터포털_경기도 수원시_지역화폐 결제 정보_20260120
2025-11,수원시 영통구,영통3동,여,50대,의류,15,143207,2026-01-20,9547,공공데이터포털_경기도 수원시_지역화폐 결제 정보_20260120
2025-11,수원시 영통구,영통3동,여,50대,의원,746,5874477,2026-01-20,7875,공공데이터포털_경기도 수원시_지역화폐 결제 정보_20260120
2025-11,수원시 영통구,영통3동,여,50대,일반/휴게 음식,6971,26233133,2026-01-20,3763,공공데이터포털_경기도 수원시_지역화폐 결제 정보_20260120
2025-11,수원시 영통구,영통3동,여,50대,일반유통,1405,2905775,2026-01-20,2068,공공데이터포털_경기도 수원시_지역화폐 결제 정보_20260120
2025-11,수원시 영통구,영통3동,여,50대,자동차 정비/유지,37,497654,2026-01-20,13450,공공데이터포털_경기도 수원시_지역화폐 결제 정보_20260120
2025-11,수원시 영통구,영통3동,여,50대,자동차판매,5,121819,2026-01-20,24364,공공데이터포털_경기도 수원시_지역화폐 결제 정보_20260120
2025-11,수원시 영통구,영통3동,여,50대,전자상거래,2,5641,2026-01-20,2820,공공데이터포털_경기도 수원시_지역화폐 결제 정보_20260120
2025-11,수원시 영통구,영통3동,여,50대,주방용품,3,82625,2026-01-20,27542,공공데이터포털_경기도 수원시_지역화폐 결제 정보_20260120
2025-11,수원시 영통구,영통3동,여,50대,주유/충전소,190,1953161,2026-01-20,10280,공공데이터포털_경기도 수원시_지역화폐 결제 정보_20260120
2025-11,수원시 영통구,영통3동,여,50대,직물/침구류,4,98073,2026-01-20,24518,공공데이터포털_경기도 수원시_지역화폐 결제 정보_20260120
2025-11,수원시 영통구,영통3동,여,50대,학교/교육,3,75732,2026-01-20,25244,공공데이터포털_경기도 수원시_지역화폐 결제 정보_20260120
2025-11,수원시 영통구,영통3동,여,50대,학원,412,13212360,2026-01-20,32069,공공데이터포털_경기도 수원시_지역화폐 결제 정보_20260120
2025-11,수원시 영통구,영통3동,여,60대 이상,가구,1,3081,2026-01-20,3081,공공데이터포털_경기도 수원시_지역화폐 결제 정보_20260120
2025-11,수원시 영통구,영통3동,여,60대 이상,건축자재,5,10832,2026-01-20,2166,공공데이터포털_경기도 수원시_지역화폐 결제 정보_20260120
2025-11,수원시 영통구,영통3동,여,60대 이상,기타의료,32,473828,2026-01-20,14807,공공데이터포털_경기도 수원시_지역화폐 결제 정보_20260120
2025-11,수원시 영통구,영통3동,여,60대 이상,대형유통,5,9639,2026-01-20,1928,공공데이터포털_경기도 수원시_지역화폐 결제 정보_20260120
2025-11,수원시 영통구,영통3동,여,60대 이상,레저/문화 용품,12,404608,2026-01-20,33717,공공데이터포털_경기도 수원시_지역화폐 결제 정보_20260120
2025-11,수원시 영통구,영통3동,여,60대 이상,레저/스포츠 서비스,41,1008177,2026-01-20,24590,공공데이터포털_경기도 수원시_지역화폐 결제 정보_20260120
2025-11,수원시 영통구,영통3동,여,60대 이상,문화/취미,36,44320,2026-01-20,1231,공공데이터포털_경기도 수원시_지역화폐 결제 정보_20260120
2025-11,수원시 영통구,영통3동,여,60대 이상,미용/위생,194,2300745,2026-01-20,11860,공공데이터포털_경기도 수원시_지역화폐 결제 정보_20260120
2025-11,수원시 영통구,영통3동,여,60대 이상,서적/문구/학습자재,53,1137719,2026-01-20,21466,공공데이터포털_경기도 수원시_지역화폐 결제 정보_20260120
2025-11,수원시 영통구,영통3동,여,60대 이상,숙박업,1,2310,2026-01-20,2310,공공데이터포털_경기도 수원시_지역화폐 결제 정보_20260120
2025-11,수원시 영통구,영통3동,여,60대 이상,신변잡화,4,124297,2026-01-20,31074,공공데이터포털_경기도 수원시_지역화폐 결제 정보_20260120
2025-11,수원시 영통구,영통3동,여,60대 이상,약국,341,1274432,2026-01-20,3737,공공데이터포털_경기도 수원시_지역화폐 결제 정보_20260120
2025-11,수원시 영통구,영통3동,여,60대 이상,용역서비스,56,761768,2026-01-20,13603,공공데이터포털_경기도 수원시_지역화폐 결제 정보_20260120
2025-11,수원시 영통구,영통3동,여,60대 이상,음료/식품,961,5469902,2026-01-20,5692,공공데이터포털_경기도 수원시_지역화폐 결제 정보_20260120
2025-11,수원시 영통구,영통3동,여,60대 이상,의류,6,105194,2026-01-20,17532,공공데이터포털_경기도 수원시_지역화폐 결제 정보_20260120
2025-11,수원시 영통구,영통3동,여,60대 이상,의원,474,2712636,2026-01-20,5723,공공데이터포털_경기도 수원시_지역화폐 결제 정보_20260120
2025-11,수원시 영통구,영통3동,여,60대 이상,일반/휴게 음식,1777,7129862,2026-01-20,4012,공공데이터포털_경기도 수원시_지역화폐 결제 정보_20260120
2025-11,수원시 영통구,영통3동,여,60대 이상,일반유통,524,1358396,2026-01-20,2592,공공데이터포털_경기도 수원시_지역화폐 결제 정보_20260120
2025-11,수원시 영통구,영통3동,여,60대 이상,자동차 정비/유지,5,98867,2026-01-20,19773,공공데이터포털_경기도 수원시_지역화폐 결제 정보_20260120
2025-11,수원시 영통구,영통3동,여,60대 이상,자동차판매,2,4980,2026-01-20,2490,공공데이터포털_경기도 수원시_지역화폐 결제 정보_20260120
2025-11,수원시 영통구,영통3동,여,60대 이상,주방용품,2,77570,2026-01-20,38785,공공데이터포털_경기도 수원시_지역화폐 결제 정보_20260120
2025-11,수원시 영통구,영통3동,여,60대 이상,주유/충전소,71,793079,2026-01-20,11170,공공데이터포털_경기도 수원시_지역화폐 결제 정보_20260120
2025-11,수원시 영통구,영통3동,여,60대 이상,직물/침구류,11,90697,2026-01-20,8245,공공데이터포털_경기도 수원시_지역화폐 결제 정보_20260120
2025-11,수원시 영통구,영통3동,여,60대 이상,학원,74,2367288,2026-01-20,31990,공공데이터포털_경기도 수원시_지역화폐 결제 정보_20260120
2025-11,수원시 영통구,영통3동,여,60대 이상,회원정보미상,30,443700,2026-01-20,14790,공공데이터포털_경기도 수원시_지역화폐 결제 정보_20260120
2025-11,수원시 영통구,영통3동,여,60대 이상,회원정보미상,30,443700,2026-01-20,14790,공공데이터포털_경기도 수원시_지역화폐 결제 정보_20260120
2025-11,수원시 영통구,영통3동,여,60대 이상,미용/위생,1,45000,2026-01-20,45000,공공데이터포털_경기도 수원시_지역화폐 결제 정보_20260120
2025-11,수원시 영통구,영통3동,여,60대 이상,약국,2,24500,2026-01-20,12250,공공데이터포털_경기도 수원시_지역화폐 결제 정보_20260120
2025-11,수원시 영통구,영통3동,여,60대 이상,음료/식품,3,171100,2026-01-20,57033,공공데이터포털_경기도 수원시_지역화폐 결제 정보_20260120
2025-11,수원시 영통구,영통3동,여,60대 이상,의원,5,27600,2026-01-20,5520,공공데이터포털_경기도 수원시_지역화폐 결제 정보_20260120
2025-11,수원시 영통구,영통3동,여,60대 이상,일반/휴게 음식,8,85500,2026-01-20,10688,공공데이터포털_경기도 수원시_지역화폐 결제 정보_20260120
2025-11,수원시 영통구,영통3동,여,60대 이상,일반유통,9,90000,2026-01-20,10000,공공데이터포털_경기도 수원시_지역화폐 결제 정보_20260120
2025-11,수원시 영통구,원천동,남,10대,레저/스포츠 서비스,7,23335,2026-01-20,3334,공공데이터포털_경기도 수원시_지역화폐 결제 정보_20260120
2025-11,수원시 영통구,원천동,남,10대,미용/위생,5,152978,2026-01-20,30596,공공데이터포털_경기도 수원시_지역화폐 결제 정보_20260120
2025-11,수원시 영통구,원천동,남,10대,병원,1,3900,2026-01-20,3900,공공데이터포털_경기도 수원시_지역화폐 결제 정보_20260120
2025-11,수원시 영통구,원천동,남,10대,서적/문구/학습자재,2,1876,2026-01-20,938,공공데이터포털_경기도 수원시_지역화폐 결제 정보_20260120
2025-11,수원시 영통구,원천동,남,10대,약국,1,10200,2026-01-20,10200,공공데이터포털_경기도 수원시_지역화폐 결제 정보_20260120
2025-11,수원시 영통구,원천동,남,10대,용역서비스,11,39324,2026-01-20,3575,공공데이터포털_경기도 수원시_지역화폐 결제 정보_20260120
2025-11,수원시 영통구,원천동,남,10대,음료/식품,29,62531,2026-01-20,2156,공공데이터포털_경기도 수원시_지역화폐 결제 정보_20260120
2025-11,수원시 영통구,원천동,남,10대,의원,5,80348,2026-01-20,16070,공공데이터포털_경기도 수원시_지역화폐 결제 정보_20260120
2025-11,수원시 영통구,원천동,남,10대,일반/휴게 음식,75,538430,2026-01-20,7179,공공데이터포털_경기도 수원시_지역화폐 결제 정보_20260120
2025-11,수원시 영통구,원천동,남,10대,일반유통,71,166839,2026-01-20,2350,공공데이터포털_경기도 수원시_지역화폐 결제 정보_20260120
2025-11,수원시 영통구,원천동,남,10대,자동차 정비/유지,2,24220,2026-01-20,12110,공공데이터포털_경기도 수원시_지역화폐 결제 정보_20260120
2025-11,수원시 영통구,원천동,남,10대,학원,8,336686,2026-01-20,42086,공공데이터포털_경기도 수원시_지역화폐 결제 정보_20260120
2025-11,수원시 영통구,원천동,남,20대,기타의료,3,156136,2026-01-20,52045,공공데이터포털_경기도 수원시_지역화폐 결제 정보_20260120
2025-11,수원시 영통구,원천동,남,20대,레저/스포츠 서비스,267,656250,2026-01-20,2458,공공데이터포털_경기도 수원시_지역화폐 결제 정보_20260120
2025-11,수원시 영통구,원천동,남,20대,문화/취미,74,491707,2026-01-20,6645,공공데이터포털_경기도 수원시_지역화폐 결제 정보_20260120
2025-11,수원시 영통구,원천동,남,20대,미용/위생,77,2532943,2026-01-20,32895,공공데이터포털_경기도 수원시_지역화폐 결제 정보_20260120
2025-11,수원시 영통구,원천동,남,20대,사무/통신,1,2820,2026-01-20,2820,공공데이터포털_경기도 수원시_지역화폐 결제 정보_20260120
2025-11,수원시 영통구,원천동,남,20대,서적/문구/학습자재,19,185558,2026-01-20,9766,공공데이터포털_경기도 수원시_지역화폐 결제 정보_20260120
2025-11,수원시 영통구,원천동,남,20대,약국,42,334925,2026-01-20,7974,공공데이터포털_경기도 수원시_지역화폐 결제 정보_20260120
2025-11,수원시 영통구,원천동,남,20대,용역서비스,76,306063,2026-01-20,4027,공공데이터포털_경기도 수원시_지역화폐 결제 정보_20260120
2025-11,수원시 영통구,원천동,남,20대,음료/식품,187,1433866,2026-01-20,7668,공공데이터포털_경기도 수원시_지역화폐 결제 정보_20260120
2025-11,수원시 영통구,원천동,남,20대,의류,1,2804,2026-01-20,2804,공공데이터포털_경기도 수원시_지역화폐 결제 정보_20260120
2025-11,수원시 영통구,원천동,남,20대,의원,20,586779,2026-01-20,29339,공공데이터포털_경기도 수원시_지역화폐 결제 정보_20260120
2025-11,수원시 영통구,원천동,남,20대,일반/휴게 음식,1590,10405718,2026-01-20,6544,공공데이터포털_경기도 수원시_지역화폐 결제 정보_20260120
2025-11,수원시 영통구,원천동,남,20대,일반유통,772,2523058,2026-01-20,3268,공공데이터포털_경기도 수원시_지역화폐 결제 정보_20260120
2025-11,수원시 영통구,원천동,남,20대,자동차 정비/유지,7,557431,2026-01-20,79633,공공데이터포털_경기도 수원시_지역화폐 결제 정보_20260120
2025-11,수원시 영통구,원천동,남,20대,직물/침구류,1,417,2026-01-20,417,공공데이터포털_경기도 수원시_지역화폐 결제 정보_20260120
2025-11,수원시 영통구,원천동,남,20대,학원,8,170213,2026-01-20,21277,공공데이터포털_경기도 수원시_지역화폐 결제 정보_20260120
2025-11,수원시 영통구,원천동,남,30대,건축자재,5,3393,2026-01-20,679,공공데이터포털_경기도 수원시_지역화폐 결제 정보_20260120
2025-11,수원시 영통구,원천동,남,30대,기타유통,1,758,2026-01-20,758,공공데이터포털_경기도 수원시_지역화폐 결제 정보_20260120
2025-11,수원시 영통구,원천동,남,30대,기타의료,19,781626,2026-01-20,41138,공공데이터포털_경기도 수원시_지역화폐 결제 정보_20260120
2025-11,수원시 영통구,원천동,남,30대,레저/문화 용품,10,126049,2026-01-20,12605,공공데이터포털_경기도 수원시_지역화폐 결제 정보_20260120
2025-11,수원시 영통구,원천동,남,30대,레저/스포츠 서비스,186,1069765,2026-01-20,5751,공공데이터포털_경기도 수원시_지역화폐 결제 정보_20260120
2025-11,수원시 영통구,원천동,남,30대,문화/취미,116,483060,2026-01-20,4164,공공데이터포털_경기도 수원시_지역화폐 결제 정보_20260120
2025-11,수원시 영통구,원천동,남,30대,미용/위생,170,1791352,2026-01-20,10537,공공데이터포털_경기도 수원시_지역화폐 결제 정보_20260120
2025-11,수원시 영통구,원천동,남,30대,병원,7,4598,2026-01-20,657,공공데이터포털_경기도 수원시_지역화폐 결제 정보_20260120
2025-11,수원시 영통구,원천동,남,30대,서적/문구/학습자재,28,1114676,2026-01-20,39810,공공데이터포털_경기도 수원시_지역화폐 결제 정보_20260120
2025-11,수원시 영통구,원천동,남,30대,약국,226,1293169,2026-01-20,5722,공공데이터포털_경기도 수원시_지역화폐 결제 정보_20260120
2025-11,수원시 영통구,원천동,남,30대,용역서비스,167,500975,2026-01-20,3000,공공데이터포털_경기도 수원시_지역화폐 결제 정보_20260120
2025-11,수원시 영통구,원천동,남,30대,음료/식품,638,2354921,2026-01-20,3691,공공데이터포털_경기도 수원시_지역화폐 결제 정보_20260120
2025-11,수원시 영통구,원천동,남,30대,의류,2,7396,2026-01-20,3698,공공데이터포털_경기도 수원시_지역화폐 결제 정보_20260120
2025-11,수원시 영통구,원천동,남,30대,의원,135,1266710,2026-01-20,9383,공공데이터포털_경기도 수원시_지역화폐 결제 정보_20260120
2025-11,수원시 영통구,원천동,남,30대,일반/휴게 음식,2787,10310543,2026-01-20,3700,공공데이터포털_경기도 수원시_지역화폐 결제 정보_20260120
2025-11,수원시 영통구,원천동,남,30대,일반유통,1490,2315290,2026-01-20,1554,공공데이터포털_경기도 수원시_지역화폐 결제 정보_20260120
2025-11,수원시 영통구,원천동,남,30대,자동차 정비/유지,57,1369512,2026-01-20,24027,공공데이터포털_경기도 수원시_지역화폐 결제 정보_20260120
2025-11,수원시 영통구,원천동,남,30대,주방용품,1,50750,2026-01-20,50750,공공데이터포털_경기도 수원시_지역화폐 결제 정보_20260120
2025-11,수원시 영통구,원천동,남,30대,직물/침구류,2,6819,2026-01-20,3410,공공데이터포털_경기도 수원시_지역화폐 결제 정보_20260120
2025-11,수원시 영통구,원천동,남,30대,학원,59,1804313,2026-01-20,30582,공공데이터포털_경기도 수원시_지역화폐 결제 정보_20260120
2025-11,수원시 영통구,원천동,남,40대,가구,1,43660,2026-01-20,43660,공공데이터포털_경기도 수원시_지역화폐 결제 정보_20260120
2025-11,수원시 영통구,원천동,남,40대,건축자재,3,18155,2026-01-20,6052,공공데이터포털_경기도 수원시_지역화폐 결제 정보_20260120
2025-11,수원시 영통구,원천동,남,40대,기타유통,2,11140,2026-01-20,5570,공공데이터포털_경기도 수원시_지역화폐 결제 정보_20260120
2025-11,수원시 영통구,원천동,남,40대,기타의료,13,510755,2026-01-20,39289,공공데이터포털_경기도 수원시_지역화폐 결제 정보_20260120
2025-11,수원시 영통구,원천동,남,40대,레저/문화 용품,13,312701,2026-01-20,24054,공공데이터포털_경기도 수원시_지역화폐 결제 정보_20260120
2025-11,수원시 영통구,원천동,남,40대,레저/스포츠 서비스,184,961095,2026-01-20,5223,공공데이터포털_경기도 수원시_지역화폐 결제 정보_20260120
2025-11,수원시 영통구,원천동,남,40대,문화/취미,252,398457,2026-01-20,1581,공공데이터포털_경기도 수원시_지역화폐 결제 정보_20260120
2025-11,수원시 영통구,원천동,남,40대,미용/위생,247,2139290,2026-01-20,8661,공공데이터포털_경기도 수원시_지역화폐 결제 정보_20260120
2025-11,수원시 영통구,원천동,남,40대,병원,15,33669,2026-01-20,2245,공공데이터포털_경기도 수원시_지역화폐 결제 정보_20260120
2025-11,수원시 영통구,원천동,남,40대,서적/문구/학습자재,71,867591,2026-01-20,12220,공공데이터포털_경기도 수원시_지역화폐 결제 정보_20260120
2025-11,수원시 영통구,원천동,남,40대,신변잡화,5,4007,2026-01-20,801,공공데이터포털_경기도 수원시_지역화폐 결제 정보_20260120
2025-11,수원시 영통구,원천동,남,40대,약국,531,1492078,2026-01-20,2810,공공데이터포털_경기도 수원시_지역화폐 결제 정보_20260120
2025-11,수원시 영통구,원천동,남,40대,용역서비스,157,882268,2026-01-20,5620,공공데이터포털_경기도 수원시_지역화폐 결제 정보_20260120
2025-11,수원시 영통구,원천동,남,40대,음료/식품,1412,3634563,2026-01-20,2574,공공데이터포털_경기도 수원시_지역화폐 결제 정보_20260120
2025-11,수원시 영통구,원천동,남,40대,의류,7,50617,2026-01-20,7231,공공데이터포털_경기도 수원시_지역화폐 결제 정보_20260120
2025-11,수원시 영통구,원천동,남,40대,의원,396,2845036,2026-01-20,7184,공공데이터포털_경기도 수원시_지역화폐 결제 정보_20260120
2025-11,수원시 영통구,원천동,남,40대,일반/휴게 음식,3909,13060567,2026-01-20,3341,공공데이터포털_경기도 수원시_지역화폐 결제 정보_20260120
2025-11,수원시 영통구,원천동,남,40대,일반유통,2023,3386978,2026-01-20,1674,공공데이터포털_경기도 수원시_지역화폐 결제 정보_20260120
2025-11,수원시 영통구,원천동,남,40대,자동차 정비/유지,59,1061730,2026-01-20,17995,공공데이터포털_경기도 수원시_지역화폐 결제 정보_20260120
2025-11,수원시 영통구,원천동,남,40대,학원,543,16893561,2026-01-20,31112,공공데이터포털_경기도 수원시_지역화폐 결제 정보_20260120
2025-11,수원시 영통구,원천동,남,50대,건축자재,12,115842,2026-01-20,9654,공공데이터포털_경기도 수원시_지역화폐 결제 정보_20260120
2025-11,수원시 영통구,원천동,남,50대,기타유통,1,1604,2026-01-20,1604,공공데이터포털_경기도 수원시_지역화폐 결제 정보_20260120
2025-11,수원시 영통구,원천동,남,50대,기타의료,20,109256,2026-01-20,5463,공공데이터포털_경기도 수원시_지역화폐 결제 정보_20260120
2025-11,수원시 영통구,원천동,남,50대,레저/문화 용품,14,219478,2026-01-20,15677,공공데이터포털_경기도 수원시_지역화폐 결제 정보_20260120
2025-11,수원시 영통구,원천동,남,50대,레저/스포츠 서비스,125,626142,2026-01-20,5009,공공데이터포털_경기도 수원시_지역화폐 결제 정보_20260120
2025-11,수원시 영통구,원천동,남,50대,문화/취미,25,237076,2026-01-20,9483,공공데이터포털_경기도 수원시_지역화폐 결제 정보_20260120
2025-11,수원시 영통구,원천동,남,50대,미용/위생,122,952785,2026-01-20,7810,공공데이터포털_경기도 수원시_지역화폐 결제 정보_20260120
2025-11,수원시 영통구,원천동,남,50대,병원,3,9969,2026-01-20,3323,공공데이터포털_경기도 수원시_지역화폐 결제 정보_20260120
2025-11,수원시 영통구,원천동,남,50대,서적/문구/학습자재,23,97625,2026-01-20,4245,공공데이터포털_경기도 수원시_지역화폐 결제 정보_20260120
2025-11,수원시 영통구,원천동,남,50대,신변잡화,15,36043,2026-01-20,2403,공공데이터포털_경기도 수원시_지역화폐 결제 정보_20260120
2025-11,수원시 영통구,원천동,남,50대,약국,220,830066,2026-01-20,3773,공공데이터포털_경기도 수원시_지역화폐 결제 정보_20260120
2025-11,수원시 영통구,원천동,남,50대,용역서비스,92,480890,2026-01-20,5227,공공데이터포털_경기도 수원시_지역화폐 결제 정보_20260120
2025-11,수원시 영통구,원천동,남,50대,음료/식품,424,1382972,2026-01-20,3262,공공데이터포털_경기도 수원시_지역화폐 결제 정보_20260120
2025-11,수원시 영통구,원천동,남,50대,의류,1,4368,2026-01-20,4368,공공데이터포털_경기도 수원시_지역화폐 결제 정보_20260120
2025-11,수원시 영통구,원천동,남,50대,의원,177,1105163,2026-01-20,6244,공공데이터포털_경기도 수원시_지역화폐 결제 정보_20260120
2025-11,수원시 영통구,원천동,남,50대,일반/휴게 음식,2554,9003207,2026-01-20,3525,공공데이터포털_경기도 수원시_지역화폐 결제 정보_20260120
2025-11,수원시 영통구,원천동,남,50대,일반유통,976,1879001,2026-01-20,1925,공공데이터포털_경기도 수원시_지역화폐 결제 정보_20260120
2025-11,수원시 영통구,원천동,남,50대,자동차 정비/유지,30,533237,2026-01-20,17775,공공데이터포털_경기도 수원시_지역화폐 결제 정보_20260120
2025-11,수원시 영통구,원천동,남,50대,주방용품,1,7000,2026-01-20,7000,공공데이터포털_경기도 수원시_지역화폐 결제 정보_20260120
2025-11,수원시 영통구,원천동,남,50대,학원,102,4240035,2026-01-20,41569,공공데이터포털_경기도 수원시_지역화폐 결제 정보_20260120
2025-11,수원시 영통구,원천동,남,60대 이상,건축자재,7,20491,2026-01-20,2927,공공데이터포털_경기도 수원시_지역화폐 결제 정보_20260120
2025-11,수원시 영통구,원천동,남,60대 이상,기타의료,5,22259,2026-01-20,4452,공공데이터포털_경기도 수원시_지역화폐 결제 정보_20260120
2025-11,수원시 영통구,원천동,남,60대 이상,레저/문화 용품,5,26275,2026-01-20,5255,공공데이터포털_경기도 수원시_지역화폐 결제 정보_20260120
2025-11,수원시 영통구,원천동,남,60대 이상,레저/스포츠 서비스,45,230878,2026-01-20,5131,공공데이터포털_경기도 수원시_지역화폐 결제 정보_20260120
2025-11,수원시 영통구,원천동,남,60대 이상,문화/취미,14,101188,2026-01-20,7228,공공데이터포털_경기도 수원시_지역화폐 결제 정보_20260120
2025-11,수원시 영통구,원천동,남,60대 이상,미용/위생,37,272948,2026-01-20,7377,공공데이터포털_경기도 수원시_지역화폐 결제 정보_20260120
2025-11,수원시 영통구,원천동,남,60대 이상,병원,3,2543,2026-01-20,848,공공데이터포털_경기도 수원시_지역화폐 결제 정보_20260120
2025-11,수원시 영통구,원천동,남,60대 이상,신변잡화,3,3182,2026-01-20,1061,공공데이터포털_경기도 수원시_지역화폐 결제 정보_20260120
2025-11,수원시 영통구,원천동,남,60대 이상,약국,112,518678,2026-01-20,4631,공공데이터포털_경기도 수원시_지역화폐 결제 정보_20260120
2025-11,수원시 영통구,원천동,남,60대 이상,용역서비스,19,58786,2026-01-20,3094,공공데이터포털_경기도 수원시_지역화폐 결제 정보_20260120
2025-11,수원시 영통구,원천동,남,60대 이상,음료/식품,189,729602,2026-01-20,3860,공공데이터포털_경기도 수원시_지역화폐 결제 정보_20260120
2025-11,수원시 영통구,원천동,남,60대 이상,의류,3,138324,2026-01-20,46108,공공데이터포털_경기도 수원시_지역화폐 결제 정보_20260120
2025-11,수원시 영통구,원천동,남,60대 이상,의원,89,532657,2026-01-20,5985,공공데이터포털_경기도 수원시_지역화폐 결제 정보_20260120
2025-11,수원시 영통구,원천동,남,60대 이상,일반/휴게 음식,858,3223294,2026-01-20,3757,공공데이터포털_경기도 수원시_지역화폐 결제 정보_20260120
2025-11,수원시 영통구,원천동,남,60대 이상,일반유통,419,887564,2026-01-20,2118,공공데이터포털_경기도 수원시_지역화폐 결제 정보_20260120
2025-11,수원시 영통구,원천동,남,60대 이상,자동차 정비/유지,14,383790,2026-01-20,27414,공공데이터포털_경기도 수원시_지역화폐 결제 정보_20260120
2025-11,수원시 영통구,원천동,남,60대 이상,주방용품,2,10356,2026-01-20,5178,공공데이터포털_경기도 수원시_지역화폐 결제 정보_20260120
2025-11,수원시 영통구,원천동,남,60대 이상,직물/침구류,4,36480,2026-01-20,9120,공공데이터포털_경기도 수원시_지역화폐 결제 정보_20260120
2025-11,수원시 영통구,원천동,남,60대 이상,학원,9,438825,2026-01-20,48758,공공데이터포털_경기도 수원시_지역화폐 결제 정보_20260120
2025-11,수원시 영통구,원천동,여,10대,레저/스포츠 서비스,3,8149,2026-01-20,2716,공공데이터포털_경기도 수원시_지역화폐 결제 정보_20260120
2025-11,수원시 영통구,원천동,여,10대,미용/위생,2,13226,2026-01-20,6613,공공데이터포털_경기도 수원시_지역화폐 결제 정보_20260120
2025-11,수원시 영통구,원천동,여,10대,서적/문구/학습자재,3,3354,2026-01-20,1118,공공데이터포털_경기도 수원시_지역화폐 결제 정보_20260120
2025-11,수원시 영통구,원천동,여,10대,약국,5,62036,2026-01-20,12407,공공데이터포털_경기도 수원시_지역화폐 결제 정보_20260120
2025-11,수원시 영통구,원천동,여,10대,용역서비스,9,50861,2026-01-20,5651,공공데이터포털_경기도 수원시_지역화폐 결제 정보_20260120
2025-11,수원시 영통구,원천동,여,10대,음료/식품,35,88951,2026-01-20,2541,공공데이터포털_경기도 수원시_지역화폐 결제 정보_20260120
2025-11,수원시 영통구,원천동,여,10대,의원,7,100808,2026-01-20,14401,공공데이터포털_경기도 수원시_지역화폐 결제 정보_20260120
2025-11,수원시 영통구,원천동,여,10대,일반/휴게 음식,106,491116,2026-01-20,4633,공공데이터포털_경기도 수원시_지역화폐 결제 정보_20260120
2025-11,수원시 영통구,원천동,여,10대,일반유통,60,130425,2026-01-20,2174,공공데이터포털_경기도 수원시_지역화폐 결제 정보_20260120
2025-11,수원시 영통구,원천동,여,10대,학원,10,392723,2026-01-20,39272,공공데이터포털_경기도 수원시_지역화폐 결제 정보_20260120
2025-11,수원시 영통구,원천동,여,20대,건축자재,1,3025,2026-01-20,3025,공공데이터포털_경기도 수원시_지역화폐 결제 정보_20260120
2025-11,수원시 영통구,원천동,여,20대,기타의료,8,225419,2026-01-20,28177,공공데이터포털_경기도 수원시_지역화폐 결제 정보_20260120
2025-11,수원시 영통구,원천동,여,20대,레저/문화 용품,2,50000,2026-01-20,25000,공공데이터포털_경기도 수원시_지역화폐 결제 정보_20260120
2025-11,수원시 영통구,원천동,여,20대,레저/스포츠 서비스,188,1269095,2026-01-20,6751,공공데이터포털_경기도 수원시_지역화폐 결제 정보_20260120
2025-11,수원시 영통구,원천동,여,20대,문화/취미,183,386628,2026-01-20,2113,공공데이터포털_경기도 수원시_지역화폐 결제 정보_20260120
2025-11,수원시 영통구,원천동,여,20대,미용/위생,83,2646091,2026-01-20,31881,공공데이터포털_경기도 수원시_지역화폐 결제 정보_20260120
2025-11,수원시 영통구,원천동,여,20대,병원,2,8283,2026-01-20,4142,공공데이터포털_경기도 수원시_지역화폐 결제 정보_20260120
2025-11,수원시 영통구,원천동,여,20대,서적/문구/학습자재,41,140994,2026-01-20,3439,공공데이터포털_경기도 수원시_지역화폐 결제 정보_20260120
2025-11,수원시 영통구,원천동,여,20대,약국,110,421995,2026-01-20,3836,공공데이터포털_경기도 수원시_지역화폐 결제 정보_20260120
2025-11,수원시 영통구,원천동,여,20대,용역서비스,84,459634,2026-01-20,5472,공공데이터포털_경기도 수원시_지역화폐 결제 정보_20260120
2025-11,수원시 영통구,원천동,여,20대,음료/식품,244,1147575,2026-01-20,4703,공공데이터포털_경기도 수원시_지역화폐 결제 정보_20260120
2025-11,수원시 영통구,원천동,여,20대,의류,2,202734,2026-01-20,101367,공공데이터포털_경기도 수원시_지역화폐 결제 정보_20260120
2025-11,수원시 영통구,원천동,여,20대,의원,49,553353,2026-01-20,11293,공공데이터포털_경기도 수원시_지역화폐 결제 정보_20260120
2025-11,수원시 영통구,원천동,여,20대,일반/휴게 음식,2140,11128393,2026-01-20,5200,공공데이터포털_경기도 수원시_지역화폐 결제 정보_20260120
2025-11,수원시 영통구,원천동,여,20대,일반유통,746,2574940,2026-01-20,3452,공공데이터포털_경기도 수원시_지역화폐 결제 정보_20260120
2025-11,수원시 영통구,원천동,여,20대,자동차 정비/유지,3,206722,2026-01-20,68907,공공데이터포털_경기도 수원시_지역화폐 결제 정보_20260120
2025-11,수원시 영통구,원천동,여,20대,직물/침구류,2,36871,2026-01-20,18436,공공데이터포털_경기도 수원시_지역화폐 결제 정보_20260120
2025-11,수원시 영통구,원천동,여,20대,학원,19,1121026,2026-01-20,59001,공공데이터포털_경기도 수원시_지역화폐 결제 정보_20260120
2025-11,수원시 영통구,원천동,여,30대,기타유통,2,1665,2026-01-20,832,공공데이터포털_경기도 수원시_지역화폐 결제 정보_20260120
2025-11,수원시 영통구,원천동,여,30대,기타의료,33,2024133,2026-01-20,61337,공공데이터포털_경기도 수원시_지역화폐 결제 정보_20260120
2025-11,수원시 영통구,원천동,여,30대,레저/문화 용품,5,158154,2026-01-20,31631,공공데이터포털_경기도 수원시_지역화폐 결제 정보_20260120
2025-11,수원시 영통구,원천동,여,30대,레저/스포츠 서비스,167,1471688,2026-01-20,8813,공공데이터포털_경기도 수원시_지역화폐 결제 정보_20260120
2025-11,수원시 영통구,원천동,여,30대,문화/취미,179,523885,2026-01-20,2927,공공데이터포털_경기도 수원시_지역화폐 결제 정보_20260120
2025-11,수원시 영통구,원천동,여,30대,미용/위생,140,2333304,2026-01-20,16666,공공데이터포털_경기도 수원시_지역화폐 결제 정보_20260120
2025-11,수원시 영통구,원천동,여,30대,병원,2,12999,2026-01-20,6500,공공데이터포털_경기도 수원시_지역화폐 결제 정보_20260120
2025-11,수원시 영통구,원천동,여,30대,서적/문구/학습자재,62,1766205,2026-01-20,28487,공공데이터포털_경기도 수원시_지역화폐 결제 정보_20260120
2025-11,수원시 영통구,원천동,여,30대,신변잡화,5,3719,2026-01-20,744,공공데이터포털_경기도 수원시_지역화폐 결제 정보_20260120
2025-11,수원시 영통구,원천동,여,30대,약국,360,877591,2026-01-20,2438,공공데이터포털_경기도 수원시_지역화폐 결제 정보_20260120
2025-11,수원시 영통구,원천동,여,30대,용역서비스,117,1288823,2026-01-20,11016,공공데이터포털_경기도 수원시_지역화폐 결제 정보_20260120
2025-11,수원시 영통구,원천동,여,30대,음료/식품,1115,4458047,2026-01-20,3998,공공데이터포털_경기도 수원시_지역화폐 결제 정보_20260120
2025-11,수원시 영통구,원천동,여,30대,의류,10,236422,2026-01-20,23642,공공데이터포털_경기도 수원시_지역화폐 결제 정보_20260120
2025-11,수원시 영통구,원천동,여,30대,의원,249,1857638,2026-01-20,7460,공공데이터포털_경기도 수원시_지역화폐 결제 정보_20260120
2025-11,수원시 영통구,원천동,여,30대,일반/휴게 음식,3507,12734891,2026-01-20,3631,공공데이터포털_경기도 수원시_지역화폐 결제 정보_20260120
2025-11,수원시 영통구,원천동,여,30대,일반유통,1336,2463432,2026-01-20,1844,공공데이터포털_경기도 수원시_지역화폐 결제 정보_20260120
2025-11,수원시 영통구,원천동,여,30대,자동차 정비/유지,23,923137,2026-01-20,40136,공공데이터포털_경기도 수원시_지역화폐 결제 정보_20260120
2025-11,수원시 영통구,원천동,여,30대,주방용품,1,1333,2026-01-20,1333,공공데이터포털_경기도 수원시_지역화폐 결제 정보_20260120
2025-11,수원시 영통구,원천동,여,30대,학원,178,4273758,2026-01-20,24010,공공데이터포털_경기도 수원시_지역화폐 결제 정보_20260120
2025-11,수원시 영통구,원천동,여,40대,건축자재,2,3947,2026-01-20,1974,공공데이터포털_경기도 수원시_지역화폐 결제 정보_20260120
2025-11,수원시 영통구,원천동,여,40대,기타유통,6,16946,2026-01-20,2824,공공데이터포털_경기도 수원시_지역화폐 결제 정보_20260120
2025-11,수원시 영통구,원천동,여,40대,기타의료,25,551264,2026-01-20,22051,공공데이터포털_경기도 수원시_지역화폐 결제 정보_20260120
2025-11,수원시 영통구,원천동,여,40대,레저/문화 용품,6,198767,2026-01-20,33128,공공데이터포털_경기도 수원시_지역화폐 결제 정보_20260120
2025-11,수원시 영통구,원천동,여,40대,레저/스포츠 서비스,139,780211,2026-01-20,5613,공공데이터포털_경기도 수원시_지역화폐 결제 정보_20260120
2025-11,수원시 영통구,원천동,여,40대,문화/취미,138,561769,2026-01-20,4071,공공데이터포털_경기도 수원시_지역화폐 결제 정보_20260120
2025-11,수원시 영통구,원천동,여,40대,미용/위생,255,2805967,2026-01-20,11004,공공데이터포털_경기도 수원시_지역화폐 결제 정보_20260120
2025-11,수원시 영통구,원천동,여,40대,병원,15,72466,2026-01-20,4831,공공데이터포털_경기도 수원시_지역화폐 결제 정보_20260120
2025-11,수원시 영통구,원천동,여,40대,서적/문구/학습자재,110,1216745,2026-01-20,11061,공공데이터포털_경기도 수원시_지역화폐 결제 정보_20260120
2025-11,수원시 영통구,원천동,여,40대,신변잡화,1,6000,2026-01-20,6000,공공데이터포털_경기도 수원시_지역화폐 결제 정보_20260120
2025-11,수원시 영통구,원천동,여,40대,약국,743,1933758,2026-01-20,2603,공공데이터포털_경기도 수원시_지역화폐 결제 정보_20260120
2025-11,수원시 영통구,원천동,여,40대,용역서비스,212,1339702,2026-01-20,6319,공공데이터포털_경기도 수원시_지역화폐 결제 정보_20260120
2025-11,수원시 영통구,원천동,여,40대,음료/식품,2232,6461729,2026-01-20,2895,공공데이터포털_경기도 수원시_지역화폐 결제 정보_20260120
2025-11,수원시 영통구,원천동,여,40대,의류,20,159520,2026-01-20,7976,공공데이터포털_경기도 수원시_지역화폐 결제 정보_20260120
2025-11,수원시 영통구,원천동,여,40대,의원,563,3562026,2026-01-20,6327,공공데이터포털_경기도 수원시_지역화폐 결제 정보_20260120
2025-11,수원시 영통구,원천동,여,40대,일반/휴게 음식,6137,18938465,2026-01-20,3086,공공데이터포털_경기도 수원시_지역화폐 결제 정보_20260120
2025-11,수원시 영통구,원천동,여,40대,일반유통,1839,3176462,2026-01-20,1727,공공데이터포털_경기도 수원시_지역화폐 결제 정보_20260120
2025-11,수원시 영통구,원천동,여,40대,자동차 정비/유지,33,513718,2026-01-20,15567,공공데이터포털_경기도 수원시_지역화폐 결제 정보_20260120
2025-11,수원시 영통구,원천동,여,40대,전자상거래,1,24803,2026-01-20,24803,공공데이터포털_경기도 수원시_지역화폐 결제 정보_20260120
2025-11,수원시 영통구,원천동,여,40대,주방용품,4,63556,2026-01-20,15889,공공데이터포털_경기도 수원시_지역화폐 결제 정보_20260120
2025-11,수원시 영통구,원천동,여,40대,학원,701,19576513,2026-01-20,27927,공공데이터포털_경기도 수원시_지역화폐 결제 정보_20260120
2025-11,수원시 영통구,원천동,여,50대,건축자재,4,334660,2026-01-20,83665,공공데이터포털_경기도 수원시_지역화폐 결제 정보_20260120
2025-11,수원시 영통구,원천동,여,50대,기타유통,4,9841,2026-01-20,2460,공공데이터포털_경기도 수원시_지역화폐 결제 정보_20260120
2025-11,수원시 영통구,원천동,여,50대,기타의료,22,211188,2026-01-20,9599,공공데이터포털_경기도 수원시_지역화폐 결제 정보_20260120
2025-11,수원시 영통구,원천동,여,50대,레저/문화 용품,4,222412,2026-01-20,55603,공공데이터포털_경기도 수원시_지역화폐 결제 정보_20260120
2025-11,수원시 영통구,원천동,여,50대,레저/스포츠 서비스,62,225233,2026-01-20,3633,공공데이터포털_경기도 수원시_지역화폐 결제 정보_20260120
2025-11,수원시 영통구,원천동,여,50대,문화/취미,50,416877,2026-01-20,8338,공공데이터포털_경기도 수원시_지역화폐 결제 정보_20260120
2025-11,수원시 영통구,원천동,여,50대,미용/위생,134,1653569,2026-01-20,12340,공공데이터포털_경기도 수원시_지역화폐 결제 정보_20260120
2025-11,수원시 영통구,원천동,여,50대,병원,11,16240,2026-01-20,1476,공공데이터포털_경기도 수원시_지역화폐 결제 정보_20260120
2025-11,수원시 영통구,원천동,여,50대,서적/문구/학습자재,24,94135,2026-01-20,3922,공공데이터포털_경기도 수원시_지역화폐 결제 정보_20260120
2025-11,수원시 영통구,원천동,여,50대,신변잡화,1,5069,2026-01-20,5069,공공데이터포털_경기도 수원시_지역화폐 결제 정보_20260120
2025-11,수원시 영통구,원천동,여,50대,약국,330,963869,2026-01-20,2921,공공데이터포털_경기도 수원시_지역화폐 결제 정보_20260120
2025-11,수원시 영통구,원천동,여,50대,용역서비스,132,544385,2026-01-20,4124,공공데이터포털_경기도 수원시_지역화폐 결제 정보_20260120
2025-11,수원시 영통구,원천동,여,50대,음료/식품,701,2690201,2026-01-20,3838,공공데이터포털_경기도 수원시_지역화폐 결제 정보_20260120
2025-11,수원시 영통구,원천동,여,50대,의류,25,203852,2026-01-20,8154,공공데이터포털_경기도 수원시_지역화폐 결제 정보_20260120
2025-11,수원시 영통구,원천동,여,50대,의원,196,1243622,2026-01-20,6345,공공데이터포털_경기도 수원시_지역화폐 결제 정보_20260120
2025-11,수원시 영통구,원천동,여,50대,일반/휴게 음식,2979,11264276,2026-01-20,3781,공공데이터포털_경기도 수원시_지역화폐 결제 정보_20260120
2025-11,수원시 영통구,원천동,여,50대,일반유통,845,1700068,2026-01-20,2012,공공데이터포털_경기도 수원시_지역화폐 결제 정보_20260120
2025-11,수원시 영통구,원천동,여,50대,자동차 정비/유지,17,210258,2026-01-20,12368,공공데이터포털_경기도 수원시_지역화폐 결제 정보_20260120
2025-11,수원시 영통구,원천동,여,50대,전자상거래,1,17489,2026-01-20,17489,공공데이터포털_경기도 수원시_지역화폐 결제 정보_20260120
2025-11,수원시 영통구,원천동,여,50대,주방용품,1,10658,2026-01-20,10658,공공데이터포털_경기도 수원시_지역화폐 결제 정보_20260120
2025-11,수원시 영통구,원천동,여,50대,직물/침구류,3,42388,2026-01-20,14129,공공데이터포털_경기도 수원시_지역화폐 결제 정보_20260120
2025-11,수원시 영통구,원천동,여,50대,학원,46,1523422,2026-01-20,33118,공공데이터포털_경기도 수원시_지역화폐 결제 정보_20260120
2025-11,수원시 영통구,원천동,여,60대 이상,미용/위생,74,812401,2026-01-20,10978,공공데이터포털_경기도 수원시_지역화폐 결제 정보_20260120
2025-11,수원시 영통구,원천동,여,60대 이상,용역서비스,32,109392,2026-01-20,3418,공공데이터포털_경기도 수원시_지역화폐 결제 정보_20260120
2025-11,수원시 영통구,원천동,여,60대 이상,음료/식품,289,1266483,2026-01-20,4382,공공데이터포털_경기도 수원시_지역화폐 결제 정보_20260120
2025-11,수원시 영통구,원천동,여,60대 이상,의류,16,178739,2026-01-20,11171,공공데이터포털_경기도 수원시_지역화폐 결제 정보_20260120
2025-11,수원시 영통구,원천동,여,60대 이상,일반/휴게 음식,813,3211280,2026-01-20,3950,공공데이터포털_경기도 수원시_지역화폐 결제 정보_20260120
2025-11,수원시 권선구,입북동,남,10대,미용/위생,3,12041,2026-01-20,4014,공공데이터포털_경기도 수원시_지역화폐 결제 정보_20260120
2025-11,수원시 권선구,입북동,남,10대,약국,3,5630,2026-01-20,1877,공공데이터포털_경기도 수원시_지역화폐 결제 정보_20260120
2025-11,수원시 권선구,입북동,남,10대,용역서비스,3,10507,2026-01-20,3502,공공데이터포털_경기도 수원시_지역화폐 결제 정보_20260120
2025-11,수원시 권선구,입북동,남,10대,음료/식품,14,70006,2026-01-20,5000,공공데이터포털_경기도 수원시_지역화폐 결제 정보_20260120
2025-11,수원시 권선구,입북동,남,10대,의원,4,13203,2026-01-20,3301,공공데이터포털_경기도 수원시_지역화폐 결제 정보_20260120
2025-11,수원시 권선구,입북동,남,10대,일반/휴게 음식,20,118715,2026-01-20,5936,공공데이터포털_경기도 수원시_지역화폐 결제 정보_20260120
2025-11,수원시 권선구,입북동,남,10대,일반유통,18,88596,2026-01-20,4922,공공데이터포털_경기도 수원시_지역화폐 결제 정보_20260120
2025-11,수원시 권선구,입북동,남,10대,자동차판매,1,1258,2026-01-20,1258,공공데이터포털_경기도 수원시_지역화폐 결제 정보_20260120
2025-11,수원시 권선구,입북동,남,10대,학원,3,102349,2026-01-20,34116,공공데이터포털_경기도 수원시_지역화폐 결제 정보_20260120
2025-11,수원시 권선구,입북동,남,20대,레저/스포츠 서비스,6,15293,2026-01-20,2549,공공데이터포털_경기도 수원시_지역화폐 결제 정보_20260120
2025-11,수원시 권선구,입북동,남,20대,문화/취미,1,22386,2026-01-20,22386,공공데이터포털_경기도 수원시_지역화폐 결제 정보_20260120
2025-11,수원시 권선구,입북동,남,20대,미용/위생,18,282491,2026-01-20,15694,공공데이터포털_경기도 수원시_지역화폐 결제 정보_20260120
2025-11,수원시 권선구,입북동,남,20대,약국,17,242648,2026-01-20,14273,공공데이터포털_경기도 수원시_지역화폐 결제 정보_20260120
2025-11,수원시 권선구,입북동,남,20대,용역서비스,15,136374,2026-01-20,9092,공공데이터포털_경기도 수원시_지역화폐 결제 정보_20260120
2025-11,수원시 권선구,입북동,남,20대,음료/식품,54,594227,2026-01-20,11004,공공데이터포털_경기도 수원시_지역화폐 결제 정보_20260120
2025-11,수원시 권선구,입북동,남,20대,의류,1,55638,2026-01-20,55638,공공데이터포털_경기도 수원시_지역화폐 결제 정보_20260120
2025-11,수원시 권선구,입북동,남,20대,의원,5,38653,2026-01-20,7731,공공데이터포털_경기도 수원시_지역화폐 결제 정보_20260120
2025-11,수원시 권선구,입북동,남,20대,일반/휴게 음식,149,2081564,2026-01-20,13970,공공데이터포털_경기도 수원시_지역화폐 결제 정보_20260120
2025-11,수원시 권선구,입북동,남,20대,일반유통,196,1044035,2026-01-20,5327,공공데이터포털_경기도 수원시_지역화폐 결제 정보_20260120
2025-11,수원시 권선구,입북동,남,20대,자동차 정비/유지,1,29738,2026-01-20,29738,공공데이터포털_경기도 수원시_지역화폐 결제 정보_20260120
2025-11,수원시 권선구,입북동,남,20대,학원,1,124891,2026-01-20,124891,공공데이터포털_경기도 수원시_지역화폐 결제 정보_20260120
2025-11,수원시 권선구,입북동,남,30대,레저/문화 용품,4,143629,2026-01-20,35907,공공데이터포털_경기도 수원시_지역화폐 결제 정보_20260120
2025-11,수원시 권선구,입북동,남,30대,문화/취미,3,27645,2026-01-20,9215,공공데이터포털_경기도 수원시_지역화폐 결제 정보_20260120
2025-11,수원시 권선구,입북동,남,30대,미용/위생,45,317708,2026-01-20,7060,공공데이터포털_경기도 수원시_지역화폐 결제 정보_20260120
2025-11,수원시 권선구,입북동,남,30대,서적/문구/학습자재,1,1833,2026-01-20,1833,공공데이터포털_경기도 수원시_지역화폐 결제 정보_20260120
2025-11,수원시 권선구,입북동,남,30대,약국,43,207211,2026-01-20,4819,공공데이터포털_경기도 수원시_지역화폐 결제 정보_20260120
2025-11,수원시 권선구,입북동,남,30대,용역서비스,24,105789,2026-01-20,4408,공공데이터포털_경기도 수원시_지역화폐 결제 정보_20260120
2025-11,수원시 권선구,입북동,남,30대,음료/식품,184,648383,2026-01-20,3524,공공데이터포털_경기도 수원시_지역화폐 결제 정보_20260120
2025-11,수원시 권선구,입북동,남,30대,의류,1,100000,2026-01-20,100000,공공데이터포털_경기도 수원시_지역화폐 결제 정보_20260120
2025-11,수원시 권선구,입북동,남,30대,의원,34,268247,2026-01-20,7890,공공데이터포털_경기도 수원시_지역화폐 결제 정보_20260120
2025-11,수원시 권선구,입북동,남,30대,일반/휴게 음식,344,1508232,2026-01-20,4384,공공데이터포털_경기도 수원시_지역화폐 결제 정보_20260120
2025-11,수원시 권선구,입북동,남,30대,일반유통,673,2187858,2026-01-20,3251,공공데이터포털_경기도 수원시_지역화폐 결제 정보_20260120
2025-11,수원시 권선구,입북동,남,30대,자동차 정비/유지,11,220249,2026-01-20,20023,공공데이터포털_경기도 수원시_지역화폐 결제 정보_20260120
2025-11,수원시 권선구,입북동,남,30대,자동차판매,4,201119,2026-01-20,50280,공공데이터포털_경기도 수원시_지역화폐 결제 정보_20260120
2025-11,수원시 권선구,입북동,남,30대,주방용품,1,273,2026-01-20,273,공공데이터포털_경기도 수원시_지역화폐 결제 정보_20260120
2025-11,수원시 권선구,입북동,남,30대,학원,10,555096,2026-01-20,55510,공공데이터포털_경기도 수원시_지역화폐 결제 정보_20260120
2025-11,수원시 권선구,입북동,남,40대,레저/문화 용품,1,1273,2026-01-20,1273,공공데이터포털_경기도 수원시_지역화폐 결제 정보_20260120
2025-11,수원시 권선구,입북동,남,40대,레저/스포츠 서비스,2,28691,2026-01-20,14346,공공데이터포털_경기도 수원시_지역화폐 결제 정보_20260120
2025-11,수원시 권선구,입북동,남,40대,문화/취미,3,96879,2026-01-20,32293,공공데이터포털_경기도 수원시_지역화폐 결제 정보_20260120
2025-11,수원시 권선구,입북동,남,40대,미용/위생,58,345741,2026-01-20,5961,공공데이터포털_경기도 수원시_지역화폐 결제 정보_20260120
2025-11,수원시 권선구,입북동,남,40대,서적/문구/학습자재,11,54971,2026-01-20,4997,공공데이터포털_경기도 수원시_지역화폐 결제 정보_20260120
2025-11,수원시 권선구,입북동,남,40대,약국,79,162682,2026-01-20,2059,공공데이터포털_경기도 수원시_지역화폐 결제 정보_20260120
2025-11,수원시 권선구,입북동,남,40대,용역서비스,24,58952,2026-01-20,2456,공공데이터포털_경기도 수원시_지역화폐 결제 정보_20260120
2025-11,수원시 권선구,입북동,남,40대,음료/식품,229,459921,2026-01-20,2008,공공데이터포털_경기도 수원시_지역화폐 결제 정보_20260120
2025-11,수원시 권선구,입북동,남,40대,의류,1,10213,2026-01-20,10213,공공데이터포털_경기도 수원시_지역화폐 결제 정보_20260120
2025-11,수원시 권선구,입북동,남,40대,의원,71,343075,2026-01-20,4832,공공데이터포털_경기도 수원시_지역화폐 결제 정보_20260120
2025-11,수원시 권선구,입북동,남,40대,일반/휴게 음식,369,1920276,2026-01-20,5204,공공데이터포털_경기도 수원시_지역화폐 결제 정보_20260120
2025-11,수원시 권선구,입북동,남,40대,일반유통,571,1652471,2026-01-20,2894,공공데이터포털_경기도 수원시_지역화폐 결제 정보_20260120
2025-11,수원시 권선구,입북동,남,40대,자동차 정비/유지,7,105717,2026-01-20,15102,공공데이터포털_경기도 수원시_지역화폐 결제 정보_20260120
2025-11,수원시 권선구,입북동,남,40대,자동차판매,8,246303,2026-01-20,30788,공공데이터포털_경기도 수원시_지역화폐 결제 정보_20260120
2025-11,수원시 권선구,입북동,남,40대,학원,207,5958173,2026-01-20,28783,공공데이터포털_경기도 수원시_지역화폐 결제 정보_20260120
2025-11,수원시 권선구,입북동,남,50대,건축자재,2,10622,2026-01-20,5311,공공데이터포털_경기도 수원시_지역화폐 결제 정보_20260120
2025-11,수원시 권선구,입북동,남,50대,레저/문화 용품,6,66242,2026-01-20,11040,공공데이터포털_경기도 수원시_지역화폐 결제 정보_20260120
2025-11,수원시 권선구,입북동,남,50대,레저/스포츠 서비스,39,74779,2026-01-20,1917,공공데이터포털_경기도 수원시_지역화폐 결제 정보_20260120
2025-11,수원시 권선구,입북동,남,50대,문화/취미,1,6615,2026-01-20,6615,공공데이터포털_경기도 수원시_지역화폐 결제 정보_20260120
2025-11,수원시 권선구,입북동,남,50대,미용/위생,45,248931,2026-01-20,5532,공공데이터포털_경기도 수원시_지역화폐 결제 정보_20260120
2025-11,수원시 권선구,입북동,남,50대,서적/문구/학습자재,2,2555,2026-01-20,1278,공공데이터포털_경기도 수원시_지역화폐 결제 정보_20260120
2025-11,수원시 권선구,입북동,남,50대,신변잡화,1,10000,2026-01-20,10000,공공데이터포털_경기도 수원시_지역화폐 결제 정보_20260120
2025-11,수원시 권선구,입북동,남,50대,약국,50,142097,2026-01-20,2842,공공데이터포털_경기도 수원시_지역화폐 결제 정보_20260120
2025-11,수원시 권선구,입북동,남,50대,용역서비스,43,150324,2026-01-20,3496,공공데이터포털_경기도 수원시_지역화폐 결제 정보_20260120
2025-11,수원시 권선구,입북동,남,50대,음료/식품,186,700121,2026-01-20,3764,공공데이터포털_경기도 수원시_지역화폐 결제 정보_20260120
2025-11,수원시 권선구,입북동,남,50대,의류,3,59689,2026-01-20,19896,공공데이터포털_경기도 수원시_지역화폐 결제 정보_20260120
2025-11,수원시 권선구,입북동,남,50대,의원,44,196620,2026-01-20,4469,공공데이터포털_경기도 수원시_지역화폐 결제 정보_20260120
2025-11,수원시 권선구,입북동,남,50대,일반/휴게 음식,362,2154171,2026-01-20,5951,공공데이터포털_경기도 수원시_지역화폐 결제 정보_20260120
2025-11,수원시 권선구,입북동,남,50대,일반유통,467,1568816,2026-01-20,3359,공공데이터포털_경기도 수원시_지역화폐 결제 정보_20260120
2025-11,수원시 권선구,입북동,남,50대,자동차 정비/유지,3,54893,2026-01-20,18298,공공데이터포털_경기도 수원시_지역화폐 결제 정보_20260120
2025-11,수원시 권선구,입북동,남,50대,자동차판매,4,480220,2026-01-20,120055,공공데이터포털_경기도 수원시_지역화폐 결제 정보_20260120
2025-11,수원시 권선구,입북동,남,50대,학원,70,1921134,2026-01-20,27445,공공데이터포털_경기도 수원시_지역화폐 결제 정보_20260120
2025-11,수원시 권선구,입북동,남,60대 이상,건축자재,2,5874,2026-01-20,2937,공공데이터포털_경기도 수원시_지역화폐 결제 정보_20260120
2025-11,수원시 권선구,입북동,남,60대 이상,레저/스포츠 서비스,13,46616,2026-01-20,3586,공공데이터포털_경기도 수원시_지역화폐 결제 정보_20260120
2025-11,수원시 권선구,입북동,남,60대 이상,미용/위생,29,139090,2026-01-20,4796,공공데이터포털_경기도 수원시_지역화폐 결제 정보_20260120
2025-11,수원시 권선구,입북동,남,60대 이상,서적/문구/학습자재,3,4710,2026-01-20,1570,공공데이터포털_경기도 수원시_지역화폐 결제 정보_20260120
2025-11,수원시 권선구,입북동,남,60대 이상,약국,56,160128,2026-01-20,2859,공공데이터포털_경기도 수원시_지역화폐 결제 정보_20260120
2025-11,수원시 권선구,입북동,남,60대 이상,용역서비스,11,32946,2026-01-20,2995,공공데이터포털_경기도 수원시_지역화폐 결제 정보_20260120
2025-11,수원시 권선구,입북동,남,60대 이상,음료/식품,158,561154,2026-01-20,3552,공공데이터포털_경기도 수원시_지역화폐 결제 정보_20260120
2025-11,수원시 권선구,입북동,남,60대 이상,의류,24,546771,2026-01-20,22782,공공데이터포털_경기도 수원시_지역화폐 결제 정보_20260120
2025-11,수원시 권선구,입북동,남,60대 이상,의원,34,69779,2026-01-20,2052,공공데이터포털_경기도 수원시_지역화폐 결제 정보_20260120
2025-11,수원시 권선구,입북동,남,60대 이상,일반/휴게 음식,274,1268582,2026-01-20,4630,공공데이터포털_경기도 수원시_지역화폐 결제 정보_20260120
2025-11,수원시 권선구,입북동,남,60대 이상,일반유통,293,709724,2026-01-20,2422,공공데이터포털_경기도 수원시_지역화폐 결제 정보_20260120
2025-11,수원시 권선구,입북동,남,60대 이상,자동차 정비/유지,4,65136,2026-01-20,16284,공공데이터포털_경기도 수원시_지역화폐 결제 정보_20260120
2025-11,수원시 권선구,입북동,남,60대 이상,자동차판매,2,113837,2026-01-20,56918,공공데이터포털_경기도 수원시_지역화폐 결제 정보_20260120
2025-11,수원시 권선구,입북동,남,60대 이상,직물/침구류,1,14809,2026-01-20,14809,공공데이터포털_경기도 수원시_지역화폐 결제 정보_20260120
2025-11,수원시 권선구,입북동,남,60대 이상,학원,6,377716,2026-01-20,62953,공공데이터포털_경기도 수원시_지역화폐 결제 정보_20260120
2025-11,수원시 권선구,입북동,여,10대,약국,3,12500,2026-01-20,4167,공공데이터포털_경기도 수원시_지역화폐 결제 정보_20260120
2025-11,수원시 권선구,입북동,여,10대,용역서비스,8,23885,2026-01-20,2986,공공데이터포털_경기도 수원시_지역화폐 결제 정보_20260120
2025-11,수원시 권선구,입북동,여,10대,음료/식품,16,18001,2026-01-20,1125,공공데이터포털_경기도 수원시_지역화폐 결제 정보_20260120
2025-11,수원시 권선구,입북동,여,10대,일반/휴게 음식,11,46151,2026-01-20,4196,공공데이터포털_경기도 수원시_지역화폐 결제 정보_20260120
2025-11,수원시 권선구,입북동,여,10대,일반유통,31,81950,2026-01-20,2644,공공데이터포털_경기도 수원시_지역화폐 결제 정보_20260120
2025-11,수원시 권선구,입북동,여,10대,학원,1,40082,2026-01-20,40082,공공데이터포털_경기도 수원시_지역화폐 결제 정보_20260120
2025-11,수원시 권선구,입북동,여,20대,레저/문화 용품,1,49000,2026-01-20,49000,공공데이터포털_경기도 수원시_지역화폐 결제 정보_20260120
2025-11,수원시 권선구,입북동,여,20대,레저/스포츠 서비스,2,10940,2026-01-20,5470,공공데이터포털_경기도 수원시_지역화폐 결제 정보_20260120
2025-11,수원시 권선구,입북동,여,20대,문화/취미,3,61229,2026-01-20,20410,공공데이터포털_경기도 수원시_지역화폐 결제 정보_20260120
2025-11,수원시 권선구,입북동,여,20대,미용/위생,15,255974,2026-01-20,17065,공공데이터포털_경기도 수원시_지역화폐 결제 정보_20260120
2025-11,수원시 권선구,입북동,여,20대,서적/문구/학습자재,2,2300,2026-01-20,1150,공공데이터포털_경기도 수원시_지역화폐 결제 정보_20260120
2025-11,수원시 권선구,입북동,여,20대,약국,33,137747,2026-01-20,4174,공공데이터포털_경기도 수원시_지역화폐 결제 정보_20260120
2025-11,수원시 권선구,입북동,여,20대,용역서비스,13,60181,2026-01-20,4629,공공데이터포털_경기도 수원시_지역화폐 결제 정보_20260120
2025-11,수원시 권선구,입북동,여,20대,음료/식품,134,875901,2026-01-20,6537,공공데이터포털_경기도 수원시_지역화폐 결제 정보_20260120
2025-11,수원시 권선구,입북동,여,20대,의류,1,29855,2026-01-20,29855,공공데이터포털_경기도 수원시_지역화폐 결제 정보_20260120
2025-11,수원시 권선구,입북동,여,20대,의원,13,227085,2026-01-20,17468,공공데이터포털_경기도 수원시_지역화폐 결제 정보_20260120
2025-11,수원시 권선구,입북동,여,20대,일반/휴게 음식,195,2335535,2026-01-20,11977,공공데이터포털_경기도 수원시_지역화폐 결제 정보_20260120
2025-11,수원시 권선구,입북동,여,20대,일반유통,265,1473029,2026-01-20,5559,공공데이터포털_경기도 수원시_지역화폐 결제 정보_20260120
2025-11,수원시 권선구,입북동,여,20대,자동차 정비/유지,1,20113,2026-01-20,20113,공공데이터포털_경기도 수원시_지역화폐 결제 정보_20260120
2025-11,수원시 권선구,입북동,여,20대,자동차판매,2,637056,2026-01-20,318528,공공데이터포털_경기도 수원시_지역화폐 결제 정보_20260120
2025-11,수원시 권선구,입북동,여,20대,직물/침구류,1,64120,2026-01-20,64120,공공데이터포털_경기도 수원시_지역화폐 결제 정보_20260120
2025-11,수원시 권선구,입북동,여,20대,학원,1,100000,2026-01-20,100000,공공데이터포털_경기도 수원시_지역화폐 결제 정보_20260120
2025-11,수원시 권선구,입북동,여,30대,레저/문화 용품,3,149996,2026-01-20,49999,공공데이터포털_경기도 수원시_지역화폐 결제 정보_20260120
2025-11,수원시 권선구,입북동,여,30대,레저/스포츠 서비스,5,524976,2026-01-20,104995,공공데이터포털_경기도 수원시_지역화폐 결제 정보_20260120
2025-11,수원시 권선구,입북동,여,30대,문화/취미,9,311974,2026-01-20,34664,공공데이터포털_경기도 수원시_지역화폐 결제 정보_20260120
2025-11,수원시 권선구,입북동,여,30대,미용/위생,46,472708,2026-01-20,10276,공공데이터포털_경기도 수원시_지역화폐 결제 정보_20260120
2025-11,수원시 권선구,입북동,여,30대,서적/문구/학습자재,10,49088,2026-01-20,4909,공공데이터포털_경기도 수원시_지역화폐 결제 정보_20260120
2025-11,수원시 권선구,입북동,여,30대,약국,53,209312,2026-01-20,3949,공공데이터포털_경기도 수원시_지역화폐 결제 정보_20260120
2025-11,수원시 권선구,입북동,여,30대,용역서비스,23,91841,2026-01-20,3993,공공데이터포털_경기도 수원시_지역화폐 결제 정보_20260120
2025-11,수원시 권선구,입북동,여,30대,음료/식품,274,1361646,2026-01-20,4970,공공데이터포털_경기도 수원시_지역화폐 결제 정보_20260120
2025-11,수원시 권선구,입북동,여,30대,의류,2,125526,2026-01-20,62763,공공데이터포털_경기도 수원시_지역화폐 결제 정보_20260120
2025-11,수원시 권선구,입북동,여,30대,의원,49,345444,2026-01-20,7050,공공데이터포털_경기도 수원시_지역화폐 결제 정보_20260120
2025-11,수원시 권선구,입북동,여,30대,일반/휴게 음식,471,2399732,2026-01-20,5095,공공데이터포털_경기도 수원시_지역화폐 결제 정보_20260120
2025-11,수원시 권선구,입북동,여,30대,일반유통,595,1634625,2026-01-20,2747,공공데이터포털_경기도 수원시_지역화폐 결제 정보_20260120
2025-11,수원시 권선구,입북동,여,30대,자동차 정비/유지,3,112666,2026-01-20,37555,공공데이터포털_경기도 수원시_지역화폐 결제 정보_20260120
2025-11,수원시 권선구,입북동,여,30대,자동차판매,3,85973,2026-01-20,28658,공공데이터포털_경기도 수원시_지역화폐 결제 정보_20260120
2025-11,수원시 권선구,입북동,여,30대,주방용품,2,5997,2026-01-20,2998,공공데이터포털_경기도 수원시_지역화폐 결제 정보_20260120
2025-11,수원시 권선구,입북동,여,30대,학원,43,1053891,2026-01-20,24509,공공데이터포털_경기도 수원시_지역화폐 결제 정보_20260120
2025-11,수원시 권선구,입북동,여,40대,레저/스포츠 서비스,4,49739,2026-01-20,12435,공공데이터포털_경기도 수원시_지역화폐 결제 정보_20260120
2025-11,수원시 권선구,입북동,여,40대,문화/취미,5,58014,2026-01-20,11603,공공데이터포털_경기도 수원시_지역화폐 결제 정보_20260120
2025-11,수원시 권선구,입북동,여,40대,미용/위생,61,412655,2026-01-20,6765,공공데이터포털_경기도 수원시_지역화폐 결제 정보_20260120
2025-11,수원시 권선구,입북동,여,40대,서적/문구/학습자재,41,170479,2026-01-20,4158,공공데이터포털_경기도 수원시_지역화폐 결제 정보_20260120
2025-11,수원시 권선구,입북동,여,40대,약국,120,256916,2026-01-20,2141,공공데이터포털_경기도 수원시_지역화폐 결제 정보_20260120
2025-11,수원시 권선구,입북동,여,40대,용역서비스,28,151215,2026-01-20,5401,공공데이터포털_경기도 수원시_지역화폐 결제 정보_20260120
2025-11,수원시 권선구,입북동,여,40대,음료/식품,405,1586971,2026-01-20,3918,공공데이터포털_경기도 수원시_지역화폐 결제 정보_20260120
2025-11,수원시 권선구,입북동,여,40대,의류,2,51785,2026-01-20,25892,공공데이터포털_경기도 수원시_지역화폐 결제 정보_20260120
2025-11,수원시 권선구,입북동,여,40대,의원,66,441112,2026-01-20,6684,공공데이터포털_경기도 수원시_지역화폐 결제 정보_20260120
2025-11,수원시 권선구,입북동,여,40대,일반/휴게 음식,777,3420258,2026-01-20,4402,공공데이터포털_경기도 수원시_지역화폐 결제 정보_20260120
2025-11,수원시 권선구,입북동,여,40대,일반유통,715,1760772,2026-01-20,2463,공공데이터포털_경기도 수원시_지역화폐 결제 정보_20260120
2025-11,수원시 권선구,입북동,여,40대,자동차 정비/유지,4,36308,2026-01-20,9077,공공데이터포털_경기도 수원시_지역화폐 결제 정보_20260120
2025-11,수원시 권선구,입북동,여,40대,자동차판매,7,429376,2026-01-20,61339,공공데이터포털_경기도 수원시_지역화폐 결제 정보_20260120
2025-11,수원시 권선구,입북동,여,40대,학원,280,6754020,2026-01-20,24122,공공데이터포털_경기도 수원시_지역화폐 결제 정보_20260120
2025-11,수원시 권선구,입북동,여,50대,레저/스포츠 서비스,4,116719,2026-01-20,29180,공공데이터포털_경기도 수원시_지역화폐 결제 정보_20260120
2025-11,수원시 권선구,입북동,여,50대,문화/취미,1,3324,2026-01-20,3324,공공데이터포털_경기도 수원시_지역화폐 결제 정보_20260120
2025-11,수원시 권선구,입북동,여,50대,미용/위생,84,667803,2026-01-20,7950,공공데이터포털_경기도 수원시_지역화폐 결제 정보_20260120
2025-11,수원시 권선구,입북동,여,50대,사무/통신,2,792,2026-01-20,396,공공데이터포털_경기도 수원시_지역화폐 결제 정보_20260120
2025-11,수원시 권선구,입북동,여,50대,서적/문구/학습자재,5,21659,2026-01-20,4332,공공데이터포털_경기도 수원시_지역화폐 결제 정보_20260120
2025-11,수원시 권선구,입북동,여,50대,신변잡화,2,2930,2026-01-20,1465,공공데이터포털_경기도 수원시_지역화폐 결제 정보_20260120
2025-11,수원시 권선구,입북동,여,50대,약국,109,437624,2026-01-20,4015,공공데이터포털_경기도 수원시_지역화폐 결제 정보_20260120
2025-11,수원시 권선구,입북동,여,50대,용역서비스,25,206113,2026-01-20,8245,공공데이터포털_경기도 수원시_지역화폐 결제 정보_20260120
2025-11,수원시 권선구,입북동,여,50대,음료/식품,318,1315808,2026-01-20,4138,공공데이터포털_경기도 수원시_지역화폐 결제 정보_20260120
2025-11,수원시 권선구,입북동,여,50대,의류,17,269162,2026-01-20,15833,공공데이터포털_경기도 수원시_지역화폐 결제 정보_20260120
2025-11,수원시 권선구,입북동,여,50대,의원,51,282849,2026-01-20,5546,공공데이터포털_경기도 수원시_지역화폐 결제 정보_20260120
2025-11,수원시 권선구,입북동,여,50대,일반/휴게 음식,624,2970886,2026-01-20,4761,공공데이터포털_경기도 수원시_지역화폐 결제 정보_20260120
2025-11,수원시 권선구,입북동,여,50대,일반유통,419,1157156,2026-01-20,2762,공공데이터포털_경기도 수원시_지역화폐 결제 정보_20260120
2025-11,수원시 권선구,입북동,여,50대,자동차 정비/유지,6,174074,2026-01-20,29012,공공데이터포털_경기도 수원시_지역화폐 결제 정보_20260120
2025-11,수원시 권선구,입북동,여,50대,자동차판매,3,3639,2026-01-20,1213,공공데이터포털_경기도 수원시_지역화폐 결제 정보_20260120
2025-11,수원시 권선구,입북동,여,50대,주방용품,1,5015,2026-01-20,5015,공공데이터포털_경기도 수원시_지역화폐 결제 정보_20260120
2025-11,수원시 권선구,입북동,여,50대,직물/침구류,1,26534,2026-01-20,26534,공공데이터포털_경기도 수원시_지역화폐 결제 정보_20260120
2025-11,수원시 권선구,입북동,여,50대,학원,26,1057929,2026-01-20,40690,공공데이터포털_경기도 수원시_지역화폐 결제 정보_20260120
2025-11,수원시 권선구,입북동,여,60대 이상,건축자재,1,2400,2026-01-20,2400,공공데이터포털_경기도 수원시_지역화폐 결제 정보_20260120
2025-11,수원시 권선구,입북동,여,60대 이상,레저/스포츠 서비스,2,40854,2026-01-20,20427,공공데이터포털_경기도 수원시_지역화폐 결제 정보_20260120
2025-11,수원시 권선구,입북동,여,60대 이상,문화/취미,2,7242,2026-01-20,3621,공공데이터포털_경기도 수원시_지역화폐 결제 정보_20260120
2025-11,수원시 권선구,입북동,여,60대 이상,미용/위생,46,419198,2026-01-20,9113,공공데이터포털_경기도 수원시_지역화폐 결제 정보_20260120
2025-11,수원시 권선구,입북동,여,60대 이상,서적/문구/학습자재,1,3523,2026-01-20,3523,공공데이터포털_경기도 수원시_지역화폐 결제 정보_20260120
2025-11,수원시 권선구,입북동,여,60대 이상,약국,65,171957,2026-01-20,2645,공공데이터포털_경기도 수원시_지역화폐 결제 정보_20260120
2025-11,수원시 권선구,입북동,여,60대 이상,용역서비스,11,39658,2026-01-20,3605,공공데이터포털_경기도 수원시_지역화폐 결제 정보_20260120
2025-11,수원시 권선구,입북동,여,60대 이상,음료/식품,159,621731,2026-01-20,3910,공공데이터포털_경기도 수원시_지역화폐 결제 정보_20260120
2025-11,수원시 권선구,입북동,여,60대 이상,의류,22,380241,2026-01-20,17284,공공데이터포털_경기도 수원시_지역화폐 결제 정보_20260120
2025-11,수원시 권선구,입북동,여,60대 이상,의원,56,117317,2026-01-20,2095,공공데이터포털_경기도 수원시_지역화폐 결제 정보_20260120
2025-11,수원시 권선구,입북동,여,60대 이상,일반/휴게 음식,282,1639230,2026-01-20,5813,공공데이터포털_경기도 수원시_지역화폐 결제 정보_20260120
2025-11,수원시 권선구,입북동,여,60대 이상,일반유통,232,900853,2026-01-20,3883,공공데이터포털_경기도 수원시_지역화폐 결제 정보_20260120
2025-11,수원시 권선구,입북동,여,60대 이상,자동차 정비/유지,4,125399,2026-01-20,31350,공공데이터포털_경기도 수원시_지역화폐 결제 정보_20260120
2025-11,수원시 권선구,입북동,여,60대 이상,자동차판매,3,71325,2026-01-20,23775,공공데이터포털_경기도 수원시_지역화폐 결제 정보_20260120
2025-11,수원시 권선구,입북동,여,60대 이상,주방용품,1,729,2026-01-20,729,공공데이터포털_경기도 수원시_지역화폐 결제 정보_20260120
2025-11,수원시 권선구,입북동,여,60대 이상,직물/침구류,3,17102,2026-01-20,5701,공공데이터포털_경기도 수원시_지역화폐 결제 정보_20260120
2025-11,수원시 권선구,입북동,여,60대 이상,학원,3,103635,2026-01-20,34545,공공데이터포털_경기도 수원시_지역화폐 결제 정보_20260120
2025-11,수원시 권선구,입북동,여,60대 이상,회원정보미상,26,364800,2026-01-20,14031,공공데이터포털_경기도 수원시_지역화폐 결제 정보_20260120
2025-11,수원시 권선구,입북동,여,60대 이상,회원정보미상,26,364800,2026-01-20,14031,공공데이터포털_경기도 수원시_지역화폐 결제 정보_20260120
2025-11,수원시 권선구,입북동,여,60대 이상,미용/위생,1,21000,2026-01-20,21000,공공데이터포털_경기도 수원시_지역화폐 결제 정보_20260120
2025-11,수원시 권선구,입북동,여,60대 이상,약국,6,70500,2026-01-20,11750,공공데이터포털_경기도 수원시_지역화폐 결제 정보_20260120
2025-11,수원시 권선구,입북동,여,60대 이상,용역서비스,1,20000,2026-01-20,20000,공공데이터포털_경기도 수원시_지역화폐 결제 정보_20260120
2025-11,수원시 권선구,입북동,여,60대 이상,음료/식품,3,58000,2026-01-20,19333,공공데이터포털_경기도 수원시_지역화폐 결제 정보_20260120
2025-11,수원시 권선구,입북동,여,60대 이상,의류,1,37800,2026-01-20,37800,공공데이터포털_경기도 수원시_지역화폐 결제 정보_20260120
2025-11,수원시 권선구,입북동,여,60대 이상,일반/휴게 음식,4,43200,2026-01-20,10800,공공데이터포털_경기도 수원시_지역화폐 결제 정보_20260120
2025-11,수원시 권선구,입북동,여,60대 이상,일반유통,10,114300,2026-01-20,11430,공공데이터포털_경기도 수원시_지역화폐 결제 정보_20260120
2025-11,수원시 권선구,평동,남,10대,레저/스포츠 서비스,21,35631,2026-01-20,1697,공공데이터포털_경기도 수원시_지역화폐 결제 정보_20260120
2025-11,수원시 권선구,평동,남,10대,미용/위생,5,34441,2026-01-20,6888,공공데이터포털_경기도 수원시_지역화폐 결제 정보_20260120
2025-11,수원시 권선구,평동,남,10대,서적/문구/학습자재,8,3969,2026-01-20,496,공공데이터포털_경기도 수원시_지역화폐 결제 정보_20260120
2025-11,수원시 권선구,평동,남,10대,용역서비스,3,6082,2026-01-20,2027,공공데이터포털_경기도 수원시_지역화폐 결제 정보_20260120
2025-11,수원시 권선구,평동,남,10대,음료/식품,57,192337,2026-01-20,3374,공공데이터포털_경기도 수원시_지역화폐 결제 정보_20260120
2025-11,수원시 권선구,평동,남,10대,의원,1,1456,2026-01-20,1456,공공데이터포털_경기도 수원시_지역화폐 결제 정보_20260120
2025-11,수원시 권선구,평동,남,10대,일반/휴게 음식,67,589241,2026-01-20,8795,공공데이터포털_경기도 수원시_지역화폐 결제 정보_20260120
2025-11,수원시 권선구,평동,남,10대,일반유통,137,223229,2026-01-20,1629,공공데이터포털_경기도 수원시_지역화폐 결제 정보_20260120
2025-11,수원시 권선구,평동,남,10대,학원,9,215541,2026-01-20,23949,공공데이터포털_경기도 수원시_지역화폐 결제 정보_20260120
2025-11,수원시 권선구,평동,남,10대,기타의료,4,58790,2026-01-20,14698,공공데이터포털_경기도 수원시_지역화폐 결제 정보_20260120
2025-11,수원시 권선구,평동,남,10대,대형유통,1,1011,2026-01-20,1011,공공데이터포털_경기도 수원시_지역화폐 결제 정보_20260120
2025-11,수원시 권선구,평동,남,10대,레저/문화 용품,3,778810,2026-01-20,259603,공공데이터포털_경기도 수원시_지역화폐 결제 정보_20260120
2025-11,수원시 권선구,평동,남,10대,레저/스포츠 서비스,91,593229,2026-01-20,6519,공공데이터포털_경기도 수원시_지역화폐 결제 정보_20260120
2025-11,수원시 권선구,평동,남,10대,문화/취미,4,72364,2026-01-20,18091,공공데이터포털_경기도 수원시_지역화폐 결제 정보_20260120
2025-11,수원시 권선구,평동,남,10대,미용/위생,43,936414,2026-01-20,21777,공공데이터포털_경기도 수원시_지역화폐 결제 정보_20260120
2025-11,수원시 권선구,평동,남,10대,서적/문구/학습자재,2,100800,2026-01-20,50400,공공데이터포털_경기도 수원시_지역화폐 결제 정보_20260120
2025-11,수원시 권선구,평동,남,10대,신변잡화,1,2038,2026-01-20,2038,공공데이터포털_경기도 수원시_지역화폐 결제 정보_20260120
2025-11,수원시 권선구,평동,남,10대,약국,30,116220,2026-01-20,3874,공공데이터포털_경기도 수원시_지역화폐 결제 정보_20260120
2025-11,수원시 권선구,평동,남,10대,용역서비스,12,239138,2026-01-20,19928,공공데이터포털_경기도 수원시_지역화폐 결제 정보_20260120
2025-11,수원시 권선구,평동,남,10대,음료/식품,123,837978,2026-01-20,6813,공공데이터포털_경기도 수원시_지역화폐 결제 정보_20260120
2025-11,수원시 권선구,평동,남,10대,의류,8,204211,2026-01-20,25526,공공데이터포털_경기도 수원시_지역화폐 결제 정보_20260120
2025-11,수원시 권선구,평동,남,10대,의원,14,161393,2026-01-20,11528,공공데이터포털_경기도 수원시_지역화폐 결제 정보_20260120
2025-11,수원시 권선구,평동,남,10대,일반/휴게 음식,745,7086011,2026-01-20,9511,공공데이터포털_경기도 수원시_지역화폐 결제 정보_20260120
2025-11,수원시 권선구,평동,남,10대,일반유통,584,2526512,2026-01-20,4326,공공데이터포털_경기도 수원시_지역화폐 결제 정보_20260120
2025-11,수원시 권선구,평동,남,10대,자동차 정비/유지,10,198205,2026-01-20,19820,공공데이터포털_경기도 수원시_지역화폐 결제 정보_20260120
2025-11,수원시 권선구,평동,남,10대,주유/충전소,2,13319,2026-01-20,6660,공공데이터포털_경기도 수원시_지역화폐 결제 정보_20260120
2025-11,수원시 권선구,평동,남,10대,학원,6,766346,2026-01-20,127724,공공데이터포털_경기도 수원시_지역화폐 결제 정보_20260120
2025-11,수원시 권선구,평동,남,30대,기타의료,11,132092,2026-01-20,12008,공공데이터포털_경기도 수원시_지역화폐 결제 정보_20260120
2025-11,수원시 권선구,평동,남,30대,대형유통,10,25149,2026-01-20,2515,공공데이터포털_경기도 수원시_지역화폐 결제 정보_20260120
2025-11,수원시 권선구,평동,남,30대,레저/문화 용품,7,74017,2026-01-20,10574,공공데이터포털_경기도 수원시_지역화폐 결제 정보_20260120
2025-11,수원시 권선구,평동,남,30대,레저/스포츠 서비스,72,550322,2026-01-20,7643,공공데이터포털_경기도 수원시_지역화폐 결제 정보_20260120
2025-11,수원시 권선구,평동,남,30대,문화/취미,42,220992,2026-01-20,5262,공공데이터포털_경기도 수원시_지역화폐 결제 정보_20260120
2025-11,수원시 권선구,평동,남,30대,미용/위생,97,829133,2026-01-20,8548,공공데이터포털_경기도 수원시_지역화폐 결제 정보_20260120
2025-11,수원시 권선구,평동,남,30대,서적/문구/학습자재,2,1648,2026-01-20,824,공공데이터포털_경기도 수원시_지역화폐 결제 정보_20260120
2025-11,수원시 권선구,평동,남,30대,신변잡화,2,2390,2026-01-20,1195,공공데이터포털_경기도 수원시_지역화폐 결제 정보_20260120
2025-11,수원시 권선구,평동,남,30대,약국,168,644410,2026-01-20,3836,공공데이터포털_경기도 수원시_지역화폐 결제 정보_20260120
2025-11,수원시 권선구,평동,남,30대,용역서비스,25,168726,2026-01-20,6749,공공데이터포털_경기도 수원시_지역화폐 결제 정보_20260120
2025-11,수원시 권선구,평동,남,30대,음료/식품,336,1384456,2026-01-20,4120,공공데이터포털_경기도 수원시_지역화폐 결제 정보_20260120
2025-11,수원시 권선구,평동,남,30대,의류,11,95348,2026-01-20,8668,공공데이터포털_경기도 수원시_지역화폐 결제 정보_20260120
2025-11,수원시 권선구,평동,남,30대,의원,80,331894,2026-01-20,4149,공공데이터포털_경기도 수원시_지역화폐 결제 정보_20260120
2025-11,수원시 권선구,평동,남,30대,일반/휴게 음식,2250,9161125,2026-01-20,4072,공공데이터포털_경기도 수원시_지역화폐 결제 정보_20260120
2025-11,수원시 권선구,평동,남,30대,일반유통,1161,2685636,2026-01-20,2313,공공데이터포털_경기도 수원시_지역화폐 결제 정보_20260120
2025-11,수원시 권선구,평동,남,30대,자동차 정비/유지,64,1222240,2026-01-20,19098,공공데이터포털_경기도 수원시_지역화폐 결제 정보_20260120
2025-11,수원시 권선구,평동,남,30대,주유/충전소,11,98990,2026-01-20,8999,공공데이터포털_경기도 수원시_지역화폐 결제 정보_20260120
2025-11,수원시 권선구,평동,남,30대,학원,25,742882,2026-01-20,29715,공공데이터포털_경기도 수원시_지역화폐 결제 정보_20260120
2025-11,수원시 권선구,평동,남,40대,건축자재,5,18522,2026-01-20,3704,공공데이터포털_경기도 수원시_지역화폐 결제 정보_20260120
2025-11,수원시 권선구,평동,남,40대,기타의료,26,99988,2026-01-20,3846,공공데이터포털_경기도 수원시_지역화폐 결제 정보_20260120
2025-11,수원시 권선구,평동,남,40대,대형유통,24,81544,2026-01-20,3398,공공데이터포털_경기도 수원시_지역화폐 결제 정보_20260120
2025-11,수원시 권선구,평동,남,40대,레저/문화 용품,20,397263,2026-01-20,19863,공공데이터포털_경기도 수원시_지역화폐 결제 정보_20260120
2025-11,수원시 권선구,평동,남,40대,레저/스포츠 서비스,152,718341,2026-01-20,4726,공공데이터포털_경기도 수원시_지역화폐 결제 정보_20260120
2025-11,수원시 권선구,평동,남,40대,문화/취미,37,205499,2026-01-20,5554,공공데이터포털_경기도 수원시_지역화폐 결제 정보_20260120
2025-11,수원시 권선구,평동,남,40대,미용/위생,120,761282,2026-01-20,6344,공공데이터포털_경기도 수원시_지역화폐 결제 정보_20260120
2025-11,수원시 권선구,평동,남,40대,서적/문구/학습자재,25,48986,2026-01-20,1959,공공데이터포털_경기도 수원시_지역화폐 결제 정보_20260120
2025-11,수원시 권선구,평동,남,40대,신변잡화,6,10292,2026-01-20,1715,공공데이터포털_경기도 수원시_지역화폐 결제 정보_20260120
2025-11,수원시 권선구,평동,남,40대,약국,187,501690,2026-01-20,2683,공공데이터포털_경기도 수원시_지역화폐 결제 정보_20260120
2025-11,수원시 권선구,평동,남,40대,용역서비스,48,334122,2026-01-20,6961,공공데이터포털_경기도 수원시_지역화폐 결제 정보_20260120
2025-11,수원시 권선구,평동,남,40대,음료/식품,488,1793968,2026-01-20,3676,공공데이터포털_경기도 수원시_지역화폐 결제 정보_20260120
2025-11,수원시 권선구,평동,남,40대,의류,19,330086,2026-01-20,17373,공공데이터포털_경기도 수원시_지역화폐 결제 정보_20260120
2025-11,수원시 권선구,평동,남,40대,의원,118,609305,2026-01-20,5164,공공데이터포털_경기도 수원시_지역화폐 결제 정보_20260120
2025-11,수원시 권선구,평동,남,40대,일반/휴게 음식,2892,12878400,2026-01-20,4453,공공데이터포털_경기도 수원시_지역화폐 결제 정보_20260120
2025-11,수원시 권선구,평동,남,40대,일반유통,1267,2626078,2026-01-20,2073,공공데이터포털_경기도 수원시_지역화폐 결제 정보_20260120
2025-11,수원시 권선구,평동,남,40대,자동차 정비/유지,75,1423685,2026-01-20,18982,공공데이터포털_경기도 수원시_지역화폐 결제 정보_20260120
2025-11,수원시 권선구,평동,남,40대,자동차판매,6,86583,2026-01-20,14430,공공데이터포털_경기도 수원시_지역화폐 결제 정보_20260120
2025-11,수원시 권선구,평동,남,40대,전자상거래,1,7923,2026-01-20,7923,공공데이터포털_경기도 수원시_지역화폐 결제 정보_20260120
2025-11,수원시 권선구,평동,남,40대,주유/충전소,22,340822,2026-01-20,15492,공공데이터포털_경기도 수원시_지역화폐 결제 정보_20260120
2025-11,수원시 권선구,평동,남,40대,학원,207,7492763,2026-01-20,36197,공공데이터포털_경기도 수원시_지역화폐 결제 정보_20260120
2025-11,수원시 권선구,평동,남,50대,가구,1,1357,2026-01-20,1357,공공데이터포털_경기도 수원시_지역화폐 결제 정보_20260120
2025-11,수원시 권선구,평동,남,50대,건축자재,5,11960,2026-01-20,2392,공공데이터포털_경기도 수원시_지역화폐 결제 정보_20260120
2025-11,수원시 권선구,평동,남,50대,기타의료,20,194183,2026-01-20,9709,공공데이터포털_경기도 수원시_지역화폐 결제 정보_20260120
2025-11,수원시 권선구,평동,남,50대,대형유통,25,101452,2026-01-20,4058,공공데이터포털_경기도 수원시_지역화폐 결제 정보_20260120
2025-11,수원시 권선구,평동,남,50대,레저/문화 용품,20,261003,2026-01-20,13050,공공데이터포털_경기도 수원시_지역화폐 결제 정보_20260120
2025-11,수원시 권선구,평동,남,50대,레저/스포츠 서비스,132,615763,2026-01-20,4665,공공데이터포털_경기도 수원시_지역화폐 결제 정보_20260120
2025-11,수원시 권선구,평동,남,50대,문화/취미,43,214776,2026-01-20,4995,공공데이터포털_경기도 수원시_지역화폐 결제 정보_20260120
2025-11,수원시 권선구,평동,남,50대,미용/위생,91,1154875,2026-01-20,12691,공공데이터포털_경기도 수원시_지역화폐 결제 정보_20260120
2025-11,수원시 권선구,평동,남,50대,사무/통신,1,3915,2026-01-20,3915,공공데이터포털_경기도 수원시_지역화폐 결제 정보_20260120
2025-11,수원시 권선구,평동,남,50대,서적/문구/학습자재,13,24516,2026-01-20,1886,공공데이터포털_경기도 수원시_지역화폐 결제 정보_20260120
2025-11,수원시 권선구,평동,남,50대,신변잡화,6,15112,2026-01-20,2519,공공데이터포털_경기도 수원시_지역화폐 결제 정보_20260120
2025-11,수원시 권선구,평동,남,50대,약국,151,590051,2026-01-20,3908,공공데이터포털_경기도 수원시_지역화폐 결제 정보_20260120
2025-11,수원시 권선구,평동,남,50대,용역서비스,31,321968,2026-01-20,10386,공공데이터포털_경기도 수원시_지역화폐 결제 정보_20260120
2025-11,수원시 권선구,평동,남,50대,음료/식품,297,1229856,2026-01-20,4141,공공데이터포털_경기도 수원시_지역화폐 결제 정보_20260120
2025-11,수원시 권선구,평동,남,50대,의류,6,53056,2026-01-20,8843,공공데이터포털_경기도 수원시_지역화폐 결제 정보_20260120
2025-11,수원시 권선구,평동,남,50대,의원,101,646375,2026-01-20,6400,공공데이터포털_경기도 수원시_지역화폐 결제 정보_20260120
2025-11,수원시 권선구,평동,남,50대,일반/휴게 음식,1877,10617070,2026-01-20,5656,공공데이터포털_경기도 수원시_지역화폐 결제 정보_20260120
2025-11,수원시 권선구,평동,남,50대,일반유통,939,2172715,2026-01-20,2314,공공데이터포털_경기도 수원시_지역화폐 결제 정보_20260120
2025-11,수원시 권선구,평동,남,50대,자동차 정비/유지,33,330965,2026-01-20,10029,공공데이터포털_경기도 수원시_지역화폐 결제 정보_20260120
2025-11,수원시 권선구,평동,남,50대,자동차판매,2,18958,2026-01-20,9479,공공데이터포털_경기도 수원시_지역화폐 결제 정보_20260120
2025-11,수원시 권선구,평동,남,50대,주유/충전소,7,29293,2026-01-20,4185,공공데이터포털_경기도 수원시_지역화폐 결제 정보_20260120
2025-11,수원시 권선구,평동,남,50대,학원,78,3366777,2026-01-20,43164,공공데이터포털_경기도 수원시_지역화폐 결제 정보_20260120
2025-11,수원시 권선구,평동,남,60대 이상,건축자재,5,63229,2026-01-20,12646,공공데이터포털_경기도 수원시_지역화폐 결제 정보_20260120
2025-11,수원시 권선구,평동,남,60대 이상,기타의료,15,11178,2026-01-20,745,공공데이터포털_경기도 수원시_지역화폐 결제 정보_20260120
2025-11,수원시 권선구,평동,남,60대 이상,대형유통,6,21636,2026-01-20,3606,공공데이터포털_경기도 수원시_지역화폐 결제 정보_20260120
2025-11,수원시 권선구,평동,남,60대 이상,레저/문화 용품,6,21942,2026-01-20,3657,공공데이터포털_경기도 수원시_지역화폐 결제 정보_20260120
2025-11,수원시 권선구,평동,남,60대 이상,레저/스포츠 서비스,124,420243,2026-01-20,3389,공공데이터포털_경기도 수원시_지역화폐 결제 정보_20260120
2025-11,수원시 권선구,평동,남,60대 이상,문화/취미,7,53389,2026-01-20,7627,공공데이터포털_경기도 수원시_지역화폐 결제 정보_20260120
2025-11,수원시 권선구,평동,남,60대 이상,미용/위생,33,226602,2026-01-20,6867,공공데이터포털_경기도 수원시_지역화폐 결제 정보_20260120
2025-11,수원시 권선구,평동,남,60대 이상,서적/문구/학습자재,10,71664,2026-01-20,7166,공공데이터포털_경기도 수원시_지역화폐 결제 정보_20260120
2025-11,수원시 권선구,평동,남,60대 이상,신변잡화,2,11900,2026-01-20,5950,공공데이터포털_경기도 수원시_지역화폐 결제 정보_20260120
2025-11,수원시 권선구,평동,남,60대 이상,약국,103,511457,2026-01-20,4966,공공데이터포털_경기도 수원시_지역화폐 결제 정보_20260120
2025-11,수원시 권선구,평동,남,60대 이상,용역서비스,14,74476,2026-01-20,5320,공공데이터포털_경기도 수원시_지역화폐 결제 정보_20260120
2025-11,수원시 권선구,평동,남,60대 이상,음료/식품,228,1265409,2026-01-20,5550,공공데이터포털_경기도 수원시_지역화폐 결제 정보_20260120
2025-11,수원시 권선구,평동,남,60대 이상,의류,4,47437,2026-01-20,11859,공공데이터포털_경기도 수원시_지역화폐 결제 정보_20260120
2025-11,수원시 권선구,평동,남,60대 이상,의원,81,746277,2026-01-20,9213,공공데이터포털_경기도 수원시_지역화폐 결제 정보_20260120
2025-11,수원시 권선구,평동,남,60대 이상,일반/휴게 음식,1312,6769892,2026-01-20,5160,공공데이터포털_경기도 수원시_지역화폐 결제 정보_20260120
2025-11,수원시 권선구,평동,남,60대 이상,일반유통,459,1703201,2026-01-20,3711,공공데이터포털_경기도 수원시_지역화폐 결제 정보_20260120
2025-11,수원시 권선구,평동,남,60대 이상,자동차 정비/유지,15,301904,2026-01-20,20127,공공데이터포털_경기도 수원시_지역화폐 결제 정보_20260120
2025-11,수원시 권선구,평동,남,60대 이상,자동차판매,1,266000,2026-01-20,266000,공공데이터포털_경기도 수원시_지역화폐 결제 정보_20260120
2025-11,수원시 권선구,평동,남,60대 이상,전자제품,1,5888,2026-01-20,5888,공공데이터포털_경기도 수원시_지역화폐 결제 정보_20260120
2025-11,수원시 권선구,평동,남,60대 이상,주유/충전소,4,22041,2026-01-20,5510,공공데이터포털_경기도 수원시_지역화폐 결제 정보_20260120
2025-11,수원시 권선구,평동,남,60대 이상,직물/침구류,1,2743,2026-01-20,2743,공공데이터포털_경기도 수원시_지역화폐 결제 정보_20260120
2025-11,수원시 권선구,평동,남,60대 이상,학원,6,232797,2026-01-20,38800,공공데이터포털_경기도 수원시_지역화폐 결제 정보_20260120
2025-11,수원시 권선구,평동,여,10대,레저/스포츠 서비스,2,11000,2026-01-20,5500,공공데이터포털_경기도 수원시_지역화폐 결제 정보_20260120
2025-11,수원시 권선구,평동,여,10대,미용/위생,4,9000,2026-01-20,2250,공공데이터포털_경기도 수원시_지역화폐 결제 정보_20260120
2025-11,수원시 권선구,평동,여,10대,서적/문구/학습자재,12,6643,2026-01-20,554,공공데이터포털_경기도 수원시_지역화폐 결제 정보_20260120
2025-11,수원시 권선구,평동,여,10대,약국,3,3852,2026-01-20,1284,공공데이터포털_경기도 수원시_지역화폐 결제 정보_20260120
2025-11,수원시 권선구,평동,여,10대,용역서비스,2,52585,2026-01-20,26292,공공데이터포털_경기도 수원시_지역화폐 결제 정보_20260120
2025-11,수원시 권선구,평동,여,10대,음료/식품,39,107263,2026-01-20,2750,공공데이터포털_경기도 수원시_지역화폐 결제 정보_20260120
2025-11,수원시 권선구,평동,여,10대,의원,2,10392,2026-01-20,5196,공공데이터포털_경기도 수원시_지역화폐 결제 정보_20260120
2025-11,수원시 권선구,평동,여,10대,일반/휴게 음식,84,534026,2026-01-20,6357,공공데이터포털_경기도 수원시_지역화폐 결제 정보_20260120
2025-11,수원시 권선구,평동,여,10대,일반유통,138,400203,2026-01-20,2900,공공데이터포털_경기도 수원시_지역화폐 결제 정보_20260120
2025-11,수원시 권선구,평동,여,10대,학원,3,168882,2026-01-20,56294,공공데이터포털_경기도 수원시_지역화폐 결제 정보_20260120
2025-11,수원시 권선구,평동,여,20대,건축자재,5,65949,2026-01-20,13190,공공데이터포털_경기도 수원시_지역화폐 결제 정보_20260120
2025-11,수원시 권선구,평동,여,20대,기타의료,7,94226,2026-01-20,13461,공공데이터포털_경기도 수원시_지역화폐 결제 정보_20260120
2025-11,수원시 권선구,평동,여,20대,대형유통,4,10731,2026-01-20,2683,공공데이터포털_경기도 수원시_지역화폐 결제 정보_20260120
2025-11,수원시 권선구,평동,여,20대,레저/문화 용품,1,50000,2026-01-20,50000,공공데이터포털_경기도 수원시_지역화폐 결제 정보_20260120
2025-11,수원시 권선구,평동,여,20대,레저/스포츠 서비스,25,779372,2026-01-20,31175,공공데이터포털_경기도 수원시_지역화폐 결제 정보_20260120
2025-11,수원시 권선구,평동,여,20대,문화/취미,16,126339,2026-01-20,7896,공공데이터포털_경기도 수원시_지역화폐 결제 정보_20260120
2025-11,수원시 권선구,평동,여,20대,미용/위생,24,338319,2026-01-20,14097,공공데이터포털_경기도 수원시_지역화폐 결제 정보_20260120
2025-11,수원시 권선구,평동,여,20대,서적/문구/학습자재,3,9966,2026-01-20,3322,공공데이터포털_경기도 수원시_지역화폐 결제 정보_20260120
2025-11,수원시 권선구,평동,여,20대,약국,60,385907,2026-01-20,6432,공공데이터포털_경기도 수원시_지역화폐 결제 정보_20260120
2025-11,수원시 권선구,평동,여,20대,용역서비스,8,100612,2026-01-20,12576,공공데이터포털_경기도 수원시_지역화폐 결제 정보_20260120
2025-11,수원시 권선구,평동,여,20대,음료/식품,173,1602739,2026-01-20,9264,공공데이터포털_경기도 수원시_지역화폐 결제 정보_20260120
2025-11,수원시 권선구,평동,여,20대,의류,7,144778,2026-01-20,20683,공공데이터포털_경기도 수원시_지역화폐 결제 정보_20260120
2025-11,수원시 권선구,평동,여,20대,의원,35,837192,2026-01-20,23920,공공데이터포털_경기도 수원시_지역화폐 결제 정보_20260120
2025-11,수원시 권선구,평동,여,20대,일반/휴게 음식,885,9469415,2026-01-20,10700,공공데이터포털_경기도 수원시_지역화폐 결제 정보_20260120
2025-11,수원시 권선구,평동,여,20대,일반유통,549,2511490,2026-01-20,4575,공공데이터포털_경기도 수원시_지역화폐 결제 정보_20260120
2025-11,수원시 권선구,평동,여,20대,자동차 정비/유지,3,140438,2026-01-20,46813,공공데이터포털_경기도 수원시_지역화폐 결제 정보_20260120
2025-11,수원시 권선구,평동,여,20대,주유/충전소,2,8883,2026-01-20,4442,공공데이터포털_경기도 수원시_지역화폐 결제 정보_20260120
2025-11,수원시 권선구,평동,여,20대,학원,12,934143,2026-01-20,77845,공공데이터포털_경기도 수원시_지역화폐 결제 정보_20260120
2025-11,수원시 권선구,평동,여,30대,기타의료,18,1006990,2026-01-20,55944,공공데이터포털_경기도 수원시_지역화폐 결제 정보_20260120
2025-11,수원시 권선구,평동,여,30대,대형유통,25,65245,2026-01-20,2610,공공데이터포털_경기도 수원시_지역화폐 결제 정보_20260120
2025-11,수원시 권선구,평동,여,30대,레저/문화 용품,2,183317,2026-01-20,91658,공공데이터포털_경기도 수원시_지역화폐 결제 정보_20260120
2025-11,수원시 권선구,평동,여,30대,레저/스포츠 서비스,26,537123,2026-01-20,20659,공공데이터포털_경기도 수원시_지역화폐 결제 정보_20260120
2025-11,수원시 권선구,평동,여,30대,문화/취미,48,237474,2026-01-20,4947,공공데이터포털_경기도 수원시_지역화폐 결제 정보_20260120
2025-11,수원시 권선구,평동,여,30대,미용/위생,47,846486,2026-01-20,18010,공공데이터포털_경기도 수원시_지역화폐 결제 정보_20260120
2025-11,수원시 권선구,평동,여,30대,서적/문구/학습자재,9,12592,2026-01-20,1399,공공데이터포털_경기도 수원시_지역화폐 결제 정보_20260120
2025-11,수원시 권선구,평동,여,30대,신변잡화,5,12340,2026-01-20,2468,공공데이터포털_경기도 수원시_지역화폐 결제 정보_20260120
2025-11,수원시 권선구,평동,여,30대,약국,272,656699,2026-01-20,2414,공공데이터포털_경기도 수원시_지역화폐 결제 정보_20260120
2025-11,수원시 권선구,평동,여,30대,용역서비스,14,235366,2026-01-20,16812,공공데이터포털_경기도 수원시_지역화폐 결제 정보_20260120
2025-11,수원시 권선구,평동,여,30대,음료/식품,529,2382584,2026-01-20,4504,공공데이터포털_경기도 수원시_지역화폐 결제 정보_20260120
2025-11,수원시 권선구,평동,여,30대,의류,6,24123,2026-01-20,4020,공공데이터포털_경기도 수원시_지역화폐 결제 정보_20260120
2025-11,수원시 권선구,평동,여,30대,의원,213,1552074,2026-01-20,7287,공공데이터포털_경기도 수원시_지역화폐 결제 정보_20260120
2025-11,수원시 권선구,평동,여,30대,일반/휴게 음식,2339,11199040,2026-01-20,4788,공공데이터포털_경기도 수원시_지역화폐 결제 정보_20260120
2025-11,수원시 권선구,평동,여,30대,일반유통,853,2393654,2026-01-20,2806,공공데이터포털_경기도 수원시_지역화폐 결제 정보_20260120
2025-11,수원시 권선구,평동,여,30대,자동차 정비/유지,38,897484,2026-01-20,23618,공공데이터포털_경기도 수원시_지역화폐 결제 정보_20260120
2025-11,수원시 권선구,평동,여,30대,자동차판매,2,7413,2026-01-20,3706,공공데이터포털_경기도 수원시_지역화폐 결제 정보_20260120
2025-11,수원시 권선구,평동,여,30대,주방용품,1,14135,2026-01-20,14135,공공데이터포털_경기도 수원시_지역화폐 결제 정보_20260120
2025-11,수원시 권선구,평동,여,30대,주유/충전소,12,117815,2026-01-20,9818,공공데이터포털_경기도 수원시_지역화폐 결제 정보_20260120
2025-11,수원시 권선구,평동,여,30대,학교/교육,1,35236,2026-01-20,35236,공공데이터포털_경기도 수원시_지역화폐 결제 정보_20260120
2025-11,수원시 권선구,평동,여,30대,학원,55,2269204,2026-01-20,41258,공공데이터포털_경기도 수원시_지역화폐 결제 정보_20260120
2025-11,수원시 권선구,평동,여,40대,건축자재,2,3730,2026-01-20,1865,공공데이터포털_경기도 수원시_지역화폐 결제 정보_20260120
2025-11,수원시 권선구,평동,여,40대,기타의료,23,205096,2026-01-20,8917,공공데이터포털_경기도 수원시_지역화폐 결제 정보_20260120
2025-11,수원시 권선구,평동,여,40대,대형유통,30,111500,2026-01-20,3717,공공데이터포털_경기도 수원시_지역화폐 결제 정보_20260120
2025-11,수원시 권선구,평동,여,40대,레저/문화 용품,14,312521,2026-01-20,22323,공공데이터포털_경기도 수원시_지역화폐 결제 정보_20260120
2025-11,수원시 권선구,평동,여,40대,레저/스포츠 서비스,90,770594,2026-01-20,8562,공공데이터포털_경기도 수원시_지역화폐 결제 정보_20260120
2025-11,수원시 권선구,평동,여,40대,문화/취미,60,284321,2026-01-20,4739,공공데이터포털_경기도 수원시_지역화폐 결제 정보_20260120
2025-11,수원시 권선구,평동,여,40대,미용/위생,114,1091900,2026-01-20,9578,공공데이터포털_경기도 수원시_지역화폐 결제 정보_20260120
2025-11,수원시 권선구,평동,여,40대,서적/문구/학습자재,45,51853,2026-01-20,1152,공공데이터포털_경기도 수원시_지역화폐 결제 정보_20260120
2025-11,수원시 권선구,평동,여,40대,신변잡화,20,56340,2026-01-20,2817,공공데이터포털_경기도 수원시_지역화폐 결제 정보_20260120
2025-11,수원시 권선구,평동,여,40대,약국,370,997685,2026-01-20,2696,공공데이터포털_경기도 수원시_지역화폐 결제 정보_20260120
2025-11,수원시 권선구,평동,여,40대,용역서비스,41,169646,2026-01-20,4138,공공데이터포털_경기도 수원시_지역화폐 결제 정보_20260120
2025-11,수원시 권선구,평동,여,40대,음료/식품,832,2753381,2026-01-20,3309,공공데이터포털_경기도 수원시_지역화폐 결제 정보_20260120
2025-11,수원시 권선구,평동,여,40대,의류,8,49751,2026-01-20,6219,공공데이터포털_경기도 수원시_지역화폐 결제 정보_20260120
2025-11,수원시 권선구,평동,여,40대,의원,287,1793098,2026-01-20,6248,공공데이터포털_경기도 수원시_지역화폐 결제 정보_20260120
2025-11,수원시 권선구,평동,여,40대,일반/휴게 음식,3324,15669679,2026-01-20,4714,공공데이터포털_경기도 수원시_지역화폐 결제 정보_20260120
2025-11,수원시 권선구,평동,여,40대,일반유통,963,2252121,2026-01-20,2339,공공데이터포털_경기도 수원시_지역화폐 결제 정보_20260120
2025-11,수원시 권선구,평동,여,40대,자동차 정비/유지,29,590976,2026-01-20,20378,공공데이터포털_경기도 수원시_지역화폐 결제 정보_20260120
2025-11,수원시 권선구,평동,여,40대,자동차판매,2,9167,2026-01-20,4584,공공데이터포털_경기도 수원시_지역화폐 결제 정보_20260120
2025-11,수원시 권선구,평동,여,40대,주유/충전소,16,104362,2026-01-20,6523,공공데이터포털_경기도 수원시_지역화폐 결제 정보_20260120
2025-11,수원시 권선구,평동,여,40대,학교/교육,1,41431,2026-01-20,41431,공공데이터포털_경기도 수원시_지역화폐 결제 정보_20260120
2025-11,수원시 권선구,평동,여,40대,학원,231,7673647,2026-01-20,33219,공공데이터포털_경기도 수원시_지역화폐 결제 정보_20260120
2025-11,수원시 권선구,평동,여,50대,가구,1,2807,2026-01-20,2807,공공데이터포털_경기도 수원시_지역화폐 결제 정보_20260120
2025-11,수원시 권선구,평동,여,50대,건축자재,1,101,2026-01-20,101,공공데이터포털_경기도 수원시_지역화폐 결제 정보_20260120
2025-11,수원시 권선구,평동,여,50대,기타의료,23,101168,2026-01-20,4399,공공데이터포털_경기도 수원시_지역화폐 결제 정보_20260120
2025-11,수원시 권선구,평동,여,50대,대형유통,16,53734,2026-01-20,3358,공공데이터포털_경기도 수원시_지역화폐 결제 정보_20260120
2025-11,수원시 권선구,평동,여,50대,레저/문화 용품,12,124736,2026-01-20,10395,공공데이터포털_경기도 수원시_지역화폐 결제 정보_20260120
2025-11,수원시 권선구,평동,여,50대,레저/스포츠 서비스,105,427620,2026-01-20,4073,공공데이터포털_경기도 수원시_지역화폐 결제 정보_20260120
2025-11,수원시 권선구,평동,여,50대,문화/취미,24,112577,2026-01-20,4691,공공데이터포털_경기도 수원시_지역화폐 결제 정보_20260120
2025-11,수원시 권선구,평동,여,50대,미용/위생,111,1182549,2026-01-20,10654,공공데이터포털_경기도 수원시_지역화폐 결제 정보_20260120
2025-11,수원시 권선구,평동,여,50대,서적/문구/학습자재,24,31670,2026-01-20,1320,공공데이터포털_경기도 수원시_지역화폐 결제 정보_20260120
2025-11,수원시 권선구,평동,여,50대,신변잡화,27,67852,2026-01-20,2513,공공데이터포털_경기도 수원시_지역화폐 결제 정보_20260120
2025-11,수원시 권선구,평동,여,50대,약국,201,743826,2026-01-20,3701,공공데이터포털_경기도 수원시_지역화폐 결제 정보_20260120
2025-11,수원시 권선구,평동,여,50대,용역서비스,34,169186,2026-01-20,4976,공공데이터포털_경기도 수원시_지역화폐 결제 정보_20260120
2025-11,수원시 권선구,평동,여,50대,음료/식품,553,3198040,2026-01-20,5783,공공데이터포털_경기도 수원시_지역화폐 결제 정보_20260120
2025-11,수원시 권선구,평동,여,50대,의류,7,97533,2026-01-20,13933,공공데이터포털_경기도 수원시_지역화폐 결제 정보_20260120
2025-11,수원시 권선구,평동,여,50대,의원,126,1007776,2026-01-20,7998,공공데이터포털_경기도 수원시_지역화폐 결제 정보_20260120
2025-11,수원시 권선구,평동,여,50대,일반/휴게 음식,2492,12278624,2026-01-20,4927,공공데이터포털_경기도 수원시_지역화폐 결제 정보_20260120
2025-11,수원시 권선구,평동,여,50대,일반유통,760,2300058,2026-01-20,3026,공공데이터포털_경기도 수원시_지역화폐 결제 정보_20260120
2025-11,수원시 권선구,평동,여,50대,자동차 정비/유지,19,390256,2026-01-20,20540,공공데이터포털_경기도 수원시_지역화폐 결제 정보_20260120
2025-11,수원시 권선구,평동,여,50대,전자제품,1,829,2026-01-20,829,공공데이터포털_경기도 수원시_지역화폐 결제 정보_20260120
2025-11,수원시 권선구,평동,여,50대,학교/교육,3,111651,2026-01-20,37217,공공데이터포털_경기도 수원시_지역화폐 결제 정보_20260120
2025-11,수원시 권선구,평동,여,50대,학원,55,2261355,2026-01-20,41116,공공데이터포털_경기도 수원시_지역화폐 결제 정보_20260120
2025-11,수원시 권선구,평동,여,60대 이상,건축자재,2,3900,2026-01-20,1950,공공데이터포털_경기도 수원시_지역화폐 결제 정보_20260120
2025-11,수원시 권선구,평동,여,60대 이상,기타의료,18,105242,2026-01-20,5847,공공데이터포털_경기도 수원시_지역화폐 결제 정보_20260120
2025-11,수원시 권선구,평동,여,60대 이상,대형유통,18,43549,2026-01-20,2419,공공데이터포털_경기도 수원시_지역화폐 결제 정보_20260120
2025-11,수원시 권선구,평동,여,60대 이상,레저/문화 용품,3,35047,2026-01-20,11682,공공데이터포털_경기도 수원시_지역화폐 결제 정보_20260120
2025-11,수원시 권선구,평동,여,60대 이상,레저/스포츠 서비스,48,258383,2026-01-20,5383,공공데이터포털_경기도 수원시_지역화폐 결제 정보_20260120
2025-11,수원시 권선구,평동,여,60대 이상,문화/취미,32,122956,2026-01-20,3842,공공데이터포털_경기도 수원시_지역화폐 결제 정보_20260120
2025-11,수원시 권선구,평동,여,60대 이상,미용/위생,95,968112,2026-01-20,10191,공공데이터포털_경기도 수원시_지역화폐 결제 정보_20260120
2025-11,수원시 권선구,평동,여,60대 이상,사무/통신,1,1168,2026-01-20,1168,공공데이터포털_경기도 수원시_지역화폐 결제 정보_20260120
2025-11,수원시 권선구,평동,여,60대 이상,서적/문구/학습자재,2,1793,2026-01-20,896,공공데이터포털_경기도 수원시_지역화폐 결제 정보_20260120
2025-11,수원시 권선구,평동,여,60대 이상,신변잡화,9,17734,2026-01-20,1970,공공데이터포털_경기도 수원시_지역화폐 결제 정보_20260120
2025-11,수원시 권선구,평동,여,60대 이상,약국,156,594058,2026-01-20,3808,공공데이터포털_경기도 수원시_지역화폐 결제 정보_20260120
2025-11,수원시 권선구,평동,여,60대 이상,용역서비스,24,86440,2026-01-20,3602,공공데이터포털_경기도 수원시_지역화폐 결제 정보_20260120
2025-11,수원시 권선구,평동,여,60대 이상,음료/식품,501,3010106,2026-01-20,6008,공공데이터포털_경기도 수원시_지역화폐 결제 정보_20260120
2025-11,수원시 권선구,평동,여,60대 이상,의류,13,225126,2026-01-20,17317,공공데이터포털_경기도 수원시_지역화폐 결제 정보_20260120
2025-11,수원시 권선구,평동,여,60대 이상,의원,136,775331,2026-01-20,5701,공공데이터포털_경기도 수원시_지역화폐 결제 정보_20260120
2025-11,수원시 권선구,평동,여,60대 이상,일반/휴게 음식,1189,6479788,2026-01-20,5450,공공데이터포털_경기도 수원시_지역화폐 결제 정보_20260120
2025-11,수원시 권선구,평동,여,60대 이상,일반유통,422,1586365,2026-01-20,3759,공공데이터포털_경기도 수원시_지역화폐 결제 정보_20260120
2025-11,수원시 권선구,평동,여,60대 이상,자동차 정비/유지,17,382399,2026-01-20,22494,공공데이터포털_경기도 수원시_지역화폐 결제 정보_20260120
2025-11,수원시 권선구,평동,여,60대 이상,직물/침구류,2,57908,2026-01-20,28954,공공데이터포털_경기도 수원시_지역화폐 결제 정보_20260120
2025-11,수원시 권선구,평동,여,60대 이상,학원,1,100000,2026-01-20,100000,공공데이터포털_경기도 수원시_지역화폐 결제 정보_20260120
2025-11,수원시 권선구,평동,여,60대 이상,회원정보미상,25,552700,2026-01-20,22108,공공데이터포털_경기도 수원시_지역화폐 결제 정보_20260120
2025-11,수원시 권선구,평동,여,60대 이상,회원정보미상,25,552700,2026-01-20,22108,공공데이터포털_경기도 수원시_지역화폐 결제 정보_20260120
2025-11,수원시 권선구,평동,여,60대 이상,미용/위생,3,68000,2026-01-20,22667,공공데이터포털_경기도 수원시_지역화폐 결제 정보_20260120
2025-11,수원시 권선구,평동,여,60대 이상,약국,4,29700,2026-01-20,7425,공공데이터포털_경기도 수원시_지역화폐 결제 정보_20260120
2025-11,수원시 권선구,평동,여,60대 이상,용역서비스,1,18000,2026-01-20,18000,공공데이터포털_경기도 수원시_지역화폐 결제 정보_20260120
2025-11,수원시 권선구,평동,여,60대 이상,음료/식품,8,264800,2026-01-20,33100,공공데이터포털_경기도 수원시_지역화폐 결제 정보_20260120
2025-11,수원시 권선구,평동,여,60대 이상,의원,1,1500,2026-01-20,1500,공공데이터포털_경기도 수원시_지역화폐 결제 정보_20260120
2025-11,수원시 권선구,평동,여,60대 이상,일반/휴게 음식,5,87300,2026-01-20,17460,공공데이터포털_경기도 수원시_지역화폐 결제 정보_20260120
2025-11,수원시 권선구,평동,여,60대 이상,일반유통,3,83400,2026-01-20,27800,공공데이터포털_경기도 수원시_지역화폐 결제 정보_20260120
2025-11,수원시 권선구,호매실동,남,10대,기타의료,1,16000,2026-01-20,16000,공공데이터포털_경기도 수원시_지역화폐 결제 정보_20260120
2025-11,수원시 권선구,호매실동,남,10대,레저/문화 용품,2,3702,2026-01-20,1851,공공데이터포털_경기도 수원시_지역화폐 결제 정보_20260120
2025-11,수원시 권선구,호매실동,남,10대,레저/스포츠 서비스,62,286736,2026-01-20,4625,공공데이터포털_경기도 수원시_지역화폐 결제 정보_20260120
2025-11,수원시 권선구,호매실동,남,10대,미용/위생,19,169705,2026-01-20,8932,공공데이터포털_경기도 수원시_지역화폐 결제 정보_20260120
2025-11,수원시 권선구,호매실동,남,10대,서적/문구/학습자재,24,92945,2026-01-20,3873,공공데이터포털_경기도 수원시_지역화폐 결제 정보_20260120
2025-11,수원시 권선구,호매실동,남,10대,약국,13,33445,2026-01-20,2573,공공데이터포털_경기도 수원시_지역화폐 결제 정보_20260120
2025-11,수원시 권선구,호매실동,남,10대,용역서비스,13,60262,2026-01-20,4636,공공데이터포털_경기도 수원시_지역화폐 결제 정보_20260120
2025-11,수원시 권선구,호매실동,남,10대,음료/식품,82,229616,2026-01-20,2800,공공데이터포털_경기도 수원시_지역화폐 결제 정보_20260120
2025-11,수원시 권선구,호매실동,남,10대,의류,1,5260,2026-01-20,5260,공공데이터포털_경기도 수원시_지역화폐 결제 정보_20260120
2025-11,수원시 권선구,호매실동,남,10대,의원,13,63114,2026-01-20,4855,공공데이터포털_경기도 수원시_지역화폐 결제 정보_20260120
2025-11,수원시 권선구,호매실동,남,10대,일반/휴게 음식,199,895408,2026-01-20,4500,공공데이터포털_경기도 수원시_지역화폐 결제 정보_20260120
2025-11,수원시 권선구,호매실동,남,10대,일반유통,142,321179,2026-01-20,2262,공공데이터포털_경기도 수원시_지역화폐 결제 정보_20260120
2025-11,수원시 권선구,호매실동,남,10대,학원,40,1472340,2026-01-20,36808,공공데이터포털_경기도 수원시_지역화폐 결제 정보_20260120
2025-11,수원시 권선구,호매실동,남,20대,건축자재,1,1069,2026-01-20,1069,공공데이터포털_경기도 수원시_지역화폐 결제 정보_20260120
2025-11,수원시 권선구,호매실동,남,20대,기타의료,10,514054,2026-01-20,51405,공공데이터포털_경기도 수원시_지역화폐 결제 정보_20260120
2025-11,수원시 권선구,호매실동,남,20대,레저/문화 용품,2,18046,2026-01-20,9023,공공데이터포털_경기도 수원시_지역화폐 결제 정보_20260120
2025-11,수원시 권선구,호매실동,남,20대,레저/스포츠 서비스,154,1864241,2026-01-20,12105,공공데이터포털_경기도 수원시_지역화폐 결제 정보_20260120
2025-11,수원시 권선구,호매실동,남,20대,문화/취미,17,398526,2026-01-20,23443,공공데이터포털_경기도 수원시_지역화폐 결제 정보_20260120
2025-11,수원시 권선구,호매실동,남,20대,미용/위생,95,1643730,2026-01-20,17302,공공데이터포털_경기도 수원시_지역화폐 결제 정보_20260120
2025-11,수원시 권선구,호매실동,남,20대,서적/문구/학습자재,14,44878,2026-01-20,3206,공공데이터포털_경기도 수원시_지역화폐 결제 정보_20260120
2025-11,수원시 권선구,호매실동,남,20대,약국,44,395757,2026-01-20,8994,공공데이터포털_경기도 수원시_지역화폐 결제 정보_20260120
2025-11,수원시 권선구,호매실동,남,20대,용역서비스,24,151205,2026-01-20,6300,공공데이터포털_경기도 수원시_지역화폐 결제 정보_20260120
2025-11,수원시 권선구,호매실동,남,20대,음료/식품,249,2079742,2026-01-20,8352,공공데이터포털_경기도 수원시_지역화폐 결제 정보_20260120
2025-11,수원시 권선구,호매실동,남,20대,의류,4,154293,2026-01-20,38573,공공데이터포털_경기도 수원시_지역화폐 결제 정보_20260120
2025-11,수원시 권선구,호매실동,남,20대,의원,31,1061083,2026-01-20,34228,공공데이터포털_경기도 수원시_지역화폐 결제 정보_20260120
2025-11,수원시 권선구,호매실동,남,20대,일반/휴게 음식,916,8804471,2026-01-20,9612,공공데이터포털_경기도 수원시_지역화폐 결제 정보_20260120
2025-11,수원시 권선구,호매실동,남,20대,일반유통,450,2199751,2026-01-20,4888,공공데이터포털_경기도 수원시_지역화폐 결제 정보_20260120
2025-11,수원시 권선구,호매실동,남,20대,자동차 정비/유지,2,38556,2026-01-20,19278,공공데이터포털_경기도 수원시_지역화폐 결제 정보_20260120
2025-11,수원시 권선구,호매실동,남,20대,주유/충전소,28,195061,2026-01-20,6966,공공데이터포털_경기도 수원시_지역화폐 결제 정보_20260120
2025-11,수원시 권선구,호매실동,남,20대,학원,43,958642,2026-01-20,22294,공공데이터포털_경기도 수원시_지역화폐 결제 정보_20260120
2025-11,수원시 권선구,호매실동,남,30대,기타의료,49,4762621,2026-01-20,97196,공공데이터포털_경기도 수원시_지역화폐 결제 정보_20260120
2025-11,수원시 권선구,호매실동,남,30대,대형유통,7,12146,2026-01-20,1735,공공데이터포털_경기도 수원시_지역화폐 결제 정보_20260120
2025-11,수원시 권선구,호매실동,남,30대,레저/문화 용품,4,49452,2026-01-20,12363,공공데이터포털_경기도 수원시_지역화폐 결제 정보_20260120
2025-11,수원시 권선구,호매실동,남,30대,레저/스포츠 서비스,166,617966,2026-01-20,3723,공공데이터포털_경기도 수원시_지역화폐 결제 정보_20260120
2025-11,수원시 권선구,호매실동,남,30대,문화/취미,77,1826010,2026-01-20,23714,공공데이터포털_경기도 수원시_지역화폐 결제 정보_20260120
2025-11,수원시 권선구,호매실동,남,30대,미용/위생,225,2357299,2026-01-20,10477,공공데이터포털_경기도 수원시_지역화폐 결제 정보_20260120
2025-11,수원시 권선구,호매실동,남,30대,서적/문구/학습자재,151,207421,2026-01-20,1374,공공데이터포털_경기도 수원시_지역화폐 결제 정보_20260120
2025-11,수원시 권선구,호매실동,남,30대,약국,340,983238,2026-01-20,2892,공공데이터포털_경기도 수원시_지역화폐 결제 정보_20260120
2025-11,수원시 권선구,호매실동,남,30대,용역서비스,49,230740,2026-01-20,4709,공공데이터포털_경기도 수원시_지역화폐 결제 정보_20260120
2025-11,수원시 권선구,호매실동,남,30대,음료/식품,711,2614461,2026-01-20,3677,공공데이터포털_경기도 수원시_지역화폐 결제 정보_20260120
2025-11,수원시 권선구,호매실동,남,30대,의류,3,4972,2026-01-20,1657,공공데이터포털_경기도 수원시_지역화폐 결제 정보_20260120
2025-11,수원시 권선구,호매실동,남,30대,의원,221,1045396,2026-01-20,4730,공공데이터포털_경기도 수원시_지역화폐 결제 정보_20260120
2025-11,수원시 권선구,호매실동,남,30대,일반/휴게 음식,2672,10304914,2026-01-20,3857,공공데이터포털_경기도 수원시_지역화폐 결제 정보_20260120
2025-11,수원시 권선구,호매실동,남,30대,일반유통,1180,3099756,2026-01-20,2627,공공데이터포털_경기도 수원시_지역화폐 결제 정보_20260120
2025-11,수원시 권선구,호매실동,남,30대,자동차 정비/유지,3,57444,2026-01-20,19148,공공데이터포털_경기도 수원시_지역화폐 결제 정보_20260120
2025-11,수원시 권선구,호매실동,남,30대,주방용품,1,2472,2026-01-20,2472,공공데이터포털_경기도 수원시_지역화폐 결제 정보_20260120
2025-11,수원시 권선구,호매실동,남,30대,주유/충전소,113,922171,2026-01-20,8161,공공데이터포털_경기도 수원시_지역화폐 결제 정보_20260120
2025-11,수원시 권선구,호매실동,남,30대,직물/침구류,1,60000,2026-01-20,60000,공공데이터포털_경기도 수원시_지역화폐 결제 정보_20260120
2025-11,수원시 권선구,호매실동,남,30대,학원,69,1838177,2026-01-20,26640,공공데이터포털_경기도 수원시_지역화폐 결제 정보_20260120
2025-11,수원시 권선구,호매실동,남,40대,건축자재,1,1295,2026-01-20,1295,공공데이터포털_경기도 수원시_지역화폐 결제 정보_20260120
2025-11,수원시 권선구,호매실동,남,40대,기타의료,12,468138,2026-01-20,39012,공공데이터포털_경기도 수원시_지역화폐 결제 정보_20260120
2025-11,수원시 권선구,호매실동,남,40대,대형유통,4,9387,2026-01-20,2347,공공데이터포털_경기도 수원시_지역화폐 결제 정보_20260120
2025-11,수원시 권선구,호매실동,남,40대,레저/문화 용품,21,217539,2026-01-20,10359,공공데이터포털_경기도 수원시_지역화폐 결제 정보_20260120
2025-11,수원시 권선구,호매실동,남,40대,레저/스포츠 서비스,462,2223357,2026-01-20,4812,공공데이터포털_경기도 수원시_지역화폐 결제 정보_20260120
2025-11,수원시 권선구,호매실동,남,40대,문화/취미,83,564073,2026-01-20,6796,공공데이터포털_경기도 수원시_지역화폐 결제 정보_20260120
2025-11,수원시 권선구,호매실동,남,40대,미용/위생,457,3105885,2026-01-20,6796,공공데이터포털_경기도 수원시_지역화폐 결제 정보_20260120
2025-11,수원시 권선구,호매실동,남,40대,서적/문구/학습자재,289,632881,2026-01-20,2190,공공데이터포털_경기도 수원시_지역화폐 결제 정보_20260120
2025-11,수원시 권선구,호매실동,남,40대,약국,740,1349458,2026-01-20,1824,공공데이터포털_경기도 수원시_지역화폐 결제 정보_20260120
2025-11,수원시 권선구,호매실동,남,40대,용역서비스,121,1193303,2026-01-20,9862,공공데이터포털_경기도 수원시_지역화폐 결제 정보_20260120
2025-11,수원시 권선구,호매실동,남,40대,음료/식품,1870,6200783,2026-01-20,3316,공공데이터포털_경기도 수원시_지역화폐 결제 정보_20260120
2025-11,수원시 권선구,호매실동,남,40대,의류,1,10150,2026-01-20,10150,공공데이터포털_경기도 수원시_지역화폐 결제 정보_20260120
2025-11,수원시 권선구,호매실동,남,40대,의원,537,2752021,2026-01-20,5125,공공데이터포털_경기도 수원시_지역화폐 결제 정보_20260120
2025-11,수원시 권선구,호매실동,남,40대,일반/휴게 음식,5372,20520346,2026-01-20,3820,공공데이터포털_경기도 수원시_지역화폐 결제 정보_20260120
2025-11,수원시 권선구,호매실동,남,40대,일반유통,2676,6150280,2026-01-20,2298,공공데이터포털_경기도 수원시_지역화폐 결제 정보_20260120
2025-11,수원시 권선구,호매실동,남,40대,자동차 정비/유지,12,548499,2026-01-20,45708,공공데이터포털_경기도 수원시_지역화폐 결제 정보_20260120
2025-11,수원시 권선구,호매실동,남,40대,자동차판매,1,13326,2026-01-20,13326,공공데이터포털_경기도 수원시_지역화폐 결제 정보_20260120
2025-11,수원시 권선구,호매실동,남,40대,전자상거래,1,77700,2026-01-20,77700,공공데이터포털_경기도 수원시_지역화폐 결제 정보_20260120
2025-11,수원시 권선구,호매실동,남,40대,전자제품,2,2364,2026-01-20,1182,공공데이터포털_경기도 수원시_지역화폐 결제 정보_20260120
2025-11,수원시 권선구,호매실동,남,40대,주방용품,4,7843,2026-01-20,1961,공공데이터포털_경기도 수원시_지역화폐 결제 정보_20260120
2025-11,수원시 권선구,호매실동,남,40대,주유/충전소,192,1520125,2026-01-20,7917,공공데이터포털_경기도 수원시_지역화폐 결제 정보_20260120
2025-11,수원시 권선구,호매실동,남,40대,직물/침구류,2,271487,2026-01-20,135744,공공데이터포털_경기도 수원시_지역화폐 결제 정보_20260120
2025-11,수원시 권선구,호매실동,남,40대,학원,999,32706311,2026-01-20,32739,공공데이터포털_경기도 수원시_지역화폐 결제 정보_20260120
2025-11,수원시 권선구,호매실동,남,50대,기타의료,18,194415,2026-01-20,10801,공공데이터포털_경기도 수원시_지역화폐 결제 정보_20260120
2025-11,수원시 권선구,호매실동,남,50대,대형유통,3,2396,2026-01-20,799,공공데이터포털_경기도 수원시_지역화폐 결제 정보_20260120
2025-11,수원시 권선구,호매실동,남,50대,레저/문화 용품,30,145036,2026-01-20,4835,공공데이터포털_경기도 수원시_지역화폐 결제 정보_20260120
2025-11,수원시 권선구,호매실동,남,50대,레저/스포츠 서비스,190,715644,2026-01-20,3767,공공데이터포털_경기도 수원시_지역화폐 결제 정보_20260120
2025-11,수원시 권선구,호매실동,남,50대,문화/취미,46,255368,2026-01-20,5551,공공데이터포털_경기도 수원시_지역화폐 결제 정보_20260120
2025-11,수원시 권선구,호매실동,남,50대,미용/위생,248,1919368,2026-01-20,7739,공공데이터포털_경기도 수원시_지역화폐 결제 정보_20260120
2025-11,수원시 권선구,호매실동,남,50대,서적/문구/학습자재,168,252078,2026-01-20,1500,공공데이터포털_경기도 수원시_지역화폐 결제 정보_20260120
2025-11,수원시 권선구,호매실동,남,50대,약국,211,581542,2026-01-20,2756,공공데이터포털_경기도 수원시_지역화폐 결제 정보_20260120
2025-11,수원시 권선구,호매실동,남,50대,용역서비스,75,450283,2026-01-20,6004,공공데이터포털_경기도 수원시_지역화폐 결제 정보_20260120
2025-11,수원시 권선구,호매실동,남,50대,음료/식품,805,3661683,2026-01-20,4549,공공데이터포털_경기도 수원시_지역화폐 결제 정보_20260120
2025-11,수원시 권선구,호매실동,남,50대,의류,7,54096,2026-01-20,7728,공공데이터포털_경기도 수원시_지역화폐 결제 정보_20260120
2025-11,수원시 권선구,호매실동,남,50대,의원,159,827853,2026-01-20,5207,공공데이터포털_경기도 수원시_지역화폐 결제 정보_20260120
2025-11,수원시 권선구,호매실동,남,50대,일반/휴게 음식,3039,12711927,2026-01-20,4183,공공데이터포털_경기도 수원시_지역화폐 결제 정보_20260120
2025-11,수원시 권선구,호매실동,남,50대,일반유통,1465,4015670,2026-01-20,2741,공공데이터포털_경기도 수원시_지역화폐 결제 정보_20260120
2025-11,수원시 권선구,호매실동,남,50대,자동차 정비/유지,8,212239,2026-01-20,26530,공공데이터포털_경기도 수원시_지역화폐 결제 정보_20260120
2025-11,수원시 권선구,호매실동,남,50대,전자제품,3,23995,2026-01-20,7998,공공데이터포털_경기도 수원시_지역화폐 결제 정보_20260120
2025-11,수원시 권선구,호매실동,남,50대,주방용품,5,28935,2026-01-20,5787,공공데이터포털_경기도 수원시_지역화폐 결제 정보_20260120
2025-11,수원시 권선구,호매실동,남,50대,주유/충전소,159,1124409,2026-01-20,7072,공공데이터포털_경기도 수원시_지역화폐 결제 정보_20260120
2025-11,수원시 권선구,호매실동,남,50대,학원,257,9764983,2026-01-20,37996,공공데이터포털_경기도 수원시_지역화폐 결제 정보_20260120
2025-11,수원시 권선구,호매실동,남,60대 이상,건축자재,3,3121,2026-01-20,1040,공공데이터포털_경기도 수원시_지역화폐 결제 정보_20260120
2025-11,수원시 권선구,호매실동,남,60대 이상,기타의료,16,416532,2026-01-20,26033,공공데이터포털_경기도 수원시_지역화폐 결제 정보_20260120
2025-11,수원시 권선구,호매실동,남,60대 이상,대형유통,3,5313,2026-01-20,1771,공공데이터포털_경기도 수원시_지역화폐 결제 정보_20260120
2025-11,수원시 권선구,호매실동,남,60대 이상,레저/문화 용품,10,43272,2026-01-20,4327,공공데이터포털_경기도 수원시_지역화폐 결제 정보_20260120
2025-11,수원시 권선구,호매실동,남,60대 이상,레저/스포츠 서비스,77,429609,2026-01-20,5579,공공데이터포털_경기도 수원시_지역화폐 결제 정보_20260120
2025-11,수원시 권선구,호매실동,남,60대 이상,문화/취미,17,106281,2026-01-20,6252,공공데이터포털_경기도 수원시_지역화폐 결제 정보_20260120
2025-11,수원시 권선구,호매실동,남,60대 이상,미용/위생,117,1099507,2026-01-20,9397,공공데이터포털_경기도 수원시_지역화폐 결제 정보_20260120
2025-11,수원시 권선구,호매실동,남,60대 이상,서적/문구/학습자재,3,28543,2026-01-20,9514,공공데이터포털_경기도 수원시_지역화폐 결제 정보_20260120
2025-11,수원시 권선구,호매실동,남,60대 이상,약국,143,380995,2026-01-20,2664,공공데이터포털_경기도 수원시_지역화폐 결제 정보_20260120
2025-11,수원시 권선구,호매실동,남,60대 이상,용역서비스,16,40084,2026-01-20,2505,공공데이터포털_경기도 수원시_지역화폐 결제 정보_20260120
2025-11,수원시 권선구,호매실동,남,60대 이상,음료/식품,549,2573889,2026-01-20,4688,공공데이터포털_경기도 수원시_지역화폐 결제 정보_20260120
2025-11,수원시 권선구,호매실동,남,60대 이상,의류,3,32827,2026-01-20,10942,공공데이터포털_경기도 수원시_지역화폐 결제 정보_20260120
2025-11,수원시 권선구,호매실동,남,60대 이상,의원,150,906676,2026-01-20,6045,공공데이터포털_경기도 수원시_지역화폐 결제 정보_20260120
2025-11,수원시 권선구,호매실동,남,60대 이상,일반/휴게 음식,1412,6399247,2026-01-20,4532,공공데이터포털_경기도 수원시_지역화폐 결제 정보_20260120
2025-11,수원시 권선구,호매실동,남,60대 이상,일반유통,670,1988658,2026-01-20,2968,공공데이터포털_경기도 수원시_지역화폐 결제 정보_20260120
2025-11,수원시 권선구,호매실동,남,60대 이상,자동차 정비/유지,3,37368,2026-01-20,12456,공공데이터포털_경기도 수원시_지역화폐 결제 정보_20260120
2025-11,수원시 권선구,호매실동,남,60대 이상,자동차판매,1,3114,2026-01-20,3114,공공데이터포털_경기도 수원시_지역화폐 결제 정보_20260120
2025-11,수원시 권선구,호매실동,남,60대 이상,전자제품,2,2573,2026-01-20,1286,공공데이터포털_경기도 수원시_지역화폐 결제 정보_20260120
2025-11,수원시 권선구,호매실동,남,60대 이상,주방용품,3,1132,2026-01-20,377,공공데이터포털_경기도 수원시_지역화폐 결제 정보_20260120
2025-11,수원시 권선구,호매실동,남,60대 이상,주유/충전소,88,999080,2026-01-20,11353,공공데이터포털_경기도 수원시_지역화폐 결제 정보_20260120
2025-11,수원시 권선구,호매실동,남,60대 이상,학원,20,847295,2026-01-20,42365,공공데이터포털_경기도 수원시_지역화폐 결제 정보_20260120
2025-11,수원시 권선구,호매실동,여,10대,대형유통,3,1636,2026-01-20,545,공공데이터포털_경기도 수원시_지역화폐 결제 정보_20260120
2025-11,수원시 권선구,호매실동,여,10대,레저/스포츠 서비스,19,49947,2026-01-20,2629,공공데이터포털_경기도 수원시_지역화폐 결제 정보_20260120
2025-11,수원시 권선구,호매실동,여,10대,문화/취미,1,1636,2026-01-20,1636,공공데이터포털_경기도 수원시_지역화폐 결제 정보_20260120
2025-11,수원시 권선구,호매실동,여,10대,미용/위생,5,76368,2026-01-20,15274,공공데이터포털_경기도 수원시_지역화폐 결제 정보_20260120
2025-11,수원시 권선구,호매실동,여,10대,서적/문구/학습자재,12,67323,2026-01-20,5610,공공데이터포털_경기도 수원시_지역화폐 결제 정보_20260120
2025-11,수원시 권선구,호매실동,여,10대,약국,12,18048,2026-01-20,1504,공공데이터포털_경기도 수원시_지역화폐 결제 정보_20260120
2025-11,수원시 권선구,호매실동,여,10대,용역서비스,13,31090,2026-01-20,2392,공공데이터포털_경기도 수원시_지역화폐 결제 정보_20260120
2025-11,수원시 권선구,호매실동,여,10대,음료/식품,71,108395,2026-01-20,1527,공공데이터포털_경기도 수원시_지역화폐 결제 정보_20260120
2025-11,수원시 권선구,호매실동,여,10대,의원,7,21386,2026-01-20,3055,공공데이터포털_경기도 수원시_지역화폐 결제 정보_20260120
2025-11,수원시 권선구,호매실동,여,10대,일반/휴게 음식,231,1511719,2026-01-20,6544,공공데이터포털_경기도 수원시_지역화폐 결제 정보_20260120
2025-11,수원시 권선구,호매실동,여,10대,일반유통,126,360485,2026-01-20,2861,공공데이터포털_경기도 수원시_지역화폐 결제 정보_20260120
2025-11,수원시 권선구,호매실동,여,10대,주유/충전소,3,21789,2026-01-20,7263,공공데이터포털_경기도 수원시_지역화폐 결제 정보_20260120
2025-11,수원시 권선구,호매실동,여,10대,학원,37,779478,2026-01-20,21067,공공데이터포털_경기도 수원시_지역화폐 결제 정보_20260120
2025-11,수원시 권선구,호매실동,여,20대,기타의료,8,542219,2026-01-20,67777,공공데이터포털_경기도 수원시_지역화폐 결제 정보_20260120
2025-11,수원시 권선구,호매실동,여,20대,레저/문화 용품,4,39179,2026-01-20,9795,공공데이터포털_경기도 수원시_지역화폐 결제 정보_20260120
2025-11,수원시 권선구,호매실동,여,20대,레저/스포츠 서비스,89,524788,2026-01-20,5896,공공데이터포털_경기도 수원시_지역화폐 결제 정보_20260120
2025-11,수원시 권선구,호매실동,여,20대,문화/취미,27,825400,2026-01-20,30570,공공데이터포털_경기도 수원시_지역화폐 결제 정보_20260120
2025-11,수원시 권선구,호매실동,여,20대,미용/위생,105,4057663,2026-01-20,38644,공공데이터포털_경기도 수원시_지역화폐 결제 정보_20260120
2025-11,수원시 권선구,호매실동,여,20대,서적/문구/학습자재,27,215251,2026-01-20,7972,공공데이터포털_경기도 수원시_지역화폐 결제 정보_20260120
2025-11,수원시 권선구,호매실동,여,20대,약국,82,449813,2026-01-20,5486,공공데이터포털_경기도 수원시_지역화폐 결제 정보_20260120
2025-11,수원시 권선구,호매실동,여,20대,용역서비스,53,452042,2026-01-20,8529,공공데이터포털_경기도 수원시_지역화폐 결제 정보_20260120
2025-11,수원시 권선구,호매실동,여,20대,음료/식품,349,2307899,2026-01-20,6613,공공데이터포털_경기도 수원시_지역화폐 결제 정보_20260120
2025-11,수원시 권선구,호매실동,여,20대,의류,4,58687,2026-01-20,14672,공공데이터포털_경기도 수원시_지역화폐 결제 정보_20260120
2025-11,수원시 권선구,호매실동,여,20대,의원,44,434397,2026-01-20,9873,공공데이터포털_경기도 수원시_지역화폐 결제 정보_20260120
2025-11,수원시 권선구,호매실동,여,20대,일반/휴게 음식,1442,9863484,2026-01-20,6840,공공데이터포털_경기도 수원시_지역화폐 결제 정보_20260120
2025-11,수원시 권선구,호매실동,여,20대,일반유통,532,2112745,2026-01-20,3971,공공데이터포털_경기도 수원시_지역화폐 결제 정보_20260120
2025-11,수원시 권선구,호매실동,여,20대,자동차 정비/유지,3,107690,2026-01-20,35897,공공데이터포털_경기도 수원시_지역화폐 결제 정보_20260120
2025-11,수원시 권선구,호매실동,여,20대,주방용품,2,5585,2026-01-20,2792,공공데이터포털_경기도 수원시_지역화폐 결제 정보_20260120
2025-11,수원시 권선구,호매실동,여,20대,주유/충전소,29,406609,2026-01-20,14021,공공데이터포털_경기도 수원시_지역화폐 결제 정보_20260120
2025-11,수원시 권선구,호매실동,여,20대,학교/교육,1,47741,2026-01-20,47741,공공데이터포털_경기도 수원시_지역화폐 결제 정보_20260120
2025-11,수원시 권선구,호매실동,여,20대,학원,31,1054142,2026-01-20,34005,공공데이터포털_경기도 수원시_지역화폐 결제 정보_20260120
2025-11,수원시 권선구,호매실동,여,30대,건축자재,1,417,2026-01-20,417,공공데이터포털_경기도 수원시_지역화폐 결제 정보_20260120
2025-11,수원시 권선구,호매실동,여,30대,기타의료,53,4581179,2026-01-20,86437,공공데이터포털_경기도 수원시_지역화폐 결제 정보_20260120
2025-11,수원시 권선구,호매실동,여,30대,대형유통,7,35978,2026-01-20,5140,공공데이터포털_경기도 수원시_지역화폐 결제 정보_20260120
2025-11,수원시 권선구,호매실동,여,30대,레저/스포츠 서비스,411,1612029,2026-01-20,3922,공공데이터포털_경기도 수원시_지역화폐 결제 정보_20260120
2025-11,수원시 권선구,호매실동,여,30대,문화/취미,132,2006347,2026-01-20,15200,공공데이터포털_경기도 수원시_지역화폐 결제 정보_20260120
2025-11,수원시 권선구,호매실동,여,30대,미용/위생,290,5418420,2026-01-20,18684,공공데이터포털_경기도 수원시_지역화폐 결제 정보_20260120
2025-11,수원시 권선구,호매실동,여,30대,서적/문구/학습자재,425,707644,2026-01-20,1665,공공데이터포털_경기도 수원시_지역화폐 결제 정보_20260120
2025-11,수원시 권선구,호매실동,여,30대,약국,830,1619499,2026-01-20,1951,공공데이터포털_경기도 수원시_지역화폐 결제 정보_20260120
2025-11,수원시 권선구,호매실동,여,30대,용역서비스,60,474439,2026-01-20,7907,공공데이터포털_경기도 수원시_지역화폐 결제 정보_20260120
2025-11,수원시 권선구,호매실동,여,30대,음료/식품,1281,5424379,2026-01-20,4234,공공데이터포털_경기도 수원시_지역화폐 결제 정보_20260120
2025-11,수원시 권선구,호매실동,여,30대,의류,12,40567,2026-01-20,3381,공공데이터포털_경기도 수원시_지역화폐 결제 정보_20260120
2025-11,수원시 권선구,호매실동,여,30대,의원,529,4010563,2026-01-20,7581,공공데이터포털_경기도 수원시_지역화폐 결제 정보_20260120
2025-11,수원시 권선구,호매실동,여,30대,일반/휴게 음식,4400,18403674,2026-01-20,4183,공공데이터포털_경기도 수원시_지역화폐 결제 정보_20260120
2025-11,수원시 권선구,호매실동,여,30대,일반유통,1399,3811099,2026-01-20,2724,공공데이터포털_경기도 수원시_지역화폐 결제 정보_20260120
2025-11,수원시 권선구,호매실동,여,30대,자동차 정비/유지,16,694038,2026-01-20,43377,공공데이터포털_경기도 수원시_지역화폐 결제 정보_20260120
2025-11,수원시 권선구,호매실동,여,30대,자동차판매,1,6823,2026-01-20,6823,공공데이터포털_경기도 수원시_지역화폐 결제 정보_20260120
2025-11,수원시 권선구,호매실동,여,30대,주방용품,2,5119,2026-01-20,2560,공공데이터포털_경기도 수원시_지역화폐 결제 정보_20260120
2025-11,수원시 권선구,호매실동,여,30대,주유/충전소,109,878151,2026-01-20,8056,공공데이터포털_경기도 수원시_지역화폐 결제 정보_20260120
2025-11,수원시 권선구,호매실동,여,30대,직물/침구류,2,122656,2026-01-20,61328,공공데이터포털_경기도 수원시_지역화폐 결제 정보_20260120
2025-11,수원시 권선구,호매실동,여,30대,학원,242,6228912,2026-01-20,25739,공공데이터포털_경기도 수원시_지역화폐 결제 정보_20260120
2025-11,수원시 권선구,호매실동,여,40대,건축자재,3,19813,2026-01-20,6604,공공데이터포털_경기도 수원시_지역화폐 결제 정보_20260120
2025-11,수원시 권선구,호매실동,여,40대,기타의료,33,492926,2026-01-20,14937,공공데이터포털_경기도 수원시_지역화폐 결제 정보_20260120
2025-11,수원시 권선구,호매실동,여,40대,대형유통,7,9342,2026-01-20,1335,공공데이터포털_경기도 수원시_지역화폐 결제 정보_20260120
2025-11,수원시 권선구,호매실동,여,40대,레저/문화 용품,11,49754,2026-01-20,4523,공공데이터포털_경기도 수원시_지역화폐 결제 정보_20260120
2025-11,수원시 권선구,호매실동,여,40대,레저/스포츠 서비스,328,2342427,2026-01-20,7142,공공데이터포털_경기도 수원시_지역화폐 결제 정보_20260120
2025-11,수원시 권선구,호매실동,여,40대,문화/취미,153,1070170,2026-01-20,6995,공공데이터포털_경기도 수원시_지역화폐 결제 정보_20260120
2025-11,수원시 권선구,호매실동,여,40대,미용/위생,554,5542939,2026-01-20,10005,공공데이터포털_경기도 수원시_지역화폐 결제 정보_20260120
2025-11,수원시 권선구,호매실동,여,40대,서적/문구/학습자재,580,2628690,2026-01-20,4532,공공데이터포털_경기도 수원시_지역화폐 결제 정보_20260120
2025-11,수원시 권선구,호매실동,여,40대,약국,1072,2020567,2026-01-20,1885,공공데이터포털_경기도 수원시_지역화폐 결제 정보_20260120
2025-11,수원시 권선구,호매실동,여,40대,용역서비스,241,1811317,2026-01-20,7516,공공데이터포털_경기도 수원시_지역화폐 결제 정보_20260120
2025-11,수원시 권선구,호매실동,여,40대,음료/식품,3610,12945281,2026-01-20,3586,공공데이터포털_경기도 수원시_지역화폐 결제 정보_20260120
2025-11,수원시 권선구,호매실동,여,40대,의류,22,210361,2026-01-20,9562,공공데이터포털_경기도 수원시_지역화폐 결제 정보_20260120
2025-11,수원시 권선구,호매실동,여,40대,의원,714,3688068,2026-01-20,5165,공공데이터포털_경기도 수원시_지역화폐 결제 정보_20260120
2025-11,수원시 권선구,호매실동,여,40대,일반/휴게 음식,9168,33656185,2026-01-20,3671,공공데이터포털_경기도 수원시_지역화폐 결제 정보_20260120
2025-11,수원시 권선구,호매실동,여,40대,일반유통,2931,6546847,2026-01-20,2234,공공데이터포털_경기도 수원시_지역화폐 결제 정보_20260120
2025-11,수원시 권선구,호매실동,여,40대,자동차 정비/유지,8,163846,2026-01-20,20481,공공데이터포털_경기도 수원시_지역화폐 결제 정보_20260120
2025-11,수원시 권선구,호매실동,여,40대,전자상거래,4,21589,2026-01-20,5397,공공데이터포털_경기도 수원시_지역화폐 결제 정보_20260120
2025-11,수원시 권선구,호매실동,여,40대,주방용품,12,27352,2026-01-20,2279,공공데이터포털_경기도 수원시_지역화폐 결제 정보_20260120
2025-11,수원시 권선구,호매실동,여,40대,주유/충전소,138,1145207,2026-01-20,8299,공공데이터포털_경기도 수원시_지역화폐 결제 정보_20260120
2025-11,수원시 권선구,호매실동,여,40대,직물/침구류,1,7740,2026-01-20,7740,공공데이터포털_경기도 수원시_지역화폐 결제 정보_20260120
2025-11,수원시 권선구,호매실동,여,40대,학원,1292,38988742,2026-01-20,30177,공공데이터포털_경기도 수원시_지역화폐 결제 정보_20260120
2025-11,수원시 권선구,호매실동,여,50대,기타의료,16,729646,2026-01-20,45603,공공데이터포털_경기도 수원시_지역화폐 결제 정보_20260120
2025-11,수원시 권선구,호매실동,여,50대,대형유통,2,7776,2026-01-20,3888,공공데이터포털_경기도 수원시_지역화폐 결제 정보_20260120
2025-11,수원시 권선구,호매실동,여,50대,레저/문화 용품,19,137664,2026-01-20,7245,공공데이터포털_경기도 수원시_지역화폐 결제 정보_20260120
2025-11,수원시 권선구,호매실동,여,50대,레저/스포츠 서비스,112,529891,2026-01-20,4731,공공데이터포털_경기도 수원시_지역화폐 결제 정보_20260120
2025-11,수원시 권선구,호매실동,여,50대,문화/취미,64,558230,2026-01-20,8722,공공데이터포털_경기도 수원시_지역화폐 결제 정보_20260120
2025-11,수원시 권선구,호매실동,여,50대,미용/위생,334,3299158,2026-01-20,9878,공공데이터포털_경기도 수원시_지역화폐 결제 정보_20260120
2025-11,수원시 권선구,호매실동,여,50대,서적/문구/학습자재,56,415069,2026-01-20,7412,공공데이터포털_경기도 수원시_지역화폐 결제 정보_20260120
2025-11,수원시 권선구,호매실동,여,50대,약국,327,797263,2026-01-20,2438,공공데이터포털_경기도 수원시_지역화폐 결제 정보_20260120
2025-11,수원시 권선구,호매실동,여,50대,용역서비스,100,534978,2026-01-20,5350,공공데이터포털_경기도 수원시_지역화폐 결제 정보_20260120
2025-11,수원시 권선구,호매실동,여,50대,음료/식품,1490,5641624,2026-01-20,3786,공공데이터포털_경기도 수원시_지역화폐 결제 정보_20260120
2025-11,수원시 권선구,호매실동,여,50대,의류,23,450366,2026-01-20,19581,공공데이터포털_경기도 수원시_지역화폐 결제 정보_20260120
2025-11,수원시 권선구,호매실동,여,50대,의원,244,1466572,2026-01-20,6011,공공데이터포털_경기도 수원시_지역화폐 결제 정보_20260120
2025-11,수원시 권선구,호매실동,여,50대,일반/휴게 음식,4271,17321999,2026-01-20,4056,공공데이터포털_경기도 수원시_지역화폐 결제 정보_20260120
2025-11,수원시 권선구,호매실동,여,50대,일반유통,1265,3362180,2026-01-20,2658,공공데이터포털_경기도 수원시_지역화폐 결제 정보_20260120
2025-11,수원시 권선구,호매실동,여,50대,자동차 정비/유지,7,152129,2026-01-20,21733,공공데이터포털_경기도 수원시_지역화폐 결제 정보_20260120
2025-11,수원시 권선구,호매실동,여,50대,자동차판매,1,7174,2026-01-20,7174,공공데이터포털_경기도 수원시_지역화폐 결제 정보_20260120
2025-11,수원시 권선구,호매실동,여,50대,주방용품,3,17936,2026-01-20,5979,공공데이터포털_경기도 수원시_지역화폐 결제 정보_20260120
2025-11,수원시 권선구,호매실동,여,50대,주유/충전소,79,732546,2026-01-20,9273,공공데이터포털_경기도 수원시_지역화폐 결제 정보_20260120
2025-11,수원시 권선구,호매실동,여,50대,학원,168,5934443,2026-01-20,35324,공공데이터포털_경기도 수원시_지역화폐 결제 정보_20260120
2025-11,수원시 권선구,호매실동,여,60대 이상,건축자재,2,2744,2026-01-20,1372,공공데이터포털_경기도 수원시_지역화폐 결제 정보_20260120
2025-11,수원시 권선구,호매실동,여,60대 이상,기타의료,15,260993,2026-01-20,17400,공공데이터포털_경기도 수원시_지역화폐 결제 정보_20260120
2025-11,수원시 권선구,호매실동,여,60대 이상,대형유통,4,4471,2026-01-20,1118,공공데이터포털_경기도 수원시_지역화폐 결제 정보_20260120
2025-11,수원시 권선구,호매실동,여,60대 이상,레저/문화 용품,6,15899,2026-01-20,2650,공공데이터포털_경기도 수원시_지역화폐 결제 정보_20260120
2025-11,수원시 권선구,호매실동,여,60대 이상,레저/스포츠 서비스,50,329156,2026-01-20,6583,공공데이터포털_경기도 수원시_지역화폐 결제 정보_20260120
2025-11,수원시 권선구,호매실동,여,60대 이상,문화/취미,23,111746,2026-01-20,4859,공공데이터포털_경기도 수원시_지역화폐 결제 정보_20260120
2025-11,수원시 권선구,호매실동,여,60대 이상,미용/위생,201,1965696,2026-01-20,9780,공공데이터포털_경기도 수원시_지역화폐 결제 정보_20260120
2025-11,수원시 권선구,호매실동,여,60대 이상,서적/문구/학습자재,16,51930,2026-01-20,3246,공공데이터포털_경기도 수원시_지역화폐 결제 정보_20260120
2025-11,수원시 권선구,호매실동,여,60대 이상,신변잡화,1,15960,2026-01-20,15960,공공데이터포털_경기도 수원시_지역화폐 결제 정보_20260120
2025-11,수원시 권선구,호매실동,여,60대 이상,약국,258,1162214,2026-01-20,4505,공공데이터포털_경기도 수원시_지역화폐 결제 정보_20260120
2025-11,수원시 권선구,호매실동,여,60대 이상,용역서비스,35,164180,2026-01-20,4691,공공데이터포털_경기도 수원시_지역화폐 결제 정보_20260120
2025-11,수원시 권선구,호매실동,여,60대 이상,음료/식품,1165,4472687,2026-01-20,3839,공공데이터포털_경기도 수원시_지역화폐 결제 정보_20260120
2025-11,수원시 권선구,호매실동,여,60대 이상,의류,37,424810,2026-01-20,11481,공공데이터포털_경기도 수원시_지역화폐 결제 정보_20260120
2025-11,수원시 권선구,호매실동,여,60대 이상,의원,273,1441808,2026-01-20,5281,공공데이터포털_경기도 수원시_지역화폐 결제 정보_20260120
2025-11,수원시 권선구,호매실동,여,60대 이상,일반/휴게 음식,1878,8257482,2026-01-20,4397,공공데이터포털_경기도 수원시_지역화폐 결제 정보_20260120
2025-11,수원시 권선구,호매실동,여,60대 이상,일반유통,791,2201289,2026-01-20,2783,공공데이터포털_경기도 수원시_지역화폐 결제 정보_20260120
2025-11,수원시 권선구,호매실동,여,60대 이상,자동차 정비/유지,4,136157,2026-01-20,34039,공공데이터포털_경기도 수원시_지역화폐 결제 정보_20260120
2025-11,수원시 권선구,호매실동,여,60대 이상,자동차판매,1,2286,2026-01-20,2286,공공데이터포털_경기도 수원시_지역화폐 결제 정보_20260120
2025-11,수원시 권선구,호매실동,여,60대 이상,전자제품,1,7959,2026-01-20,7959,공공데이터포털_경기도 수원시_지역화폐 결제 정보_20260120
2025-11,수원시 권선구,호매실동,여,60대 이상,주방용품,1,4352,2026-01-20,4352,공공데이터포털_경기도 수원시_지역화폐 결제 정보_20260120
2025-11,수원시 권선구,호매실동,여,60대 이상,주유/충전소,48,482690,2026-01-20,10056,공공데이터포털_경기도 수원시_지역화폐 결제 정보_20260120
2025-11,수원시 권선구,호매실동,여,60대 이상,직물/침구류,3,44152,2026-01-20,14717,공공데이터포털_경기도 수원시_지역화폐 결제 정보_20260120
2025-11,수원시 권선구,호매실동,여,60대 이상,학원,42,1429648,2026-01-20,34039,공공데이터포털_경기도 수원시_지역화폐 결제 정보_20260120
2025-11,수원시 권선구,호매실동,여,60대 이상,회원정보미상,30,384470,2026-01-20,12816,공공데이터포털_경기도 수원시_지역화폐 결제 정보_20260120
2025-11,수원시 권선구,호매실동,여,60대 이상,회원정보미상,30,384470,2026-01-20,12816,공공데이터포털_경기도 수원시_지역화폐 결제 정보_20260120
2025-11,수원시 권선구,호매실동,여,60대 이상,미용/위생,1,10000,2026-01-20,10000,공공데이터포털_경기도 수원시_지역화폐 결제 정보_20260120
2025-11,수원시 권선구,호매실동,여,60대 이상,음료/식품,8,142370,2026-01-20,17796,공공데이터포털_경기도 수원시_지역화폐 결제 정보_20260120
2025-11,수원시 권선구,호매실동,여,60대 이상,일반/휴게 음식,19,226800,2026-01-20,11937,공공데이터포털_경기도 수원시_지역화폐 결제 정보_20260120
2025-11,수원시 권선구,호매실동,여,60대 이상,일반유통,2,5300,2026-01-20,2650,공공데이터포털_경기도 수원시_지역화폐 결제 정보_20260120
